note_id,title,publish_time,media_type,duration,creator_perf_status,creator_view,creator_like,creator_collect,creator_comment,creator_share,paid_associated,associated_unit_count,associated_campaign_count,paid_metric_status,paid_observed_month_count,first_observed_paid_month,last_observed_paid_month,observed_paid_fee,observed_paid_impression,observed_paid_click,observed_paid_leads,window_alignment_status
63a674c6000000001f020277,佛山卡西亚岩板岛台定制,2022-12-24 11:40,video,29.0,CREATOR_PERFORMANCE_MISSING,,,,,,0,0,0,NO_PAID_ASSOCIATION_OBSERVED,0,,,,,,,UNALIGNED (creator snapshot window vs paid Apr-Aug closed months)
63a6a3e9000000001c0076f9,"都2023年了,还不知道岛台吗?",2022-12-24 15:02,video,26.0,CREATOR_PERFORMANCE_MISSING,,,,,,1,2,2,NOTE_PAID_METRIC_PRESENT,3,M2026-04,M2026-07,0.0,4.0,0.0,0.0,UNALIGNED (creator snapshot window vs paid Apr-Aug closed months)
63a6a53f000000001f00d5e2,传统餐桌换成岛台🎃简直不要太美!,2022-12-24 15:07,video,27.0,CREATOR_PERFORMANCE_MISSING,,,,,,1,2,2,PAID_ASSOCIATED_NO_METRIC_RECORD,0,,,,,,,UNALIGNED (creator snapshot window vs paid Apr-Aug closed months)
63a6a614000000001b0271df,2023年厨房c位🎉岛台设计走进百姓户,2022-12-24 15:11,video,9.0,CREATOR_PERFORMANCE_MISSING,,,,,,1,2,2,PAID_ASSOCIATED_NO_METRIC_RECORD,0,,,,,,,UNALIGNED (creator snapshot window vs paid Apr-Aug closed months)
63a6a7af000000001e03f0a2,岩板岛台餐桌一体🤙家居收纳小能手,2022-12-24 15:18,video,20.0,CREATOR_PERFORMANCE_MISSING,,,,,,1,2,2,NOTE_PAID_METRIC_PRESENT,3,M2026-04,M2026-07,0.0,7.0,0.0,0.0,UNALIGNED (creator snapshot window vs paid Apr-Aug closed months)
63a6a8b90000000022039f3f,开放式厨房提升高级感🤞你只差个岛台,2022-12-24 15:22,video,17.0,CREATOR_PERFORMANCE_MISSING,,,,,,1,2,2,NOTE_PAID_METRIC_PRESENT,1,M2026-04,M2026-04,0.01,3.0,1.0,0.0,UNALIGNED (creator snapshot window vs paid Apr-Aug closed months)
63aa64f4000000001b026a6b,第二套房我不买餐桌了💋做岛台它不香吗,2022-12-27 11:22,video,21.0,CREATOR_PERFORMANCE_MISSING,,,,,,0,0,0,NO_PAID_ASSOCIATION_OBSERVED,0,,,,,,,UNALIGNED (creator snapshot window vs paid Apr-Aug closed months)
63aa6814000000001f00b384,一招教你变豪装👀岛台定制设计🤟帮到您,2022-12-27 11:35,video,50.0,CREATOR_PERFORMANCE_MISSING,,,,,,1,2,2,PAID_ASSOCIATED_NO_METRIC_RECORD,0,,,,,,,UNALIGNED (creator snapshot window vs paid Apr-Aug closed months)
63aa6adf000000001f020eb5,西式开放式厨房😉餐厨一体的岛台设计,2022-12-27 11:47,video,27.0,CREATOR_PERFORMANCE_MISSING,,,,,,1,2,2,NOTE_PAID_METRIC_PRESENT,2,M2026-05,M2026-07,0.0,3.0,0.0,0.0,UNALIGNED (creator snapshot window vs paid Apr-Aug closed months)
63aab8ca000000001f00d6e0,一体岛台🤙绝不翻车的配色🐶稳如老狗,2022-12-27 17:20,video,12.0,CREATOR_PERFORMANCE_MISSING,,,,,,1,2,2,NOTE_PAID_METRIC_PRESENT,1,M2026-05,M2026-05,0.0,1.0,0.0,0.0,UNALIGNED (creator snapshot window vs paid Apr-Aug closed months)
63aabacb000000002202b632,定制一体岛台🙊颜值实用收纳😻我全都要,2022-12-27 17:28,video,20.0,CREATOR_PERFORMANCE_MISSING,,,,,,1,2,2,NOTE_PAID_METRIC_PRESENT,1,M2026-06,M2026-06,0.0,1.0,0.0,0.0,UNALIGNED (creator snapshot window vs paid Apr-Aug closed months)
63aabcfd000000001b016364,做了这岛台😎你就是整栋楼里最靓的邻居,2022-12-27 17:38,video,19.0,CREATOR_PERFORMANCE_PRESENT,239.0,3.0,1.0,0.0,1.0,0,0,0,NO_PAID_ASSOCIATION_OBSERVED,0,,,,,,,UNALIGNED (creator snapshot window vs paid Apr-Aug closed months)
63aabe9e000000001f012388,2023年🤔我说会火🔥的三款岩板吧台,2022-12-27 17:45,video,24.0,CREATOR_PERFORMANCE_PRESENT,455.0,7.0,4.0,0.0,2.0,1,2,2,NOTE_PAID_METRIC_PRESENT,4,M2026-04,M2026-07,0.0,49.0,0.0,0.0,UNALIGNED (creator snapshot window vs paid Apr-Aug closed months)
63abb6d7000000001b0250a4,开放式厨房餐厅客厅一体😍岛台定制设计,2022-12-28 11:24,video,19.0,CREATOR_PERFORMANCE_PRESENT,250.0,3.0,2.0,0.0,0.0,0,0,0,NO_PAID_ASSOCIATION_OBSERVED,0,,,,,,,UNALIGNED (creator snapshot window vs paid Apr-Aug closed months)
63abe8b3000000002202b95b,高级感炸裂岛台🤗再见了👋🏻传统餐桌,2022-12-28 14:56,video,19.0,CREATOR_PERFORMANCE_PRESENT,430.0,4.0,3.0,0.0,0.0,1,2,2,NOTE_PAID_METRIC_PRESENT,1,M2026-08,M2026-08,0.0,1.0,0.0,0.0,UNALIGNED (creator snapshot window vs paid Apr-Aug closed months)
63abea1300000000180102e4,高级感满满🥳开放式西厨大吧台,2022-12-28 15:02,video,18.0,CREATOR_PERFORMANCE_PRESENT,337.0,4.0,2.0,0.0,2.0,0,0,0,NO_PAID_ASSOCIATION_OBSERVED,0,,,,,,,UNALIGNED (creator snapshot window vs paid Apr-Aug closed months)
63abeae70000000018010655,新家装修🧐我建议您一定要做个岛台,2022-12-28 15:06,video,15.0,CREATOR_PERFORMANCE_PRESENT,504.0,8.0,4.0,2.0,1.0,1,2,2,NOTE_PAID_METRIC_PRESENT,3,M2026-04,M2026-06,0.01,4.0,1.0,0.0,UNALIGNED (creator snapshot window vs paid Apr-Aug closed months)
63ac07b0000000001b015209,好看有实用🎃颜值收纳两不误🌿岛台餐桌,2022-12-28 17:09,video,38.0,CREATOR_PERFORMANCE_PRESENT,614.0,7.0,6.0,0.0,2.0,1,2,2,NOTE_PAID_METRIC_PRESENT,2,M2026-04,M2026-05,0.0,3.0,0.0,0.0,UNALIGNED (creator snapshot window vs paid Apr-Aug closed months)
63ac089b0000000022039629,🥳年轻人的餐厨标配✨定制设计一体岛台,2022-12-28 17:12,video,34.0,CREATOR_PERFORMANCE_PRESENT,396.0,5.0,4.0,0.0,2.0,0,0,0,NO_PAID_ASSOCIATION_OBSERVED,0,,,,,,,UNALIGNED (creator snapshot window vs paid Apr-Aug closed months)
63acff92000000001b014eaa,2023年装修的宝子们🥳该做个岛台啦,2022-12-29 10:46,video,32.0,CREATOR_PERFORMANCE_PRESENT,438.0,4.0,4.0,0.0,0.0,1,2,2,PAID_ASSOCIATED_NO_METRIC_RECORD,0,,,,,,,UNALIGNED (creator snapshot window vs paid Apr-Aug closed months)
63ad6065000000002203ac03,想要定做岛台😉看完这视频💰一定帮到您,2022-12-29 17:39,video,55.0,CREATOR_PERFORMANCE_PRESENT,540.0,9.0,8.0,2.0,1.0,1,2,2,NOTE_PAID_METRIC_PRESENT,1,M2026-08,M2026-08,0.0,1.0,0.0,0.0,UNALIGNED (creator snapshot window vs paid Apr-Aug closed months)
63ad6167000000001f001eef,定制岛台送装入户效果🔥好不好看你说的算,2022-12-29 17:44,video,11.0,CREATOR_PERFORMANCE_PRESENT,379.0,3.0,1.0,0.0,0.0,1,2,2,NOTE_PAID_METRIC_PRESENT,1,M2026-06,M2026-06,0.0,1.0,0.0,0.0,UNALIGNED (creator snapshot window vs paid Apr-Aug closed months)
63ad6220000000001f002202,都2023年了🤔大家都劝我放弃传统餐桌,2022-12-29 17:47,video,19.0,CREATOR_PERFORMANCE_PRESENT,448.0,5.0,6.0,0.0,0.0,1,2,2,PAID_ASSOCIATED_NO_METRIC_RECORD,0,,,,,,,UNALIGNED (creator snapshot window vs paid Apr-Aug closed months)
63ad6525000000001b02651f,😻入住后才发现🥳 这岛台实在太好用了,2022-12-29 18:00,video,24.0,CREATOR_PERFORMANCE_PRESENT,421.0,6.0,5.0,0.0,0.0,0,0,0,NO_PAID_ASSOCIATION_OBSERVED,0,,,,,,,UNALIGNED (creator snapshot window vs paid Apr-Aug closed months)
63ad6640000000001f00edf4,都2023了还有人质疑😂岩板岛台不耐脏吗?,2022-12-29 18:04,video,15.0,CREATOR_PERFORMANCE_PRESENT,532.0,6.0,5.0,0.0,1.0,1,2,2,NOTE_PAID_METRIC_PRESENT,5,M2026-04,M2026-08,0.0,21.0,0.0,0.0,UNALIGNED (creator snapshot window vs paid Apr-Aug closed months)
63ae5477000000001f0243c2,定制平岛台🐾餐厨一体收纳空间瞬间大3倍,2022-12-30 11:01,video,16.0,CREATOR_PERFORMANCE_PRESENT,2641.0,16.0,17.0,13.0,3.0,1,2,2,NOTE_PAID_METRIC_PRESENT,5,M2026-04,M2026-08,1.85,40.0,5.0,0.0,UNALIGNED (creator snapshot window vs paid Apr-Aug closed months)
63aead37000000002203aee8,看中岛台🌿怎么提升🐣开放式厨房收纳性,2022-12-30 17:19,video,35.0,CREATOR_PERFORMANCE_PRESENT,426.0,8.0,7.0,4.0,1.0,0,0,0,NO_PAID_ASSOCIATION_OBSERVED,0,,,,,,,UNALIGNED (creator snapshot window vs paid Apr-Aug closed months)
63afa628000000001c03556f,岛台定制设计🐒源头实力厂家🎉一件出c,2022-12-31 11:02,video,15.0,CREATOR_PERFORMANCE_PRESENT,539.0,13.0,12.0,3.0,1.0,0,0,0,NO_PAID_ASSOCIATION_OBSERVED,0,,,,,,,UNALIGNED (creator snapshot window vs paid Apr-Aug closed months)
63b003a30000000018011e57,流行居家趋势🎊2023必火🔥大平层岛台,2022-12-31 17:40,video,21.0,CREATOR_PERFORMANCE_PRESENT,838.0,14.0,13.0,2.0,1.0,1,2,2,PAID_ASSOCIATED_NO_METRIC_RECORD,0,,,,,,,UNALIGNED (creator snapshot window vs paid Apr-Aug closed months)
63b02492000000001f0129cc,2022问得zui多的🛶木纹岩板岛来了,2022-12-31 20:01,video,17.0,CREATOR_PERFORMANCE_PRESENT,483.0,7.0,5.0,0.0,0.0,1,2,2,NOTE_PAID_METRIC_PRESENT,5,M2026-04,M2026-08,0.57,37.0,2.0,0.0,UNALIGNED (creator snapshot window vs paid Apr-Aug closed months)
63b0f622000000001902147b,小户型餐厨一体设计🎉岩板岛台餐桌,2023-01-01 10:55,video,19.0,CREATOR_PERFORMANCE_PRESENT,920.0,9.0,9.0,0.0,1.0,1,2,2,NOTE_PAID_METRIC_PRESENT,1,M2026-05,M2026-05,0.0,1.0,0.0,0.0,UNALIGNED (creator snapshot window vs paid Apr-Aug closed months)
63b1500c000000001c006e54,专注高端岩板定制🎈岛台餐桌一体设计,2023-01-01 17:19,video,15.0,CREATOR_PERFORMANCE_PRESENT,466.0,9.0,8.0,2.0,1.0,1,2,2,NOTE_PAID_METRIC_PRESENT,2,M2026-04,M2026-07,12.51,3.0,1.0,0.0,UNALIGNED (creator snapshot window vs paid Apr-Aug closed months)
63b17bf9000000001c037e8d,放弃餐桌🎁定制开放式西厨岛台吧,2023-01-01 20:26,video,15.0,CREATOR_PERFORMANCE_PRESENT,622.0,5.0,3.0,0.0,1.0,1,2,2,NOTE_PAID_METRIC_PRESENT,5,M2026-04,M2026-08,0.0,7.0,0.0,0.0,UNALIGNED (creator snapshot window vs paid Apr-Aug closed months)
63b2458f0000000022036e17,2022年都跑去做岛台🤯究竟有啥用?,2023-01-02 10:46,video,13.0,CREATOR_PERFORMANCE_PRESENT,476.0,11.0,7.0,5.0,1.0,0,0,0,NO_PAID_ASSOCIATION_OBSERVED,0,,,,,,,UNALIGNED (creator snapshot window vs paid Apr-Aug closed months)
63b2a3b50000000019023267,高级感定制岩板岛台🤫 收纳功能还贼牛,2023-01-02 17:28,video,22.0,CREATOR_PERFORMANCE_PRESENT,476.0,8.0,7.0,0.0,2.0,1,2,2,PAID_ASSOCIATED_NO_METRIC_RECORD,0,,,,,,,UNALIGNED (creator snapshot window vs paid Apr-Aug closed months)
63b39fb50000000022034167,岛台避坑指南来了🤓四条干货 赶紧收藏,2023-01-03 11:23,video,100.0,CREATOR_PERFORMANCE_PRESENT,8050.0,137.0,382.0,2.0,56.0,0,0,0,NO_PAID_ASSOCIATION_OBSERVED,0,,,,,,,UNALIGNED (creator snapshot window vs paid Apr-Aug closed months)
63b3fda3000000001f001263,记住这5点 🌻让岛台拥有神仙颜值还实用,2023-01-03 18:04,video,77.0,CREATOR_PERFORMANCE_PRESENT,554.0,6.0,7.0,1.0,1.0,0,0,0,NO_PAID_ASSOCIATION_OBSERVED,0,,,,,,,UNALIGNED (creator snapshot window vs paid Apr-Aug closed months)
63b412ab0000000019021b18,2023定制岛台🍁不妨先看看这篇避坑科普贴,2023-01-03 19:34,video,75.0,CREATOR_PERFORMANCE_PRESENT,2399.0,16.0,22.0,0.0,4.0,1,2,2,PAID_ASSOCIATED_NO_METRIC_RECORD,0,,,,,,,UNALIGNED (creator snapshot window vs paid Apr-Aug closed months)
63b4f9d1000000001c0362e5,盘点🌳高端定制岛台😎隐藏6大实用功能,2023-01-04 12:00,video,60.0,CREATOR_PERFORMANCE_PRESENT,756.0,13.0,24.0,0.0,2.0,1,2,2,NOTE_PAID_METRIC_PRESENT,4,M2026-04,M2026-08,0.0,10.0,0.0,0.0,UNALIGNED (creator snapshot window vs paid Apr-Aug closed months)
63b546d2000000001f00a3b4,餐厅定做岛台餐桌🐙先收藏这篇实用避坑,2023-01-04 17:28,video,73.0,CREATOR_PERFORMANCE_PRESENT,555.0,9.0,9.0,1.0,3.0,0,0,0,NO_PAID_ASSOCIATION_OBSERVED,0,,,,,,,UNALIGNED (creator snapshot window vs paid Apr-Aug closed months)
63b6410a000000001f0024c8,今天回答😸很多人问为什么会做岛台?,2023-01-05 11:16,video,58.0,CREATOR_PERFORMANCE_PRESENT,472.0,8.0,9.0,0.0,1.0,0,0,0,NO_PAID_ASSOCIATION_OBSERVED,0,,,,,,,UNALIGNED (creator snapshot window vs paid Apr-Aug closed months)
63b78ee8000000001f024f0e,拒绝翻车❗岛台定制成功率翻翻❗建议观看,2023-01-06 11:00,video,79.0,CREATOR_PERFORMANCE_PRESENT,1476.0,13.0,19.0,1.0,5.0,1,2,2,NOTE_PAID_METRIC_PRESENT,1,M2026-05,M2026-05,0.0,1.0,0.0,0.0,UNALIGNED (creator snapshot window vs paid Apr-Aug closed months)
63b7e4590000000022038166,我不想入坑❗听了邻居的建议做餐岛分离,2023-01-06 17:05,video,18.0,CREATOR_PERFORMANCE_PRESENT,1269.0,11.0,12.0,8.0,2.0,1,2,2,NOTE_PAID_METRIC_PRESENT,4,M2026-04,M2026-08,1.37,13.0,3.0,0.0,UNALIGNED (creator snapshot window vs paid Apr-Aug closed months)
63b80610000000002203a7b1,佰万+豪宅定制的岛台原来长这样👀,2023-01-06 19:29,video,15.0,CREATOR_PERFORMANCE_PRESENT,552.0,7.0,5.0,0.0,0.0,1,2,2,NOTE_PAID_METRIC_PRESENT,2,M2026-05,M2026-07,0.0,4.0,0.0,0.0,UNALIGNED (creator snapshot window vs paid Apr-Aug closed months)
63b8e09f0000000018011921,岛台交货了❗中山李小姐的黑科技岛台🤙,2023-01-07 11:01,video,19.0,CREATOR_PERFORMANCE_PRESENT,466.0,7.0,7.0,1.0,1.0,0,0,0,NO_PAID_ASSOCIATION_OBSERVED,0,,,,,,,UNALIGNED (creator snapshot window vs paid Apr-Aug closed months)
63b934f5000000001b014634,后厨房时代:有必要选传统餐桌吗❓果断放弃,2023-01-07 17:01,video,21.0,CREATOR_PERFORMANCE_PRESENT,528.0,8.0,7.0,2.0,1.0,1,2,2,NOTE_PAID_METRIC_PRESENT,3,M2026-04,M2026-06,0.0,3.0,0.0,0.0,UNALIGNED (creator snapshot window vs paid Apr-Aug closed months)
63b95ba9000000001b02720b,老外的眼光独特❗岛台也能玩新花样:新设计,2023-01-07 19:46,video,16.0,CREATOR_PERFORMANCE_PRESENT,479.0,6.0,4.0,0.0,0.0,1,2,2,NOTE_PAID_METRIC_PRESENT,2,M2026-05,M2026-06,0.0,2.0,0.0,0.0,UNALIGNED (creator snapshot window vs paid Apr-Aug closed months)
63ba316b000000002203a5ea,芭比Q❗岛台翻车了入户挽救❓看邻居怎么说,2023-01-08 10:58,video,34.0,CREATOR_PERFORMANCE_PRESENT,559.0,8.0,6.0,0.0,1.0,1,2,2,NOTE_PAID_METRIC_PRESENT,2,M2026-05,M2026-07,0.0,2.0,0.0,0.0,UNALIGNED (creator snapshot window vs paid Apr-Aug closed months)
63baaf49000000001f009235,结婚了!岛台要这样子选❗,2023-01-08 19:55,video,65.0,CREATOR_PERFORMANCE_PRESENT,588.0,3.0,3.0,0.0,0.0,1,2,2,PAID_ASSOCIATED_NO_METRIC_RECORD,0,,,,,,,UNALIGNED (creator snapshot window vs paid Apr-Aug closed months)
63bac1840000000018013e62,2025年流行款:胡桃木+劳伦黑岩板岛台🔥,2023-01-08 21:13,video,20.0,CREATOR_PERFORMANCE_PRESENT,17848.0,132.0,174.0,64.0,108.0,1,2,2,NOTE_PAID_METRIC_PRESENT,5,M2026-04,M2026-08,8.58,357.0,39.0,0.0,UNALIGNED (creator snapshot window vs paid Apr-Aug closed months)
63bb8bd7000000001f0119fe,开放式厨房❗不做收纳灵魂少一半❗,2023-01-09 11:36,video,15.0,CREATOR_PERFORMANCE_PRESENT,758.0,8.0,8.0,1.0,3.0,1,2,2,NOTE_PAID_METRIC_PRESENT,1,M2026-06,M2026-06,0.0,2.0,0.0,0.0,UNALIGNED (creator snapshot window vs paid Apr-Aug closed months)
63bbd891000000001f011541,岛台科普❗定制岛台三大好处❗建议收起来,2023-01-09 17:04,video,13.0,CREATOR_PERFORMANCE_PRESENT,390.0,3.0,1.0,0.0,0.0,0,0,0,NO_PAID_ASSOCIATION_OBSERVED,0,,,,,,,UNALIGNED (creator snapshot window vs paid Apr-Aug closed months)
63bbe686000000001f01186a,2023年轻人的小家home❗一定要设计一个,2023-01-09 18:03,video,9.0,CREATOR_PERFORMANCE_PRESENT,441.0,3.0,2.0,0.0,0.0,0,0,0,NO_PAID_ASSOCIATION_OBSERVED,0,,,,,,,UNALIGNED (creator snapshot window vs paid Apr-Aug closed months)
63bcd593000000001e03d82a,岛台定制花里胡哨❓那是你没见过这款岛台,2023-01-10 11:03,video,22.0,CREATOR_PERFORMANCE_PRESENT,492.0,7.0,5.0,0.0,1.0,1,2,2,NOTE_PAID_METRIC_PRESENT,2,M2026-04,M2026-06,0.0,4.0,0.0,0.0,UNALIGNED (creator snapshot window vs paid Apr-Aug closed months)
63bd2b0b000000001f011d2f,不做岛台不知道❗厨房餐厅还能这么美❗,2023-01-10 17:08,video,15.0,CREATOR_PERFORMANCE_PRESENT,845.0,5.0,6.0,0.0,0.0,1,2,2,PAID_ASSOCIATED_NO_METRIC_RECORD,0,,,,,,,UNALIGNED (creator snapshot window vs paid Apr-Aug closed months)
63bd45a400000000180110ad,说实话:拥有一款百变的中岛台过分吗❓😭,2023-01-10 19:01,video,16.0,CREATOR_PERFORMANCE_PRESENT,515.0,8.0,5.0,0.0,1.0,1,2,2,PAID_ASSOCIATED_NO_METRIC_RECORD,0,,,,,,,UNALIGNED (creator snapshot window vs paid Apr-Aug closed months)
63be269b000000001f00038a,谁家不想有个智能中岛台呢😋码住❗,2023-01-11 11:01,video,16.0,CREATOR_PERFORMANCE_PRESENT,700.0,11.0,8.0,0.0,2.0,1,2,2,NOTE_PAID_METRIC_PRESENT,3,M2026-04,M2026-07,0.0,9.0,0.0,0.0,UNALIGNED (creator snapshot window vs paid Apr-Aug closed months)
63be7b190000000022039474,2023年建议做开放式厨房配中岛台❗太美了❗,2023-01-11 17:02,video,35.0,CREATOR_PERFORMANCE_PRESENT,911.0,8.0,11.0,0.0,2.0,1,2,2,NOTE_PAID_METRIC_PRESENT,5,M2026-04,M2026-08,0.06,16.0,2.0,0.0,UNALIGNED (creator snapshot window vs paid Apr-Aug closed months)
63be924c000000002202a578,全开放式厨房:岩板中岛台稳稳的C位❗,2023-01-11 18:41,video,13.0,CREATOR_PERFORMANCE_PRESENT,685.0,6.0,2.0,0.0,0.0,1,2,2,NOTE_PAID_METRIC_PRESENT,4,M2026-04,M2026-08,0.0,7.0,0.0,0.0,UNALIGNED (creator snapshot window vs paid Apr-Aug closed months)
63bf785b000000001f0099fd,2023做开放式厨房岛台的好处点评😋,2023-01-12 11:02,video,11.0,CREATOR_PERFORMANCE_PRESENT,446.0,4.0,2.0,0.0,1.0,1,2,2,NOTE_PAID_METRIC_PRESENT,1,M2026-05,M2026-05,0.0,2.0,0.0,0.0,UNALIGNED (creator snapshot window vs paid Apr-Aug closed months)
63bfccdd0000000018010220,😘一个岛台解决餐厅所有的烦恼来啦❗,2023-01-12 17:03,video,17.0,CREATOR_PERFORMANCE_PRESENT,1320.0,8.0,8.0,0.0,2.0,1,2,2,NOTE_PAID_METRIC_PRESENT,4,M2026-04,M2026-07,0.0,6.0,0.0,0.0,UNALIGNED (creator snapshot window vs paid Apr-Aug closed months)
63bfed27000000002202be8a,开放式厨房岛台尺寸讲解👍建议你码住❗,2023-01-12 19:21,video,14.0,CREATOR_PERFORMANCE_PRESENT,283.0,3.0,1.0,0.0,0.0,0,0,0,NO_PAID_ASSOCIATION_OBSERVED,0,,,,,,,UNALIGNED (creator snapshot window vs paid Apr-Aug closed months)
63c374ad000000001f0222e0,想做平岛大操作台😎这几个要点建议你了解,2023-01-15 11:36,video,11.0,CREATOR_PERFORMANCE_PRESENT,818.0,10.0,6.0,0.0,1.0,1,2,2,NOTE_PAID_METRIC_PRESENT,2,M2026-05,M2026-07,0.0,2.0,0.0,0.0,UNALIGNED (creator snapshot window vs paid Apr-Aug closed months)
63c5675a000000001c034435,餐厅布局案例:错位岛台让餐厅提高档次❗,2023-01-16 23:03,video,9.0,CREATOR_PERFORMANCE_PRESENT,367.0,2.0,1.0,0.0,0.0,0,0,0,NO_PAID_ASSOCIATION_OBSERVED,0,,,,,,,UNALIGNED (creator snapshot window vs paid Apr-Aug closed months)
63c610d6000000001f00d02c,都以为岛台只是好看❗原来还有这种作用❗,2023-01-17 11:07,video,13.0,CREATOR_PERFORMANCE_PRESENT,829.0,7.0,5.0,0.0,10.0,1,2,2,NOTE_PAID_METRIC_PRESENT,2,M2026-04,M2026-05,0.0,5.0,0.0,0.0,UNALIGNED (creator snapshot window vs paid Apr-Aug closed months)
63c663db000000001c0071fa,2023聚餐必需品:大平层岛台能容纳8-10人❗,2023-01-17 17:01,video,9.0,CREATOR_PERFORMANCE_PRESENT,1037.0,4.0,3.0,0.0,2.0,1,2,2,NOTE_PAID_METRIC_PRESENT,2,M2026-04,M2026-06,0.83,2.0,1.0,0.0,UNALIGNED (creator snapshot window vs paid Apr-Aug closed months)
63c685900000000019020aa8,想装岛台不会设计❓真实案例建议你参考❗,2023-01-17 19:25,video,92.0,CREATOR_PERFORMANCE_PRESENT,1232.0,10.0,8.0,0.0,1.0,1,2,2,NOTE_PAID_METRIC_PRESENT,2,M2026-04,M2026-05,0.0,4.0,0.0,0.0,UNALIGNED (creator snapshot window vs paid Apr-Aug closed months)
63c762d50000000022039125,花了10W装开放式厨房岛台的真实案例❗,2023-01-18 11:09,video,110.0,CREATOR_PERFORMANCE_PRESENT,479.0,3.0,2.0,0.0,1.0,1,2,2,NOTE_PAID_METRIC_PRESENT,2,M2026-04,M2026-05,1.99,10.0,2.0,0.0,UNALIGNED (creator snapshot window vs paid Apr-Aug closed months)
63c7b8bd000000001f00ba81,科普:西厨岛台容纳空间和收纳怎么定制❓,2023-01-18 17:15,video,20.0,CREATOR_PERFORMANCE_PRESENT,618.0,1.0,1.0,0.0,0.0,1,2,2,NOTE_PAID_METRIC_PRESENT,3,M2026-04,M2026-07,0.02,4.0,2.0,0.0,UNALIGNED (creator snapshot window vs paid Apr-Aug closed months)
63c7d1d7000000001b017564,岛台配色一直是头疼的问题🤔建议看看奶白,2023-01-18 19:02,video,12.0,CREATOR_PERFORMANCE_PRESENT,590.0,2.0,2.0,0.0,0.0,1,2,2,PAID_ASSOCIATED_NO_METRIC_RECORD,0,,,,,,,UNALIGNED (creator snapshot window vs paid Apr-Aug closed months)
63c8d157000000001f02357d,岛台不做收纳储物真的很可惜❗再配个水槽,2023-01-19 13:12,video,20.0,CREATOR_PERFORMANCE_PRESENT,716.0,2.0,5.0,0.0,3.0,1,2,2,NOTE_PAID_METRIC_PRESENT,5,M2026-04,M2026-08,0.04,20.0,4.0,0.0,UNALIGNED (creator snapshot window vs paid Apr-Aug closed months)
63ca12f4000000002203bfb6,很多人都在问:岛台做了有什么用❓破解了❗,2023-01-20 12:05,video,15.0,CREATOR_PERFORMANCE_PRESENT,447.0,2.0,3.0,3.0,0.0,1,2,2,PAID_ASSOCIATED_NO_METRIC_RECORD,0,,,,,,,UNALIGNED (creator snapshot window vs paid Apr-Aug closed months)
63ca7af6000000001f0270f4,传统餐桌还需要做吗❓西厨大岛台做起来❗,2023-01-20 19:28,video,18.0,CREATOR_PERFORMANCE_PRESENT,262.0,1.0,1.0,0.0,0.0,0,0,0,NO_PAID_ASSOCIATION_OBSERVED,0,,,,,,,UNALIGNED (creator snapshot window vs paid Apr-Aug closed months)
63caa0a000000000220381c1,岛台的高级做法:储物+吧台,2023-01-20 22:09,video,26.0,CREATOR_PERFORMANCE_PRESENT,527.0,3.0,3.0,0.0,0.0,1,2,2,NOTE_PAID_METRIC_PRESENT,4,M2026-04,M2026-08,0.01,8.0,1.0,0.0,UNALIGNED (creator snapshot window vs paid Apr-Aug closed months)
63cb73fd000000001f010cd4,"这么“仙儿”的厨房岛台,你见过吗❓",2023-01-21 13:11,video,18.0,CREATOR_PERFORMANCE_PRESENT,318.0,3.0,3.0,0.0,0.0,1,2,2,PAID_ASSOCIATED_NO_METRIC_RECORD,0,,,,,,,UNALIGNED (creator snapshot window vs paid Apr-Aug closed months)
63cbae35000000001f0207c7,岛台可以没有脚吗❓围观,2023-01-21 17:19,video,15.0,CREATOR_PERFORMANCE_PRESENT,254.0,1.0,0.0,0.0,0.0,0,0,0,NO_PAID_ASSOCIATION_OBSERVED,0,,,,,,,UNALIGNED (creator snapshot window vs paid Apr-Aug closed months)
63cbc637000000002203a3e9,让全小区都膜拜的岛台是什么样的❓,2023-01-21 19:02,video,21.0,CREATOR_PERFORMANCE_PRESENT,382.0,2.0,1.0,0.0,0.0,1,2,2,NOTE_PAID_METRIC_PRESENT,1,M2026-07,M2026-07,0.0,1.0,0.0,0.0,UNALIGNED (creator snapshot window vs paid Apr-Aug closed months)
63cc9ad6000000001e03eab6,倍有面子的岛台:全小区都来蹭门❗,2023-01-22 10:09,video,23.0,CREATOR_PERFORMANCE_PRESENT,607.0,4.0,3.0,0.0,0.0,1,2,2,PAID_ASSOCIATED_NO_METRIC_RECORD,0,,,,,,,UNALIGNED (creator snapshot window vs paid Apr-Aug closed months)
63cd00110000000002003301,做一个伸缩岛台需要什么样的设计图❓,2023-01-22 17:21,video,26.0,CREATOR_PERFORMANCE_PRESENT,413.0,4.0,3.0,0.0,1.0,1,2,2,NOTE_PAID_METRIC_PRESENT,1,M2026-07,M2026-07,0.0,2.0,0.0,0.0,UNALIGNED (creator snapshot window vs paid Apr-Aug closed months)
63cfbd2d0000000022029522,这么华丽的“餐桌”谁不喜欢呢❓,2023-01-24 19:12,video,20.0,CREATOR_PERFORMANCE_PRESENT,606.0,8.0,5.0,0.0,1.0,1,2,2,NOTE_PAID_METRIC_PRESENT,2,M2026-05,M2026-07,0.0,10.0,0.0,0.0,UNALIGNED (creator snapshot window vs paid Apr-Aug closed months)
63d150f60000000004005303,岛台不知道做什么功能❓建议你做伸缩❗,2023-01-25 23:55,video,25.0,CREATOR_PERFORMANCE_PRESENT,392.0,4.0,3.0,0.0,0.0,1,2,2,NOTE_PAID_METRIC_PRESENT,4,M2026-04,M2026-07,0.0,11.0,0.0,0.0,UNALIGNED (creator snapshot window vs paid Apr-Aug closed months)
63d1e16b000000001c00586f,错位岛台要不要做❓配上亚克力脚太美了❗,2023-01-26 10:11,video,17.0,CREATOR_PERFORMANCE_PRESENT,804.0,3.0,4.0,2.0,0.0,1,2,2,NOTE_PAID_METRIC_PRESENT,5,M2026-04,M2026-08,1.7,218.0,17.0,0.0,UNALIGNED (creator snapshot window vs paid Apr-Aug closed months)
63d20600000000001b0278c7,邻居迫不及待打开的错位岛台❗太美了❗,2023-01-26 12:48,video,16.0,CREATOR_PERFORMANCE_PRESENT,702.0,4.0,4.0,0.0,0.0,1,2,2,NOTE_PAID_METRIC_PRESENT,2,M2026-04,M2026-05,0.03,4.0,2.0,0.0,UNALIGNED (creator snapshot window vs paid Apr-Aug closed months)
63d2865200000000220297cf,是什么让邻居订了两套岛台❓真的是太美啦❗,2023-01-26 21:55,video,20.0,CREATOR_PERFORMANCE_PRESENT,342.0,1.0,2.0,0.0,0.0,1,2,2,NOTE_PAID_METRIC_PRESENT,4,M2026-04,M2026-07,0.52,8.0,1.0,0.0,UNALIGNED (creator snapshot window vs paid Apr-Aug closed months)
63d32872000000001c0063d4,开放式厨房怎么做❓攻略来啦❗建议直接抄❗,2023-01-27 09:27,video,17.0,CREATOR_PERFORMANCE_PRESENT,226.0,1.0,1.0,0.0,0.0,0,0,0,NO_PAID_ASSOCIATION_OBSERVED,0,,,,,,,UNALIGNED (creator snapshot window vs paid Apr-Aug closed months)
63d33e490000000004005254,不做伸缩岛台意难平啊❗,2023-01-27 11:00,video,18.0,CREATOR_PERFORMANCE_PRESENT,685.0,1.0,7.0,0.0,0.0,1,2,2,PAID_ASSOCIATED_NO_METRIC_RECORD,0,,,,,,,UNALIGNED (creator snapshot window vs paid Apr-Aug closed months)
63d3e66f000000001c0062d2,现代厨房加个岛台会变成这样❗,2023-01-27 22:57,video,16.0,CREATOR_PERFORMANCE_PRESENT,466.0,2.0,2.0,0.0,1.0,1,2,2,PAID_ASSOCIATED_NO_METRIC_RECORD,0,,,,,,,UNALIGNED (creator snapshot window vs paid Apr-Aug closed months)
63d47884000000001f00ca5b,2023蕞实用的岛台❗多功能做起来❗,2023-01-28 09:21,video,20.0,CREATOR_PERFORMANCE_PRESENT,501.0,2.0,3.0,0.0,0.0,1,2,2,PAID_ASSOCIATED_NO_METRIC_RECORD,0,,,,,,,UNALIGNED (creator snapshot window vs paid Apr-Aug closed months)
63d496d90000000002003dee,小岛台大空间❗智能伸缩岛台小户型之光❗,2023-01-28 11:30,video,17.0,CREATOR_PERFORMANCE_PRESENT,407.0,3.0,4.0,0.0,0.0,1,2,2,NOTE_PAID_METRIC_PRESENT,3,M2026-04,M2026-07,0.0,3.0,0.0,0.0,UNALIGNED (creator snapshot window vs paid Apr-Aug closed months)
63d4e5c50000000008026233,2023开放式厨房不做伸缩岛台😭我后悔了❗,2023-01-28 17:07,video,26.0,CREATOR_PERFORMANCE_PRESENT,618.0,5.0,7.0,0.0,1.0,1,2,2,NOTE_PAID_METRIC_PRESENT,3,M2026-04,M2026-06,0.01,5.0,1.0,0.0,UNALIGNED (creator snapshot window vs paid Apr-Aug closed months)
63d4fc1d000000000d014d86,2023做开放式厨房建议你这样子做❗,2023-01-28 18:42,video,15.0,CREATOR_PERFORMANCE_PRESENT,395.0,1.0,1.0,0.0,0.0,1,2,2,NOTE_PAID_METRIC_PRESENT,1,M2026-05,M2026-05,0.0,1.0,0.0,0.0,UNALIGNED (creator snapshot window vs paid Apr-Aug closed months)
63d5dec5000000001b0062e6,开放式厨房bi走之路:岛台餐桌一体化❗,2023-01-29 10:49,video,26.0,CREATOR_PERFORMANCE_PRESENT,377.0,0.0,0.0,0.0,1.0,1,2,2,NOTE_PAID_METRIC_PRESENT,2,M2026-07,M2026-08,0.0,2.0,0.0,0.0,UNALIGNED (creator snapshot window vs paid Apr-Aug closed months)
63d633cb000000000d014f08,岛台尽显高级的搭配色:黑丝白配❗来看看,2023-01-29 16:52,video,26.0,CREATOR_PERFORMANCE_PRESENT,266.0,0.0,0.0,0.0,0.0,1,2,2,PAID_ASSOCIATED_NO_METRIC_RECORD,0,,,,,,,UNALIGNED (creator snapshot window vs paid Apr-Aug closed months)
63d6543f000000001d02297b,岛台终于入户啦❗,2023-01-29 19:10,video,28.0,CREATOR_PERFORMANCE_PRESENT,398.0,2.0,2.0,0.0,0.0,1,2,2,PAID_ASSOCIATED_NO_METRIC_RECORD,0,,,,,,,UNALIGNED (creator snapshot window vs paid Apr-Aug closed months)
63d788ef0000000008025239,什么❓2023你还在用传统餐桌😮看餐岛一体,2023-01-30 17:07,video,15.0,CREATOR_PERFORMANCE_PRESENT,778.0,7.0,6.0,0.0,1.0,1,2,2,NOTE_PAID_METRIC_PRESENT,1,M2026-04,M2026-04,0.33,2.0,1.0,1.0,UNALIGNED (creator snapshot window vs paid Apr-Aug closed months)
63d7a6b0000000001d0101d6,开放式式厨房怎么做❓,2023-01-30 19:14,video,14.0,CREATOR_PERFORMANCE_PRESENT,314.0,3.0,2.0,0.0,0.0,1,2,2,PAID_ASSOCIATED_NO_METRIC_RECORD,0,,,,,,,UNALIGNED (creator snapshot window vs paid Apr-Aug closed months)
63d884cd000000001b00478e,2023错位岛台为什么这么爆🔥❓主要是配色,2023-01-31 11:02,video,20.0,CREATOR_PERFORMANCE_PRESENT,461.0,6.0,6.0,2.0,1.0,1,2,2,NOTE_PAID_METRIC_PRESENT,3,M2026-05,M2026-07,0.0,3.0,0.0,0.0,UNALIGNED (creator snapshot window vs paid Apr-Aug closed months)
63d8da74000000001d0228b9,我有一个梦想:想看看岛台装亚克力脚🤩,2023-01-31 17:08,video,20.0,CREATOR_PERFORMANCE_PRESENT,412.0,1.0,2.0,0.0,0.0,0,0,0,NO_PAID_ASSOCIATION_OBSERVED,0,,,,,,,UNALIGNED (creator snapshot window vs paid Apr-Aug closed months)
63d8f790000000001d023407,做一个功能岛台太香啦❗幸亏听了邻居的建议,2023-01-31 19:12,video,20.0,CREATOR_PERFORMANCE_PRESENT,289.0,4.0,5.0,0.0,1.0,0,0,0,NO_PAID_ASSOCIATION_OBSERVED,0,,,,,,,UNALIGNED (creator snapshot window vs paid Apr-Aug closed months)
63d9d851000000001b01e56c,2023年做岛台餐桌一体还来得及吗❓建议考虑,2023-02-01 11:11,video,19.0,CREATOR_PERFORMANCE_PRESENT,239.0,4.0,5.0,0.0,1.0,0,0,0,NO_PAID_ASSOCIATION_OBSERVED,0,,,,,,,UNALIGNED (creator snapshot window vs paid Apr-Aug closed months)
63da2ac4000000000d0150cb,做全小区蕞有话题的业主是一种什么体验😭,2023-02-01 17:03,video,20.0,CREATOR_PERFORMANCE_PRESENT,85.0,6.0,6.0,0.0,1.0,1,2,2,PAID_ASSOCIATED_NO_METRIC_RECORD,0,,,,,,,UNALIGNED (creator snapshot window vs paid Apr-Aug closed months)
63da468b0000000008023fc1,年轻人的新家就该这样子装❗,2023-02-01 19:01,video,19.0,CREATOR_PERFORMANCE_PRESENT,289.0,1.0,1.0,0.0,0.0,1,2,2,NOTE_PAID_METRIC_PRESENT,1,M2026-07,M2026-07,0.0,1.0,0.0,0.0,UNALIGNED (creator snapshot window vs paid Apr-Aug closed months)
63db29840000000004005070,永不过时的餐厅岛台❗,2023-02-02 11:09,video,21.0,CREATOR_PERFORMANCE_PRESENT,381.0,6.0,5.0,0.0,2.0,1,2,2,NOTE_PAID_METRIC_PRESENT,1,M2026-07,M2026-07,0.0,2.0,0.0,0.0,UNALIGNED (creator snapshot window vs paid Apr-Aug closed months)
63db7d5b00000000180129e5,岛台定制看这里👀源头工厂,2023-02-02 17:07,video,23.0,CREATOR_PERFORMANCE_PRESENT,332.0,4.0,5.0,0.0,1.0,1,2,2,NOTE_PAID_METRIC_PRESENT,5,M2026-04,M2026-08,0.0,22.0,0.0,0.0,UNALIGNED (creator snapshot window vs paid Apr-Aug closed months)
63db9b2500000000080241db,一种岛台当两个用❗餐厅的颜值当当,2023-02-02 19:14,video,17.0,CREATOR_PERFORMANCE_PRESENT,259.0,1.0,2.0,0.0,0.0,0,0,0,NO_PAID_ASSOCIATION_OBSERVED,0,,,,,,,UNALIGNED (creator snapshot window vs paid Apr-Aug closed months)
63dc7bd4000000001d01c2a0,伸缩岛台的原型来啦❗唯美奶白色调,2023-02-03 11:13,video,15.0,CREATOR_PERFORMANCE_PRESENT,247.0,3.0,3.0,0.0,1.0,1,2,2,NOTE_PAID_METRIC_PRESENT,1,M2026-07,M2026-07,0.0,1.0,0.0,0.0,UNALIGNED (creator snapshot window vs paid Apr-Aug closed months)
63dcd13d0000000008023f58,当一款没有🦶的岛台出现在我面前😲,2023-02-03 17:17,video,19.0,CREATOR_PERFORMANCE_PRESENT,663.0,1.0,1.0,0.0,0.0,1,2,2,NOTE_PAID_METRIC_PRESENT,2,M2026-05,M2026-06,0.0,2.0,0.0,0.0,UNALIGNED (creator snapshot window vs paid Apr-Aug closed months)
63ddcdfa0000000004004a50,提升家的氛围感~岛台餐桌一体设计,2023-02-04 11:16,video,33.0,CREATOR_PERFORMANCE_PRESENT,422.0,4.0,4.0,0.0,2.0,1,2,2,NOTE_PAID_METRIC_PRESENT,1,M2026-06,M2026-06,0.0,1.0,0.0,0.0,UNALIGNED (creator snapshot window vs paid Apr-Aug closed months)
63e07409000000001a025ed7,不做岛台不知道的快乐感❗,2023-02-06 11:29,video,21.0,CREATOR_PERFORMANCE_PRESENT,331.0,0.0,1.0,0.0,0.0,1,2,2,NOTE_PAID_METRIC_PRESENT,1,M2026-06,M2026-06,0.0,4.0,0.0,0.0,UNALIGNED (creator snapshot window vs paid Apr-Aug closed months)
63e0cd980000000004007785,"如果岛台装上轮子,你会发现厨房快乐加倍❗",2023-02-06 17:51,video,22.0,CREATOR_PERFORMANCE_PRESENT,1789.0,4.0,3.0,0.0,5.0,1,2,2,NOTE_PAID_METRIC_PRESENT,5,M2026-04,M2026-08,0.22,28.0,4.0,0.0,UNALIGNED (creator snapshot window vs paid Apr-Aug closed months)
63e1c119000000001d020e83,2023做一款餐岛分离式的“餐桌”😍,2023-02-07 11:10,video,23.0,CREATOR_PERFORMANCE_PRESENT,615.0,3.0,2.0,1.0,1.0,1,2,2,NOTE_PAID_METRIC_PRESENT,3,M2026-04,M2026-06,0.01,14.0,1.0,0.0,UNALIGNED (creator snapshot window vs paid Apr-Aug closed months)
63e21bc7000000001b005bf1,"岛台+壁炉设计,设计图纸都画不出的结构",2023-02-07 17:37,video,20.0,CREATOR_PERFORMANCE_PRESENT,526.0,2.0,3.0,0.0,2.0,1,2,2,NOTE_PAID_METRIC_PRESENT,4,M2026-04,M2026-07,0.63,37.0,7.0,0.0,UNALIGNED (creator snapshot window vs paid Apr-Aug closed months)
63e230c1000000001a01fdf5,餐厅高颜值岛台餐桌一体❗,2023-02-07 19:06,video,20.0,CREATOR_PERFORMANCE_PRESENT,456.0,1.0,3.0,0.0,0.0,1,2,2,NOTE_PAID_METRIC_PRESENT,1,M2026-04,M2026-04,0.07,1.0,1.0,0.0,UNALIGNED (creator snapshot window vs paid Apr-Aug closed months)
63e313970000000018012062,升级厨房餐厅❗电动智能岛台餐桌,2023-02-08 11:14,video,32.0,CREATOR_PERFORMANCE_PRESENT,453.0,1.0,2.0,0.0,1.0,1,2,2,NOTE_PAID_METRIC_PRESENT,3,M2026-04,M2026-07,0.0,6.0,0.0,0.0,UNALIGNED (creator snapshot window vs paid Apr-Aug closed months)
63e366c7000000000d01494e,做岛台有什么好功能介绍呢?看看这款原型,2023-02-08 17:09,video,20.0,CREATOR_PERFORMANCE_PRESENT,335.0,0.0,0.0,0.0,0.0,1,2,2,PAID_ASSOCIATED_NO_METRIC_RECORD,0,,,,,,,UNALIGNED (creator snapshot window vs paid Apr-Aug closed months)
63e462df000000001b0042cf,和传统餐桌告别吧❗太太太好看了❗,2023-02-09 11:05,video,21.0,CREATOR_PERFORMANCE_PRESENT,237.0,1.0,1.0,0.0,0.0,1,2,2,PAID_ASSOCIATED_NO_METRIC_RECORD,0,,,,,,,UNALIGNED (creator snapshot window vs paid Apr-Aug closed months)
63e60c8100000000130072db,"邻居用半个月工资拿下的岛台,来看看怎么样",2023-02-10 17:21,video,19.0,CREATOR_PERFORMANCE_PRESENT,343.0,2.0,2.0,0.0,0.0,1,2,2,NOTE_PAID_METRIC_PRESENT,2,M2026-05,M2026-07,0.0,3.0,0.0,0.0,UNALIGNED (creator snapshot window vs paid Apr-Aug closed months)
63e706f7000000001203c808,天哪❗这个岛台也太太太好看了叭😍,2023-02-11 11:09,video,13.0,CREATOR_PERFORMANCE_PRESENT,629.0,2.0,2.0,0.0,0.0,1,2,2,NOTE_PAID_METRIC_PRESENT,2,M2026-04,M2026-05,0.0,3.0,0.0,0.0,UNALIGNED (creator snapshot window vs paid Apr-Aug closed months)
63e9fdd8000000001303d408,"突破颜色搭配,开放式厨房岛台也可以这样搭",2023-02-13 17:07,video,22.0,CREATOR_PERFORMANCE_PRESENT,293.0,3.0,3.0,0.0,1.0,1,2,2,NOTE_PAID_METRIC_PRESENT,1,M2026-04,M2026-04,0.0,1.0,0.0,0.0,UNALIGNED (creator snapshot window vs paid Apr-Aug closed months)
63eb503b000000000702ebc9,小户型做伸缩岛台真的太香了❗YYDS,2023-02-14 17:11,video,17.0,CREATOR_PERFORMANCE_PRESENT,243.0,2.0,2.0,0.0,1.0,1,2,2,PAID_ASSOCIATED_NO_METRIC_RECORD,0,,,,,,,UNALIGNED (creator snapshot window vs paid Apr-Aug closed months)
63eb67c2000000001303d7c2,被问爆🔥的开放式厨房岛台原型来啦❗,2023-02-14 18:51,video,21.0,CREATOR_PERFORMANCE_PRESENT,352.0,2.0,3.0,0.0,0.0,1,2,2,PAID_ASSOCIATED_NO_METRIC_RECORD,0,,,,,,,UNALIGNED (creator snapshot window vs paid Apr-Aug closed months)
63ec4bd200000000130366ac,悬浮岛台是什么样❓功能好吗❓今天它来啦❗,2023-02-15 11:04,video,27.0,CREATOR_PERFORMANCE_PRESENT,271.0,0.0,0.0,0.0,0.0,1,2,2,NOTE_PAID_METRIC_PRESENT,2,M2026-04,M2026-05,0.0,2.0,0.0,0.0,UNALIGNED (creator snapshot window vs paid Apr-Aug closed months)
63eca0e2000000001301389e,悬空岛台用金属钢架制作怎么没有脚❓,2023-02-15 17:07,video,28.0,CREATOR_PERFORMANCE_PRESENT,240.0,1.0,0.0,0.0,0.0,0,0,0,NO_PAID_ASSOCIATION_OBSERVED,0,,,,,,,UNALIGNED (creator snapshot window vs paid Apr-Aug closed months)
63ed9e4400000000130067b3,很难有这么美的岛台啦❗让设计师费劲脑子,2023-02-16 11:08,video,76.0,CREATOR_PERFORMANCE_PRESENT,344.0,2.0,1.0,0.0,1.0,1,2,2,PAID_ASSOCIATED_NO_METRIC_RECORD,0,,,,,,,UNALIGNED (creator snapshot window vs paid Apr-Aug closed months)
63edf1c1000000001300ee52,爸妈都不看好的岛台实际安装好真的是太美啦,2023-02-16 17:05,video,27.0,CREATOR_PERFORMANCE_PRESENT,213.0,0.0,0.0,0.0,0.0,0,0,0,NO_PAID_ASSOCIATION_OBSERVED,0,,,,,,,UNALIGNED (creator snapshot window vs paid Apr-Aug closed months)
63eeef9a000000001300f05c,98平方装出140方的既视感是因为装了它❗,2023-02-17 11:08,video,63.0,CREATOR_PERFORMANCE_PRESENT,279.0,1.0,1.0,0.0,0.0,1,2,2,NOTE_PAID_METRIC_PRESENT,1,M2026-05,M2026-05,0.0,1.0,0.0,0.0,UNALIGNED (creator snapshot window vs paid Apr-Aug closed months)
63ef4d8f000000001300d25b,2023开放式厨房流行的雪山白岛台餐桌一体,2023-02-17 17:49,video,22.0,CREATOR_PERFORMANCE_PRESENT,472.0,4.0,4.0,2.0,0.0,1,2,2,NOTE_PAID_METRIC_PRESENT,2,M2026-06,M2026-07,0.0,2.0,0.0,0.0,UNALIGNED (creator snapshot window vs paid Apr-Aug closed months)
63f0a37d00000000130087a5,岛台中的天花板-小户型定制伸缩岛台❗,2023-02-18 18:07,video,17.0,CREATOR_PERFORMANCE_PRESENT,352.0,2.0,1.0,2.0,0.0,1,2,2,NOTE_PAID_METRIC_PRESENT,2,M2026-05,M2026-06,0.0,2.0,0.0,0.0,UNALIGNED (creator snapshot window vs paid Apr-Aug closed months)
63f6e0750000000027010dce,"邻居定制的岛台到了,原来入户安装这么简单",2023-02-23 11:41,video,24.0,CREATOR_PERFORMANCE_PRESENT,244.0,1.0,1.0,0.0,0.0,1,2,2,NOTE_PAID_METRIC_PRESENT,1,M2026-05,M2026-05,0.0,1.0,0.0,0.0,UNALIGNED (creator snapshot window vs paid Apr-Aug closed months)
63f82edc000000001300813d,"邻居的家就像宫廷,进了就不想回家❗",2023-02-24 11:28,video,23.0,CREATOR_PERFORMANCE_PRESENT,400.0,2.0,2.0,0.0,0.0,1,2,2,NOTE_PAID_METRIC_PRESENT,1,M2026-06,M2026-06,0.01,1.0,1.0,0.0,UNALIGNED (creator snapshot window vs paid Apr-Aug closed months)
63f8878a0000000012030c53,"这么有层次感的岛台入驻了我家,太开心了❗",2023-02-24 17:46,video,22.0,CREATOR_PERFORMANCE_PRESENT,278.0,1.0,1.0,0.0,0.0,1,2,2,NOTE_PAID_METRIC_PRESENT,1,M2026-06,M2026-06,0.0,1.0,0.0,0.0,UNALIGNED (creator snapshot window vs paid Apr-Aug closed months)
63f9d335000000000800ca3d,我想应该没有谁说拒绝西厨岛台的魅力吧❗,2023-02-25 17:21,video,24.0,CREATOR_PERFORMANCE_PRESENT,299.0,1.0,2.0,2.0,0.0,1,2,2,NOTE_PAID_METRIC_PRESENT,2,M2026-06,M2026-07,0.0,4.0,0.0,0.0,UNALIGNED (creator snapshot window vs paid Apr-Aug closed months)
640aee48000000001303ed80,普通人如何订做高Ji岛台❓做了才知道啊❗,2023-03-10 16:46,video,36.0,CREATOR_PERFORMANCE_PRESENT,248.0,1.0,2.0,0.0,0.0,1,2,2,NOTE_PAID_METRIC_PRESENT,3,M2026-05,M2026-08,0.0,12.0,0.0,0.0,UNALIGNED (creator snapshot window vs paid Apr-Aug closed months)
640dc1050000000014025280,"不做岛台不知道的“坑”,太真实啦❗",2023-03-12 20:09,video,33.0,CREATOR_PERFORMANCE_PRESENT,355.0,3.0,3.0,0.0,0.0,1,2,2,PAID_ASSOCIATED_NO_METRIC_RECORD,0,,,,,,,UNALIGNED (creator snapshot window vs paid Apr-Aug closed months)
640de7920000000013009df9,伸缩岛台做收纳怎么样?空间变大了也不乱啦,2023-03-12 22:54,video,32.0,CREATOR_PERFORMANCE_PRESENT,465.0,6.0,7.0,2.0,2.0,1,2,2,NOTE_PAID_METRIC_PRESENT,2,M2026-04,M2026-07,0.0,6.0,0.0,0.0,UNALIGNED (creator snapshot window vs paid Apr-Aug closed months)
640e70960000000027000457,终于找到了岛台为什么这么受欢迎的原因啦❗,2023-03-13 08:38,video,33.0,CREATOR_PERFORMANCE_PRESENT,422.0,4.0,6.0,0.0,0.0,1,2,2,PAID_ASSOCIATED_NO_METRIC_RECORD,0,,,,,,,UNALIGNED (creator snapshot window vs paid Apr-Aug closed months)
640e9b7d000000001300e321,为什么不建议做岛台呢?岛台的优缺点,2023-03-13 11:41,video,32.0,CREATOR_PERFORMANCE_PRESENT,920.0,6.0,3.0,0.0,1.0,1,2,2,NOTE_PAID_METRIC_PRESENT,1,M2026-05,M2026-05,0.0,3.0,0.0,0.0,UNALIGNED (creator snapshot window vs paid Apr-Aug closed months)
640eeaa000000000130335f7,很实在的说:这样设计岛台太太太实用啦❗,2023-03-13 17:19,video,31.0,CREATOR_PERFORMANCE_PRESENT,293.0,3.0,3.0,2.0,0.0,1,2,2,PAID_ASSOCIATED_NO_METRIC_RECORD,0,,,,,,,UNALIGNED (creator snapshot window vs paid Apr-Aug closed months)
640f1c4f000000001303e9cc,"普通人VS内行人订做岛台的区别,很真实❗",2023-03-13 20:51,video,32.0,CREATOR_PERFORMANCE_PRESENT,377.0,4.0,6.0,0.0,0.0,1,2,2,PAID_ASSOCIATED_NO_METRIC_RECORD,0,,,,,,,UNALIGNED (creator snapshot window vs paid Apr-Aug closed months)
640fe2940000000011012ded,真希望你能看到这条视频老师傅教你定制岛台,2023-03-14 10:57,video,35.0,CREATOR_PERFORMANCE_PRESENT,162.0,3.0,3.0,0.0,0.0,1,2,2,NOTE_PAID_METRIC_PRESENT,3,M2026-04,M2026-08,0.0,3.0,0.0,0.0,UNALIGNED (creator snapshot window vs paid Apr-Aug closed months)
64103807000000001300e751,10年工厂老师傅教你如何定制伸缩岛台❗,2023-03-14 17:01,video,35.0,CREATOR_PERFORMANCE_PRESENT,176.0,3.0,3.0,0.0,0.0,1,2,2,NOTE_PAID_METRIC_PRESENT,4,M2026-05,M2026-08,0.0,4.0,0.0,0.0,UNALIGNED (creator snapshot window vs paid Apr-Aug closed months)
6410544d0000000012033f3f,10年老工厂人教你如何定制岛台餐桌❗,2023-03-14 19:02,video,36.0,CREATOR_PERFORMANCE_PRESENT,278.0,3.0,3.0,0.0,0.0,1,2,2,NOTE_PAID_METRIC_PRESENT,1,M2026-04,M2026-04,0.0,2.0,0.0,0.0,UNALIGNED (creator snapshot window vs paid Apr-Aug closed months)
64111920000000000703a06c,2023伸缩岛台怎么选❓小岛一句话教你选❗,2023-03-15 09:02,video,32.0,CREATOR_PERFORMANCE_PRESENT,177.0,2.0,2.0,0.0,0.0,1,2,2,PAID_ASSOCIATED_NO_METRIC_RECORD,0,,,,,,,UNALIGNED (creator snapshot window vs paid Apr-Aug closed months)
64118cfe000000000800d128,"奶白色的可伸缩岛台,1.4米变1.8米",2023-03-15 17:16,video,32.0,CREATOR_PERFORMANCE_PRESENT,469.0,3.0,3.0,3.0,2.0,1,2,2,NOTE_PAID_METRIC_PRESENT,3,M2026-04,M2026-06,0.0,25.0,0.0,0.0,UNALIGNED (creator snapshot window vs paid Apr-Aug closed months)
641256c200000000270132fe,放弃传统餐桌吧!2023做个伸缩岛台!,2023-03-16 07:37,video,31.0,CREATOR_PERFORMANCE_PRESENT,258.0,5.0,3.0,0.0,0.0,1,2,2,NOTE_PAID_METRIC_PRESENT,3,M2026-04,M2026-06,0.0,6.0,0.0,0.0,UNALIGNED (creator snapshot window vs paid Apr-Aug closed months)
6412e9f30000000027011f1b,实话实说❗我劝你不要轻易做岛台,2023-03-16 18:05,video,36.0,CREATOR_PERFORMANCE_PRESENT,401.0,3.0,3.0,2.0,2.0,1,2,2,NOTE_PAID_METRIC_PRESENT,4,M2026-04,M2026-07,0.0,6.0,0.0,0.0,UNALIGNED (creator snapshot window vs paid Apr-Aug closed months)
6413b69d0000000012033226,wate?圆弧岛台居然还能做伸缩❓,2023-03-17 08:38,video,31.0,CREATOR_PERFORMANCE_PRESENT,332.0,4.0,5.0,0.0,1.0,1,2,2,NOTE_PAID_METRIC_PRESENT,2,M2026-04,M2026-05,0.01,10.0,1.0,0.0,UNALIGNED (creator snapshot window vs paid Apr-Aug closed months)
6413e5d6000000001303588b,求求啦❗订岛台一定要提前了解这三个标准,2023-03-17 12:00,video,33.0,CREATOR_PERFORMANCE_PRESENT,287.0,4.0,3.0,0.0,0.0,1,2,2,PAID_ASSOCIATED_NO_METRIC_RECORD,0,,,,,,,UNALIGNED (creator snapshot window vs paid Apr-Aug closed months)
64143a940000000027001f75,真香警告⚠️别做传统餐桌了❗,2023-03-17 18:01,video,32.0,CREATOR_PERFORMANCE_PRESENT,274.0,3.0,3.0,0.0,0.0,1,2,2,NOTE_PAID_METRIC_PRESENT,1,M2026-08,M2026-08,0.0,1.0,0.0,0.0,UNALIGNED (creator snapshot window vs paid Apr-Aug closed months)
641507a20000000014024e97,小户型做不了岛台❓伸缩岛台了解一下,2023-03-18 08:36,video,32.0,CREATOR_PERFORMANCE_PRESENT,295.0,4.0,3.0,0.0,0.0,1,2,2,NOTE_PAID_METRIC_PRESENT,2,M2026-04,M2026-08,0.0,4.0,0.0,0.0,UNALIGNED (creator snapshot window vs paid Apr-Aug closed months)
64196d000000000013037785,"有设计图纸有设计案例,一条服务帮你。",2023-03-21 17:40,video,36.0,CREATOR_PERFORMANCE_PRESENT,304.0,3.0,3.0,0.0,0.0,1,2,2,NOTE_PAID_METRIC_PRESENT,1,M2026-04,M2026-04,0.0,2.0,0.0,0.0,UNALIGNED (creator snapshot window vs paid Apr-Aug closed months)
642a302200000000130115ff,有喜欢这款多储物功能的岛台餐桌吗!?️,2023-04-05 17:00,video,12.0,CREATOR_PERFORMANCE_PRESENT,260.0,3.0,3.0,0.0,1.0,1,2,2,NOTE_PAID_METRIC_PRESENT,2,M2026-04,M2026-07,0.0,16.0,0.0,0.0,UNALIGNED (creator snapshot window vs paid Apr-Aug closed months)
642e21cc0000000014027514,你知道吗?这款岛台不占用地面积,2023-04-06 09:35,video,26.0,CREATOR_PERFORMANCE_PRESENT,299.0,3.0,4.0,0.0,1.0,1,2,2,NOTE_PAID_METRIC_PRESENT,2,M2026-05,M2026-06,0.0,4.0,0.0,0.0,UNALIGNED (creator snapshot window vs paid Apr-Aug closed months)
642e231d0000000011013cdc,请把它推给我!?️你还不知道的岛台,2023-04-06 10:58,video,26.0,CREATOR_PERFORMANCE_PRESENT,299.0,3.0,3.0,0.0,1.0,1,2,2,NOTE_PAID_METRIC_PRESENT,5,M2026-04,M2026-08,0.15,92.0,4.0,0.0,UNALIGNED (creator snapshot window vs paid Apr-Aug closed months)
642f86e70000000027002ba3,这样的高逼格!岩板岛台一体 你喜欢不?,2023-04-07 17:00,video,30.0,CREATOR_PERFORMANCE_PRESENT,310.0,3.0,4.0,0.0,1.0,1,2,2,NOTE_PAID_METRIC_PRESENT,2,M2026-04,M2026-06,0.0,2.0,0.0,0.0,UNALIGNED (creator snapshot window vs paid Apr-Aug closed months)
6430bb920000000013007c52,刷爆朋友圈的流行款式💰我都帮你找齐了,2023-04-08 10:58,video,20.0,CREATOR_PERFORMANCE_PRESENT,278.0,4.0,2.0,0.0,1.0,1,2,2,NOTE_PAID_METRIC_PRESENT,2,M2026-05,M2026-07,0.0,2.0,0.0,0.0,UNALIGNED (creator snapshot window vs paid Apr-Aug closed months)
643363910000000013036c3a,高能预警🔥智能未来3.0降临餐桌岛台,2023-04-10 10:58,video,13.0,CREATOR_PERFORMANCE_PRESENT,318.0,4.0,3.0,0.0,1.0,1,2,2,NOTE_PAID_METRIC_PRESENT,2,M2026-04,M2026-05,2.34,6.0,2.0,0.0,UNALIGNED (creator snapshot window vs paid Apr-Aug closed months)
6433665a000000001300a84c,再见了传统餐桌!看看这几款岛台,2023-04-10 09:28,video,68.0,CREATOR_PERFORMANCE_PRESENT,207.0,4.0,3.0,0.0,0.0,1,2,2,NOTE_PAID_METRIC_PRESENT,1,M2026-08,M2026-08,0.0,1.0,0.0,0.0,UNALIGNED (creator snapshot window vs paid Apr-Aug closed months)
6434cd9e0000000013000f35,我猜你不知道的事! 悬浮感木纹岛台!?️,2023-04-11 11:01,video,49.0,CREATOR_PERFORMANCE_PRESENT,301.0,3.0,3.0,0.0,1.0,1,2,2,NOTE_PAID_METRIC_PRESENT,4,M2026-04,M2026-07,0.0,4.0,0.0,0.0,UNALIGNED (creator snapshot window vs paid Apr-Aug closed months)
6435209d000000001303c9a0,让道啦!前方预警⚡️ 这样的餐桌岛台爱了?,2023-04-11 16:55,video,49.0,CREATOR_PERFORMANCE_PRESENT,292.0,5.0,5.0,0.0,3.0,1,2,2,NOTE_PAID_METRIC_PRESENT,2,M2026-04,M2026-05,0.0,2.0,0.0,0.0,UNALIGNED (creator snapshot window vs paid Apr-Aug closed months)
6436043e00000000120339f5,装修的20平小房子!迷你岛台你见过吗🔥,2023-04-12 10:58,video,33.0,CREATOR_PERFORMANCE_PRESENT,232.0,4.0,4.0,0.0,1.0,1,2,2,PAID_ASSOCIATED_NO_METRIC_RECORD,0,,,,,,,UNALIGNED (creator snapshot window vs paid Apr-Aug closed months)
643608590000000013014d16,爆!秘️王炸收纳大储物+伸缩功能 岛台餐桌,2023-04-12 16:58,video,49.0,CREATOR_PERFORMANCE_PRESENT,288.0,5.0,4.0,0.0,1.0,1,2,2,NOTE_PAID_METRIC_PRESENT,4,M2026-04,M2026-08,0.01,5.0,1.0,0.0,UNALIGNED (creator snapshot window vs paid Apr-Aug closed months)
64360a79000000001402567f,承重悬浮感岛台餐桌!她来咯,2023-04-12 09:33,video,32.0,CREATOR_PERFORMANCE_PRESENT,350.0,4.0,3.0,0.0,1.0,1,2,2,NOTE_PAID_METRIC_PRESENT,3,M2026-04,M2026-07,0.0,6.0,0.0,0.0,UNALIGNED (creator snapshot window vs paid Apr-Aug closed months)
6437553b0000000013035dc5,没见过这款岛台餐桌!不要跟我说收纳大空间,2023-04-13 10:57,video,39.0,CREATOR_PERFORMANCE_PRESENT,267.0,6.0,4.0,0.0,4.0,1,2,2,NOTE_PAID_METRIC_PRESENT,3,M2026-04,M2026-06,0.0,12.0,0.0,0.0,UNALIGNED (creator snapshot window vs paid Apr-Aug closed months)
643a6a48000000001203da38,迷你版小型岛台VS储物大型版💰,2023-04-16 17:00,video,46.0,CREATOR_PERFORMANCE_PRESENT,395.0,2.0,3.0,4.0,1.0,1,2,2,NOTE_PAID_METRIC_PRESENT,4,M2026-04,M2026-08,0.0,6.0,0.0,0.0,UNALIGNED (creator snapshot window vs paid Apr-Aug closed months)
643a6ba40000000027003f36,家里做岛台如何避坑?细节满满收藏起来~,2023-04-16 11:00,video,74.0,CREATOR_PERFORMANCE_PRESENT,295.0,4.0,3.0,0.0,1.0,1,2,2,PAID_ASSOCIATED_NO_METRIC_RECORD,0,,,,,,,UNALIGNED (creator snapshot window vs paid Apr-Aug closed months)
643d0bdd0000000013009678,佛山百W壕宅岛台来啦!配送入户安装一体🚛,2023-04-17 17:05,video,89.0,CREATOR_PERFORMANCE_PRESENT,590.0,5.0,5.0,4.0,1.0,1,2,2,NOTE_PAID_METRIC_PRESENT,4,M2026-04,M2026-08,0.39,20.0,1.0,0.0,UNALIGNED (creator snapshot window vs paid Apr-Aug closed months)
643df04d0000000013008ce2,现场入户安装岛台🔥百平方家业来啦!,2023-04-18 09:20,video,44.0,CREATOR_PERFORMANCE_PRESENT,300.0,3.0,2.0,0.0,0.0,1,2,2,PAID_ASSOCIATED_NO_METRIC_RECORD,0,,,,,,,UNALIGNED (creator snapshot window vs paid Apr-Aug closed months)
643e78740000000027012667,全款带走岛台餐桌一体!岩板多样式任选,2023-04-18 19:01,video,55.0,CREATOR_PERFORMANCE_PRESENT,324.0,3.0,2.0,0.0,1.0,1,2,2,NOTE_PAID_METRIC_PRESENT,1,M2026-08,M2026-08,0.0,1.0,0.0,0.0,UNALIGNED (creator snapshot window vs paid Apr-Aug closed months)
643f5fd60000000013030448,前方预警秘️!你需要一个这样的岛台,2023-04-19 11:28,video,29.0,CREATOR_PERFORMANCE_PRESENT,215.0,2.0,1.0,0.0,0.0,1,2,2,PAID_ASSOCIATED_NO_METRIC_RECORD,0,,,,,,,UNALIGNED (creator snapshot window vs paid Apr-Aug closed months)
643fc5080000000013012d9f,真香定律!岛台餐桌真的太实用了!尺寸视频后,2023-04-19 18:40,video,40.0,CREATOR_PERFORMANCE_PRESENT,315.0,1.0,2.0,0.0,1.0,1,2,2,NOTE_PAID_METRIC_PRESENT,3,M2026-04,M2026-06,0.0,10.0,0.0,0.0,UNALIGNED (creator snapshot window vs paid Apr-Aug closed months)
6440a1c50000000011010522,岛台真香预警!这款餐桌太实用 视频后附尺寸,2023-04-20 10:21,video,47.0,CREATOR_PERFORMANCE_PRESENT,314.0,2.0,1.0,0.0,1.0,1,2,2,NOTE_PAID_METRIC_PRESENT,2,M2026-04,M2026-05,0.0,2.0,0.0,0.0,UNALIGNED (creator snapshot window vs paid Apr-Aug closed months)
6440e7b0000000000800d662,"避坑攻略⚡️岛台餐桌一体式设计,很实用!",2023-04-20 15:20,video,74.0,CREATOR_PERFORMANCE_PRESENT,285.0,3.0,3.0,0.0,0.0,1,2,2,PAID_ASSOCIATED_NO_METRIC_RECORD,0,,,,,,,UNALIGNED (creator snapshot window vs paid Apr-Aug closed months)
6441e7670000000014024192,"别再买传统餐桌了,岛台一体化餐桌设计🔥",2023-04-21 09:31,video,49.0,CREATOR_PERFORMANCE_PRESENT,403.0,4.0,4.0,0.0,1.0,1,2,2,NOTE_PAID_METRIC_PRESENT,1,M2026-05,M2026-05,0.0,2.0,0.0,0.0,UNALIGNED (creator snapshot window vs paid Apr-Aug closed months)
6441fe5800000000130365fe,你可能!更需要这款伸缩岛台餐桌,2023-04-21 11:09,video,14.0,CREATOR_PERFORMANCE_PRESENT,290.0,2.0,3.0,0.0,0.0,1,2,2,NOTE_PAID_METRIC_PRESENT,3,M2026-05,M2026-08,0.0,3.0,0.0,0.0,UNALIGNED (creator snapshot window vs paid Apr-Aug closed months)
64420971000000000703b16e,"在厨房做岛台装修的,今天你有福了",2023-04-21 16:58,video,48.0,CREATOR_PERFORMANCE_PRESENT,442.0,1.0,1.0,0.0,1.0,1,2,2,NOTE_PAID_METRIC_PRESENT,3,M2026-05,M2026-08,0.0,3.0,0.0,0.0,UNALIGNED (creator snapshot window vs paid Apr-Aug closed months)
64434cc90000000013009281,厨房岛台应该怎样设计!省💰又实用又高级,2023-04-22 10:56,video,77.0,CREATOR_PERFORMANCE_PRESENT,284.0,2.0,2.0,2.0,1.0,1,2,2,PAID_ASSOCIATED_NO_METRIC_RECORD,0,,,,,,,UNALIGNED (creator snapshot window vs paid Apr-Aug closed months)
64435ab90000000013011bad,最近好火🔥的厨房 缩伸岛台创意设计!,2023-04-22 14:10,video,36.0,CREATOR_PERFORMANCE_PRESENT,317.0,2.0,1.0,0.0,1.0,1,2,2,NOTE_PAID_METRIC_PRESENT,2,M2026-05,M2026-06,0.01,5.0,1.0,0.0,UNALIGNED (creator snapshot window vs paid Apr-Aug closed months)
6443908600000000270296f7,记录90秒安装岛台!有那些注意事项⚠️,2023-04-22 16:58,video,31.0,CREATOR_PERFORMANCE_PRESENT,382.0,1.0,1.0,0.0,1.0,1,2,2,NOTE_PAID_METRIC_PRESENT,3,M2026-04,M2026-06,0.01,11.0,1.0,0.0,UNALIGNED (creator snapshot window vs paid Apr-Aug closed months)
6443a4b900000000270127b2,自制花费4K中岛台细节来咯?隐藏实用功能,2023-04-23 11:00,video,41.0,CREATOR_PERFORMANCE_PRESENT,512.0,4.0,4.0,0.0,0.0,1,2,2,NOTE_PAID_METRIC_PRESENT,5,M2026-04,M2026-08,5.29,72.0,15.0,0.0,UNALIGNED (creator snapshot window vs paid Apr-Aug closed months)
6443b1660000000013012f0e,不占地岛台一体装修!你值得拥有,2023-04-23 17:00,video,23.0,CREATOR_PERFORMANCE_PRESENT,389.0,1.0,2.0,0.0,1.0,1,2,2,PAID_ASSOCIATED_NO_METRIC_RECORD,0,,,,,,,UNALIGNED (creator snapshot window vs paid Apr-Aug closed months)
6445df410000000013002058,"悬浮感中岛台餐桌设计,实际案例参考演示",2023-04-24 10:58,video,12.0,CREATOR_PERFORMANCE_PRESENT,417.0,3.0,1.0,0.0,1.0,1,2,2,NOTE_PAID_METRIC_PRESENT,3,M2026-04,M2026-07,0.0,4.0,0.0,0.0,UNALIGNED (creator snapshot window vs paid Apr-Aug closed months)
6445f10e000000001101210f,"🔥未来岛台最流行做法,不只拥挤做饭场所",2023-04-24 14:33,video,36.0,CREATOR_PERFORMANCE_PRESENT,409.0,1.0,2.0,0.0,1.0,1,2,2,NOTE_PAID_METRIC_PRESENT,1,M2026-05,M2026-05,0.0,1.0,0.0,0.0,UNALIGNED (creator snapshot window vs paid Apr-Aug closed months)
64474a0e00000000270005fd,工厂岛台验货来啦!第一手新鲜视频出锅,2023-04-25 11:33,video,25.0,CREATOR_PERFORMANCE_PRESENT,346.0,1.0,2.0,0.0,3.0,1,2,2,NOTE_PAID_METRIC_PRESENT,2,M2026-05,M2026-07,0.02,3.0,1.0,0.0,UNALIGNED (creator snapshot window vs paid Apr-Aug closed months)
6447af1f000000001303417d,不是为了收纳储物做岛台?请不要过来,2023-04-25 18:44,video,17.0,CREATOR_PERFORMANCE_PRESENT,443.0,2.0,2.0,0.0,0.0,1,2,2,PAID_ASSOCIATED_NO_METRIC_RECORD,0,,,,,,,UNALIGNED (creator snapshot window vs paid Apr-Aug closed months)
6449e92c0000000013002f22,"工厂今年招牌重磅产品,大平吧岛台餐桌",2023-04-27 11:17,video,17.0,CREATOR_PERFORMANCE_PRESENT,346.0,1.0,1.0,0.0,0.0,1,2,2,NOTE_PAID_METRIC_PRESENT,1,M2026-08,M2026-08,0.0,1.0,0.0,0.0,UNALIGNED (creator snapshot window vs paid Apr-Aug closed months)
644a1ab10000000013008603,网红岛台重磅推荐?大平智能吧岛台,2023-04-27 14:48,video,18.0,CREATOR_PERFORMANCE_PRESENT,327.0,2.0,1.0,0.0,0.0,1,2,2,NOTE_PAID_METRIC_PRESENT,2,M2026-04,M2026-05,0.0,3.0,0.0,0.0,UNALIGNED (creator snapshot window vs paid Apr-Aug closed months)
644b3ce5000000001303e843,工业风岛台!岩板新型面料重磅来袭秘️,2023-04-28 11:26,video,18.0,CREATOR_PERFORMANCE_PRESENT,345.0,1.0,1.0,0.0,0.0,1,2,2,NOTE_PAID_METRIC_PRESENT,2,M2026-05,M2026-06,0.0,3.0,0.0,0.0,UNALIGNED (creator snapshot window vs paid Apr-Aug closed months)
644b70720000000027003b25,挑战工厂高颜值岛台!今年流行搭配,2023-04-28 15:06,video,15.0,CREATOR_PERFORMANCE_PRESENT,384.0,2.0,0.0,0.0,0.0,1,2,2,PAID_ASSOCIATED_NO_METRIC_RECORD,0,,,,,,,UNALIGNED (creator snapshot window vs paid Apr-Aug closed months)
644c96e200000000140259cf,全网都在找这款岛台?今天它来咯,2023-04-29 12:02,video,10.0,CREATOR_PERFORMANCE_PRESENT,354.0,1.0,1.0,0.0,0.0,1,2,2,NOTE_PAID_METRIC_PRESENT,2,M2026-07,M2026-08,0.0,2.0,0.0,0.0,UNALIGNED (creator snapshot window vs paid Apr-Aug closed months)
644cb1fb000000001300d56a,你没见过的餐桌岛台?亚克力浮感脚,2023-04-29 17:00,video,11.0,CREATOR_PERFORMANCE_PRESENT,388.0,1.0,0.0,0.0,0.0,1,2,2,NOTE_PAID_METRIC_PRESENT,5,M2026-04,M2026-08,0.0,21.0,0.0,0.0,UNALIGNED (creator snapshot window vs paid Apr-Aug closed months)
644dde0a0000000013004943,入户安装伸缩岛台/小户型也可以做🚛,2023-04-30 11:18,video,15.0,CREATOR_PERFORMANCE_PRESENT,434.0,3.0,2.0,0.0,1.0,1,2,2,NOTE_PAID_METRIC_PRESENT,1,M2026-05,M2026-05,0.0,1.0,0.0,0.0,UNALIGNED (creator snapshot window vs paid Apr-Aug closed months)
644f13f2000000001203ddf2,99%工厂都做不出来 小户型岛台餐桌!,2023-05-01 10:57,video,49.0,CREATOR_PERFORMANCE_PRESENT,477.0,3.0,4.0,2.0,2.0,1,2,2,NOTE_PAID_METRIC_PRESENT,2,M2026-05,M2026-06,0.0,3.0,0.0,0.0,UNALIGNED (creator snapshot window vs paid Apr-Aug closed months)
644f61c100000000270138cb,岛台定制必看的!?️服务流程及注意事项🚛,2023-05-02 11:00,video,110.0,CREATOR_PERFORMANCE_PRESENT,2039.0,20.0,20.0,31.0,10.0,0,0,0,NO_PAID_ASSOCIATION_OBSERVED,0,,,,,,,UNALIGNED (creator snapshot window vs paid Apr-Aug closed months)
644f6f86000000001301588e,怎么样岛台工厂才有实力?别问了!找我就对了,2023-05-02 17:00,video,68.0,CREATOR_PERFORMANCE_PRESENT,335.0,0.0,0.0,0.0,1.0,1,2,2,NOTE_PAID_METRIC_PRESENT,4,M2026-04,M2026-08,0.0,5.0,0.0,0.0,UNALIGNED (creator snapshot window vs paid Apr-Aug closed months)
644f7e59000000001300a680,你更需要这款小户型!伸缩岛台餐桌一体!?️,2023-05-02 14:18,video,14.0,CREATOR_PERFORMANCE_PRESENT,347.0,1.0,0.0,0.0,1.0,1,2,2,NOTE_PAID_METRIC_PRESENT,2,M2026-04,M2026-08,0.0,3.0,0.0,0.0,UNALIGNED (creator snapshot window vs paid Apr-Aug closed months)
6450d8cc000000000800eb4f,Mini款的小型中岛台来咯 只有身体大小,2023-05-03 11:00,video,40.0,CREATOR_PERFORMANCE_PRESENT,507.0,3.0,4.0,0.0,0.0,1,2,2,NOTE_PAID_METRIC_PRESENT,5,M2026-04,M2026-08,0.0,12.0,0.0,0.0,UNALIGNED (creator snapshot window vs paid Apr-Aug closed months)
6450dd100000000013005320,小岛台也能有大收纳 外强中干,2023-05-03 17:00,video,11.0,CREATOR_PERFORMANCE_PRESENT,449.0,2.0,2.0,0.0,0.0,1,2,2,NOTE_PAID_METRIC_PRESENT,2,M2026-06,M2026-08,0.0,3.0,0.0,0.0,UNALIGNED (creator snapshot window vs paid Apr-Aug closed months)
6450de99000000000800ca13,岛台集合来啦!多款任你选择,2023-05-04 11:00,video,17.0,CREATOR_PERFORMANCE_PRESENT,385.0,2.0,3.0,0.0,0.0,1,2,2,NOTE_PAID_METRIC_PRESENT,3,M2026-06,M2026-08,0.0,5.0,0.0,0.0,UNALIGNED (creator snapshot window vs paid Apr-Aug closed months)
6450dffa0000000027012a1c,高级感满的可以悬浮的中岛台 你心动了吗,2023-05-03 14:14,video,11.0,CREATOR_PERFORMANCE_PRESENT,399.0,1.0,1.0,0.0,0.0,1,2,2,NOTE_PAID_METRIC_PRESENT,3,M2026-04,M2026-08,0.0,5.0,0.0,0.0,UNALIGNED (creator snapshot window vs paid Apr-Aug closed months)
6454a4bd000000001303e5db,意式极简风格不要错过的一款岩板岛台餐桌,2023-05-05 17:00,video,46.0,CREATOR_PERFORMANCE_PRESENT,458.0,3.0,2.0,0.0,0.0,1,2,2,NOTE_PAID_METRIC_PRESENT,1,M2026-08,M2026-08,0.0,1.0,0.0,0.0,UNALIGNED (creator snapshot window vs paid Apr-Aug closed months)
6455c62d0000000013014278,"你需要一款可收纳岛台餐桌,小户型优选🔥",2023-05-06 11:14,video,47.0,CREATOR_PERFORMANCE_PRESENT,425.0,1.0,1.0,0.0,0.0,1,2,2,NOTE_PAID_METRIC_PRESENT,1,M2026-04,M2026-04,0.0,1.0,0.0,0.0,UNALIGNED (creator snapshot window vs paid Apr-Aug closed months)
645779d5000000001303d263,"岛台定制避坑实用攻略,它来了!#",2023-05-07 18:13,video,122.0,CREATOR_PERFORMANCE_PRESENT,491.0,4.0,6.0,2.0,3.0,1,2,2,NOTE_PAID_METRIC_PRESENT,1,M2026-05,M2026-05,0.0,1.0,0.0,0.0,UNALIGNED (creator snapshot window vs paid Apr-Aug closed months)
64588e73000000001300decc,岛台不知道选什么配色?黑白极简风餐厅装修,2023-05-08 17:00,video,10.0,CREATOR_PERFORMANCE_PRESENT,431.0,1.0,2.0,0.0,0.0,1,2,2,NOTE_PAID_METRIC_PRESENT,1,M2026-04,M2026-04,0.0,1.0,0.0,0.0,UNALIGNED (creator snapshot window vs paid Apr-Aug closed months)
645a11220000000013003af8,现代简约小户型 我劝你别再买传统餐桌!?️,2023-05-09 17:23,video,32.0,CREATOR_PERFORMANCE_PRESENT,441.0,0.0,1.0,0.0,0.0,1,2,2,NOTE_PAID_METRIC_PRESENT,1,M2026-05,M2026-05,0.0,1.0,0.0,0.0,UNALIGNED (creator snapshot window vs paid Apr-Aug closed months)
645b300d000000001301798d,"再见了传统餐桌,岩板岛台餐桌一体 超好用",2023-05-10 17:00,video,11.0,CREATOR_PERFORMANCE_PRESENT,487.0,0.0,0.0,0.0,0.0,1,2,2,NOTE_PAID_METRIC_PRESENT,1,M2026-08,M2026-08,0.0,1.0,0.0,0.0,UNALIGNED (creator snapshot window vs paid Apr-Aug closed months)
645cbbc700000000120334c8,时代/行业风向会变-做人和做事态度得坚持-,2023-05-11 17:56,video,95.0,CREATOR_PERFORMANCE_PRESENT,679.0,5.0,1.0,2.0,1.0,1,2,2,PAID_ASSOCIATED_NO_METRIC_RECORD,0,,,,,,,UNALIGNED (creator snapshot window vs paid Apr-Aug closed months)
6461a304000000001300f651,再见了传统餐厅西厨岛台餐桌一体大气有格调,2023-05-15 17:00,video,9.0,CREATOR_PERFORMANCE_PRESENT,294.0,1.0,1.0,0.0,0.0,1,2,2,PAID_ASSOCIATED_NO_METRIC_RECORD,0,,,,,,,UNALIGNED (creator snapshot window vs paid Apr-Aug closed months)
6464302100000000070383dd,把传统餐桌换了吧 这样的岛台餐桌一体设计,2023-05-17 11:00,video,12.0,CREATOR_PERFORMANCE_PRESENT,271.0,0.0,0.0,0.0,0.0,1,2,2,NOTE_PAID_METRIC_PRESENT,1,M2026-07,M2026-07,0.0,1.0,0.0,0.0,UNALIGNED (creator snapshot window vs paid Apr-Aug closed months)
64643eff00000000270000c9,谁说小户型不能做开放式厨房岛,2023-05-17 17:00,video,10.0,CREATOR_PERFORMANCE_PRESENT,566.0,2.0,1.0,0.0,0.0,1,1,1,PAID_ASSOCIATED_NO_METRIC_RECORD,0,,,,,,,UNALIGNED (creator snapshot window vs paid Apr-Aug closed months)
64657c3d000000001203eabb,开放式厨房有岛台 西厨岛台餐桌一体,2023-05-18 11:00,video,10.0,CREATOR_PERFORMANCE_PRESENT,316.0,0.0,0.0,0.0,0.0,1,2,2,NOTE_PAID_METRIC_PRESENT,1,M2026-05,M2026-05,0.0,1.0,0.0,0.0,UNALIGNED (creator snapshot window vs paid Apr-Aug closed months)
6466c7f300000000070389d3,领居的生活餐桌 我劝你别买!岛台餐桌不香吗,2023-05-19 11:00,video,23.0,CREATOR_PERFORMANCE_PRESENT,176.0,1.0,0.0,0.0,0.0,1,2,2,PAID_ASSOCIATED_NO_METRIC_RECORD,0,,,,,,,UNALIGNED (creator snapshot window vs paid Apr-Aug closed months)
64675840000000000800d406,西厨岛台餐桌一体 大气有格调,2023-05-20 14:00,video,11.0,CREATOR_PERFORMANCE_PRESENT,242.0,1.0,0.0,0.0,0.0,1,2,2,PAID_ASSOCIATED_NO_METRIC_RECORD,0,,,,,,,UNALIGNED (creator snapshot window vs paid Apr-Aug closed months)
646758af0000000014025a64,"都说岛台太占空间,它用起来真的太香了",2023-05-20 19:16,video,31.0,CREATOR_PERFORMANCE_PRESENT,402.0,2.0,1.0,0.0,0.0,1,2,2,NOTE_PAID_METRIC_PRESENT,1,M2026-06,M2026-06,0.0,1.0,0.0,0.0,UNALIGNED (creator snapshot window vs paid Apr-Aug closed months)
646b01e00000000013034628,"谁说小户型不能做岛台,先看看入户效果再说",2023-05-22 14:46,video,58.0,CREATOR_PERFORMANCE_PRESENT,261.0,0.0,0.0,0.0,0.0,1,2,2,PAID_ASSOCIATED_NO_METRIC_RECORD,0,,,,,,,UNALIGNED (creator snapshot window vs paid Apr-Aug closed months)
646b2d4a000000001300b272,小户型伸缩岩板岛台它来了,2023-05-22 17:52,video,22.0,CREATOR_PERFORMANCE_PRESENT,909.0,1.0,1.0,4.0,0.0,1,2,2,NOTE_PAID_METRIC_PRESENT,1,M2026-04,M2026-04,0.0,2.0,0.0,0.0,UNALIGNED (creator snapshot window vs paid Apr-Aug closed months)
646c23ce0000000007038b2f,我劝你不要再买传统餐桌,2023-05-23 14:06,video,22.0,CREATOR_PERFORMANCE_PRESENT,318.0,2.0,0.0,0.0,0.0,1,2,2,NOTE_PAID_METRIC_PRESENT,1,M2026-04,M2026-04,0.0,1.0,0.0,0.0,UNALIGNED (creator snapshot window vs paid Apr-Aug closed months)
646c2d91000000002702afba,入户安装案例 客户大平方豪宅伸缩岛台餐桌,2023-05-23 11:05,video,58.0,CREATOR_PERFORMANCE_PRESENT,529.0,2.0,2.0,7.0,0.0,1,2,2,NOTE_PAID_METRIC_PRESENT,1,M2026-05,M2026-05,0.0,1.0,0.0,0.0,UNALIGNED (creator snapshot window vs paid Apr-Aug closed months)
646c6004000000001203dd1b,意式极简风岛台来啦!喜欢简极风装修看过来,2023-05-23 17:00,video,39.0,CREATOR_PERFORMANCE_PRESENT,384.0,1.0,0.0,1.0,0.0,1,2,2,PAID_ASSOCIATED_NO_METRIC_RECORD,0,,,,,,,UNALIGNED (creator snapshot window vs paid Apr-Aug closed months)
646c60f000000000130174c4,伸缩岛台超高颜值 该把家中的餐桌换了,2023-05-24 17:00,video,23.0,CREATOR_PERFORMANCE_PRESENT,283.0,0.0,1.0,0.0,0.0,1,2,2,PAID_ASSOCIATED_NO_METRIC_RECORD,0,,,,,,,UNALIGNED (creator snapshot window vs paid Apr-Aug closed months)
646c643a000000000800f227,意式极简岛台餐桌一体 收纳强,2023-05-24 11:00,video,39.0,CREATOR_PERFORMANCE_PRESENT,228.0,1.0,1.0,0.0,0.0,1,2,2,PAID_ASSOCIATED_NO_METRIC_RECORD,0,,,,,,,UNALIGNED (creator snapshot window vs paid Apr-Aug closed months)
646dae200000000013032917,到工厂来才知道更便宜佛山源头实力岛台工厂,2023-05-24 14:26,video,24.0,CREATOR_PERFORMANCE_PRESENT,302.0,1.0,1.0,0.0,0.0,1,2,2,NOTE_PAID_METRIC_PRESENT,5,M2026-04,M2026-08,2.17,34.0,3.0,0.0,UNALIGNED (creator snapshot window vs paid Apr-Aug closed months)
646eb44c00000000140258c6,强烈建议收藏!设计师都在找的岛台餐桌,2023-05-25 10:57,video,27.0,CREATOR_PERFORMANCE_PRESENT,257.0,1.0,0.0,0.0,0.0,1,2,2,NOTE_PAID_METRIC_PRESENT,1,M2026-04,M2026-04,0.0,1.0,0.0,0.0,UNALIGNED (creator snapshot window vs paid Apr-Aug closed months)
646edd61000000002702a458,灵感创作 你们都在想做餐岛一体吗 小户型也可以做岛台,2023-05-25 14:12,video,26.0,CREATOR_PERFORMANCE_PRESENT,322.0,1.0,1.0,0.0,0.0,1,2,2,PAID_ASSOCIATED_NO_METRIC_RECORD,0,,,,,,,UNALIGNED (creator snapshot window vs paid Apr-Aug closed months)
646f225a000000000800cbe0,谁还用传统餐桌 我们打工人也能拿下,2023-05-25 16:54,video,24.0,CREATOR_PERFORMANCE_PRESENT,261.0,0.0,0.0,0.0,0.0,1,2,2,PAID_ASSOCIATED_NO_METRIC_RECORD,0,,,,,,,UNALIGNED (creator snapshot window vs paid Apr-Aug closed months)
64704ff40000000012031bca,"岛台的封神之作,再见了,传统餐桌,一套发",2023-05-26 14:21,video,9.0,CREATOR_PERFORMANCE_PRESENT,343.0,1.0,0.0,0.0,0.0,1,2,2,NOTE_PAID_METRIC_PRESENT,1,M2026-07,M2026-07,0.01,1.0,1.0,0.0,UNALIGNED (creator snapshot window vs paid Apr-Aug closed months)
6470abf2000000000800c4a1,谁说小户型不适合做岛台?餐岛一体真香👋,2023-05-26 20:54,video,12.0,CREATOR_PERFORMANCE_PRESENT,371.0,0.0,0.0,0.0,0.0,1,2,2,NOTE_PAID_METRIC_PRESENT,3,M2026-05,M2026-08,0.0,12.0,0.0,0.0,UNALIGNED (creator snapshot window vs paid Apr-Aug closed months)
6471b8940000000012031833,适合2023年流行厨房岛台 你一定要拥有,2023-05-27 16:00,video,13.0,CREATOR_PERFORMANCE_PRESENT,280.0,0.0,1.0,0.0,0.0,1,2,2,NOTE_PAID_METRIC_PRESENT,2,M2026-05,M2026-07,0.0,2.0,0.0,0.0,UNALIGNED (creator snapshot window vs paid Apr-Aug closed months)
6472c4870000000013013e9c,告别传统餐桌 多功能小户型厨房岛台,2023-05-28 11:03,video,9.0,CREATOR_PERFORMANCE_PRESENT,191.0,1.0,0.0,0.0,0.0,1,2,2,NOTE_PAID_METRIC_PRESENT,2,M2026-05,M2026-07,0.0,2.0,0.0,0.0,UNALIGNED (creator snapshot window vs paid Apr-Aug closed months)
6472f7da0000000013007e49,多功能餐桌岛台一体 你选对了吗,2023-05-28 14:42,video,24.0,CREATOR_PERFORMANCE_PRESENT,184.0,0.0,0.0,0.0,0.0,1,2,2,PAID_ASSOCIATED_NO_METRIC_RECORD,0,,,,,,,UNALIGNED (creator snapshot window vs paid Apr-Aug closed months)
6473089100000000270016c2,这样的L型小户型岛台餐桌 你肯定没见过,2023-05-28 17:00,video,29.0,CREATOR_PERFORMANCE_PRESENT,490.0,2.0,3.0,0.0,0.0,1,2,2,NOTE_PAID_METRIC_PRESENT,2,M2026-05,M2026-07,1.02,2.0,1.0,0.0,UNALIGNED (creator snapshot window vs paid Apr-Aug closed months)
64731fd70000000027000393,"🔥2023年最流行的岛台风格,拒绝翻车❌",2023-05-28 17:33,normal,,CREATOR_PERFORMANCE_PRESENT,6980.0,32.0,28.0,0.0,8.0,1,2,2,NOTE_PAID_METRIC_PRESENT,3,M2026-04,M2026-08,0.0,8.0,0.0,0.0,UNALIGNED (creator snapshot window vs paid Apr-Aug closed months)
6474136a0000000013037c38,黑白的高级好用岛台 空间使用率轻松拉满,2023-05-29 14:14,video,12.0,CREATOR_PERFORMANCE_PRESENT,256.0,2.0,2.0,0.0,0.0,1,2,2,PAID_ASSOCIATED_NO_METRIC_RECORD,0,,,,,,,UNALIGNED (creator snapshot window vs paid Apr-Aug closed months)
647413ba0000000013000676,黑白L型岛台餐桌 实用配置多 外观独特高大,2023-05-29 10:53,video,17.0,CREATOR_PERFORMANCE_PRESENT,302.0,1.0,0.0,0.0,0.0,1,2,2,NOTE_PAID_METRIC_PRESENT,3,M2026-04,M2026-07,0.01,3.0,1.0,0.0,UNALIGNED (creator snapshot window vs paid Apr-Aug closed months)
647471f60000000007039624,岛台能装烤箱?老铁们看过这集视频告诉,2023-05-29 17:35,video,26.0,CREATOR_PERFORMANCE_PRESENT,392.0,0.0,0.0,0.0,0.0,0,0,0,NO_PAID_ASSOCIATION_OBSERVED,0,,,,,,,UNALIGNED (creator snapshot window vs paid Apr-Aug closed months)
647494010000000013005a51,✍️抄作业啦!网友催爆的🔥神仙岛台,2023-05-30 11:00,video,37.0,CREATOR_PERFORMANCE_PRESENT,410.0,2.0,1.0,0.0,0.0,1,2,2,PAID_ASSOCIATED_NO_METRIC_RECORD,0,,,,,,,UNALIGNED (creator snapshot window vs paid Apr-Aug closed months)
6474a0ad0000000013006038,❌啥是岛台?都2023年你还不知道!?️,2023-05-30 18:00,video,14.0,CREATOR_PERFORMANCE_PRESENT,321.0,0.0,1.0,0.0,0.0,1,2,2,PAID_ASSOCIATED_NO_METRIC_RECORD,0,,,,,,,UNALIGNED (creator snapshot window vs paid Apr-Aug closed months)
6474a2810000000013016307,岛台怎么做不后悔❌看家里的布局怎么样!?️,2023-05-30 18:00,video,99.0,CREATOR_PERFORMANCE_PRESENT,448.0,3.0,1.0,0.0,0.0,1,2,2,NOTE_PAID_METRIC_PRESENT,1,M2026-06,M2026-06,0.0,7.0,0.0,0.0,UNALIGNED (creator snapshot window vs paid Apr-Aug closed months)
6476c3a9000000001301098f,经典黑白配🐼可伸缩悬浮感岛台🔥,2023-05-31 11:48,video,31.0,CREATOR_PERFORMANCE_PRESENT,407.0,0.0,0.0,0.0,0.0,1,2,2,NOTE_PAID_METRIC_PRESENT,2,M2026-05,M2026-07,0.0,2.0,0.0,0.0,UNALIGNED (creator snapshot window vs paid Apr-Aug closed months)
6476eb2e00000000140248f3,这款木纹有戳你吗?,2023-05-31 14:37,video,10.0,CREATOR_PERFORMANCE_PRESENT,372.0,0.0,1.0,0.0,0.0,1,2,2,PAID_ASSOCIATED_NO_METRIC_RECORD,0,,,,,,,UNALIGNED (creator snapshot window vs paid Apr-Aug closed months)
64772a340000000013005fbf,一岛两用👋今天让你实现用餐办公自由✍️,2023-05-31 19:06,video,22.0,CREATOR_PERFORMANCE_PRESENT,426.0,2.0,0.0,0.0,0.0,1,2,2,NOTE_PAID_METRIC_PRESENT,3,M2026-05,M2026-07,0.0,3.0,0.0,0.0,UNALIGNED (creator snapshot window vs paid Apr-Aug closed months)
6477fd8a0000000013032770,岛台这些事不要做❌避坑正确打开方式秘️,2023-06-01 11:08,video,17.0,CREATOR_PERFORMANCE_PRESENT,466.0,3.0,1.0,0.0,0.0,1,2,2,NOTE_PAID_METRIC_PRESENT,1,M2026-04,M2026-04,0.0,1.0,0.0,0.0,UNALIGNED (creator snapshot window vs paid Apr-Aug closed months)
647842c20000000013009c81,高级潘多拉中岛台!?️2023流行一套也发⚡️,2023-06-01 15:03,video,11.0,CREATOR_PERFORMANCE_PRESENT,394.0,3.0,2.0,0.0,0.0,1,1,1,PAID_ASSOCIATED_NO_METRIC_RECORD,0,,,,,,,UNALIGNED (creator snapshot window vs paid Apr-Aug closed months)
647863c8000000001203c36d,验收客户🔥网红款黑白岛台👍真的超奈斯,2023-06-02 11:00,video,28.0,CREATOR_PERFORMANCE_PRESENT,406.0,1.0,2.0,0.0,0.0,1,2,2,NOTE_PAID_METRIC_PRESENT,1,M2026-07,M2026-07,0.0,1.0,0.0,0.0,UNALIGNED (creator snapshot window vs paid Apr-Aug closed months)
647864ca000000001300c109,我把1.2w💰的岛台砸了!🔨,2023-06-01 17:28,video,92.0,CREATOR_PERFORMANCE_PRESENT,366.0,1.0,1.0,0.0,0.0,1,2,2,NOTE_PAID_METRIC_PRESENT,2,M2026-04,M2026-06,0.01,4.0,1.0,0.0,UNALIGNED (creator snapshot window vs paid Apr-Aug closed months)
64794699000000001300cabf,"客户抄作业款今日验收✍️,岛台收纳王炸�",2023-06-02 14:31,video,28.0,CREATOR_PERFORMANCE_PRESENT,313.0,1.0,1.0,0.0,0.0,1,2,2,NOTE_PAID_METRIC_PRESENT,1,M2026-08,M2026-08,0.0,1.0,0.0,0.0,UNALIGNED (creator snapshot window vs paid Apr-Aug closed months)
6479bd350000000013011ea2,容易忽略避坑干货💥最后有附上尺寸图📐,2023-06-02 17:58,video,49.0,CREATOR_PERFORMANCE_PRESENT,422.0,4.0,4.0,0.0,1.0,1,2,2,NOTE_PAID_METRIC_PRESENT,1,M2026-04,M2026-04,0.0,1.0,0.0,0.0,UNALIGNED (creator snapshot window vs paid Apr-Aug closed months)
647aaa87000000001300d1ea,轻奢巨无霸岛台💥更彰显高端大气☄️,2023-06-03 14:43,video,31.0,CREATOR_PERFORMANCE_PRESENT,324.0,1.0,2.0,0.0,0.0,1,2,2,PAID_ASSOCIATED_NO_METRIC_RECORD,0,,,,,,,UNALIGNED (creator snapshot window vs paid Apr-Aug closed months)
647aac950000000013000112,超乎你想象的伸缩距离来了📐,2023-06-03 10:59,video,32.0,CREATOR_PERFORMANCE_PRESENT,463.0,1.0,3.0,0.0,0.0,1,2,2,NOTE_PAID_METRIC_PRESENT,1,M2026-07,M2026-07,0.0,2.0,0.0,0.0,UNALIGNED (creator snapshot window vs paid Apr-Aug closed months)
647b076b000000002701111b,好看超浪漫💗岛台搭配木格栅奶油风满满,2023-06-03 17:27,video,31.0,CREATOR_PERFORMANCE_PRESENT,485.0,2.0,2.0,0.0,0.0,1,2,2,PAID_ASSOCIATED_NO_METRIC_RECORD,0,,,,,,,UNALIGNED (creator snapshot window vs paid Apr-Aug closed months)
647c071e0000000013006e7a,为啥要买餐桌做吧岛餐桌一体更实用💪🏻,2023-06-04 11:38,video,13.0,CREATOR_PERFORMANCE_PRESENT,403.0,2.0,1.0,0.0,0.0,1,1,1,PAID_ASSOCIATED_NO_METRIC_RECORD,0,,,,,,,UNALIGNED (creator snapshot window vs paid Apr-Aug closed months)
647c33bc0000000013012e42,5大款小户型mini岛台餐桌 抄家底合集,2023-06-04 17:00,video,21.0,CREATOR_PERFORMANCE_PRESENT,592.0,2.0,4.0,0.0,0.0,1,2,2,NOTE_PAID_METRIC_PRESENT,3,M2026-04,M2026-07,0.0,4.0,0.0,0.0,UNALIGNED (creator snapshot window vs paid Apr-Aug closed months)
647c5ce20000000013002f7f,我把1.2万💰的岛台砸了!🔨,2023-06-04 23:50,video,93.0,CREATOR_PERFORMANCE_PRESENT,488.0,3.0,1.0,0.0,0.0,1,2,2,NOTE_PAID_METRIC_PRESENT,2,M2026-04,M2026-05,0.02,7.0,1.0,0.0,UNALIGNED (creator snapshot window vs paid Apr-Aug closed months)
647d3198000000000703ba86,炫酷的氛围灯💡让家里档次瞬间提升👑,2023-06-05 11:00,video,18.0,CREATOR_PERFORMANCE_PRESENT,352.0,2.0,1.0,0.0,0.0,0,0,0,NO_PAID_ASSOCIATION_OBSERVED,0,,,,,,,UNALIGNED (creator snapshot window vs paid Apr-Aug closed months)
647d9b1e0000000013032649,🙏麻烦推给大家 小户型🏡厨房吧岛餐桌,2023-06-05 16:21,video,21.0,CREATOR_PERFORMANCE_PRESENT,464.0,1.0,1.0,0.0,0.0,0,0,0,NO_PAID_ASSOCIATION_OBSERVED,0,,,,,,,UNALIGNED (creator snapshot window vs paid Apr-Aug closed months)
647dc19b0000000027001ab4,"劝你❗别买餐桌,做伸缩岛台餐桌一体吧🙋",2023-06-06 19:50,video,103.0,CREATOR_PERFORMANCE_PRESENT,684.0,1.0,3.0,0.0,2.0,1,2,2,NOTE_PAID_METRIC_PRESENT,2,M2026-04,M2026-05,0.0,4.0,0.0,0.0,UNALIGNED (creator snapshot window vs paid Apr-Aug closed months)
647dc3bf000000000800e63e,岛台封神之作👑适合小户型的伸缩岛台餐桌,2023-06-05 20:12,video,12.0,CREATOR_PERFORMANCE_PRESENT,427.0,0.0,0.0,3.0,0.0,1,1,1,PAID_ASSOCIATED_NO_METRIC_RECORD,0,,,,,,,UNALIGNED (creator snapshot window vs paid Apr-Aug closed months)
647dc69e000000000800fab8,💪🏻轻奢巨无霸岛台餐桌 高级感中岛台,2023-06-06 14:16,video,12.0,CREATOR_PERFORMANCE_PRESENT,468.0,2.0,1.0,2.0,0.0,1,1,1,PAID_ASSOCIATED_NO_METRIC_RECORD,0,,,,,,,UNALIGNED (creator snapshot window vs paid Apr-Aug closed months)
647ea1fe000000001303fb9a,全面功能的岛台一定能帮到你,2023-06-06 11:03,video,69.0,CREATOR_PERFORMANCE_PRESENT,320.0,2.0,0.0,0.0,0.0,1,2,2,NOTE_PAID_METRIC_PRESENT,1,M2026-05,M2026-05,0.0,3.0,0.0,0.0,UNALIGNED (creator snapshot window vs paid Apr-Aug closed months)
647ff2b30000000007039bef,圆弧岛台神兽家里必看都是安全感,2023-06-07 11:00,video,55.0,CREATOR_PERFORMANCE_PRESENT,429.0,2.0,4.0,0.0,1.0,1,2,2,NOTE_PAID_METRIC_PRESENT,3,M2026-05,M2026-08,0.0,3.0,0.0,0.0,UNALIGNED (creator snapshot window vs paid Apr-Aug closed months)
64801e3b000000001300fc04,圆弧也有氛围感气质瞬间就上来了,2023-06-07 14:05,video,18.0,CREATOR_PERFORMANCE_PRESENT,326.0,1.0,1.0,0.0,0.0,1,2,2,NOTE_PAID_METRIC_PRESENT,4,M2026-04,M2026-08,0.0,4.0,0.0,0.0,UNALIGNED (creator snapshot window vs paid Apr-Aug closed months)
648048b50000000027002115,三款圆弧风岛台家里有神兽一定要看,2023-06-07 17:07,video,48.0,CREATOR_PERFORMANCE_PRESENT,446.0,2.0,0.0,0.0,1.0,1,2,2,PAID_ASSOCIATED_NO_METRIC_RECORD,0,,,,,,,UNALIGNED (creator snapshot window vs paid Apr-Aug closed months)
6481313a0000000027000984,小户型王者大布局🏡集餐桌收纳为一体📦,2023-06-08 11:00,video,32.0,CREATOR_PERFORMANCE_PRESENT,451.0,1.0,3.0,2.0,0.0,1,2,2,NOTE_PAID_METRIC_PRESENT,3,M2026-04,M2026-06,0.0,7.0,0.0,0.0,UNALIGNED (creator snapshot window vs paid Apr-Aug closed months)
64816203000000000703a74b,中岛台7种福利做法合集(附详细尺寸)📐,2023-06-08 17:00,video,12.0,CREATOR_PERFORMANCE_PRESENT,518.0,4.0,4.0,0.0,0.0,1,2,2,NOTE_PAID_METRIC_PRESENT,3,M2026-04,M2026-07,0.89,4.0,1.0,0.0,UNALIGNED (creator snapshot window vs paid Apr-Aug closed months)
6481ba3c0000000013014358,这款开放式橱柜💗岛台肯定没见过💥,2023-06-08 23:00,video,31.0,CREATOR_PERFORMANCE_PRESENT,426.0,0.0,0.0,0.0,0.0,1,2,2,PAID_ASSOCIATED_NO_METRIC_RECORD,0,,,,,,,UNALIGNED (creator snapshot window vs paid Apr-Aug closed months)
648288300000000013016b94,浪漫也是在岛台里体现的👩‍❤️‍👨,2023-06-09 11:05,video,14.0,CREATOR_PERFORMANCE_PRESENT,440.0,0.0,0.0,0.0,1.0,1,2,2,NOTE_PAID_METRIC_PRESENT,1,M2026-04,M2026-04,0.0,1.0,0.0,0.0,UNALIGNED (creator snapshot window vs paid Apr-Aug closed months)
6482d85000000000130311fd,吃饭喝茶俩不误 颜值既高又好用💪🏻,2023-06-09 15:44,video,28.0,CREATOR_PERFORMANCE_PRESENT,415.0,0.0,0.0,0.0,0.0,1,2,2,NOTE_PAID_METRIC_PRESENT,2,M2026-04,M2026-06,0.0,6.0,0.0,0.0,UNALIGNED (creator snapshot window vs paid Apr-Aug closed months)
6482f70200000000130022d6,27秒这岛台有多棒 冲!冲!冲!💥,2023-06-09 17:55,video,27.0,CREATOR_PERFORMANCE_PRESENT,455.0,0.0,2.0,0.0,1.0,1,2,2,PAID_ASSOCIATED_NO_METRIC_RECORD,0,,,,,,,UNALIGNED (creator snapshot window vs paid Apr-Aug closed months)
6483ef180000000013010ffc,能趟平的岛台💥小餐厅也能做🛋,2023-06-10 11:33,video,12.0,CREATOR_PERFORMANCE_PRESENT,321.0,0.0,0.0,0.0,0.0,1,1,1,PAID_ASSOCIATED_NO_METRIC_RECORD,0,,,,,,,UNALIGNED (creator snapshot window vs paid Apr-Aug closed months)
648461520000000014025e1d,小户型不配做伸缩岛台🏡看完颠覆你的认知,2023-06-10 19:41,video,47.0,CREATOR_PERFORMANCE_PRESENT,347.0,0.0,1.0,0.0,0.0,1,2,2,PAID_ASSOCIATED_NO_METRIC_RECORD,0,,,,,,,UNALIGNED (creator snapshot window vs paid Apr-Aug closed months)
648464b10000000007038c83,💥全网问爆的小户型岛台收缩更显大空间,2023-06-11 19:40,video,47.0,CREATOR_PERFORMANCE_PRESENT,480.0,0.0,3.0,0.0,0.0,1,2,2,PAID_ASSOCIATED_NO_METRIC_RECORD,0,,,,,,,UNALIGNED (creator snapshot window vs paid Apr-Aug closed months)
648465760000000013004c55,打破小户型不能做岛台 魔咒别再买传统餐桌,2023-06-11 11:00,video,12.0,CREATOR_PERFORMANCE_PRESENT,398.0,0.0,0.0,0.0,0.0,1,2,2,PAID_ASSOCIATED_NO_METRIC_RECORD,0,,,,,,,UNALIGNED (creator snapshot window vs paid Apr-Aug closed months)
64869b230000000012030e01,灵感创作 设计分享 岛台 餐厅装修 岛台餐桌一体 岩,2023-06-12 12:12,video,35.0,CREATOR_PERFORMANCE_PRESENT,515.0,0.0,2.0,0.0,0.0,0,0,0,NO_PAID_ASSOCIATION_OBSERVED,0,,,,,,,UNALIGNED (creator snapshot window vs paid Apr-Aug closed months)
6486b3ef0000000013015d36,颠覆传统餐厨🔨打破小户型不能拥有岛台,2023-06-12 17:00,video,24.0,CREATOR_PERFORMANCE_PRESENT,15968.0,257.0,499.0,131.0,74.0,1,2,2,NOTE_PAID_METRIC_PRESENT,5,M2026-04,M2026-08,0.0,24.0,0.0,0.0,UNALIGNED (creator snapshot window vs paid Apr-Aug closed months)
64881145000000001203c0ce,100%适合小户型🏡蕞强专业收纳岛台,2023-06-13 14:48,video,14.0,CREATOR_PERFORMANCE_PRESENT,442.0,0.0,0.0,0.0,0.0,1,1,1,PAID_ASSOCIATED_NO_METRIC_RECORD,0,,,,,,,UNALIGNED (creator snapshot window vs paid Apr-Aug closed months)
648853080000000027028b3b,8大款当今蕞流行岛台🔥85m2小户型也能装,2023-06-13 19:29,video,31.0,CREATOR_PERFORMANCE_PRESENT,576.0,1.0,1.0,0.0,1.0,1,2,2,NOTE_PAID_METRIC_PRESENT,1,M2026-05,M2026-05,0.0,1.0,0.0,0.0,UNALIGNED (creator snapshot window vs paid Apr-Aug closed months)
648857df00000000130352c4,全网蕞干💥一个视频成为I小户型岛台专家,2023-06-14 17:00,video,204.0,CREATOR_PERFORMANCE_PRESENT,496.0,1.0,2.0,0.0,1.0,1,2,2,PAID_ASSOCIATED_NO_METRIC_RECORD,0,,,,,,,UNALIGNED (creator snapshot window vs paid Apr-Aug closed months)
64885b9c0000000011013a45,颠覆传统橱柜🔥藏柜里隐形餐桌岛台,2023-06-14 11:00,video,24.0,CREATOR_PERFORMANCE_PRESENT,625.0,1.0,1.0,0.0,1.0,1,2,2,NOTE_PAID_METRIC_PRESENT,4,M2026-04,M2026-07,0.21,26.0,3.0,0.0,UNALIGNED (creator snapshot window vs paid Apr-Aug closed months)
648a8a53000000000703aebc,"小户型65平🤌餐厨怎么拥有中西厨,岛台",2023-06-15 11:49,video,35.0,CREATOR_PERFORMANCE_PRESENT,483.0,0.0,0.0,2.0,0.0,1,2,2,NOTE_PAID_METRIC_PRESENT,3,M2026-04,M2026-06,0.01,4.0,1.0,0.0,UNALIGNED (creator snapshot window vs paid Apr-Aug closed months)
648ab4b30000000013006987,颠覆传统餐厨⚖️65m2怎么拥有中西厨岛台,2023-06-15 17:00,video,19.0,CREATOR_PERFORMANCE_PRESENT,745.0,3.0,3.0,6.0,3.0,1,2,2,NOTE_PAID_METRIC_PRESENT,3,M2026-05,M2026-07,4.45,12.0,3.0,0.0,UNALIGNED (creator snapshot window vs paid Apr-Aug closed months)
648af25f00000000130357d2,🔑小户型不能错过的🔥中岛台设计指南,2023-06-16 11:00,video,204.0,CREATOR_PERFORMANCE_PRESENT,626.0,2.0,3.0,0.0,1.0,1,2,2,NOTE_PAID_METRIC_PRESENT,3,M2026-04,M2026-06,0.0,3.0,0.0,0.0,UNALIGNED (creator snapshot window vs paid Apr-Aug closed months)
648c2aa300000000130337d6,旋转餐厨岛台💡也能变小孩游乐场🎑,2023-06-16 17:25,video,27.0,CREATOR_PERFORMANCE_PRESENT,828.0,3.0,7.0,0.0,0.0,1,2,2,NOTE_PAID_METRIC_PRESENT,5,M2026-04,M2026-08,5.48,16.0,3.0,0.0,UNALIGNED (creator snapshot window vs paid Apr-Aug closed months)
648d295b0000000011011b78,打破餐厨🔨做小户型中岛台餐桌,2023-06-17 11:32,video,17.0,CREATOR_PERFORMANCE_PRESENT,470.0,2.0,0.0,0.0,0.0,1,1,1,PAID_ASSOCIATED_NO_METRIC_RECORD,0,,,,,,,UNALIGNED (creator snapshot window vs paid Apr-Aug closed months)
648d5661000000000703a3ba,169平案例实景🏡圆弧岛台落地是什么样子,2023-06-17 14:44,video,31.0,CREATOR_PERFORMANCE_PRESENT,455.0,1.0,0.0,0.0,1.0,1,2,2,NOTE_PAID_METRIC_PRESENT,1,M2026-06,M2026-06,0.0,2.0,0.0,0.0,UNALIGNED (creator snapshot window vs paid Apr-Aug closed months)
648d82060000000014027398,你没见过的🔥潘多拉160平配小户型岛台,2023-06-17 17:51,video,41.0,CREATOR_PERFORMANCE_PRESENT,529.0,2.0,1.0,2.0,0.0,1,2,2,NOTE_PAID_METRIC_PRESENT,2,M2026-04,M2026-05,0.0,2.0,0.0,0.0,UNALIGNED (creator snapshot window vs paid Apr-Aug closed months)
648e7dab00000000130367d6,抄作业的来啦🔥!王炸小户型附详细图纸,2023-06-18 11:44,video,31.0,CREATOR_PERFORMANCE_PRESENT,586.0,3.0,2.0,0.0,0.0,1,2,2,NOTE_PAID_METRIC_PRESENT,3,M2026-04,M2026-08,0.0,5.0,0.0,0.0,UNALIGNED (creator snapshot window vs paid Apr-Aug closed months)
648ea4060000000014026370,颠覆传统餐厨🔨打破小户型不能拥有岛台,2023-06-18 14:28,video,24.0,CREATOR_PERFORMANCE_PRESENT,1129.0,11.0,13.0,3.0,1.0,1,2,2,PAID_ASSOCIATED_NO_METRIC_RECORD,0,,,,,,,UNALIGNED (creator snapshot window vs paid Apr-Aug closed months)
648ed434000000000800f094,5大款小户型mini岛台餐桌 抄家底合集⚖️,2023-06-18 17:53,video,12.0,CREATOR_PERFORMANCE_PRESENT,545.0,1.0,0.0,0.0,0.0,1,2,2,NOTE_PAID_METRIC_PRESENT,1,M2026-04,M2026-04,0.0,1.0,0.0,0.0,UNALIGNED (creator snapshot window vs paid Apr-Aug closed months)
648fcad2000000000800dd90,选这8款伸缩岛台🔥让你不再翻车,2023-06-19 11:26,video,22.0,CREATOR_PERFORMANCE_PRESENT,470.0,0.0,1.0,0.0,0.0,1,1,1,PAID_ASSOCIATED_NO_METRIC_RECORD,0,,,,,,,UNALIGNED (creator snapshot window vs paid Apr-Aug closed months)
648ff37e000000000800dd11,餐厅装修多功能中岛台+餐桌一体✅,2023-06-19 14:19,video,24.0,CREATOR_PERFORMANCE_PRESENT,507.0,3.0,3.0,0.0,0.0,1,2,2,PAID_ASSOCIATED_NO_METRIC_RECORD,0,,,,,,,UNALIGNED (creator snapshot window vs paid Apr-Aug closed months)
64903f2c0000000013011439,网友问I小户型为啥做岛台餐桌一体📦,2023-06-19 19:42,video,103.0,CREATOR_PERFORMANCE_PRESENT,393.0,1.0,1.0,0.0,0.0,1,2,2,NOTE_PAID_METRIC_PRESENT,2,M2026-04,M2026-06,0.0,2.0,0.0,0.0,UNALIGNED (creator snapshot window vs paid Apr-Aug closed months)
6491105000000000130365b1,被催了800遍的中岛台 九做九不做2.0来了!,2023-06-20 17:00,video,76.0,CREATOR_PERFORMANCE_PRESENT,50074.0,393.0,602.0,77.0,129.0,1,2,2,NOTE_PAID_METRIC_PRESENT,5,M2026-04,M2026-08,0.09,24.0,4.0,0.0,UNALIGNED (creator snapshot window vs paid Apr-Aug closed months)
6491151a0000000013037a7a,2023不要再做餐桌❗️餐厅做岛台宽敞又实用,2023-06-20 14:22,video,22.0,CREATOR_PERFORMANCE_PRESENT,522.0,3.0,2.0,3.0,0.0,1,2,2,NOTE_PAID_METRIC_PRESENT,5,M2026-04,M2026-08,0.31,10.0,1.0,0.0,UNALIGNED (creator snapshot window vs paid Apr-Aug closed months)
64911e890000000027029e52,岛台入户案例|谢先生岛台高颜值又实用👑,2023-06-20 11:35,video,60.0,CREATOR_PERFORMANCE_PRESENT,374.0,1.0,0.0,0.0,2.0,1,2,2,NOTE_PAID_METRIC_PRESENT,2,M2026-06,M2026-07,0.0,2.0,0.0,0.0,UNALIGNED (creator snapshot window vs paid Apr-Aug closed months)
649125430000000013033411,75平微水泥岛台太赞了👍奶油风开放式厨房,2023-06-21 11:00,video,77.0,CREATOR_PERFORMANCE_PRESENT,566.0,2.0,1.0,2.0,1.0,1,2,2,NOTE_PAID_METRIC_PRESENT,1,M2026-05,M2026-05,0.31,2.0,1.0,0.0,UNALIGNED (creator snapshot window vs paid Apr-Aug closed months)
649149bf0000000014027599,实木板会翻车❌但是岩板木纹你听说过会吗?,2023-06-22 17:00,video,44.0,CREATOR_PERFORMANCE_PRESENT,652.0,1.0,2.0,6.0,0.0,1,2,2,NOTE_PAID_METRIC_PRESENT,5,M2026-04,M2026-08,0.7,48.0,3.0,0.0,UNALIGNED (creator snapshot window vs paid Apr-Aug closed months)
6491849a000000001303dd01,别墅开放式厨中岛台💡这样设计很好看👍,2023-06-21 17:00,video,59.0,CREATOR_PERFORMANCE_PRESENT,456.0,0.0,2.0,0.0,0.0,1,2,2,NOTE_PAID_METRIC_PRESENT,1,M2026-04,M2026-04,0.0,2.0,0.0,0.0,UNALIGNED (creator snapshot window vs paid Apr-Aug closed months)
64918ac00000000027028fd5,颠覆传统餐厨🔨打破小户型不能拥有岛台,2023-06-22 11:00,video,24.0,CREATOR_PERFORMANCE_PRESENT,408.0,1.0,0.0,0.0,0.0,1,2,2,PAID_ASSOCIATED_NO_METRIC_RECORD,0,,,,,,,UNALIGNED (creator snapshot window vs paid Apr-Aug closed months)
64918f0700000000140254d5,打破餐厨🔨做开放式厨房中岛台餐桌,2023-06-22 14:19,video,24.0,CREATOR_PERFORMANCE_PRESENT,348.0,0.0,0.0,0.0,0.0,1,2,2,NOTE_PAID_METRIC_PRESENT,1,M2026-05,M2026-05,0.0,1.0,0.0,0.0,UNALIGNED (creator snapshot window vs paid Apr-Aug closed months)
64951a9f0000000013015ca4,2023蕞潮流预测🔥微水泥纯白伸缩岛台,2023-06-23 12:07,video,24.0,CREATOR_PERFORMANCE_PRESENT,478.0,2.0,1.0,1.0,0.0,1,2,2,NOTE_PAID_METRIC_PRESENT,1,M2026-06,M2026-06,0.0,1.0,0.0,0.0,UNALIGNED (creator snapshot window vs paid Apr-Aug closed months)
64953de300000000130074d1,解锁6款伸缩岛台🔥让你不再翻车,2023-06-23 14:38,video,24.0,CREATOR_PERFORMANCE_PRESENT,646.0,2.0,0.0,5.0,0.0,1,2,2,PAID_ASSOCIATED_NO_METRIC_RECORD,0,,,,,,,UNALIGNED (creator snapshot window vs paid Apr-Aug closed months)
64958c42000000000800db8b,客餐厅装修|多功能中岛台+餐桌一体✅,2023-06-23 20:12,video,25.0,CREATOR_PERFORMANCE_PRESENT,453.0,0.0,1.0,0.0,0.0,1,2,2,PAID_ASSOCIATED_NO_METRIC_RECORD,0,,,,,,,UNALIGNED (creator snapshot window vs paid Apr-Aug closed months)
649683e90000000013014859,2023被问爆🔥中岛台餐桌 别买传统餐桌了,2023-06-24 13:49,video,24.0,CREATOR_PERFORMANCE_PRESENT,575.0,0.0,3.0,0.0,0.0,1,2,2,NOTE_PAID_METRIC_PRESENT,1,M2026-06,M2026-06,0.0,1.0,0.0,0.0,UNALIGNED (creator snapshot window vs paid Apr-Aug closed months)
6496b3180000000013010c1f,"中岛台避坑❗买前看好这8点,别再交智商税",2023-06-24 17:10,video,279.0,CREATOR_PERFORMANCE_PRESENT,1532.0,19.0,22.0,0.0,4.0,1,2,2,NOTE_PAID_METRIC_PRESENT,3,M2026-04,M2026-07,0.01,6.0,1.0,0.0,UNALIGNED (creator snapshot window vs paid Apr-Aug closed months)
6496cbf50000000013003691,装修小白必看❗提高餐厨档次的6款岛台餐桌,2023-06-24 18:56,video,24.0,CREATOR_PERFORMANCE_PRESENT,560.0,1.0,3.0,4.0,0.0,1,2,2,NOTE_PAID_METRIC_PRESENT,1,M2026-04,M2026-04,0.0,1.0,0.0,0.0,UNALIGNED (creator snapshot window vs paid Apr-Aug closed months)
6497998d0000000013007217,装餐厨想省钱❗️建议选择这款木纹岩板岛台,2023-06-25 11:00,video,24.0,CREATOR_PERFORMANCE_PRESENT,524.0,0.0,0.0,1.0,1.0,1,2,2,NOTE_PAID_METRIC_PRESENT,4,M2026-04,M2026-07,0.0,6.0,0.0,0.0,UNALIGNED (creator snapshot window vs paid Apr-Aug closed months)
6497a379000000001300806d,岛台定制❗最不易翻车、不重复的9个款式,2023-06-25 17:00,video,24.0,CREATOR_PERFORMANCE_PRESENT,602.0,2.0,0.0,0.0,0.0,1,2,2,NOTE_PAID_METRIC_PRESENT,2,M2026-06,M2026-07,0.0,9.0,0.0,0.0,UNALIGNED (creator snapshot window vs paid Apr-Aug closed months)
649823ba00000000110130b6,"救命❗️中岛台不想翻车,小白直接抄作业✅",2023-06-25 19:23,video,60.0,CREATOR_PERFORMANCE_PRESENT,716.0,1.0,5.0,8.0,6.0,1,2,2,NOTE_PAID_METRIC_PRESENT,2,M2026-04,M2026-06,0.0,4.0,0.0,0.0,UNALIGNED (creator snapshot window vs paid Apr-Aug closed months)
6498e5110000000011011c92,听我一句劝❗新房买岛台装修选择这3款,2023-06-26 11:00,video,25.0,CREATOR_PERFORMANCE_PRESENT,518.0,1.0,0.0,3.0,0.0,1,2,2,PAID_ASSOCIATED_NO_METRIC_RECORD,0,,,,,,,UNALIGNED (creator snapshot window vs paid Apr-Aug closed months)
6498ef2a00000000070390bc,"岛台选购❗最不易翻车,注意这样装的6个需求",2023-06-26 23:00,video,26.0,CREATOR_PERFORMANCE_PRESENT,739.0,3.0,4.0,2.0,0.0,1,2,2,NOTE_PAID_METRIC_PRESENT,1,M2026-04,M2026-04,0.0,1.0,0.0,0.0,UNALIGNED (creator snapshot window vs paid Apr-Aug closed months)
649953950000000013034155,被催了800遍的中岛台九做九不做2.0来了!,2023-06-26 17:00,video,76.0,CREATOR_PERFORMANCE_PRESENT,256425.0,4031.0,5336.0,341.0,1449.0,1,2,2,NOTE_PAID_METRIC_PRESENT,5,M2026-04,M2026-08,14.41,636.0,76.0,0.0,UNALIGNED (creator snapshot window vs paid Apr-Aug closed months)
649a3a030000000013034ef6,装了300多套岛台❗️总结出岩洞石避坑要点,2023-06-27 11:00,video,25.0,CREATOR_PERFORMANCE_PRESENT,3670.0,14.0,16.0,15.0,6.0,1,2,2,NOTE_PAID_METRIC_PRESENT,4,M2026-04,M2026-08,0.22,17.0,2.0,0.0,UNALIGNED (creator snapshot window vs paid Apr-Aug closed months)
649a3dec000000001300a176,厨房装修9款中岛台❗️第二次千万别装错了,2023-06-27 17:00,video,55.0,CREATOR_PERFORMANCE_PRESENT,67384.0,366.0,546.0,14.0,216.0,1,2,2,NOTE_PAID_METRIC_PRESENT,5,M2026-04,M2026-08,0.14,42.0,11.0,0.0,UNALIGNED (creator snapshot window vs paid Apr-Aug closed months)
649ac8060000000007039048,木纹岩板岛台餐桌❗看完再买不亏钱!,2023-06-27 23:00,video,25.0,CREATOR_PERFORMANCE_PRESENT,1328.0,2.0,0.0,3.0,1.0,1,2,2,NOTE_PAID_METRIC_PRESENT,4,M2026-04,M2026-07,0.0,5.0,0.0,0.0,UNALIGNED (creator snapshot window vs paid Apr-Aug closed months)
649b8a6f000000000800d9ef,装修想省钱❗️建议选择这款伸缩奶油白岛台,2023-06-28 11:00,video,25.0,CREATOR_PERFORMANCE_PRESENT,744.0,1.0,3.0,4.0,1.0,1,2,2,NOTE_PAID_METRIC_PRESENT,2,M2026-04,M2026-05,0.02,5.0,1.0,0.0,UNALIGNED (creator snapshot window vs paid Apr-Aug closed months)
649b9271000000001300a2ff,岛台最不易翻车的7款网红设计❗能省一半,2023-06-29 17:00,video,25.0,CREATOR_PERFORMANCE_PRESENT,430.0,0.0,1.0,0.0,0.0,1,2,2,PAID_ASSOCIATED_NO_METRIC_RECORD,0,,,,,,,UNALIGNED (creator snapshot window vs paid Apr-Aug closed months)
649bcc6b00000000140243eb,让开👊我给网红上一课ing✅ 照着买不踩坑,2023-06-28 17:00,video,91.0,CREATOR_PERFORMANCE_PRESENT,1637.0,14.0,15.0,7.0,7.0,1,2,2,NOTE_PAID_METRIC_PRESENT,1,M2026-08,M2026-08,0.0,1.0,0.0,0.0,UNALIGNED (creator snapshot window vs paid Apr-Aug closed months)
649c1e3e0000000027001667,"拯救小户型❗提升收纳空间设计,摆脱廉价感",2023-06-28 23:00,video,25.0,CREATOR_PERFORMANCE_PRESENT,936.0,1.0,4.0,0.0,0.0,1,2,2,NOTE_PAID_METRIC_PRESENT,1,M2026-05,M2026-05,0.0,1.0,0.0,0.0,UNALIGNED (creator snapshot window vs paid Apr-Aug closed months)
649ce53e0000000013017b04,厨房装修岛台餐桌❗看完再买不亏钱!,2023-06-29 11:00,video,24.0,CREATOR_PERFORMANCE_PRESENT,1154.0,1.0,3.0,0.0,0.0,1,1,1,PAID_ASSOCIATED_NO_METRIC_RECORD,0,,,,,,,UNALIGNED (creator snapshot window vs paid Apr-Aug closed months)
649d5385000000000800eb67,装修想省钱❗️这7个避坑需求建议提前准备,2023-06-29 23:00,video,25.0,CREATOR_PERFORMANCE_PRESENT,864.0,3.0,1.0,5.0,5.0,1,2,2,PAID_ASSOCIATED_NO_METRIC_RECORD,0,,,,,,,UNALIGNED (creator snapshot window vs paid Apr-Aug closed months)
649d57d20000000027013f7e,听我一句劝❗️岛台岩板选抗污耐造不踩坑,2023-06-30 11:00,video,24.0,CREATOR_PERFORMANCE_PRESENT,639.0,3.0,2.0,1.0,0.0,1,2,2,NOTE_PAID_METRIC_PRESENT,2,M2026-05,M2026-06,0.0,4.0,0.0,0.0,UNALIGNED (creator snapshot window vs paid Apr-Aug closed months)
649f7fda0000000013015e29,新房装修省钱❗️建议选择这款奶油岛台餐吧,2023-07-01 11:00,video,24.0,CREATOR_PERFORMANCE_PRESENT,656.0,0.0,0.0,0.0,0.0,1,2,2,PAID_ASSOCIATED_NO_METRIC_RECORD,0,,,,,,,UNALIGNED (creator snapshot window vs paid Apr-Aug closed months)
649fa261000000001300a019,装了200多套岛台❗️总结出怎么避坑不翻车,2023-07-01 17:00,video,60.0,CREATOR_PERFORMANCE_PRESENT,691.0,0.0,2.0,0.0,1.0,1,2,2,NOTE_PAID_METRIC_PRESENT,4,M2026-04,M2026-07,0.0,4.0,0.0,0.0,UNALIGNED (creator snapshot window vs paid Apr-Aug closed months)
649fedeb0000000027012ab9,厨房装修3款圆弧岛台❗️希望你们都避开,2023-07-01 23:00,video,24.0,CREATOR_PERFORMANCE_PRESENT,458.0,0.0,0.0,0.0,0.0,1,2,2,PAID_ASSOCIATED_NO_METRIC_RECORD,0,,,,,,,UNALIGNED (creator snapshot window vs paid Apr-Aug closed months)
64a14cc60000000013012577,装修岛台必备尺寸⚠️98%的家庭都做错❗️,2023-07-02 18:09,video,124.0,CREATOR_PERFORMANCE_PRESENT,485.0,4.0,2.0,0.0,2.0,1,2,2,NOTE_PAID_METRIC_PRESENT,1,M2026-06,M2026-06,0.0,1.0,0.0,0.0,UNALIGNED (creator snapshot window vs paid Apr-Aug closed months)
64a1505600000000130378aa,厨房装修中岛台❗️第二次千万别装错了,2023-07-02 23:00,video,24.0,CREATOR_PERFORMANCE_PRESENT,337.0,0.0,1.0,0.0,0.0,1,1,1,PAID_ASSOCIATED_NO_METRIC_RECORD,0,,,,,,,UNALIGNED (creator snapshot window vs paid Apr-Aug closed months)
64a22ad6000000000703ba8a,自己装修减一半❗️预算省钱岛台赶紧🐎住,2023-07-03 11:00,video,24.0,CREATOR_PERFORMANCE_PRESENT,323.0,0.0,0.0,0.0,0.0,1,2,2,PAID_ASSOCIATED_NO_METRIC_RECORD,0,,,,,,,UNALIGNED (creator snapshot window vs paid Apr-Aug closed months)
64a292fd00000000120124a3,岛台无主灯设计避坑❗6步提升灯光高级感,2023-07-03 17:21,video,174.0,CREATOR_PERFORMANCE_PRESENT,446.0,1.0,6.0,0.0,1.0,0,0,0,NO_PAID_ASSOCIATION_OBSERVED,0,,,,,,,UNALIGNED (creator snapshot window vs paid Apr-Aug closed months)
64a2acd7000000002f024ce4,装修案例分享设计❓家里千万别买贵的,2023-07-03 23:00,video,24.0,CREATOR_PERFORMANCE_PRESENT,366.0,0.0,0.0,0.0,0.0,1,2,2,NOTE_PAID_METRIC_PRESENT,1,M2026-06,M2026-06,0.0,1.0,0.0,0.0,UNALIGNED (creator snapshot window vs paid Apr-Aug closed months)
64a3763e000000001c01bb4b,小户型真的要做开放式厨房❗️千万别跟风买,2023-07-04 11:29,video,24.0,CREATOR_PERFORMANCE_PRESENT,345.0,0.0,1.0,0.0,1.0,1,2,2,PAID_ASSOCIATED_NO_METRIC_RECORD,0,,,,,,,UNALIGNED (creator snapshot window vs paid Apr-Aug closed months)
64a3efe4000000002301e25f,入户安装案例❗设计师装修自己家要怎么选,2023-07-04 18:09,video,30.0,CREATOR_PERFORMANCE_PRESENT,363.0,1.0,1.0,0.0,1.0,1,2,2,NOTE_PAID_METRIC_PRESENT,2,M2026-06,M2026-07,0.0,2.0,0.0,0.0,UNALIGNED (creator snapshot window vs paid Apr-Aug closed months)
64a403e4000000002301c87d,新房装修9款中岛台❗️第二次千万别选错了,2023-07-04 23:00,video,55.0,CREATOR_PERFORMANCE_PRESENT,421.0,1.0,1.0,0.0,1.0,1,2,2,NOTE_PAID_METRIC_PRESENT,4,M2026-04,M2026-08,0.01,16.0,1.0,0.0,UNALIGNED (creator snapshot window vs paid Apr-Aug closed months)
64a4dde3000000001e011bc8,装修想省钱❓选这款中岛台千万别买贵了,2023-07-05 12:04,video,24.0,CREATOR_PERFORMANCE_PRESENT,359.0,0.0,1.0,0.0,0.0,1,2,2,NOTE_PAID_METRIC_PRESENT,1,M2026-08,M2026-08,0.0,1.0,0.0,0.0,UNALIGNED (creator snapshot window vs paid Apr-Aug closed months)
64a541df000000001e0103e9,吐血抄家底8个岛台❗️看完再买不亏钱!,2023-07-05 23:00,video,24.0,CREATOR_PERFORMANCE_PRESENT,533.0,0.0,2.0,0.0,0.0,1,2,2,NOTE_PAID_METRIC_PRESENT,2,M2026-04,M2026-05,0.0,2.0,0.0,0.0,UNALIGNED (creator snapshot window vs paid Apr-Aug closed months)
64a54c03000000001201176c,中岛台 🔥 精装式餐厨正确的入户案例✅,2023-07-05 20:01,video,15.0,CREATOR_PERFORMANCE_PRESENT,438.0,0.0,1.0,0.0,0.0,1,2,2,NOTE_PAID_METRIC_PRESENT,2,M2026-07,M2026-08,0.0,2.0,0.0,0.0,UNALIGNED (creator snapshot window vs paid Apr-Aug closed months)
64a630450000000035008d81,听我一句劝❗️岛台岩板选抗污耐造不踩坑,2023-07-06 11:08,video,24.0,CREATOR_PERFORMANCE_PRESENT,419.0,0.0,0.0,0.0,1.0,1,1,1,PAID_ASSOCIATED_NO_METRIC_RECORD,0,,,,,,,UNALIGNED (creator snapshot window vs paid Apr-Aug closed months)
64a68278000000002f024cde,装修小户型开放式餐厨❗这8款岛台不踩坑,2023-07-06 16:59,video,29.0,CREATOR_PERFORMANCE_PRESENT,357.0,0.0,1.0,0.0,0.0,1,2,2,NOTE_PAID_METRIC_PRESENT,2,M2026-06,M2026-08,0.0,2.0,0.0,0.0,UNALIGNED (creator snapshot window vs paid Apr-Aug closed months)
64a8c32e0000000015033577,小户型餐厨装修岛台❗️你一定不会翻车🚗,2023-07-08 11:00,video,24.0,CREATOR_PERFORMANCE_PRESENT,496.0,0.0,1.0,1.0,1.0,0,0,0,NO_PAID_ASSOCIATION_OBSERVED,0,,,,,,,UNALIGNED (creator snapshot window vs paid Apr-Aug closed months)
64a9073c000000002301ce53,岛台无主灯设计避坑❗6步提升灯光高级感,2023-07-09 17:00,video,172.0,CREATOR_PERFORMANCE_PRESENT,1291.0,6.0,9.0,0.0,10.0,0,0,0,NO_PAID_ASSOCIATION_OBSERVED,0,,,,,,,UNALIGNED (creator snapshot window vs paid Apr-Aug closed months)
64a90af7000000001a013f19,颠覆传统餐厨🔨打破小户型不能拥有岛台,2023-07-09 00:00,video,24.0,CREATOR_PERFORMANCE_PRESENT,1076.0,9.0,9.0,0.0,7.0,1,2,2,NOTE_PAID_METRIC_PRESENT,5,M2026-04,M2026-08,0.84,24.0,1.0,0.0,UNALIGNED (creator snapshot window vs paid Apr-Aug closed months)
64a9411d000000001e01967e,装修小户型开放式餐厨❗这3款岛台不踩坑,2023-07-08 22:00,video,40.0,CREATOR_PERFORMANCE_PRESENT,459.0,0.0,0.0,0.0,0.0,1,1,1,PAID_ASSOCIATED_NO_METRIC_RECORD,0,,,,,,,UNALIGNED (creator snapshot window vs paid Apr-Aug closed months)
64a94586000000003100a9aa,中岛台G寓楼选购❗️不想踩坑直接抄作业✅,2023-07-09 11:00,video,60.0,CREATOR_PERFORMANCE_PRESENT,575.0,3.0,4.0,8.0,0.0,1,2,2,NOTE_PAID_METRIC_PRESENT,1,M2026-04,M2026-04,0.0,1.0,0.0,0.0,UNALIGNED (creator snapshot window vs paid Apr-Aug closed months)
64ab67200000000015033779,"不懂5个⚠️核心灯光元素,❗🚗难怪你翻车",2023-07-10 17:00,video,153.0,CREATOR_PERFORMANCE_PRESENT,6262.0,76.0,143.0,5.0,42.0,0,0,0,NO_PAID_ASSOCIATION_OBSERVED,0,,,,,,,UNALIGNED (creator snapshot window vs paid Apr-Aug closed months)
64ab6832000000003102de79,厨房装修3款圆弧岛台❗️希望你们都避开,2023-07-10 11:07,video,24.0,CREATOR_PERFORMANCE_PRESENT,669.0,4.0,2.0,0.0,1.0,1,1,1,PAID_ASSOCIATED_NO_METRIC_RECORD,0,,,,,,,UNALIGNED (creator snapshot window vs paid Apr-Aug closed months)
64abc35b000000001c00c94a,岛台怎么做才好?❗️1分钟治好选择困难症,2023-07-10 22:00,video,66.0,CREATOR_PERFORMANCE_PRESENT,2197.0,19.0,38.0,6.0,6.0,1,2,2,NOTE_PAID_METRIC_PRESENT,3,M2026-04,M2026-08,0.07,24.0,1.0,0.0,UNALIGNED (creator snapshot window vs paid Apr-Aug closed months)
64ad3f390000000034016f7d,"不懂5大⚠️核心尺寸元素,❗🚗难怪你翻车",2023-07-11 19:39,video,124.0,CREATOR_PERFORMANCE_PRESENT,654.0,2.0,4.0,1.0,3.0,1,2,2,NOTE_PAID_METRIC_PRESENT,5,M2026-04,M2026-08,0.0,7.0,0.0,0.0,UNALIGNED (creator snapshot window vs paid Apr-Aug closed months)
64ad47b4000000002b038a25,网红岛台为啥会翻车?❗️建议选这5样功能,2023-07-11 22:00,video,60.0,CREATOR_PERFORMANCE_PRESENT,637.0,4.0,1.0,2.0,2.0,1,2,2,NOTE_PAID_METRIC_PRESENT,2,M2026-04,M2026-05,0.01,6.0,1.0,0.0,UNALIGNED (creator snapshot window vs paid Apr-Aug closed months)
64b2653e000000002b03e74b,避坑劣质岛台❌怎样购买蕞划算❓一定不翻车,2023-07-15 17:22,video,32.0,CREATOR_PERFORMANCE_PRESENT,460.0,3.0,3.0,1.0,1.0,1,2,2,NOTE_PAID_METRIC_PRESENT,4,M2026-04,M2026-08,0.0,6.0,0.0,0.0,UNALIGNED (creator snapshot window vs paid Apr-Aug closed months)
64b519d7000000003102cfc1,餐厨水电重灾区❗️3个核心标准⚠️不翻车,2023-07-17 18:37,video,33.0,CREATOR_PERFORMANCE_PRESENT,963.0,1.0,10.0,4.0,3.0,0,0,0,NO_PAID_ASSOCIATION_OBSERVED,0,,,,,,,UNALIGNED (creator snapshot window vs paid Apr-Aug closed months)
64b6549d000000002b03bf99,2023吧台预警🔥60m2套内装修⚠️不翻车,2023-07-18 17:00,video,21.0,CREATOR_PERFORMANCE_PRESENT,562.0,0.0,2.0,2.0,1.0,1,2,2,NOTE_PAID_METRIC_PRESENT,1,M2026-04,M2026-04,0.0,1.0,0.0,0.0,UNALIGNED (creator snapshot window vs paid Apr-Aug closed months)
64b66eff000000001a013bfe,看完这个视频🔥你再决定要不要买岛台⚠️,2023-07-19 17:00,video,103.0,CREATOR_PERFORMANCE_PRESENT,670.0,2.0,2.0,0.0,1.0,1,2,2,NOTE_PAID_METRIC_PRESENT,2,M2026-04,M2026-05,0.0,2.0,0.0,0.0,UNALIGNED (creator snapshot window vs paid Apr-Aug closed months)
64b67576000000002301e38c,岛台不实用吗?🔥奶油风收纳控?⚠️不踩坑,2023-07-19 00:00,video,137.0,CREATOR_PERFORMANCE_PRESENT,496.0,2.0,4.0,0.0,1.0,1,2,2,NOTE_PAID_METRIC_PRESENT,1,M2026-05,M2026-05,0.0,1.0,0.0,0.0,UNALIGNED (creator snapshot window vs paid Apr-Aug closed months)
64b678fb000000001c019fa6,5大款🔥小户型Mini岛台⚠️抄家底合集,2023-07-18 22:00,video,21.0,CREATOR_PERFORMANCE_PRESENT,638.0,5.0,9.0,0.0,0.0,1,2,2,NOTE_PAID_METRIC_PRESENT,2,M2026-04,M2026-05,0.12,3.0,1.0,0.0,UNALIGNED (creator snapshot window vs paid Apr-Aug closed months)
64b751b5000000002f026c7b,掌握5大🔥核心尺寸标准❗🚗保你不翻车,2023-07-19 11:00,video,124.0,CREATOR_PERFORMANCE_PRESENT,28069.0,272.0,475.0,25.0,144.0,1,2,2,NOTE_PAID_METRIC_PRESENT,5,M2026-04,M2026-08,3.7,121.0,19.0,0.0,UNALIGNED (creator snapshot window vs paid Apr-Aug closed months)
64b7c99d000000001c00c6cc,这才是🔥奶油原木风岛台⚠️打开正确坊式,2023-07-19 22:00,video,137.0,CREATOR_PERFORMANCE_PRESENT,554.0,4.0,5.0,2.0,1.0,1,2,2,NOTE_PAID_METRIC_PRESENT,3,M2026-04,M2026-06,0.0,8.0,0.0,0.0,UNALIGNED (creator snapshot window vs paid Apr-Aug closed months)
64b892600000000031009d5a,这才是🔥原木风装修🚗正确打开坊式,2023-07-20 22:00,video,107.0,CREATOR_PERFORMANCE_PRESENT,475.0,2.0,2.0,0.0,0.0,1,2,2,NOTE_PAID_METRIC_PRESENT,3,M2026-04,M2026-07,0.02,8.0,2.0,0.0,UNALIGNED (creator snapshot window vs paid Apr-Aug closed months)
64b899df000000002f0244a1,小户型G寓楼🔥40m2能做岛台❓🚗不翻车,2023-07-20 11:00,video,79.0,CREATOR_PERFORMANCE_PRESENT,705.0,4.0,7.0,0.0,0.0,1,2,2,NOTE_PAID_METRIC_PRESENT,2,M2026-05,M2026-08,0.0,3.0,0.0,0.0,UNALIGNED (creator snapshot window vs paid Apr-Aug closed months)
64b8a1eb000000000800fa47,✍️快进来抄作业啦❗被网友催爆的神仙岛台,2023-07-20 17:08,video,37.0,CREATOR_PERFORMANCE_PRESENT,671.0,0.0,3.0,1.0,3.0,1,2,2,NOTE_PAID_METRIC_PRESENT,3,M2026-04,M2026-07,0.0,4.0,0.0,0.0,UNALIGNED (creator snapshot window vs paid Apr-Aug closed months)
64b9f4ed000000000c035a58,餐厨小户型🔥55m2能做岛台❓🚗不翻车,2023-07-21 11:01,video,60.0,CREATOR_PERFORMANCE_PRESENT,452.0,3.0,5.0,0.0,1.0,1,2,2,NOTE_PAID_METRIC_PRESENT,2,M2026-04,M2026-06,0.0,4.0,0.0,0.0,UNALIGNED (creator snapshot window vs paid Apr-Aug closed months)
64ba491e000000000103ebcf,天花板🔥客户家40m2岛台入户❓🚗不翻车,2023-07-21 17:04,video,30.0,CREATOR_PERFORMANCE_PRESENT,753.0,0.0,5.0,0.0,0.0,1,2,2,NOTE_PAID_METRIC_PRESENT,4,M2026-04,M2026-07,0.54,46.0,7.0,0.0,UNALIGNED (creator snapshot window vs paid Apr-Aug closed months)
64ba4c88000000001701b408,掌握8大🔥核心避坑指南❗🚗免交智商税,2023-07-21 19:03,video,279.0,CREATOR_PERFORMANCE_PRESENT,747.0,2.0,9.0,0.0,3.0,1,2,2,NOTE_PAID_METRIC_PRESENT,1,M2026-04,M2026-04,0.0,1.0,0.0,0.0,UNALIGNED (creator snapshot window vs paid Apr-Aug closed months)
64ba539c000000000b02ac7e,听我一句劝🔥买奶油风吧岛⚠️从此不踩雷,2023-07-22 11:00,video,22.0,CREATOR_PERFORMANCE_PRESENT,607.0,2.0,2.0,0.0,0.0,1,2,2,NOTE_PAID_METRIC_PRESENT,2,M2026-05,M2026-06,0.01,2.0,1.0,0.0,UNALIGNED (creator snapshot window vs paid Apr-Aug closed months)
64ba568e000000000b02886d,这才是🔥130M2入户案例⚠️打开正确坊式,2023-07-22 17:00,video,38.0,CREATOR_PERFORMANCE_PRESENT,809.0,2.0,3.0,0.0,0.0,1,2,2,NOTE_PAID_METRIC_PRESENT,2,M2026-04,M2026-05,0.0,5.0,0.0,0.0,UNALIGNED (creator snapshot window vs paid Apr-Aug closed months)
64ba580c0000000012019fd1,今年最火🔥岛台九做九不做❗🚗2.0来了,2023-07-22 19:03,video,74.0,CREATOR_PERFORMANCE_PRESENT,3184.0,24.0,65.0,5.0,9.0,1,2,2,NOTE_PAID_METRIC_PRESENT,2,M2026-04,M2026-05,0.01,10.0,1.0,0.0,UNALIGNED (creator snapshot window vs paid Apr-Aug closed months)
64bc98a9000000000c0375c7,G寓楼套内🔥50m2能做岛台❓🚗不翻车,2023-07-23 11:04,video,33.0,CREATOR_PERFORMANCE_PRESENT,3110.0,14.0,26.0,11.0,13.0,1,2,2,NOTE_PAID_METRIC_PRESENT,4,M2026-04,M2026-07,0.0,8.0,0.0,0.0,UNALIGNED (creator snapshot window vs paid Apr-Aug closed months)
64bcccad000000000800e380,"不懂6个⚠️岛台避坑坊式,❗🚗难怪你翻车",2023-07-23 22:00,video,23.0,CREATOR_PERFORMANCE_PRESENT,2755.0,19.0,27.0,0.0,4.0,1,2,2,NOTE_PAID_METRIC_PRESENT,1,M2026-04,M2026-04,0.0,1.0,0.0,0.0,UNALIGNED (creator snapshot window vs paid Apr-Aug closed months)
64bcd8d2000000000a019b20,干货必备💥一个视频成为🔥伸缩岛台专家,2023-07-23 17:00,video,202.0,CREATOR_PERFORMANCE_PRESENT,4106.0,66.0,56.0,6.0,9.0,1,2,2,NOTE_PAID_METRIC_PRESENT,3,M2026-05,M2026-08,0.0,3.0,0.0,0.0,UNALIGNED (creator snapshot window vs paid Apr-Aug closed months)
64bde94e000000000103d0c5,悬浮岛台避坑⚠️买前看好4点❗别交智商税,2023-07-24 11:00,video,37.0,CREATOR_PERFORMANCE_PRESENT,1291.0,5.0,8.0,1.0,1.0,1,2,2,NOTE_PAID_METRIC_PRESENT,5,M2026-04,M2026-08,0.0,27.0,0.0,0.0,UNALIGNED (creator snapshot window vs paid Apr-Aug closed months)
64be221f000000000103e4a1,小户型岛台🔥案例40m2入户❓🚗不翻车,2023-07-24 22:00,video,50.0,CREATOR_PERFORMANCE_PRESENT,949.0,7.0,12.0,0.0,2.0,1,2,2,NOTE_PAID_METRIC_PRESENT,1,M2026-04,M2026-04,0.0,2.0,0.0,0.0,UNALIGNED (creator snapshot window vs paid Apr-Aug closed months)
64be2a48000000001201c5db,不懂7个🔥核心意式元素⚠️难怪你翻车,2023-07-24 17:00,video,151.0,CREATOR_PERFORMANCE_PRESENT,156575.0,3080.0,3401.0,49.0,973.0,1,2,2,NOTE_PAID_METRIC_PRESENT,5,M2026-04,M2026-08,0.1,28.0,6.0,0.0,UNALIGNED (creator snapshot window vs paid Apr-Aug closed months)
64be32ec000000000c03608e,这才是🔥原木风装修🚗正确打开坊式,2023-07-25 17:00,video,107.0,CREATOR_PERFORMANCE_PRESENT,605.0,2.0,3.0,0.0,4.0,1,2,2,NOTE_PAID_METRIC_PRESENT,1,M2026-07,M2026-07,0.0,2.0,0.0,0.0,UNALIGNED (creator snapshot window vs paid Apr-Aug closed months)
64be3839000000000b028a7e,G寓楼套内🔥35m2能做岛台❓🚗不翻车,2023-07-25 11:00,video,87.0,CREATOR_PERFORMANCE_PRESENT,622.0,2.0,5.0,3.0,2.0,1,2,2,NOTE_PAID_METRIC_PRESENT,4,M2026-04,M2026-07,0.0,10.0,0.0,0.0,UNALIGNED (creator snapshot window vs paid Apr-Aug closed months)
64be3f380000000010033e63,套内55m2G寓🔥岛台入户案例❓🚗不翻车,2023-07-25 22:00,video,41.0,CREATOR_PERFORMANCE_PRESENT,644.0,2.0,6.0,0.0,1.0,1,2,2,NOTE_PAID_METRIC_PRESENT,3,M2026-04,M2026-07,0.0,3.0,0.0,0.0,UNALIGNED (creator snapshot window vs paid Apr-Aug closed months)
64bf2af70000000017019af4,99%人不懂⚠️岛台选花色坑🚗难怪你翻车,2023-07-26 17:00,video,92.0,CREATOR_PERFORMANCE_PRESENT,616.0,2.0,2.0,0.0,1.0,1,2,2,NOTE_PAID_METRIC_PRESENT,2,M2026-04,M2026-07,0.67,12.0,2.0,0.0,UNALIGNED (creator snapshot window vs paid Apr-Aug closed months)
64bf2f07000000000103f152,G寓楼厨房🔥35m2能做岛台❓🚗不翻车,2023-07-26 22:00,video,32.0,CREATOR_PERFORMANCE_PRESENT,539.0,2.0,3.0,0.0,0.0,1,2,2,NOTE_PAID_METRIC_PRESENT,3,M2026-04,M2026-08,1.08,5.0,1.0,0.0,UNALIGNED (creator snapshot window vs paid Apr-Aug closed months)
64bf2f71000000000c0372cc,99%人不懂⚠️装修岛台标准🚗难怪你翻车,2023-07-26 11:00,video,48.0,CREATOR_PERFORMANCE_PRESENT,1169.0,10.0,8.0,0.0,1.0,1,2,2,PAID_ASSOCIATED_NO_METRIC_RECORD,0,,,,,,,UNALIGNED (creator snapshot window vs paid Apr-Aug closed months)
64bfa29d000000000a0186f9,99%人不懂⚠️岛台8个实用性🚗难怪你翻车,2023-07-27 17:00,video,279.0,CREATOR_PERFORMANCE_PRESENT,50379.0,607.0,1162.0,111.0,348.0,1,2,2,NOTE_PAID_METRIC_PRESENT,4,M2026-04,M2026-08,0.04,10.0,1.0,0.0,UNALIGNED (creator snapshot window vs paid Apr-Aug closed months)
64bfa6cf000000001201991b,奶油风圆弧岛🔥60m2入户案例❓🚗不踩坑,2023-07-27 22:00,video,31.0,CREATOR_PERFORMANCE_PRESENT,583.0,2.0,3.0,0.0,1.0,1,2,2,NOTE_PAID_METRIC_PRESENT,1,M2026-07,M2026-07,0.0,1.0,0.0,0.0,UNALIGNED (creator snapshot window vs paid Apr-Aug closed months)
64bfa9d2000000000b02a2e0,小户型G寓楼🔥30m2能做岛台❓🚗不翻车,2023-07-27 11:00,video,88.0,CREATOR_PERFORMANCE_PRESENT,896.0,6.0,9.0,15.0,7.0,1,2,2,NOTE_PAID_METRIC_PRESENT,2,M2026-04,M2026-05,0.0,3.0,0.0,0.0,UNALIGNED (creator snapshot window vs paid Apr-Aug closed months)
64c463d5000000000b029372,岛台怎么做才好❓1分钟治好选择困难症⚠️,2023-07-29 17:00,video,66.0,CREATOR_PERFORMANCE_PRESENT,2007.0,22.0,39.0,0.0,11.0,1,2,2,NOTE_PAID_METRIC_PRESENT,4,M2026-05,M2026-08,0.0,6.0,0.0,0.0,UNALIGNED (creator snapshot window vs paid Apr-Aug closed months)
64c465a5000000000b02ad7b,王炸小户型🔥63m2能做岛台❓附详细图纸,2023-07-29 11:00,video,31.0,CREATOR_PERFORMANCE_PRESENT,905.0,3.0,3.0,0.0,0.0,1,2,2,NOTE_PAID_METRIC_PRESENT,2,M2026-05,M2026-07,0.0,7.0,0.0,0.0,UNALIGNED (creator snapshot window vs paid Apr-Aug closed months)
64c51b7a000000000c03404a,套内60m2G寓🔥岛台入户案例❓🚗不翻车,2023-07-29 22:00,video,38.0,CREATOR_PERFORMANCE_PRESENT,1962.0,6.0,13.0,0.0,3.0,1,2,2,PAID_ASSOCIATED_NO_METRIC_RECORD,0,,,,,,,UNALIGNED (creator snapshot window vs paid Apr-Aug closed months)
64c5c5c9000000000800cb2f,极简岛台避坑⚠️买前看好4点❗别交智商税,2023-07-30 11:04,video,55.0,CREATOR_PERFORMANCE_PRESENT,1158.0,3.0,9.0,1.0,3.0,1,2,2,NOTE_PAID_METRIC_PRESENT,2,M2026-04,M2026-06,0.0,4.0,0.0,0.0,UNALIGNED (creator snapshot window vs paid Apr-Aug closed months)
64c5f86e000000000a0180c0,99%人不懂⚠️岛台7个核心❗🚗难怪你翻车,2023-07-30 17:00,video,206.0,CREATOR_PERFORMANCE_PRESENT,849.0,8.0,8.0,0.0,1.0,1,2,2,PAID_ASSOCIATED_NO_METRIC_RECORD,0,,,,,,,UNALIGNED (creator snapshot window vs paid Apr-Aug closed months)
64c642ae000000000800d6ec,套内40m2G寓🔥齐平岛入户案例🚗不翻车,2023-07-30 22:00,video,40.0,CREATOR_PERFORMANCE_PRESENT,1414.0,8.0,3.0,2.0,0.0,1,2,2,NOTE_PAID_METRIC_PRESENT,2,M2026-04,M2026-05,0.0,5.0,0.0,0.0,UNALIGNED (creator snapshot window vs paid Apr-Aug closed months)
64c723e4000000000103f8cc,小户型大布局🔥套内40m2G寓❓🚗不翻车,2023-07-31 11:00,video,32.0,CREATOR_PERFORMANCE_PRESENT,1076.0,3.0,1.0,1.0,0.0,1,2,2,PAID_ASSOCIATED_NO_METRIC_RECORD,0,,,,,,,UNALIGNED (creator snapshot window vs paid Apr-Aug closed months)
64c72ad2000000000a01af2e,这才是🔥75M2G寓案例⚠️打开正确坊式,2023-08-01 11:00,video,77.0,CREATOR_PERFORMANCE_PRESENT,634.0,4.0,3.0,0.0,0.0,1,2,2,NOTE_PAID_METRIC_PRESENT,4,M2026-04,M2026-08,0.0,5.0,0.0,0.0,UNALIGNED (creator snapshot window vs paid Apr-Aug closed months)
64c73536000000000b02bd76,全网蕞干💥一个视频成为🔥平岛款专家,2023-07-31 17:00,video,91.0,CREATOR_PERFORMANCE_PRESENT,1237.0,10.0,8.0,6.0,6.0,1,2,2,NOTE_PAID_METRIC_PRESENT,3,M2026-05,M2026-08,0.0,4.0,0.0,0.0,UNALIGNED (creator snapshot window vs paid Apr-Aug closed months)
64ca162b000000001700db76,坦白局🎙我把事能办漂亮的!!️作弊逻辑,2023-08-02 19:00,video,108.0,CREATOR_PERFORMANCE_PRESENT,607.0,2.0,2.0,0.0,0.0,1,2,2,PAID_ASSOCIATED_NO_METRIC_RECORD,0,,,,,,,UNALIGNED (creator snapshot window vs paid Apr-Aug closed months)
64cb0494000000000800d733,200m2别墅装岛台⚠️买前看好❗别交智商税,2023-08-03 11:00,video,63.0,CREATOR_PERFORMANCE_PRESENT,664.0,1.0,1.0,0.0,1.0,1,2,2,NOTE_PAID_METRIC_PRESENT,3,M2026-04,M2026-06,0.0,5.0,0.0,0.0,UNALIGNED (creator snapshot window vs paid Apr-Aug closed months)
64cb70bc0000000017019318,懂得7个🔥核心奶油风元素🚗保你不翻车,2023-08-03 17:17,video,202.0,CREATOR_PERFORMANCE_PRESENT,788.0,9.0,7.0,0.0,2.0,1,2,2,NOTE_PAID_METRIC_PRESENT,3,M2026-04,M2026-06,0.01,5.0,1.0,0.0,UNALIGNED (creator snapshot window vs paid Apr-Aug closed months)
64cb7bf6000000000800f6ca,套内160m2装🔥岛台入户案例❓🚗不翻车,2023-08-03 22:00,video,38.0,CREATOR_PERFORMANCE_PRESENT,1037.0,4.0,4.0,0.0,0.0,1,2,2,PAID_ASSOCIATED_NO_METRIC_RECORD,0,,,,,,,UNALIGNED (creator snapshot window vs paid Apr-Aug closed months)
64cc6b3400000000120198ea,不懂3个🔥核心原木元素⚠️难怪你翻车,2023-08-04 17:00,video,107.0,CREATOR_PERFORMANCE_PRESENT,925.0,5.0,7.0,0.0,4.0,1,2,2,PAID_ASSOCIATED_NO_METRIC_RECORD,0,,,,,,,UNALIGNED (creator snapshot window vs paid Apr-Aug closed months)
64cc6c44000000000c03722e,布局大平层🔥150m2能做岛台❓附详细图纸,2023-08-04 11:11,video,31.0,CREATOR_PERFORMANCE_PRESENT,885.0,3.0,7.0,0.0,1.0,1,2,2,NOTE_PAID_METRIC_PRESENT,5,M2026-04,M2026-08,0.0,6.0,0.0,0.0,UNALIGNED (creator snapshot window vs paid Apr-Aug closed months)
64cccafd000000001700e269,任重修行 被认可是幸福❤️被信任更是责任,2023-08-04 22:00,video,108.0,CREATOR_PERFORMANCE_PRESENT,1922.0,14.0,6.0,17.0,6.0,0,0,0,NO_PAID_ASSOCIATION_OBSERVED,0,,,,,,,UNALIGNED (creator snapshot window vs paid Apr-Aug closed months)
64cdaa51000000001201dd5d,G寓楼餐厅🔥140m2能做岛台❓🚗不翻车,2023-08-05 11:00,video,88.0,CREATOR_PERFORMANCE_PRESENT,596.0,0.0,2.0,0.0,0.0,1,2,2,PAID_ASSOCIATED_NO_METRIC_RECORD,0,,,,,,,UNALIGNED (creator snapshot window vs paid Apr-Aug closed months)
64cdbfa3000000001201d59a,商品楼80m2装🔥岛台入户案例❓🚗不翻车,2023-08-05 22:00,video,38.0,CREATOR_PERFORMANCE_PRESENT,559.0,1.0,3.0,0.0,0.0,1,2,2,PAID_ASSOCIATED_NO_METRIC_RECORD,0,,,,,,,UNALIGNED (creator snapshot window vs paid Apr-Aug closed months)
64ce0f9e000000000c034d15,岛台无主💡灯设计避坑🔥5步提升高级感,2023-08-05 17:00,video,151.0,CREATOR_PERFORMANCE_PRESENT,1286.0,11.0,12.0,0.0,7.0,0,0,0,NO_PAID_ASSOCIATION_OBSERVED,0,,,,,,,UNALIGNED (creator snapshot window vs paid Apr-Aug closed months)
64ce1ca7000000000c037750,"不懂5个⚠️核心灯光元素,❗🚗难怪你翻车",2023-08-05 20:00,video,151.0,CREATOR_PERFORMANCE_PRESENT,1251.0,8.0,19.0,0.0,7.0,0,0,0,NO_PAID_ASSOCIATION_OBSERVED,0,,,,,,,UNALIGNED (creator snapshot window vs paid Apr-Aug closed months)
64cf1717000000000b02a9fc,小户型G寓楼🔥85m2能做岛台❓🚗不翻车,2023-08-06 11:44,video,99.0,CREATOR_PERFORMANCE_PRESENT,655.0,7.0,3.0,9.0,2.0,1,2,2,NOTE_PAID_METRIC_PRESENT,1,M2026-05,M2026-05,0.0,1.0,0.0,0.0,UNALIGNED (creator snapshot window vs paid Apr-Aug closed months)
64cf61180000000010031cfe,岛台定制🔥5大元素+省钱💰保你不翻车,2023-08-06 17:00,video,133.0,CREATOR_PERFORMANCE_PRESENT,1172.0,9.0,19.0,2.0,5.0,1,2,2,NOTE_PAID_METRIC_PRESENT,2,M2026-04,M2026-08,0.0,3.0,0.0,0.0,UNALIGNED (creator snapshot window vs paid Apr-Aug closed months)
64cf7626000000000a018834,套内80m2G寓🔥岛台入户案例❓🚗不翻车,2023-08-06 22:00,video,38.0,CREATOR_PERFORMANCE_PRESENT,789.0,6.0,2.0,0.0,1.0,1,2,2,PAID_ASSOCIATED_NO_METRIC_RECORD,0,,,,,,,UNALIGNED (creator snapshot window vs paid Apr-Aug closed months)
64d05e36000000001701aff7,餐厨厅装岛台🔥套内65m2案例❓实用不占地,2023-08-07 11:00,video,52.0,CREATOR_PERFORMANCE_PRESENT,747.0,1.0,7.0,3.0,5.0,1,2,2,NOTE_PAID_METRIC_PRESENT,3,M2026-05,M2026-07,0.01,4.0,1.0,0.0,UNALIGNED (creator snapshot window vs paid Apr-Aug closed months)
64d06925000000000800d4a3,被催800遍🔥岛台九做九不做❗🚗2.0来了,2023-08-07 17:00,video,74.0,CREATOR_PERFORMANCE_PRESENT,1771.0,21.0,36.0,0.0,8.0,1,2,2,NOTE_PAID_METRIC_PRESENT,2,M2026-05,M2026-08,0.0,3.0,0.0,0.0,UNALIGNED (creator snapshot window vs paid Apr-Aug closed months)
64d0d4f1000000000800ed09,餐厨厅装岛台🔥套内90m2入户❓🚗不占地,2023-08-07 22:00,video,64.0,CREATOR_PERFORMANCE_PRESENT,643.0,4.0,3.0,0.0,1.0,1,2,2,PAID_ASSOCIATED_NO_METRIC_RECORD,0,,,,,,,UNALIGNED (creator snapshot window vs paid Apr-Aug closed months)
64d1b010000000000c0362b6,岛台买前必看🔥套内160m2案例❓不想踩坑,2023-08-08 11:01,video,46.0,CREATOR_PERFORMANCE_PRESENT,632.0,1.0,3.0,0.0,0.0,1,2,2,NOTE_PAID_METRIC_PRESENT,4,M2026-04,M2026-07,0.0,12.0,0.0,0.0,UNALIGNED (creator snapshot window vs paid Apr-Aug closed months)
64d20ebb000000001201a162,套内180m2G寓🔥岛台入户案例❓🚗不踩坑,2023-08-08 17:45,video,60.0,CREATOR_PERFORMANCE_PRESENT,995.0,1.0,5.0,0.0,1.0,1,2,2,NOTE_PAID_METRIC_PRESENT,3,M2026-04,M2026-07,0.0,5.0,0.0,0.0,UNALIGNED (creator snapshot window vs paid Apr-Aug closed months)
64d25f39000000001701bff5,揭秘岛台⚠️定制前看好4点❗没人敢骗你,2023-08-08 23:28,video,217.0,CREATOR_PERFORMANCE_PRESENT,2870.0,25.0,50.0,17.0,8.0,1,2,2,NOTE_PAID_METRIC_PRESENT,4,M2026-04,M2026-07,0.81,13.0,1.0,0.0,UNALIGNED (creator snapshot window vs paid Apr-Aug closed months)
64d30654000000000800d90b,经典岛台避坑⚠️买前看好3点❗别交智商税,2023-08-09 11:21,video,46.0,CREATOR_PERFORMANCE_PRESENT,805.0,4.0,2.0,0.0,1.0,1,2,2,PAID_ASSOCIATED_NO_METRIC_RECORD,0,,,,,,,UNALIGNED (creator snapshot window vs paid Apr-Aug closed months)
64d34a70000000000c037709,套内140m2G寓🔥齐平岛入户案例🚗不翻车,2023-08-09 17:12,video,40.0,CREATOR_PERFORMANCE_PRESENT,945.0,2.0,6.0,0.0,6.0,1,2,2,NOTE_PAID_METRIC_PRESENT,1,M2026-05,M2026-05,0.0,3.0,0.0,0.0,UNALIGNED (creator snapshot window vs paid Apr-Aug closed months)
64d393bd000000001701bf73,揭密定制岛台⚠️买前看好4点❗别交智商税,2023-08-09 21:25,video,199.0,CREATOR_PERFORMANCE_PRESENT,1022.0,11.0,12.0,2.0,2.0,1,2,2,NOTE_PAID_METRIC_PRESENT,1,M2026-04,M2026-04,0.0,1.0,0.0,0.0,UNALIGNED (creator snapshot window vs paid Apr-Aug closed months)
64d39625000000000a019671,不懂意式🔥7个核心元素⚠️难怪你踩坑,2023-08-10 17:00,video,151.0,CREATOR_PERFORMANCE_PRESENT,727.0,9.0,11.0,0.0,3.0,1,2,2,PAID_ASSOCIATED_NO_METRIC_RECORD,0,,,,,,,UNALIGNED (creator snapshot window vs paid Apr-Aug closed months)
64d39c140000000010031324,G寓45m2装岛台🔥买前看好3点❗别交智商税,2023-08-10 11:00,video,87.0,CREATOR_PERFORMANCE_PRESENT,1072.0,6.0,7.0,2.0,7.0,1,2,2,NOTE_PAID_METRIC_PRESENT,1,M2026-05,M2026-05,0.0,2.0,0.0,0.0,UNALIGNED (creator snapshot window vs paid Apr-Aug closed months)
64d3a2f00000000012019d91,套内120m2G寓🔥岛台入户案例❗🚗不翻车,2023-08-10 22:00,video,28.0,CREATOR_PERFORMANCE_PRESENT,738.0,3.0,1.0,0.0,0.0,1,2,2,NOTE_PAID_METRIC_PRESENT,3,M2026-05,M2026-07,0.19,5.0,1.0,0.0,UNALIGNED (creator snapshot window vs paid Apr-Aug closed months)
64d5b05b0000000010033b02,新房装修岛台🔥买前看好5点❗别交智商税,2023-08-11 11:51,video,57.0,CREATOR_PERFORMANCE_PRESENT,985.0,2.0,4.0,0.0,1.0,1,2,2,PAID_ASSOCIATED_NO_METRIC_RECORD,0,,,,,,,UNALIGNED (creator snapshot window vs paid Apr-Aug closed months)
64d5f9cc000000000800fbb7,2023年潮流预测🔥微水泥奶油风❗伸缩岛台,2023-08-11 17:05,video,64.0,CREATOR_PERFORMANCE_PRESENT,679.0,2.0,2.0,0.0,2.0,0,0,0,NO_PAID_ASSOCIATION_OBSERVED,0,,,,,,,UNALIGNED (creator snapshot window vs paid Apr-Aug closed months)
64d61ee8000000001700f883,救命🆘我好像发现了岛台避坑的密码🔑,2023-08-11 20:30,video,197.0,CREATOR_PERFORMANCE_PRESENT,25214.0,284.0,515.0,142.0,122.0,1,2,2,NOTE_PAID_METRIC_PRESENT,2,M2026-05,M2026-07,0.0,7.0,0.0,0.0,UNALIGNED (creator snapshot window vs paid Apr-Aug closed months)
64d6fed200000000120198bf,90%小白都避不开岛台误区❗后悔没早点看到,2023-08-12 11:38,video,34.0,CREATOR_PERFORMANCE_PRESENT,1189.0,7.0,6.0,5.0,2.0,1,2,2,PAID_ASSOCIATED_NO_METRIC_RECORD,0,,,,,,,UNALIGNED (creator snapshot window vs paid Apr-Aug closed months)
64d74b3b0000000012019ddd,这款极简黑白风岛台入户🔥我能吹一辈子❗,2023-08-12 17:04,video,48.0,CREATOR_PERFORMANCE_PRESENT,836.0,0.0,0.0,2.0,2.0,1,2,2,NOTE_PAID_METRIC_PRESENT,3,M2026-04,M2026-07,0.0,4.0,0.0,0.0,UNALIGNED (creator snapshot window vs paid Apr-Aug closed months)
64d756100000000003022e60,真心建议你🔥买前看好3点❗别交智商税,2023-08-12 21:00,video,31.0,CREATOR_PERFORMANCE_PRESENT,740.0,2.0,4.0,2.0,2.0,1,2,2,PAID_ASSOCIATED_NO_METRIC_RECORD,0,,,,,,,UNALIGNED (creator snapshot window vs paid Apr-Aug closed months)
64d762d10000000010030702,2023年潮流预测🔥微水泥奶油风❗伸缩岛台,2023-08-13 17:00,video,64.0,CREATOR_PERFORMANCE_PRESENT,2380.0,18.0,26.0,20.0,12.0,1,2,2,NOTE_PAID_METRIC_PRESENT,4,M2026-04,M2026-08,4.83,14.0,2.0,0.0,UNALIGNED (creator snapshot window vs paid Apr-Aug closed months)
64d77bda000000000800c6ad,99%的人不懂⚠️定制岛台4个方法来啦❗神了,2023-08-13 11:00,video,199.0,CREATOR_PERFORMANCE_PRESENT,2194.0,18.0,43.0,10.0,14.0,1,2,2,NOTE_PAID_METRIC_PRESENT,4,M2026-04,M2026-07,0.01,14.0,1.0,0.0,UNALIGNED (creator snapshot window vs paid Apr-Aug closed months)
64d77fc8000000001700e3e7,任何人错过这个奶油风岛台❗我都会伤心OK?,2023-08-13 21:00,video,137.0,CREATOR_PERFORMANCE_PRESENT,511.0,1.0,3.0,0.0,2.0,1,2,2,NOTE_PAID_METRIC_PRESENT,3,M2026-04,M2026-06,0.0,6.0,0.0,0.0,UNALIGNED (creator snapshot window vs paid Apr-Aug closed months)
64d99c8000000000030203a1,装修入户岛台🔥买前看好4点❗别交智商税,2023-08-14 11:16,video,64.0,CREATOR_PERFORMANCE_PRESENT,1641.0,7.0,9.0,3.0,2.0,1,2,2,NOTE_PAID_METRIC_PRESENT,2,M2026-04,M2026-05,0.0,6.0,0.0,0.0,UNALIGNED (creator snapshot window vs paid Apr-Aug closed months)
64da0412000000000301e765,看完这个视频🆘你再决定要不要做岛台❗,2023-08-14 18:38,video,115.0,CREATOR_PERFORMANCE_PRESENT,12636.0,97.0,128.0,5.0,26.0,1,2,2,NOTE_PAID_METRIC_PRESENT,5,M2026-04,M2026-08,0.09,53.0,7.0,0.0,UNALIGNED (creator snapshot window vs paid Apr-Aug closed months)
64da154d000000000301efcc,这个岛台神器🔥我怎么没有早点发现❗,2023-08-14 21:00,video,48.0,CREATOR_PERFORMANCE_PRESENT,722.0,3.0,7.0,0.0,1.0,1,2,2,NOTE_PAID_METRIC_PRESENT,4,M2026-04,M2026-07,0.39,7.0,1.0,0.0,UNALIGNED (creator snapshot window vs paid Apr-Aug closed months)
64daefda000000000800f7d7,装修入户岛台🔥买前学会4个❗别交智商税,2023-08-15 11:24,video,39.0,CREATOR_PERFORMANCE_PRESENT,815.0,4.0,7.0,0.0,5.0,1,2,2,NOTE_PAID_METRIC_PRESENT,1,M2026-04,M2026-04,0.0,1.0,0.0,0.0,UNALIGNED (creator snapshot window vs paid Apr-Aug closed months)
64db4e87000000001701a578,救命🆘岛台工厂大牌平替被我找到了❗💡,2023-08-15 18:08,video,74.0,CREATOR_PERFORMANCE_PRESENT,5850.0,30.0,46.0,85.0,12.0,1,2,2,NOTE_PAID_METRIC_PRESENT,5,M2026-04,M2026-08,26.32,165.0,18.0,0.0,UNALIGNED (creator snapshot window vs paid Apr-Aug closed months)
64db5a0a00000000100323e3,这才是🔥30M2小户型房⚠️打开正确坊式,2023-08-15 21:00,video,39.0,CREATOR_PERFORMANCE_PRESENT,787.0,2.0,2.0,0.0,4.0,1,2,2,NOTE_PAID_METRIC_PRESENT,5,M2026-04,M2026-08,0.0,6.0,0.0,0.0,UNALIGNED (creator snapshot window vs paid Apr-Aug closed months)
64dc3f58000000001201ac60,新房入户岛台🔥省钱误区避开❗我真太爱了,2023-08-16 11:15,video,60.0,CREATOR_PERFORMANCE_PRESENT,1174.0,4.0,7.0,2.0,2.0,1,2,2,NOTE_PAID_METRIC_PRESENT,3,M2026-04,M2026-06,0.01,11.0,1.0,0.0,UNALIGNED (creator snapshot window vs paid Apr-Aug closed months)
64dcae4f000000000b02b120,只有1%知道装原木风3点❗却能让你不翻车,2023-08-16 19:09,video,104.0,CREATOR_PERFORMANCE_PRESENT,737.0,4.0,3.0,0.0,2.0,1,2,2,NOTE_PAID_METRIC_PRESENT,4,M2026-04,M2026-07,0.0,4.0,0.0,0.0,UNALIGNED (creator snapshot window vs paid Apr-Aug closed months)
64dcb208000000001201947b,意式岛台避坑⚠️买前学会4点❗别交智商税,2023-08-16 21:01,video,55.0,CREATOR_PERFORMANCE_PRESENT,567.0,1.0,1.0,0.0,3.0,1,2,2,NOTE_PAID_METRIC_PRESENT,4,M2026-04,M2026-08,0.0,9.0,0.0,0.0,UNALIGNED (creator snapshot window vs paid Apr-Aug closed months)
64ddf7c0000000000c036d2f,小户型装岛台🔥套内60m2G寓❗🚗不翻车,2023-08-17 18:34,video,39.0,CREATOR_PERFORMANCE_PRESENT,665.0,0.0,3.0,0.0,2.0,1,2,2,NOTE_PAID_METRIC_PRESENT,3,M2026-04,M2026-06,0.0,5.0,0.0,0.0,UNALIGNED (creator snapshot window vs paid Apr-Aug closed months)
64de0ba7000000001201c3b4,90%人不懂⚠️装修岛台标准🚗难怪你翻车,2023-08-17 20:59,video,77.0,CREATOR_PERFORMANCE_PRESENT,2166.0,7.0,8.0,0.0,4.0,1,2,2,NOTE_PAID_METRIC_PRESENT,3,M2026-04,M2026-07,0.01,4.0,1.0,0.0,UNALIGNED (creator snapshot window vs paid Apr-Aug closed months)
64df26380000000017018506,2023年潮流预测🔥极简意式轻法风伸缩岛台,2023-08-18 16:05,video,47.0,CREATOR_PERFORMANCE_PRESENT,577.0,0.0,0.0,0.0,2.0,1,2,2,NOTE_PAID_METRIC_PRESENT,1,M2026-05,M2026-05,0.0,1.0,0.0,0.0,UNALIGNED (creator snapshot window vs paid Apr-Aug closed months)
64df681a000000001700c017,意式风装修教程来啦🔥4步学会万能技法❗,2023-08-18 20:46,video,107.0,CREATOR_PERFORMANCE_PRESENT,894.0,9.0,8.0,0.0,2.0,1,2,2,NOTE_PAID_METRIC_PRESENT,1,M2026-07,M2026-07,0.0,1.0,0.0,0.0,UNALIGNED (creator snapshot window vs paid Apr-Aug closed months)
64df68ce00000000030235b3,悬浮岛台避坑⚠️买前看好4点❗别交智商税,2023-08-18 21:49,video,37.0,CREATOR_PERFORMANCE_PRESENT,2637.0,9.0,9.0,6.0,4.0,1,2,2,NOTE_PAID_METRIC_PRESENT,5,M2026-04,M2026-08,0.73,132.0,11.0,0.0,UNALIGNED (creator snapshot window vs paid Apr-Aug closed months)
64e0304000000000030230e1,99%人不会💥岛台8种实用性🚗难怪你翻车,2023-08-19 11:00,video,279.0,CREATOR_PERFORMANCE_PRESENT,2427.0,16.0,38.0,0.0,9.0,1,2,2,NOTE_PAID_METRIC_PRESENT,1,M2026-04,M2026-04,0.0,1.0,0.0,0.0,UNALIGNED (creator snapshot window vs paid Apr-Aug closed months)
64e08628000000000301f6dd,2023年潮流预测🔥潘多拉极简风❗河流桌岛,2023-08-19 17:06,video,40.0,CREATOR_PERFORMANCE_PRESENT,709.0,3.0,1.0,0.0,1.0,1,2,2,NOTE_PAID_METRIC_PRESENT,2,M2026-04,M2026-05,0.59,5.0,1.0,0.0,UNALIGNED (creator snapshot window vs paid Apr-Aug closed months)
64e0975a000000000103c57d,G寓楼大布局🔥套内40m2户型❓🚗不翻车,2023-08-19 21:00,video,49.0,CREATOR_PERFORMANCE_PRESENT,1017.0,4.0,3.0,0.0,0.0,1,2,2,PAID_ASSOCIATED_NO_METRIC_RECORD,0,,,,,,,UNALIGNED (creator snapshot window vs paid Apr-Aug closed months)
64e09c0a00000000030214ee,赶紧🐴住4个万能方法技巧得️意式装修,2023-08-20 11:00,video,108.0,CREATOR_PERFORMANCE_PRESENT,8260.0,80.0,97.0,7.0,34.0,1,2,2,NOTE_PAID_METRIC_PRESENT,3,M2026-04,M2026-07,0.0,10.0,0.0,0.0,UNALIGNED (creator snapshot window vs paid Apr-Aug closed months)
64e09ec4000000000103e944,套内80m2G寓🔥岛台入户案例❗🚗不翻车,2023-08-20 17:00,video,8.0,CREATOR_PERFORMANCE_PRESENT,831.0,1.0,1.0,0.0,1.0,1,2,2,NOTE_PAID_METRIC_PRESENT,3,M2026-04,M2026-07,0.0,5.0,0.0,0.0,UNALIGNED (creator snapshot window vs paid Apr-Aug closed months)
64e0a445000000000c035160,小户型G寓楼🔥40m2能做岛台❓🚗不翻车,2023-08-20 21:00,video,79.0,CREATOR_PERFORMANCE_PRESENT,499.0,1.0,0.0,0.0,0.0,1,2,2,NOTE_PAID_METRIC_PRESENT,1,M2026-05,M2026-05,0.0,1.0,0.0,0.0,UNALIGNED (creator snapshot window vs paid Apr-Aug closed months)
64e2db1d000000001700d02c,餐厨厅装岛台🔥套内90m2G寓❗🚗不翻车,2023-08-21 11:33,video,42.0,CREATOR_PERFORMANCE_PRESENT,540.0,0.0,2.0,0.0,0.0,1,2,2,PAID_ASSOCIATED_NO_METRIC_RECORD,0,,,,,,,UNALIGNED (creator snapshot window vs paid Apr-Aug closed months)
64e33439000000000c0370d9,赶紧🐴住奶油极简风🔥八大要点,2023-08-21 17:54,video,80.0,CREATOR_PERFORMANCE_PRESENT,9607.0,92.0,134.0,0.0,63.0,1,2,2,NOTE_PAID_METRIC_PRESENT,5,M2026-04,M2026-08,1.44,85.0,9.0,0.0,UNALIGNED (creator snapshot window vs paid Apr-Aug closed months)
64e3367d000000000800fd31,大户型G寓楼🔥150m2能做岛台❓🚗不翻车,2023-08-21 21:00,video,142.0,CREATOR_PERFORMANCE_PRESENT,502.0,1.0,1.0,3.0,1.0,1,2,2,PAID_ASSOCIATED_NO_METRIC_RECORD,0,,,,,,,UNALIGNED (creator snapshot window vs paid Apr-Aug closed months)
64e42823000000000800c82d,我发现🆘2023年岛台灯光万能🔥6个逻辑,2023-08-22 11:14,video,158.0,CREATOR_PERFORMANCE_PRESENT,35187.0,541.0,809.0,25.0,313.0,0,0,0,NO_PAID_ASSOCIATION_OBSERVED,0,,,,,,,UNALIGNED (creator snapshot window vs paid Apr-Aug closed months)
64e47b0d000000000a01aaae,"装修岛台岩板❗学会这4点,低预算装出高级感",2023-08-22 17:08,video,111.0,CREATOR_PERFORMANCE_PRESENT,673.0,2.0,3.0,0.0,2.0,1,2,2,NOTE_PAID_METRIC_PRESENT,5,M2026-04,M2026-08,0.01,17.0,1.0,0.0,UNALIGNED (creator snapshot window vs paid Apr-Aug closed months)
64e4844e000000000800dc3d,2023年潮流预测🔥奶油纯白色风❗伸缩岛台,2023-08-22 21:00,video,38.0,CREATOR_PERFORMANCE_PRESENT,615.0,2.0,0.0,0.0,2.0,1,2,2,NOTE_PAID_METRIC_PRESENT,3,M2026-04,M2026-08,0.0,4.0,0.0,0.0,UNALIGNED (creator snapshot window vs paid Apr-Aug closed months)
64e57d41000000000c0369a4,救命🆘谁看谁懂🔥的5个岛台尺寸核心!,2023-08-23 11:30,video,135.0,CREATOR_PERFORMANCE_PRESENT,3120.0,29.0,67.0,1.0,14.0,1,2,2,NOTE_PAID_METRIC_PRESENT,4,M2026-04,M2026-08,0.01,21.0,1.0,0.0,UNALIGNED (creator snapshot window vs paid Apr-Aug closed months)
64e5ca97000000000b02be15,2023年潮流预测🔥微水泥奶油风❗伸缩岛台,2023-08-23 17:00,video,38.0,CREATOR_PERFORMANCE_PRESENT,664.0,2.0,3.0,2.0,2.0,1,2,2,NOTE_PAID_METRIC_PRESENT,3,M2026-04,M2026-06,0.0,5.0,0.0,0.0,UNALIGNED (creator snapshot window vs paid Apr-Aug closed months)
64e5d467000000001700e62d,白嫖王炸✅8个秘诀教程提高奶油极简风100%,2023-08-23 21:00,video,80.0,CREATOR_PERFORMANCE_PRESENT,675.0,1.0,8.0,0.0,2.0,0,0,0,NO_PAID_ASSOCIATION_OBSERVED,0,,,,,,,UNALIGNED (creator snapshot window vs paid Apr-Aug closed months)
64e6d1b40000000017018214,1分钟视频🆘看完岛台砸掉1.2w❗客户案例,2023-08-24 11:42,video,92.0,CREATOR_PERFORMANCE_PRESENT,1416.0,7.0,9.0,2.0,2.0,1,2,2,NOTE_PAID_METRIC_PRESENT,2,M2026-05,M2026-08,0.49,3.0,1.0,0.0,UNALIGNED (creator snapshot window vs paid Apr-Aug closed months)
64e7171b00000000030215fb,看完这个案例🆘你再决定要不要做中岛台❗,2023-08-24 22:00,video,143.0,CREATOR_PERFORMANCE_PRESENT,524.0,0.0,3.0,0.0,0.0,1,2,2,NOTE_PAID_METRIC_PRESENT,2,M2026-04,M2026-05,0.0,3.0,0.0,0.0,UNALIGNED (creator snapshot window vs paid Apr-Aug closed months)
64e71d3f000000001003106b,新手装修🔥入户旋转岛台❗来抄作业啦!,2023-08-24 17:06,video,36.0,CREATOR_PERFORMANCE_PRESENT,848.0,0.0,1.0,0.0,1.0,1,2,2,NOTE_PAID_METRIC_PRESENT,2,M2026-05,M2026-06,0.0,10.0,0.0,0.0,UNALIGNED (creator snapshot window vs paid Apr-Aug closed months)
64e86dfc000000001700f546,2023年潮流预测🔥极简奶油风❗旋转岛台,2023-08-25 17:01,video,65.0,CREATOR_PERFORMANCE_PRESENT,858.0,5.0,2.0,0.0,4.0,1,2,2,NOTE_PAID_METRIC_PRESENT,2,M2026-05,M2026-07,0.0,3.0,0.0,0.0,UNALIGNED (creator snapshot window vs paid Apr-Aug closed months)
64e8b372000000001701a7d0,装岛台不会选❗1分钟可️治好选择困难症,2023-08-25 21:58,video,61.0,CREATOR_PERFORMANCE_PRESENT,2541.0,21.0,31.0,4.0,12.0,1,2,2,NOTE_PAID_METRIC_PRESENT,5,M2026-04,M2026-08,0.01,13.0,1.0,0.0,UNALIGNED (creator snapshot window vs paid Apr-Aug closed months)
64e8b766000000000a019de1,原木奶油风🆘7种逆袭提升技巧🚗不翻车,2023-08-25 23:00,video,207.0,CREATOR_PERFORMANCE_PRESENT,593.0,2.0,3.0,0.0,4.0,1,2,2,NOTE_PAID_METRIC_PRESENT,3,M2026-04,M2026-06,0.0,8.0,0.0,0.0,UNALIGNED (creator snapshot window vs paid Apr-Aug closed months)
64e96acc000000000b02a30a,2023年最火预测🔥微水泥奶油风❗伸缩岛台,2023-08-26 11:00,video,64.0,CREATOR_PERFORMANCE_PRESENT,1625.0,11.0,13.0,7.0,8.0,1,2,2,NOTE_PAID_METRIC_PRESENT,1,M2026-04,M2026-04,0.0,1.0,0.0,0.0,UNALIGNED (creator snapshot window vs paid Apr-Aug closed months)
64e9c9cb000000000c036ba7,救命🆘 99%人不懂❗意式岛台装修避坑攻略,2023-08-26 17:45,video,111.0,CREATOR_PERFORMANCE_PRESENT,789.0,4.0,7.0,2.0,4.0,1,2,2,NOTE_PAID_METRIC_PRESENT,2,M2026-04,M2026-07,0.0,2.0,0.0,0.0,UNALIGNED (creator snapshot window vs paid Apr-Aug closed months)
64e9e1c4000000001701bbe7,第一次装原木风秘️3个避坑万能诀窍🔥,2023-08-26 21:00,video,106.0,CREATOR_PERFORMANCE_PRESENT,529.0,0.0,0.0,0.0,2.0,1,2,2,NOTE_PAID_METRIC_PRESENT,5,M2026-04,M2026-08,0.04,12.0,2.0,0.0,UNALIGNED (creator snapshot window vs paid Apr-Aug closed months)
64eac4a1000000000b02a3b2,救命🆘我好像发现了岛台工厂的秘籍❗💡,2023-08-27 11:36,video,79.0,CREATOR_PERFORMANCE_PRESENT,617.0,4.0,5.0,0.0,2.0,1,2,2,NOTE_PAID_METRIC_PRESENT,1,M2026-04,M2026-04,0.0,1.0,0.0,0.0,UNALIGNED (creator snapshot window vs paid Apr-Aug closed months)
64eafc83000000000b0290cb,2023年最火必看🔥轻法奶油风❗️伸缩岛台,2023-08-27 17:00,video,64.0,CREATOR_PERFORMANCE_PRESENT,581.0,3.0,4.0,0.0,1.0,1,2,2,PAID_ASSOCIATED_NO_METRIC_RECORD,0,,,,,,,UNALIGNED (creator snapshot window vs paid Apr-Aug closed months)
64eb010d00000000100315eb,G寓楼大布局🔥套内80m2户型❓🚗不翻车,2023-08-27 22:00,video,56.0,CREATOR_PERFORMANCE_PRESENT,681.0,1.0,4.0,0.0,1.0,1,2,2,PAID_ASSOCIATED_NO_METRIC_RECORD,0,,,,,,,UNALIGNED (creator snapshot window vs paid Apr-Aug closed months)
64eb0be4000000001003083d,今年爆款必看🔥轻法式奶油风❗️餐桌岛台,2023-08-28 11:00,video,38.0,CREATOR_PERFORMANCE_PRESENT,652.0,6.0,3.0,2.0,0.0,1,2,2,NOTE_PAID_METRIC_PRESENT,5,M2026-04,M2026-08,0.04,14.0,1.0,0.0,UNALIGNED (creator snapshot window vs paid Apr-Aug closed months)
64eb1836000000000c0358e8,99%人不懂🆘岛台定制装修4大坑❗懒人必备,2023-08-30 17:00,video,111.0,CREATOR_PERFORMANCE_PRESENT,757.0,5.0,9.0,0.0,1.0,1,2,2,PAID_ASSOCIATED_NO_METRIC_RECORD,0,,,,,,,UNALIGNED (creator snapshot window vs paid Apr-Aug closed months)
64eb20fb000000001700ff9f,被问爆的🔥岛台九做九不做❗🚗2.0来了,2023-08-28 17:00,video,75.0,CREATOR_PERFORMANCE_PRESENT,506.0,0.0,3.0,0.0,2.0,1,2,2,PAID_ASSOCIATED_NO_METRIC_RECORD,0,,,,,,,UNALIGNED (creator snapshot window vs paid Apr-Aug closed months)
64ec03c90000000012018d3c,2023年最火预测🔥小户型奶油风❗伸缩岛台,2023-08-29 11:00,video,64.0,CREATOR_PERFORMANCE_PRESENT,561.0,2.0,6.0,2.0,2.0,1,2,2,NOTE_PAID_METRIC_PRESENT,4,M2026-04,M2026-08,0.0,11.0,0.0,0.0,UNALIGNED (creator snapshot window vs paid Apr-Aug closed months)
64ec2216000000000c0378fe,新婚二人世界小户型约会🔥这个岛台YYDS,2023-08-30 11:00,video,58.0,CREATOR_PERFORMANCE_PRESENT,567.0,2.0,2.0,0.0,1.0,1,2,2,PAID_ASSOCIATED_NO_METRIC_RECORD,0,,,,,,,UNALIGNED (creator snapshot window vs paid Apr-Aug closed months)
64ec58be000000000c036777,小户型必备❗圆弧伸缩岛台收藏✅这一篇就够,2023-08-28 22:00,video,58.0,CREATOR_PERFORMANCE_PRESENT,541.0,6.0,4.0,0.0,0.0,1,2,2,NOTE_PAID_METRIC_PRESENT,1,M2026-05,M2026-05,0.0,1.0,0.0,0.0,UNALIGNED (creator snapshot window vs paid Apr-Aug closed months)
64ec6a730000000017018219,新家装修必备❗圆弧岛台收藏✅这一篇就够了,2023-08-28 22:00,video,60.0,CREATOR_PERFORMANCE_PRESENT,217.0,0.0,0.0,0.0,0.0,0,0,0,NO_PAID_ASSOCIATION_OBSERVED,0,,,,,,,UNALIGNED (creator snapshot window vs paid Apr-Aug closed months)
64ed5f72000000001e02ce33,岛台好用吗?🆘为啥不做餐桌❗,2023-08-29 20:30,video,115.0,CREATOR_PERFORMANCE_PRESENT,2098.0,10.0,5.0,3.0,3.0,1,2,2,NOTE_PAID_METRIC_PRESENT,3,M2026-04,M2026-06,0.0,13.0,0.0,0.0,UNALIGNED (creator snapshot window vs paid Apr-Aug closed months)
64ed60f5000000001e0329ac,新家装修必备❗圆弧岛台收藏✅这一篇就够了,2023-08-30 22:00,video,60.0,CREATOR_PERFORMANCE_PRESENT,473.0,0.0,2.0,0.0,3.0,1,2,2,PAID_ASSOCIATED_NO_METRIC_RECORD,0,,,,,,,UNALIGNED (creator snapshot window vs paid Apr-Aug closed months)
64edb464000000001f0072b3,2023年流行款🔥胡桃木+劳伦黑岩板岛台✅,2023-08-29 17:03,video,20.0,CREATOR_PERFORMANCE_PRESENT,673.0,1.0,5.0,3.0,1.0,1,2,2,NOTE_PAID_METRIC_PRESENT,4,M2026-04,M2026-07,0.1,17.0,2.0,0.0,UNALIGNED (creator snapshot window vs paid Apr-Aug closed months)
64edc437000000001e03fdad,被问N遍的🔥岛台九做九不做❗🚗2.0来了,2023-08-29 18:11,video,74.0,CREATOR_PERFORMANCE_PRESENT,1312.0,8.0,17.0,2.0,7.0,1,2,2,NOTE_PAID_METRIC_PRESENT,3,M2026-04,M2026-06,0.0,6.0,0.0,0.0,UNALIGNED (creator snapshot window vs paid Apr-Aug closed months)
64ef293e000000001e0215dc,装修必备❗油奶风伸缩岛台收藏✅这一篇就够,2023-08-31 11:00,video,64.0,CREATOR_PERFORMANCE_PRESENT,552.0,4.0,4.0,2.0,1.0,1,2,2,PAID_ASSOCIATED_NO_METRIC_RECORD,0,,,,,,,UNALIGNED (creator snapshot window vs paid Apr-Aug closed months)
64f0012b000000001f03ce37,小户型G寓楼🔥奶油风收纳控❗岛台怎么做,2023-08-31 17:19,video,75.0,CREATOR_PERFORMANCE_PRESENT,506.0,1.0,0.0,0.0,0.0,1,2,2,NOTE_PAID_METRIC_PRESENT,1,M2026-08,M2026-08,0.0,1.0,0.0,0.0,UNALIGNED (creator snapshot window vs paid Apr-Aug closed months)
64f02a40000000001f03f24e,圆弧岛台避坑⚠️买前看好4点❗别交智商税,2023-09-01 11:00,video,80.0,CREATOR_PERFORMANCE_PRESENT,889.0,3.0,11.0,8.0,6.0,1,2,2,NOTE_PAID_METRIC_PRESENT,4,M2026-05,M2026-08,0.82,22.0,3.0,0.0,UNALIGNED (creator snapshot window vs paid Apr-Aug closed months)
64f0abfe000000001e0318d0,"3️⃣个万能选岛台岩板技巧,直接套用🔥",2023-08-31 23:04,video,106.0,CREATOR_PERFORMANCE_PRESENT,704.0,2.0,3.0,0.0,3.0,1,2,2,NOTE_PAID_METRIC_PRESENT,5,M2026-04,M2026-08,0.02,15.0,1.0,0.0,UNALIGNED (creator snapshot window vs paid Apr-Aug closed months)
64f158f4000000001d014203,小户型进门就是厨房❗岛台这样做好看又好用,2023-09-01 17:00,video,23.0,CREATOR_PERFORMANCE_PRESENT,40126.0,241.0,324.0,1.0,95.0,0,0,0,NO_PAID_ASSOCIATION_OBSERVED,0,,,,,,,UNALIGNED (creator snapshot window vs paid Apr-Aug closed months)
64f1ebcb000000001f004dee,救命🆘我好像发现5️⃣类岛台抄家底合集,2023-09-01 21:48,video,108.0,CREATOR_PERFORMANCE_PRESENT,1112.0,9.0,9.0,0.0,3.0,1,2,2,NOTE_PAID_METRIC_PRESENT,2,M2026-04,M2026-05,0.0,2.0,0.0,0.0,UNALIGNED (creator snapshot window vs paid Apr-Aug closed months)
64f2ad18000000001f03dfb7,2023年最火预测🔥微水泥奶油风❗伸缩岛台,2023-09-02 11:33,video,48.0,CREATOR_PERFORMANCE_PRESENT,741.0,3.0,2.0,2.0,1.0,1,2,2,NOTE_PAID_METRIC_PRESENT,2,M2026-05,M2026-06,0.0,2.0,0.0,0.0,UNALIGNED (creator snapshot window vs paid Apr-Aug closed months)
64f2f15e000000001f0056fe,买岛台撑握这4个点❗低预算也能买到好岛台,2023-09-03 17:00,video,48.0,CREATOR_PERFORMANCE_PRESENT,575.0,3.0,1.0,0.0,1.0,1,2,2,NOTE_PAID_METRIC_PRESENT,1,M2026-06,M2026-06,0.0,1.0,0.0,0.0,UNALIGNED (creator snapshot window vs paid Apr-Aug closed months)
64f30ba3000000001e032074,"选岛台岩板❓不怕被坑3个技巧,千万别买贵了",2023-09-02 18:17,video,105.0,CREATOR_PERFORMANCE_PRESENT,5399.0,33.0,46.0,2.0,19.0,1,2,2,NOTE_PAID_METRIC_PRESENT,5,M2026-04,M2026-08,3.97,48.0,8.0,0.0,UNALIGNED (creator snapshot window vs paid Apr-Aug closed months)
64f32c0f000000002000138d,纯干货🔥全屋定制岛台全攻略!赶紧🐎住,2023-09-03 11:00,video,108.0,CREATOR_PERFORMANCE_PRESENT,732.0,2.0,3.0,0.0,3.0,1,2,2,NOTE_PAID_METRIC_PRESENT,1,M2026-06,M2026-06,0.0,1.0,0.0,0.0,UNALIGNED (creator snapshot window vs paid Apr-Aug closed months)
64f33399000000001f0398fc,小户型G寓楼🔥奶油风收纳控❗岛台怎么做,2023-09-02 22:06,video,75.0,CREATOR_PERFORMANCE_PRESENT,773.0,1.0,1.0,0.0,0.0,1,2,2,PAID_ASSOCIATED_NO_METRIC_RECORD,0,,,,,,,UNALIGNED (creator snapshot window vs paid Apr-Aug closed months)
64f54b2f000000001f0343e2,小户型G寓楼🔥微水泥奶油风❗伸缩岛台,2023-09-04 11:12,video,64.0,CREATOR_PERFORMANCE_PRESENT,688.0,4.0,5.0,0.0,2.0,1,2,2,NOTE_PAID_METRIC_PRESENT,1,M2026-04,M2026-04,0.0,1.0,0.0,0.0,UNALIGNED (creator snapshot window vs paid Apr-Aug closed months)
64f59f01000000001d017ff6,装修神器⚠️怎么选岛台✅更显奶油高级风,2023-09-04 17:10,video,117.0,CREATOR_PERFORMANCE_PRESENT,829.0,2.0,3.0,4.0,2.0,1,2,2,NOTE_PAID_METRIC_PRESENT,3,M2026-04,M2026-06,0.56,9.0,1.0,0.0,UNALIGNED (creator snapshot window vs paid Apr-Aug closed months)
64f5b688000000001e029746,装修岛台不会选❗1分钟治好你选择困难症,2023-09-04 20:00,video,61.0,CREATOR_PERFORMANCE_PRESENT,879.0,9.0,10.0,0.0,4.0,1,2,2,NOTE_PAID_METRIC_PRESENT,1,M2026-07,M2026-07,0.0,1.0,0.0,0.0,UNALIGNED (creator snapshot window vs paid Apr-Aug closed months)
64f695cd000000001e021a46,2023年潮流预测🔥微水泥奶油风❗伸缩岛台,2023-09-07 00:00,video,38.0,CREATOR_PERFORMANCE_PRESENT,584.0,0.0,0.0,2.0,0.0,1,2,2,NOTE_PAID_METRIC_PRESENT,2,M2026-04,M2026-08,1.79,2.0,1.0,0.0,UNALIGNED (creator snapshot window vs paid Apr-Aug closed months)
64f69f4b000000001e02f1cd,小户型45m2G寓🔥岛台入户案例🚗不翻车,2023-09-06 11:00,video,64.0,CREATOR_PERFORMANCE_PRESENT,566.0,0.0,2.0,3.0,4.0,1,2,2,NOTE_PAID_METRIC_PRESENT,3,M2026-04,M2026-06,0.0,12.0,0.0,0.0,UNALIGNED (creator snapshot window vs paid Apr-Aug closed months)
64f6a542000000001f005ad1,小户型G寓楼🔥40m2能做岛台❓🚗不翻车,2023-09-07 20:00,video,79.0,CREATOR_PERFORMANCE_PRESENT,550.0,0.0,1.0,0.0,0.0,1,2,2,NOTE_PAID_METRIC_PRESENT,2,M2026-05,M2026-08,0.0,2.0,0.0,0.0,UNALIGNED (creator snapshot window vs paid Apr-Aug closed months)
64f6cab3000000001f03faa1,悬浮岛台避坑⚠️买前看好4点❗别交智商税,2023-09-06 20:00,video,37.0,CREATOR_PERFORMANCE_PRESENT,680.0,2.0,1.0,1.0,1.0,1,2,2,NOTE_PAID_METRIC_PRESENT,3,M2026-05,M2026-08,0.0,9.0,0.0,0.0,UNALIGNED (creator snapshot window vs paid Apr-Aug closed months)
64f6ee4b000000001f03bfad,精装房装岛台🔥买前看好5点❗别交智商税,2023-09-05 17:00,video,65.0,CREATOR_PERFORMANCE_PRESENT,620.0,2.0,4.0,0.0,0.0,1,2,2,PAID_ASSOCIATED_NO_METRIC_RECORD,0,,,,,,,UNALIGNED (creator snapshot window vs paid Apr-Aug closed months)
64f71296000000001e02b2df,颠覆传统餐厨🔨打破小户型不能拥有岛台,2023-09-05 20:33,video,116.0,CREATOR_PERFORMANCE_PRESENT,945.0,4.0,6.0,0.0,1.0,1,2,2,NOTE_PAID_METRIC_PRESENT,1,M2026-05,M2026-05,0.0,2.0,0.0,0.0,UNALIGNED (creator snapshot window vs paid Apr-Aug closed months)
64f9a90e000000001d0147d0,"预警⚠️别买餐桌,做抽拉式岛台餐桌吧🙋",2023-09-07 18:42,video,103.0,CREATOR_PERFORMANCE_PRESENT,2119.0,20.0,19.0,2.0,9.0,1,2,2,NOTE_PAID_METRIC_PRESENT,5,M2026-04,M2026-08,0.0,17.0,0.0,0.0,UNALIGNED (creator snapshot window vs paid Apr-Aug closed months)
64fa7ddc000000001f005ac2,注意⚠️奶油风岛台7大装修详解🚗不翻车,2023-09-08 17:43,video,202.0,CREATOR_PERFORMANCE_PRESENT,798.0,4.0,9.0,0.0,3.0,1,2,2,NOTE_PAID_METRIC_PRESENT,1,M2026-04,M2026-04,0.0,1.0,0.0,0.0,UNALIGNED (creator snapshot window vs paid Apr-Aug closed months)
64fb1a88000000001e03fae6,学会这5点⚠️岛台案例设计✅保证你不翻车,2023-09-08 21:37,video,117.0,CREATOR_PERFORMANCE_PRESENT,742.0,1.0,6.0,0.0,1.0,1,2,2,NOTE_PAID_METRIC_PRESENT,1,M2026-06,M2026-06,0.0,1.0,0.0,0.0,UNALIGNED (creator snapshot window vs paid Apr-Aug closed months)
64fbe901000000001d01424c,"8m2小厨房✅,被问爆的岛台安装&设计来啦!",2023-09-09 11:39,video,23.0,CREATOR_PERFORMANCE_PRESENT,827.0,2.0,2.0,2.0,1.0,1,2,2,NOTE_PAID_METRIC_PRESENT,5,M2026-04,M2026-08,0.08,22.0,2.0,1.0,UNALIGNED (creator snapshot window vs paid Apr-Aug closed months)
64fc3f42000000001e033a08,盘点2023年颜色搭配攻略❣️你最爱哪款❓,2023-09-09 17:47,video,111.0,CREATOR_PERFORMANCE_PRESENT,714.0,3.0,3.0,0.0,3.0,1,2,2,PAID_ASSOCIATED_NO_METRIC_RECORD,0,,,,,,,UNALIGNED (creator snapshot window vs paid Apr-Aug closed months)
64fc56f3000000001f0358b2,就是它圆弧岛台⚠️我老婆喜欢的这款岛台❗,2023-09-09 20:27,video,80.0,CREATOR_PERFORMANCE_PRESENT,1025.0,10.0,7.0,3.0,5.0,1,2,2,NOTE_PAID_METRIC_PRESENT,5,M2026-04,M2026-08,1.52,24.0,1.0,0.0,UNALIGNED (creator snapshot window vs paid Apr-Aug closed months)
64fd33ff000000001e02958f,小户型进门就是厨房⚠️做岛台餐桌真香😍,2023-09-10 11:11,video,26.0,CREATOR_PERFORMANCE_PRESENT,865.0,4.0,4.0,0.0,1.0,1,2,2,NOTE_PAID_METRIC_PRESENT,5,M2026-04,M2026-08,0.02,29.0,2.0,0.0,UNALIGNED (creator snapshot window vs paid Apr-Aug closed months)
64fd7b7e000000001e02aa82,被催了N遍中岛台6️⃣做6️⃣不做2.0来了❗,2023-09-10 17:03,video,57.0,CREATOR_PERFORMANCE_PRESENT,999.0,1.0,3.0,0.0,1.0,1,2,2,NOTE_PAID_METRIC_PRESENT,3,M2026-04,M2026-08,0.0,5.0,0.0,0.0,UNALIGNED (creator snapshot window vs paid Apr-Aug closed months)
64fdc220000000001e02acb7,就是它圆弧岛台⚠️我老婆喜欢的这款岛台❗,2023-09-10 22:18,video,60.0,CREATOR_PERFORMANCE_PRESENT,2537.0,14.0,28.0,0.0,13.0,1,2,2,NOTE_PAID_METRIC_PRESENT,5,M2026-04,M2026-08,0.93,29.0,3.0,0.0,UNALIGNED (creator snapshot window vs paid Apr-Aug closed months)
64fe858a000000001f007a29,我宣布❗❗这厨房是我整个家最得意之作✅,2023-09-11 11:12,video,23.0,CREATOR_PERFORMANCE_PRESENT,841.0,2.0,2.0,0.0,3.0,1,2,2,NOTE_PAID_METRIC_PRESENT,1,M2026-07,M2026-07,0.0,1.0,0.0,0.0,UNALIGNED (creator snapshot window vs paid Apr-Aug closed months)
64fec628000000001e00c68f,🔴吐血整理🔥2023年蕞火岛台六做六不做,2023-09-11 17:00,video,57.0,CREATOR_PERFORMANCE_PRESENT,1267.0,8.0,10.0,0.0,2.0,1,2,2,NOTE_PAID_METRIC_PRESENT,2,M2026-05,M2026-06,0.04,3.0,1.0,0.0,UNALIGNED (creator snapshot window vs paid Apr-Aug closed months)
64fefc69000000001e0233e0,没想到❗我设计小巨蛋岛台🔥在小红书火了,2023-09-11 21:00,video,39.0,CREATOR_PERFORMANCE_PRESENT,980.0,2.0,3.0,2.0,0.0,1,2,2,NOTE_PAID_METRIC_PRESENT,5,M2026-04,M2026-08,0.03,26.0,3.0,0.0,UNALIGNED (creator snapshot window vs paid Apr-Aug closed months)
64ffe0a9000000002000203c,小厨房听我一句劝❗️奶油原木风真的太香了,2023-09-12 11:53,video,31.0,CREATOR_PERFORMANCE_PRESENT,733.0,1.0,2.0,5.0,3.0,1,2,2,NOTE_PAID_METRIC_PRESENT,5,M2026-04,M2026-08,0.22,71.0,3.0,0.0,UNALIGNED (creator snapshot window vs paid Apr-Aug closed months)
650028bb000000001e03c5d9,我宣布❗❗这厨房是我整个家最得意之作✅,2023-09-12 17:00,video,26.0,CREATOR_PERFORMANCE_PRESENT,849.0,4.0,4.0,0.0,0.0,1,2,2,NOTE_PAID_METRIC_PRESENT,1,M2026-05,M2026-05,0.0,1.0,0.0,0.0,UNALIGNED (creator snapshot window vs paid Apr-Aug closed months)
65004061000000001f0346d2,救命🆘我好像发现定制岛台4个密码❗神了,2023-09-12 20:40,video,199.0,CREATOR_PERFORMANCE_PRESENT,1234.0,12.0,19.0,0.0,4.0,1,2,2,NOTE_PAID_METRIC_PRESENT,1,M2026-07,M2026-07,0.0,1.0,0.0,0.0,UNALIGNED (creator snapshot window vs paid Apr-Aug closed months)
65013033000000001e0216de,小户型60m2G寓🔥岛台入户案例🚗不翻车,2023-09-13 11:44,video,46.0,CREATOR_PERFORMANCE_PRESENT,713.0,1.0,3.0,0.0,1.0,1,2,2,PAID_ASSOCIATED_NO_METRIC_RECORD,0,,,,,,,UNALIGNED (creator snapshot window vs paid Apr-Aug closed months)
65019814000000001f03709a,人人都能学会🆘深扒12种岛台细节的小心机,2023-09-13 19:08,video,61.0,CREATOR_PERFORMANCE_PRESENT,896.0,10.0,9.0,0.0,1.0,1,2,2,NOTE_PAID_METRIC_PRESENT,2,M2026-05,M2026-06,0.0,8.0,0.0,0.0,UNALIGNED (creator snapshot window vs paid Apr-Aug closed months)
65019fab000000001e02f52f,"没想到去一趟工厂,看到客户岛台一眼心动了",2023-09-13 20:36,video,7.0,CREATOR_PERFORMANCE_PRESENT,560.0,1.0,2.0,0.0,0.0,1,2,2,NOTE_PAID_METRIC_PRESENT,2,M2026-04,M2026-08,0.0,2.0,0.0,0.0,UNALIGNED (creator snapshot window vs paid Apr-Aug closed months)
650282cb000000001e0306e4,小户型6m2变身12m2厨房快乐你想象不到❗️,2023-09-14 11:49,video,38.0,CREATOR_PERFORMANCE_PRESENT,747.0,0.0,1.0,0.0,2.0,1,2,2,NOTE_PAID_METRIC_PRESENT,3,M2026-04,M2026-07,0.01,5.0,1.0,0.0,UNALIGNED (creator snapshot window vs paid Apr-Aug closed months)
6502a717000000001f039b88,装修抄作业🆘手把手教你打造小户型岛台!,2023-09-15 11:00,video,23.0,CREATOR_PERFORMANCE_PRESENT,674.0,2.0,2.0,0.0,0.0,1,2,2,PAID_ASSOCIATED_NO_METRIC_RECORD,0,,,,,,,UNALIGNED (creator snapshot window vs paid Apr-Aug closed months)
6502b1ee000000001f03f418,绝了🆘网购入户岛台不翻车❓10个颜值拉满,2023-09-16 11:00,video,51.0,CREATOR_PERFORMANCE_PRESENT,694.0,5.0,5.0,7.0,2.0,1,2,2,NOTE_PAID_METRIC_PRESENT,5,M2026-04,M2026-08,0.91,13.0,2.0,0.0,UNALIGNED (creator snapshot window vs paid Apr-Aug closed months)
6502bc91000000001e03f6b6,我要安利给所有薯粉❗想要做岛台不要错过啦,2023-09-17 11:11,video,63.0,CREATOR_PERFORMANCE_PRESENT,642.0,1.0,2.0,6.0,0.0,1,2,2,NOTE_PAID_METRIC_PRESENT,2,M2026-04,M2026-07,0.6,2.0,1.0,0.0,UNALIGNED (creator snapshot window vs paid Apr-Aug closed months)
6502d053000000001f005221,不懂3个⚠️原木风核心元素🚗难怪你翻车,2023-09-14 17:20,video,106.0,CREATOR_PERFORMANCE_PRESENT,693.0,3.0,6.0,2.0,2.0,1,2,2,NOTE_PAID_METRIC_PRESENT,5,M2026-04,M2026-08,0.04,34.0,4.0,0.0,UNALIGNED (creator snapshot window vs paid Apr-Aug closed months)
6502e6d0000000001e02a62e,小户型大布局🔥套内85m2户型❓🚗不翻车,2023-09-14 20:34,video,47.0,CREATOR_PERFORMANCE_PRESENT,881.0,3.0,6.0,3.0,3.0,1,2,2,PAID_ASSOCIATED_NO_METRIC_RECORD,0,,,,,,,UNALIGNED (creator snapshot window vs paid Apr-Aug closed months)
65043265000000001e02f175,8大细节➕中岛布局🔥开放式厨房装修设计,2023-09-15 18:31,video,279.0,CREATOR_PERFORMANCE_PRESENT,2840.0,7.0,30.0,0.0,7.0,1,2,2,NOTE_PAID_METRIC_PRESENT,4,M2026-04,M2026-08,0.03,12.0,3.0,0.0,UNALIGNED (creator snapshot window vs paid Apr-Aug closed months)
65043a54000000001f007772,"一分耕耘一分收获,问问自己今天有认真工作?",2023-09-15 20:33,video,10.0,CREATOR_PERFORMANCE_PRESENT,763.0,1.0,0.0,0.0,0.0,1,2,2,PAID_ASSOCIATED_NO_METRIC_RECORD,0,,,,,,,UNALIGNED (creator snapshot window vs paid Apr-Aug closed months)
65058b12000000001e00d9c9,5大标准➕中岛布局🔥的5个岛台尺寸核心❗,2023-09-16 19:53,video,135.0,CREATOR_PERFORMANCE_PRESENT,548.0,1.0,6.0,1.0,2.0,0,0,0,NO_PAID_ASSOCIATION_OBSERVED,0,,,,,,,UNALIGNED (creator snapshot window vs paid Apr-Aug closed months)
650597af000000001d0177de,推荐5大类➕中岛布局🔥的不翻车核心标准,2023-09-17 19:53,video,116.0,CREATOR_PERFORMANCE_PRESENT,575.0,1.0,2.0,0.0,1.0,1,2,2,NOTE_PAID_METRIC_PRESENT,1,M2026-05,M2026-05,0.0,1.0,0.0,0.0,UNALIGNED (creator snapshot window vs paid Apr-Aug closed months)
6507b26d000000001e02dde1,客户案例🔥套内小户型85m2布局🚗不翻车,2023-09-18 11:12,video,23.0,CREATOR_PERFORMANCE_PRESENT,739.0,4.0,1.0,0.0,0.0,1,2,2,PAID_ASSOCIATED_NO_METRIC_RECORD,0,,,,,,,UNALIGNED (creator snapshot window vs paid Apr-Aug closed months)
6507b92f000000001f038941,小户型装套内🔥80m2能做岛台❓🚗不翻车,2023-09-22 20:33,video,54.0,CREATOR_PERFORMANCE_PRESENT,456.0,1.0,1.0,0.0,1.0,1,2,2,NOTE_PAID_METRIC_PRESENT,1,M2026-06,M2026-06,0.0,1.0,0.0,0.0,UNALIGNED (creator snapshot window vs paid Apr-Aug closed months)
6507bf5b0000000020001d14,买前必看🔥套内80m2装岛台案例❓不想踩坑,2023-09-18 20:52,video,39.0,CREATOR_PERFORMANCE_PRESENT,560.0,1.0,2.0,2.0,0.0,1,2,2,PAID_ASSOCIATED_NO_METRIC_RECORD,0,,,,,,,UNALIGNED (creator snapshot window vs paid Apr-Aug closed months)
6507c488000000001f037838,小户型大布局🔥套内85m2户型❓🚗不翻车,2023-09-19 11:00,video,64.0,CREATOR_PERFORMANCE_PRESENT,597.0,2.0,3.0,0.0,3.0,1,2,2,NOTE_PAID_METRIC_PRESENT,1,M2026-04,M2026-04,0.0,1.0,0.0,0.0,UNALIGNED (creator snapshot window vs paid Apr-Aug closed months)
6507c6db000000001f00628f,"80m2厨房✅,被问爆的岛台安装&设计来啦!",2023-09-20 11:00,video,21.0,CREATOR_PERFORMANCE_PRESENT,530.0,0.0,0.0,0.0,0.0,1,2,2,PAID_ASSOCIATED_NO_METRIC_RECORD,0,,,,,,,UNALIGNED (creator snapshot window vs paid Apr-Aug closed months)
6507f547000000001f036755,套内80m2能做🔥原木风岛台❓🚗不翻车,2023-09-21 11:00,video,73.0,CREATOR_PERFORMANCE_PRESENT,523.0,1.0,3.0,0.0,2.0,1,2,2,NOTE_PAID_METRIC_PRESENT,2,M2026-05,M2026-06,0.0,3.0,0.0,0.0,UNALIGNED (creator snapshot window vs paid Apr-Aug closed months)
6507f8df000000001e02869b,开放式➕意式风🔥这家厨房2023年开挂了!,2023-09-22 11:00,video,41.0,CREATOR_PERFORMANCE_PRESENT,876.0,1.0,0.0,0.0,1.0,1,2,2,NOTE_PAID_METRIC_PRESENT,2,M2026-06,M2026-07,0.0,3.0,0.0,0.0,UNALIGNED (creator snapshot window vs paid Apr-Aug closed months)
6507feea000000001f037c9a,装吧岛台避坑⚠️买前看好4点❗别交智商税,2023-09-19 20:47,video,30.0,CREATOR_PERFORMANCE_PRESENT,563.0,1.0,2.0,0.0,0.0,1,2,2,PAID_ASSOCIATED_NO_METRIC_RECORD,0,,,,,,,UNALIGNED (creator snapshot window vs paid Apr-Aug closed months)
650804a9000000001f006838,2023年蕞火⚠️圆弧岛台避坑❗买前看好4点,2023-09-20 20:39,video,67.0,CREATOR_PERFORMANCE_PRESENT,665.0,3.0,3.0,0.0,1.0,0,0,0,NO_PAID_ASSOCIATION_OBSERVED,0,,,,,,,UNALIGNED (creator snapshot window vs paid Apr-Aug closed months)
65080ae0000000001e020f0f,就是它圆弧岛台⚠️我老婆喜欢的这款岛台❗,2023-09-23 11:00,video,66.0,CREATOR_PERFORMANCE_PRESENT,529.0,2.0,1.0,4.0,2.0,1,2,2,NOTE_PAID_METRIC_PRESENT,5,M2026-04,M2026-08,3.5,61.0,3.0,0.0,UNALIGNED (creator snapshot window vs paid Apr-Aug closed months)
65081b6b000000001e0205f3,不懂得⚠️奶油风8大要点❗🚗难怪你翻车,2023-09-18 17:42,video,80.0,CREATOR_PERFORMANCE_PRESENT,815.0,6.0,3.0,4.0,4.0,1,2,2,NOTE_PAID_METRIC_PRESENT,5,M2026-04,M2026-08,0.43,48.0,5.0,0.0,UNALIGNED (creator snapshot window vs paid Apr-Aug closed months)
65097e20000000001e00ca76,"问题从来都不是答案,有没有把服务做到再好",2023-09-25 11:00,video,15.0,CREATOR_PERFORMANCE_PRESENT,479.0,0.0,0.0,0.0,0.0,1,2,2,NOTE_PAID_METRIC_PRESENT,1,M2026-07,M2026-07,0.0,1.0,0.0,0.0,UNALIGNED (creator snapshot window vs paid Apr-Aug closed months)
65098e58000000001e03ee2a,3个万能技巧🆘手残党福音❗新手抄作业,2023-09-19 20:04,video,113.0,CREATOR_PERFORMANCE_PRESENT,566.0,2.0,3.0,2.0,1.0,1,2,2,NOTE_PAID_METRIC_PRESENT,5,M2026-04,M2026-08,1.38,20.0,1.0,0.0,UNALIGNED (creator snapshot window vs paid Apr-Aug closed months)
650aa612000000001f006376,大平层不懂做岛台❓3个无法拒绝岛台的理由,2023-09-20 17:00,video,108.0,CREATOR_PERFORMANCE_PRESENT,663.0,3.0,2.0,0.0,2.0,1,2,2,NOTE_PAID_METRIC_PRESENT,1,M2026-07,M2026-07,0.0,1.0,0.0,0.0,UNALIGNED (creator snapshot window vs paid Apr-Aug closed months)
650c0621000000001e03efb2,小户型岛台实用吗? 4个理由为啥不做餐桌?,2023-09-21 17:00,video,42.0,CREATOR_PERFORMANCE_PRESENT,2129.0,9.0,5.0,0.0,5.0,1,2,2,NOTE_PAID_METRIC_PRESENT,4,M2026-04,M2026-07,0.02,6.0,2.0,0.0,UNALIGNED (creator snapshot window vs paid Apr-Aug closed months)
650d4473000000001f036902,进门就是厨房🏠岛台这样做显大又实用👀,2023-09-22 17:00,video,29.0,CREATOR_PERFORMANCE_PRESENT,894.0,3.0,4.0,0.0,1.0,1,2,2,NOTE_PAID_METRIC_PRESENT,4,M2026-04,M2026-07,0.33,32.0,5.0,0.0,UNALIGNED (creator snapshot window vs paid Apr-Aug closed months)
650d68b1000000001f005742,餐厨做岛台如何避坑⚠️细节干货收藏起来❗,2023-09-23 17:00,video,63.0,CREATOR_PERFORMANCE_PRESENT,23701.0,108.0,149.0,15.0,32.0,1,2,2,NOTE_PAID_METRIC_PRESENT,5,M2026-04,M2026-08,0.01,7.0,1.0,0.0,UNALIGNED (creator snapshot window vs paid Apr-Aug closed months)
650d7c6c000000001e0306a1,2023年爆款预测🔥微水泥奶油风❗伸缩岛台,2023-09-27 20:35,video,64.0,CREATOR_PERFORMANCE_PRESENT,502.0,0.0,4.0,0.0,1.0,1,2,2,NOTE_PAID_METRIC_PRESENT,2,M2026-04,M2026-05,0.0,2.0,0.0,0.0,UNALIGNED (creator snapshot window vs paid Apr-Aug closed months)
650d82f6000000001e02d1c7,被问N遍的🔥中岛台九做九不做✅2.0来了!,2023-09-27 17:00,video,74.0,CREATOR_PERFORMANCE_PRESENT,546.0,7.0,3.0,0.0,0.0,1,2,2,NOTE_PAID_METRIC_PRESENT,3,M2026-04,M2026-06,0.13,7.0,1.0,0.0,UNALIGNED (creator snapshot window vs paid Apr-Aug closed months)
650d874d000000001f004907,餐厨房套内80m2🔥岛台大布局❓🚗不翻车,2023-09-27 11:00,video,49.0,CREATOR_PERFORMANCE_PRESENT,476.0,1.0,0.0,0.0,0.0,1,2,2,NOTE_PAID_METRIC_PRESENT,1,M2026-07,M2026-07,0.0,1.0,0.0,0.0,UNALIGNED (creator snapshot window vs paid Apr-Aug closed months)
650e8d36000000001e0210a9,套内60m2小户型🔥布局中岛台❓🚗不翻车,2023-09-26 11:00,video,38.0,CREATOR_PERFORMANCE_PRESENT,3225.0,32.0,23.0,10.0,11.0,1,2,2,NOTE_PAID_METRIC_PRESENT,3,M2026-04,M2026-06,0.01,5.0,1.0,0.0,UNALIGNED (creator snapshot window vs paid Apr-Aug closed months)
650e94f4000000001e0233b1,99%的人不懂🔥7个意式元素🚗难怪你翻车,2023-09-26 17:00,video,151.0,CREATOR_PERFORMANCE_PRESENT,553.0,3.0,2.0,0.0,0.0,1,2,2,NOTE_PAID_METRIC_PRESENT,1,M2026-05,M2026-05,0.0,1.0,0.0,0.0,UNALIGNED (creator snapshot window vs paid Apr-Aug closed months)
650ea113000000001e0290e8,买前学会4点⚠️餐厨岛台避坑❗别交智商税,2023-09-26 20:38,video,55.0,CREATOR_PERFORMANCE_PRESENT,441.0,0.0,2.0,0.0,0.0,1,2,2,NOTE_PAID_METRIC_PRESENT,1,M2026-05,M2026-05,0.0,1.0,0.0,0.0,UNALIGNED (creator snapshot window vs paid Apr-Aug closed months)
650ed207000000001f004d91,小户型开间2.4米❗岛台尺寸布局避免踩坑❓,2023-09-24 17:00,video,98.0,CREATOR_PERFORMANCE_PRESENT,2482.0,4.0,6.0,2.0,2.0,1,2,2,NOTE_PAID_METRIC_PRESENT,5,M2026-04,M2026-08,5.81,70.0,9.0,0.0,UNALIGNED (creator snapshot window vs paid Apr-Aug closed months)
650ed4a0000000001e028c87,"思考是工匠必要条件,细节是失败的源头",2023-09-24 11:00,video,11.0,CREATOR_PERFORMANCE_PRESENT,650.0,1.0,0.0,0.0,0.0,1,2,2,PAID_ASSOCIATED_NO_METRIC_RECORD,0,,,,,,,UNALIGNED (creator snapshot window vs paid Apr-Aug closed months)
650edcb2000000001d014334,被催了100遍的中岛台六做六不做2.0来了!,2023-09-25 17:00,video,57.0,CREATOR_PERFORMANCE_PRESENT,564.0,4.0,9.0,0.0,0.0,1,2,2,NOTE_PAID_METRIC_PRESENT,4,M2026-04,M2026-08,0.01,9.0,1.0,0.0,UNALIGNED (creator snapshot window vs paid Apr-Aug closed months)
6513c527000000001e02ce24,中户型齐平岛🔥案例120m2入户🚗不翻车,2023-09-28 11:00,video,50.0,CREATOR_PERFORMANCE_PRESENT,719.0,0.0,1.0,0.0,1.0,1,2,2,PAID_ASSOCIATED_NO_METRIC_RECORD,0,,,,,,,UNALIGNED (creator snapshot window vs paid Apr-Aug closed months)
6513ccca000000001f0070dc,岛台8个实用性⚠️99%人不懂🚗难怪你翻车,2023-09-28 17:00,video,279.0,CREATOR_PERFORMANCE_PRESENT,32186.0,220.0,339.0,15.0,67.0,1,2,2,NOTE_PAID_METRIC_PRESENT,4,M2026-05,M2026-08,0.06,7.0,2.0,0.0,UNALIGNED (creator snapshot window vs paid Apr-Aug closed months)
6513ce6f000000001e03ff42,小户型套内🔥80m2能做T字岛台🚗不翻车,2023-09-28 20:31,video,33.0,CREATOR_PERFORMANCE_PRESENT,727.0,2.0,3.0,0.0,1.0,1,2,2,NOTE_PAID_METRIC_PRESENT,2,M2026-04,M2026-07,0.28,2.0,1.0,0.0,UNALIGNED (creator snapshot window vs paid Apr-Aug closed months)
6513d048000000001f03450f,新房入户岛台🔥买前看好4点❗别交智商税,2023-09-29 11:00,video,64.0,CREATOR_PERFORMANCE_PRESENT,936.0,5.0,8.0,0.0,6.0,1,2,2,NOTE_PAID_METRIC_PRESENT,2,M2026-05,M2026-06,0.0,2.0,0.0,0.0,UNALIGNED (creator snapshot window vs paid Apr-Aug closed months)
6513d286000000001f004754,救命🆘我好像发现了岛台四大避坑指南🔑,2023-09-29 17:00,video,197.0,CREATOR_PERFORMANCE_PRESENT,739.0,2.0,6.0,0.0,2.0,1,2,2,NOTE_PAID_METRIC_PRESENT,1,M2026-04,M2026-04,0.0,1.0,0.0,0.0,UNALIGNED (creator snapshot window vs paid Apr-Aug closed months)
6513d3cd000000001f03ee8a,悬浮岛台避坑⚠️买前看好4点❗别交智商税,2023-09-29 20:25,video,37.0,CREATOR_PERFORMANCE_PRESENT,541.0,3.0,1.0,0.0,1.0,1,2,2,NOTE_PAID_METRIC_PRESENT,4,M2026-04,M2026-07,0.0,8.0,0.0,0.0,UNALIGNED (creator snapshot window vs paid Apr-Aug closed months)
6513d5f6000000001d0161e5,2023年最火预测🔥微水泥奶油风❗伸缩岛台,2023-09-30 11:00,video,64.0,CREATOR_PERFORMANCE_PRESENT,1920.0,30.0,42.0,3.0,8.0,1,2,2,NOTE_PAID_METRIC_PRESENT,5,M2026-04,M2026-08,0.0,10.0,0.0,0.0,UNALIGNED (creator snapshot window vs paid Apr-Aug closed months)
6513d6d3000000001e00e8bb,掌握5大🔥核心尺寸标准❗🚗保你不翻车,2023-09-30 17:00,video,135.0,CREATOR_PERFORMANCE_PRESENT,664.0,3.0,5.0,0.0,1.0,1,2,2,NOTE_PAID_METRIC_PRESENT,3,M2026-04,M2026-06,0.01,10.0,1.0,0.0,UNALIGNED (creator snapshot window vs paid Apr-Aug closed months)
6513d8780000000020001214,G寓40m2装岛台🔥买前看好3点❗别交智商税,2023-09-30 20:47,video,87.0,CREATOR_PERFORMANCE_PRESENT,499.0,1.0,3.0,0.0,3.0,1,2,2,NOTE_PAID_METRIC_PRESENT,2,M2026-04,M2026-05,0.0,3.0,0.0,0.0,UNALIGNED (creator snapshot window vs paid Apr-Aug closed months)
6513de540000000020002c99,套内40m2小户型🔥装齐平岛入户🚗不翻车,2023-10-01 11:00,video,40.0,CREATOR_PERFORMANCE_PRESENT,683.0,0.0,2.0,0.0,0.0,1,2,2,NOTE_PAID_METRIC_PRESENT,1,M2026-05,M2026-05,0.08,1.0,1.0,0.0,UNALIGNED (creator snapshot window vs paid Apr-Aug closed months)
6513e021000000001f0075bd,看完这个视频🆘你再决定要不要做岛台❗,2023-10-01 17:00,video,115.0,CREATOR_PERFORMANCE_PRESENT,5564.0,36.0,55.0,7.0,6.0,1,2,2,NOTE_PAID_METRIC_PRESENT,5,M2026-04,M2026-08,0.7,44.0,10.0,0.0,UNALIGNED (creator snapshot window vs paid Apr-Aug closed months)
6513e359000000001e021b6a,小户型G寓楼🔥85m2能做岛台❓🚗不翻车,2023-10-02 11:00,video,99.0,CREATOR_PERFORMANCE_PRESENT,536.0,3.0,5.0,0.0,2.0,1,2,2,PAID_ASSOCIATED_NO_METRIC_RECORD,0,,,,,,,UNALIGNED (creator snapshot window vs paid Apr-Aug closed months)
6513ebf30000000020002c97,套内160m2装🔥岛台入户案例❓🚗不翻车,2023-10-02 17:00,video,38.0,CREATOR_PERFORMANCE_PRESENT,469.0,1.0,1.0,0.0,0.0,1,2,2,NOTE_PAID_METRIC_PRESENT,1,M2026-04,M2026-04,0.0,1.0,0.0,0.0,UNALIGNED (creator snapshot window vs paid Apr-Aug closed months)
6513ed86000000001f0397a4,"撑握5个⚠️核心灯光元素,❗🚗保你不翻车",2023-10-02 20:52,video,158.0,CREATOR_PERFORMANCE_PRESENT,708.0,4.0,3.0,0.0,1.0,0,0,0,NO_PAID_ASSOCIATION_OBSERVED,0,,,,,,,UNALIGNED (creator snapshot window vs paid Apr-Aug closed months)
6525fb8f000000001e00f768,G寓楼装岛台🔥客户案例❗餐厅显大还实用,2023-10-11 11:00,video,60.0,CREATOR_PERFORMANCE_PRESENT,401.0,2.0,2.0,1.0,2.0,1,2,2,NOTE_PAID_METRIC_PRESENT,3,M2026-04,M2026-06,0.0,4.0,0.0,0.0,UNALIGNED (creator snapshot window vs paid Apr-Aug closed months)
65260089000000001e00c9f4,救命🆘岛台大牌工厂性价比被我找到了💡,2023-10-11 17:00,video,74.0,CREATOR_PERFORMANCE_PRESENT,326.0,0.0,1.0,0.0,1.0,1,2,2,NOTE_PAID_METRIC_PRESENT,3,M2026-04,M2026-08,0.0,5.0,0.0,0.0,UNALIGNED (creator snapshot window vs paid Apr-Aug closed months)
65260153000000001d01526e,经典岛台避坑⚠️买前看好3点❗别交智商税,2023-10-11 20:46,video,46.0,CREATOR_PERFORMANCE_PRESENT,414.0,0.0,0.0,0.0,0.0,1,2,2,NOTE_PAID_METRIC_PRESENT,1,M2026-07,M2026-07,0.0,1.0,0.0,0.0,UNALIGNED (creator snapshot window vs paid Apr-Aug closed months)
6526057e000000002000040f,套内80m2G寓🔥岛台入户案例❓🚗不翻车,2023-10-12 11:00,video,38.0,CREATOR_PERFORMANCE_PRESENT,369.0,2.0,0.0,0.0,0.0,1,2,2,NOTE_PAID_METRIC_PRESENT,1,M2026-07,M2026-07,0.0,2.0,0.0,0.0,UNALIGNED (creator snapshot window vs paid Apr-Aug closed months)
65260733000000001f007d4e,99%的人不懂⚠️定制岛台4个方法来啦❗神了,2023-10-12 17:00,video,199.0,CREATOR_PERFORMANCE_PRESENT,433.0,1.0,2.0,0.0,2.0,1,2,2,NOTE_PAID_METRIC_PRESENT,2,M2026-05,M2026-08,0.84,3.0,1.0,0.0,UNALIGNED (creator snapshot window vs paid Apr-Aug closed months)
65260ace000000001e023539,这才是🔥70M2G寓案例⚠️打开正确坊式,2023-10-12 20:35,video,77.0,CREATOR_PERFORMANCE_PRESENT,334.0,0.0,1.0,0.0,1.0,1,2,2,NOTE_PAID_METRIC_PRESENT,5,M2026-04,M2026-08,0.0,8.0,0.0,0.0,UNALIGNED (creator snapshot window vs paid Apr-Aug closed months)
65260ea8000000001e02fe9d,入户案例岛台🔥买前学会4个❗别交智商税,2023-10-13 11:00,video,39.0,CREATOR_PERFORMANCE_PRESENT,470.0,0.0,1.0,0.0,1.0,1,2,2,NOTE_PAID_METRIC_PRESENT,3,M2026-04,M2026-08,0.0,3.0,0.0,0.0,UNALIGNED (creator snapshot window vs paid Apr-Aug closed months)
652610dc000000002000036e,岛台怎么做才好❓1分钟治好选择困难症⚠️,2023-10-13 17:00,video,66.0,CREATOR_PERFORMANCE_PRESENT,538.0,2.0,5.0,1.0,3.0,1,2,2,NOTE_PAID_METRIC_PRESENT,3,M2026-04,M2026-08,0.0,6.0,0.0,0.0,UNALIGNED (creator snapshot window vs paid Apr-Aug closed months)
6526147c000000001e00cd6e,小户型G寓楼🔥30m2能做岛台❓🚗不翻车,2023-10-13 20:19,video,88.0,CREATOR_PERFORMANCE_PRESENT,369.0,1.0,3.0,0.0,0.0,1,2,2,NOTE_PAID_METRIC_PRESENT,1,M2026-05,M2026-05,0.0,1.0,0.0,0.0,UNALIGNED (creator snapshot window vs paid Apr-Aug closed months)
6526387e000000001e00cc07,今年爆款必看🔥轻法式奶油风❗️餐桌岛台,2023-10-14 11:00,video,38.0,CREATOR_PERFORMANCE_PRESENT,366.0,0.0,0.0,0.0,0.0,1,2,2,NOTE_PAID_METRIC_PRESENT,2,M2026-04,M2026-06,0.0,3.0,0.0,0.0,UNALIGNED (creator snapshot window vs paid Apr-Aug closed months)
652666cf000000001e00e3fe,意式风装修教程来啦🔥4步学会万能技法❗,2023-10-14 17:00,video,108.0,CREATOR_PERFORMANCE_PRESENT,449.0,3.0,6.0,2.0,1.0,1,2,2,NOTE_PAID_METRIC_PRESENT,2,M2026-04,M2026-07,0.0,2.0,0.0,0.0,UNALIGNED (creator snapshot window vs paid Apr-Aug closed months)
652a750e000000001e00cce1,新房装修❗油奶风伸缩岛台✅收藏这一篇就够,2023-10-15 00:00,video,64.0,CREATOR_PERFORMANCE_PRESENT,397.0,0.0,1.0,0.0,1.0,1,2,2,PAID_ASSOCIATED_NO_METRIC_RECORD,0,,,,,,,UNALIGNED (creator snapshot window vs paid Apr-Aug closed months)
652a75b0000000001e029a4a,救命🆘我好像发现5️⃣类岛台抄家底合集,2023-10-15 17:00,video,116.0,CREATOR_PERFORMANCE_PRESENT,519.0,0.0,2.0,0.0,0.0,1,2,2,PAID_ASSOCIATED_NO_METRIC_RECORD,0,,,,,,,UNALIGNED (creator snapshot window vs paid Apr-Aug closed months)
652bb4b0000000001d015be3,99%人不懂设计误区❓3个无法拒绝岛台的理由,2023-10-16 11:00,video,108.0,CREATOR_PERFORMANCE_PRESENT,422.0,0.0,0.0,0.0,0.0,1,2,2,PAID_ASSOCIATED_NO_METRIC_RECORD,0,,,,,,,UNALIGNED (creator snapshot window vs paid Apr-Aug closed months)
652bde3a000000001e02b76e,5步教你不走弯路⚠️选岛台尺寸🚗不翻车,2023-10-16 17:00,video,135.0,CREATOR_PERFORMANCE_PRESENT,636.0,5.0,6.0,0.0,0.0,1,2,2,NOTE_PAID_METRIC_PRESENT,1,M2026-04,M2026-04,0.0,1.0,0.0,0.0,UNALIGNED (creator snapshot window vs paid Apr-Aug closed months)
652d3203000000001e0291eb,不懂得⚠️奶油风8大要点❗🚗难怪你翻车,2023-10-17 17:00,video,80.0,CREATOR_PERFORMANCE_PRESENT,398.0,0.0,1.0,0.0,1.0,1,2,2,NOTE_PAID_METRIC_PRESENT,5,M2026-04,M2026-08,0.04,26.0,4.0,0.0,UNALIGNED (creator snapshot window vs paid Apr-Aug closed months)
652d3266000000001f0360df,套内80m2G寓🔥岛台入户案例❗🚗不翻车,2023-10-17 11:00,video,8.0,CREATOR_PERFORMANCE_PRESENT,516.0,0.0,0.0,0.0,1.0,1,2,2,NOTE_PAID_METRIC_PRESENT,1,M2026-04,M2026-04,0.0,3.0,0.0,0.0,UNALIGNED (creator snapshot window vs paid Apr-Aug closed months)
652f3d80000000001e03d032,注意⚠️奶油风岛台7大装修详解🚗不翻车,2023-10-18 17:00,video,202.0,CREATOR_PERFORMANCE_PRESENT,582.0,3.0,3.0,0.0,0.0,1,2,2,PAID_ASSOCIATED_NO_METRIC_RECORD,0,,,,,,,UNALIGNED (creator snapshot window vs paid Apr-Aug closed months)
652f3f7a000000001f00749b,"8m2小厨房✅,被问爆的岛台安装&设计来啦!",2023-10-18 15:04,video,23.0,CREATOR_PERFORMANCE_PRESENT,671.0,0.0,1.0,0.0,0.0,1,2,2,NOTE_PAID_METRIC_PRESENT,5,M2026-04,M2026-08,0.0,22.0,0.0,0.0,UNALIGNED (creator snapshot window vs paid Apr-Aug closed months)
6530cab8000000001e00dd6a,奶油风配怎样岛台⚠️懂5点你岛好看又实用,2023-10-19 14:20,video,48.0,CREATOR_PERFORMANCE_PRESENT,522.0,1.0,1.0,0.0,0.0,1,2,2,PAID_ASSOCIATED_NO_METRIC_RECORD,0,,,,,,,UNALIGNED (creator snapshot window vs paid Apr-Aug closed months)
6530f0370000000020003a3e,救命🆘我好像发现伸缩岛台避坑的密码🔑,2023-10-19 17:00,video,191.0,CREATOR_PERFORMANCE_PRESENT,12716.0,202.0,188.0,18.0,23.0,1,2,2,NOTE_PAID_METRIC_PRESENT,5,M2026-04,M2026-08,0.0,15.0,0.0,0.0,UNALIGNED (creator snapshot window vs paid Apr-Aug closed months)
6530f56b0000000020001851,来佛山找我定制岛台🆘佛山辉䎐请求出战,2023-10-19 20:49,video,14.0,CREATOR_PERFORMANCE_PRESENT,509.0,2.0,0.0,0.0,0.0,1,2,2,NOTE_PAID_METRIC_PRESENT,2,M2026-04,M2026-05,0.0,6.0,0.0,0.0,UNALIGNED (creator snapshot window vs paid Apr-Aug closed months)
653215c4000000001f036589,小户型配怎样岛台⚠️读懂这5点🚗不翻车,2023-10-20 13:53,video,48.0,CREATOR_PERFORMANCE_PRESENT,1843.0,7.0,6.0,0.0,2.0,1,2,2,NOTE_PAID_METRIC_PRESENT,1,M2026-05,M2026-05,0.0,2.0,0.0,0.0,UNALIGNED (creator snapshot window vs paid Apr-Aug closed months)
65326a2f000000001d016284,2023年必看视频🆘你再决定要不要做岛台❗,2023-10-20 19:53,video,115.0,CREATOR_PERFORMANCE_PRESENT,16093.0,81.0,100.0,27.0,24.0,1,2,2,NOTE_PAID_METRIC_PRESENT,5,M2026-04,M2026-08,0.62,26.0,3.0,0.0,UNALIGNED (creator snapshot window vs paid Apr-Aug closed months)
65326e4e000000001e00f8d7,意式岛台避坑⚠️买前看好3点❗别交智商税,2023-10-20 22:11,video,46.0,CREATOR_PERFORMANCE_PRESENT,634.0,3.0,1.0,0.0,1.0,1,2,2,NOTE_PAID_METRIC_PRESENT,1,M2026-06,M2026-06,0.0,1.0,0.0,0.0,UNALIGNED (creator snapshot window vs paid Apr-Aug closed months)
653369eb000000001f0371b1,2023年潮流预测🔥微水泥奶油风伸缩岛台,2023-10-21 14:04,video,43.0,CREATOR_PERFORMANCE_PRESENT,624.0,4.0,6.0,3.0,2.0,0,0,0,NO_PAID_ASSOCIATION_OBSERVED,0,,,,,,,UNALIGNED (creator snapshot window vs paid Apr-Aug closed months)
65339717000000001f03566a,小户型岛台实用吗? 4个理由为啥不做餐桌?,2023-10-21 17:17,video,42.0,CREATOR_PERFORMANCE_PRESENT,4474.0,12.0,14.0,3.0,3.0,1,2,2,NOTE_PAID_METRIC_PRESENT,3,M2026-04,M2026-08,0.03,26.0,1.0,0.0,UNALIGNED (creator snapshot window vs paid Apr-Aug closed months)
6533cc95000000001e02db3d,救命🆘岛台工厂大牌平替被我找到了❗💡,2023-10-22 17:50,video,74.0,CREATOR_PERFORMANCE_PRESENT,575.0,2.0,2.0,0.0,0.0,1,2,2,NOTE_PAID_METRIC_PRESENT,3,M2026-04,M2026-08,0.0,8.0,0.0,0.0,UNALIGNED (creator snapshot window vs paid Apr-Aug closed months)
6533ce70000000001f036ec2,悬浮岛台避坑⚠️买前看好4点❗别交智商税,2023-10-21 21:13,video,37.0,CREATOR_PERFORMANCE_PRESENT,785.0,2.0,6.0,0.0,3.0,1,2,2,NOTE_PAID_METRIC_PRESENT,2,M2026-04,M2026-05,0.29,4.0,1.0,0.0,UNALIGNED (creator snapshot window vs paid Apr-Aug closed months)
6533d06e000000001f03d3c4,套内120m2G寓🔥岛台入户案例❗🚗不翻车,2023-10-22 11:00,video,28.0,CREATOR_PERFORMANCE_PRESENT,651.0,0.0,0.0,0.0,1.0,1,2,2,NOTE_PAID_METRIC_PRESENT,2,M2026-04,M2026-07,0.0,2.0,0.0,0.0,UNALIGNED (creator snapshot window vs paid Apr-Aug closed months)
6533eb95000000001d016265,厨房装修9款中岛台❗️第二次千万别装错了,2023-10-22 20:17,video,55.0,CREATOR_PERFORMANCE_PRESENT,653.0,4.0,5.0,0.0,2.0,1,2,2,NOTE_PAID_METRIC_PRESENT,1,M2026-07,M2026-07,0.0,1.0,0.0,0.0,UNALIGNED (creator snapshot window vs paid Apr-Aug closed months)
6535e1fd000000001f03e179,装修入户岛台🔥买前看好4点❗别交智商税,2023-10-23 11:27,video,64.0,CREATOR_PERFORMANCE_PRESENT,581.0,1.0,0.0,2.0,1.0,1,2,2,NOTE_PAID_METRIC_PRESENT,2,M2026-04,M2026-05,0.0,6.0,0.0,0.0,UNALIGNED (creator snapshot window vs paid Apr-Aug closed months)
6535e996000000001f034ac9,我发现🆘超绝密岛台万能灯光🔥6个逻辑,2023-10-23 17:00,video,158.0,CREATOR_PERFORMANCE_PRESENT,2938.0,24.0,30.0,0.0,11.0,0,0,0,NO_PAID_ASSOCIATION_OBSERVED,0,,,,,,,UNALIGNED (creator snapshot window vs paid Apr-Aug closed months)
6535f334000000001e0333e4,99%不懂原木风设计❓3个无法拒绝岛台的理由,2023-10-23 20:14,video,108.0,CREATOR_PERFORMANCE_PRESENT,656.0,1.0,2.0,0.0,2.0,1,2,2,PAID_ASSOCIATED_NO_METRIC_RECORD,0,,,,,,,UNALIGNED (creator snapshot window vs paid Apr-Aug closed months)
653756c4000000001f03d449,作弊指南⚠️99%不懂意式风😏装修显高级,2023-10-24 13:31,video,48.0,CREATOR_PERFORMANCE_PRESENT,538.0,2.0,0.0,0.0,1.0,1,2,2,NOTE_PAID_METRIC_PRESENT,1,M2026-07,M2026-07,0.0,1.0,0.0,0.0,UNALIGNED (creator snapshot window vs paid Apr-Aug closed months)
65376aa7000000001e03f455,绝密🆘岛台工厂大牌平替被我找到了❗💡,2023-10-26 17:00,video,74.0,CREATOR_PERFORMANCE_PRESENT,536.0,0.0,0.0,0.0,2.0,1,2,2,NOTE_PAID_METRIC_PRESENT,4,M2026-04,M2026-07,0.01,23.0,1.0,0.0,UNALIGNED (creator snapshot window vs paid Apr-Aug closed months)
65376d00000000001d017824,谁看谁懂🔥不翻车🚗套内60m2案例岛台!,2023-10-26 11:00,video,38.0,CREATOR_PERFORMANCE_PRESENT,541.0,0.0,1.0,0.0,0.0,1,2,2,NOTE_PAID_METRIC_PRESENT,1,M2026-06,M2026-06,0.0,1.0,0.0,0.0,UNALIGNED (creator snapshot window vs paid Apr-Aug closed months)
6537743d000000001f03c687,预警⚠️为啥要做岛台❓,2023-10-25 17:00,video,103.0,CREATOR_PERFORMANCE_PRESENT,673.0,2.0,1.0,0.0,2.0,1,2,2,NOTE_PAID_METRIC_PRESENT,1,M2026-05,M2026-05,0.0,3.0,0.0,0.0,UNALIGNED (creator snapshot window vs paid Apr-Aug closed months)
65377938000000001f037917,谁说小户型就不能做岛台?,2023-10-25 11:00,video,59.0,CREATOR_PERFORMANCE_PRESENT,678.0,2.0,1.0,0.0,0.0,1,2,2,NOTE_PAID_METRIC_PRESENT,2,M2026-04,M2026-07,0.11,2.0,1.0,0.0,UNALIGNED (creator snapshot window vs paid Apr-Aug closed months)
65377ec6000000001e02c1a9,99%懂得7个🔥核心意式元素⚠️装修显高级,2023-10-24 17:09,video,151.0,CREATOR_PERFORMANCE_PRESENT,642.0,6.0,4.0,0.0,2.0,1,2,2,NOTE_PAID_METRIC_PRESENT,2,M2026-05,M2026-06,0.0,2.0,0.0,0.0,UNALIGNED (creator snapshot window vs paid Apr-Aug closed months)
653786db000000001e03fa90,这才是🔥奶油白岛台餐桌⚠️打开正确坊式,2023-10-24 20:00,video,87.0,CREATOR_PERFORMANCE_PRESENT,742.0,4.0,4.0,5.0,0.0,1,2,2,NOTE_PAID_METRIC_PRESENT,2,M2026-04,M2026-05,0.0,2.0,0.0,0.0,UNALIGNED (creator snapshot window vs paid Apr-Aug closed months)
653b27d9000000001d014f59,被催了800遍的中岛台九做九不做2.0来了!,2023-10-27 17:00,video,76.0,CREATOR_PERFORMANCE_PRESENT,1792.0,14.0,20.0,1.0,3.0,1,2,2,NOTE_PAID_METRIC_PRESENT,4,M2026-04,M2026-07,1.41,23.0,1.0,0.0,UNALIGNED (creator snapshot window vs paid Apr-Aug closed months)
653b2a26000000001e02923e,不懂意式岛台⚠️买前看好4点❗别交智商税,2023-10-27 11:10,video,55.0,CREATOR_PERFORMANCE_PRESENT,645.0,2.0,2.0,0.0,0.0,1,2,2,NOTE_PAID_METRIC_PRESENT,4,M2026-04,M2026-08,0.01,4.0,1.0,0.0,UNALIGNED (creator snapshot window vs paid Apr-Aug closed months)
653b5a2d000000001e03de3e,小户型能布局岛台❓读懂这5点🚗❗不翻车,2023-10-27 20:21,video,48.0,CREATOR_PERFORMANCE_PRESENT,2081.0,12.0,7.0,0.0,4.0,1,2,2,NOTE_PAID_METRIC_PRESENT,1,M2026-07,M2026-07,0.0,1.0,0.0,0.0,UNALIGNED (creator snapshot window vs paid Apr-Aug closed months)
653cb459000000001f03948c,小户型拥有餐岛一体的秘密❗实用又好看的❓,2023-10-28 15:12,video,56.0,CREATOR_PERFORMANCE_PRESENT,783.0,1.0,0.0,0.0,0.0,1,2,2,NOTE_PAID_METRIC_PRESENT,2,M2026-05,M2026-07,0.0,3.0,0.0,0.0,UNALIGNED (creator snapshot window vs paid Apr-Aug closed months)
653cd165000000001e030e0f,好看又实用的餐厨厅🔥小户型岛台免踩坑,2023-10-28 17:16,video,98.0,CREATOR_PERFORMANCE_PRESENT,1604.0,6.0,11.0,0.0,2.0,1,2,2,NOTE_PAID_METRIC_PRESENT,1,M2026-08,M2026-08,0.0,1.0,0.0,0.0,UNALIGNED (creator snapshot window vs paid Apr-Aug closed months)
653ceccb000000001f0399c8,90%小白都避不开岛台误区❗后悔没早点看到,2023-10-28 20:11,video,34.0,CREATOR_PERFORMANCE_PRESENT,1163.0,6.0,2.0,2.0,1.0,1,2,2,PAID_ASSOCIATED_NO_METRIC_RECORD,0,,,,,,,UNALIGNED (creator snapshot window vs paid Apr-Aug closed months)
653dd5f4000000001f03abf5,谁说小户型不能做岛台❓看下分离式餐岛一体,2023-10-29 11:48,video,56.0,CREATOR_PERFORMANCE_PRESENT,687.0,2.0,1.0,0.0,1.0,1,2,2,NOTE_PAID_METRIC_PRESENT,4,M2026-04,M2026-07,0.0,8.0,0.0,0.0,UNALIGNED (creator snapshot window vs paid Apr-Aug closed months)
653e2bbf000000001e02c9dd,救命🆘我好像发现了岛台避坑的密码🔑,2023-10-29 17:54,video,191.0,CREATOR_PERFORMANCE_PRESENT,1320.0,10.0,13.0,0.0,0.0,1,2,2,NOTE_PAID_METRIC_PRESENT,3,M2026-04,M2026-06,0.0,7.0,0.0,0.0,UNALIGNED (creator snapshot window vs paid Apr-Aug closed months)
653e4966000000001f035fb6,餐厅做岛台如何避坑?细节干货收藏起来~,2023-10-29 20:59,video,49.0,CREATOR_PERFORMANCE_PRESENT,7734.0,26.0,43.0,0.0,34.0,1,2,2,PAID_ASSOCIATED_NO_METRIC_RECORD,0,,,,,,,UNALIGNED (creator snapshot window vs paid Apr-Aug closed months)
653f2a7d000000001e00f07f,99%不懂得🔥意式极简岛台⚠️装修显高级,2023-10-30 12:01,video,29.0,CREATOR_PERFORMANCE_PRESENT,716.0,0.0,0.0,0.0,0.0,0,0,0,NO_PAID_ASSOCIATION_OBSERVED,0,,,,,,,UNALIGNED (creator snapshot window vs paid Apr-Aug closed months)
653f7c2d000000001e03cd7f,看完就懂❗原木奶油风不腻的秘诀纯干货⚠️,2023-10-30 17:49,video,106.0,CREATOR_PERFORMANCE_PRESENT,559.0,2.0,3.0,0.0,0.0,1,2,2,NOTE_PAID_METRIC_PRESENT,2,M2026-04,M2026-05,0.0,3.0,0.0,0.0,UNALIGNED (creator snapshot window vs paid Apr-Aug closed months)
653fb174000000001f03622e,被问爆了800遍的岛台❗,2023-10-30 21:36,video,43.0,CREATOR_PERFORMANCE_PRESENT,742.0,0.0,2.0,0.0,2.0,1,2,2,NOTE_PAID_METRIC_PRESENT,2,M2026-05,M2026-07,0.0,4.0,0.0,0.0,UNALIGNED (creator snapshot window vs paid Apr-Aug closed months)
6540665f000000001f005eae,"进门就是厨房,做开放式厨房岛台超实用❗️",2023-10-31 10:28,video,38.0,CREATOR_PERFORMANCE_PRESENT,725.0,4.0,3.0,0.0,1.0,1,2,2,NOTE_PAID_METRIC_PRESENT,4,M2026-04,M2026-07,0.01,23.0,1.0,0.0,UNALIGNED (creator snapshot window vs paid Apr-Aug closed months)
6540ca51000000001e0327c4,救命🆘岛台工厂大牌平替被我找到了❗💡,2023-10-31 17:35,video,74.0,CREATOR_PERFORMANCE_PRESENT,719.0,2.0,2.0,1.0,2.0,1,2,2,NOTE_PAID_METRIC_PRESENT,2,M2026-04,M2026-07,0.0,6.0,0.0,0.0,UNALIGNED (creator snapshot window vs paid Apr-Aug closed months)
6540ec1b000000001e03d3f8,5点帮你让家里的岛台更实用❗,2023-10-31 20:21,video,87.0,CREATOR_PERFORMANCE_PRESENT,729.0,5.0,3.0,0.0,1.0,1,2,2,PAID_ASSOCIATED_NO_METRIC_RECORD,0,,,,,,,UNALIGNED (creator snapshot window vs paid Apr-Aug closed months)
6541cb75000000001e03de8a,小户型伸缩岛台餐厨显宽敞🔥收纳还是王炸,2023-11-01 11:52,video,37.0,CREATOR_PERFORMANCE_PRESENT,841.0,2.0,3.0,2.0,0.0,1,2,2,NOTE_PAID_METRIC_PRESENT,4,M2026-04,M2026-07,0.0,10.0,0.0,0.0,UNALIGNED (creator snapshot window vs paid Apr-Aug closed months)
65421900000000001f0360c9,救命🆘谁看谁懂🔥的5个岛台尺寸核心!,2023-11-01 17:23,video,135.0,CREATOR_PERFORMANCE_PRESENT,2793.0,27.0,47.0,11.0,10.0,1,2,2,NOTE_PAID_METRIC_PRESENT,5,M2026-04,M2026-08,18.87,505.0,64.0,1.0,UNALIGNED (creator snapshot window vs paid Apr-Aug closed months)
65424d36000000001e0220fd,被问爆10w➕小户型旋转伸缩岛台✅入户首选,2023-11-01 21:05,video,94.0,CREATOR_PERFORMANCE_PRESENT,2406.0,17.0,24.0,2.0,8.0,1,2,2,NOTE_PAID_METRIC_PRESENT,5,M2026-04,M2026-08,0.81,23.0,2.0,0.0,UNALIGNED (creator snapshot window vs paid Apr-Aug closed months)
654340ba000000001e0299de,请大数据把我推给🔥进门就是小厨房的户型,2023-11-02 14:24,video,120.0,CREATOR_PERFORMANCE_PRESENT,1284.0,6.0,6.0,1.0,3.0,1,2,2,NOTE_PAID_METRIC_PRESENT,5,M2026-04,M2026-08,9.29,387.0,51.0,0.0,UNALIGNED (creator snapshot window vs paid Apr-Aug closed months)
65436551000000001f03d8a6,救命🆘我好像发现定制岛台4个密码❗神了,2023-11-02 17:01,video,199.0,CREATOR_PERFORMANCE_PRESENT,1030.0,10.0,15.0,1.0,6.0,1,2,2,PAID_ASSOCIATED_NO_METRIC_RECORD,0,,,,,,,UNALIGNED (creator snapshot window vs paid Apr-Aug closed months)
6543afdb000000001e033bd6,小户型大布局🔥套内40m2G寓❓🚗不翻车,2023-11-02 22:19,video,49.0,CREATOR_PERFORMANCE_PRESENT,787.0,4.0,2.0,2.0,1.0,1,2,2,NOTE_PAID_METRIC_PRESENT,1,M2026-05,M2026-05,0.0,2.0,0.0,0.0,UNALIGNED (creator snapshot window vs paid Apr-Aug closed months)
654474a4000000001e03c726,作弊指南⚠️怎么选岛台😏意式装修显高级,2023-11-03 12:18,video,129.0,CREATOR_PERFORMANCE_PRESENT,1052.0,8.0,6.0,5.0,3.0,1,2,2,NOTE_PAID_METRIC_PRESENT,4,M2026-04,M2026-07,0.02,8.0,2.0,0.0,UNALIGNED (creator snapshot window vs paid Apr-Aug closed months)
6544c4a3000000001e00dd7c,罗马洞石岛台怎么选?看业主案例全分享👆,2023-11-03 18:00,video,131.0,CREATOR_PERFORMANCE_PRESENT,890.0,5.0,5.0,4.0,6.0,1,2,2,NOTE_PAID_METRIC_PRESENT,5,M2026-04,M2026-08,0.0,17.0,0.0,0.0,UNALIGNED (creator snapshot window vs paid Apr-Aug closed months)
6544d761000000001f038f12,请大数据把我推给🔥小户型进门就是厨房,2023-11-03 20:19,video,120.0,CREATOR_PERFORMANCE_PRESENT,347451.0,2700.0,2102.0,93.0,442.0,0,0,0,NO_PAID_ASSOCIATION_OBSERVED,0,,,,,,,UNALIGNED (creator snapshot window vs paid Apr-Aug closed months)
6544e4b5000000001f03b71c,避坑❗避坑❗懂得岛台海棠角3点绝密纯干货,2023-11-03 21:21,video,197.0,CREATOR_PERFORMANCE_PRESENT,1852.0,13.0,26.0,0.0,11.0,1,2,2,NOTE_PAID_METRIC_PRESENT,5,M2026-04,M2026-08,2.36,148.0,20.0,0.0,UNALIGNED (creator snapshot window vs paid Apr-Aug closed months)
65450c1a000000001f00681e,"小户型岛台这样做❗️餐厅宽敞实用,抄作业",2023-11-04 11:21,video,74.0,CREATOR_PERFORMANCE_PRESENT,1231.0,5.0,4.0,0.0,2.0,1,2,2,NOTE_PAID_METRIC_PRESENT,3,M2026-05,M2026-08,0.0,4.0,0.0,0.0,UNALIGNED (creator snapshot window vs paid Apr-Aug closed months)
65450d0e000000001f035b08,看完这个视频🆘你再决定要不要做岛台❗,2023-11-04 17:00,video,115.0,CREATOR_PERFORMANCE_PRESENT,1383.0,3.0,5.0,0.0,2.0,1,2,2,NOTE_PAID_METRIC_PRESENT,2,M2026-05,M2026-08,0.0,3.0,0.0,0.0,UNALIGNED (creator snapshot window vs paid Apr-Aug closed months)
65450f54000000001e02ef11,为啥不做餐桌!?️,2023-11-04 20:31,video,55.0,CREATOR_PERFORMANCE_PRESENT,1416.0,14.0,14.0,4.0,3.0,1,2,2,NOTE_PAID_METRIC_PRESENT,2,M2026-06,M2026-07,3.85,2.0,1.0,0.0,UNALIGNED (creator snapshot window vs paid Apr-Aug closed months)
654636ea000000001e030187,买小户型岛台这样问秘️好看结实又耐用👍,2023-11-05 17:00,video,84.0,CREATOR_PERFORMANCE_PRESENT,57179.0,4134.0,3282.0,73.0,220.0,1,2,2,NOTE_PAID_METRIC_PRESENT,1,M2026-08,M2026-08,0.0,2.0,0.0,0.0,UNALIGNED (creator snapshot window vs paid Apr-Aug closed months)
65463873000000001e02ccb0,意式轻奢风“岛台餐桌”送货安装实拍,2023-11-05 11:00,video,16.0,CREATOR_PERFORMANCE_PRESENT,1220.0,2.0,3.0,0.0,1.0,0,0,0,NO_PAID_ASSOCIATION_OBSERVED,0,,,,,,,UNALIGNED (creator snapshot window vs paid Apr-Aug closed months)
65463d9c000000001e03fb1d,200m2别墅装岛台⚠️买前看好❗别交智商税,2023-11-05 20:39,video,63.0,CREATOR_PERFORMANCE_PRESENT,1162.0,6.0,7.0,4.0,1.0,1,2,2,NOTE_PAID_METRIC_PRESENT,4,M2026-04,M2026-08,0.01,7.0,1.0,0.0,UNALIGNED (creator snapshot window vs paid Apr-Aug closed months)
65483c23000000001e00f291,岛台真好用吗?,2023-11-06 17:00,video,115.0,CREATOR_PERFORMANCE_PRESENT,1976.0,10.0,17.0,3.0,2.0,1,2,2,NOTE_PAID_METRIC_PRESENT,2,M2026-04,M2026-05,0.0,7.0,0.0,0.0,UNALIGNED (creator snapshot window vs paid Apr-Aug closed months)
65484ffb000000001e031daf,小户型空间有限秘️能做岛台吗!?️,2023-11-06 11:07,video,48.0,CREATOR_PERFORMANCE_PRESENT,1458.0,16.0,18.0,6.0,5.0,1,2,2,NOTE_PAID_METRIC_PRESENT,5,M2026-04,M2026-08,0.01,16.0,1.0,0.0,UNALIGNED (creator snapshot window vs paid Apr-Aug closed months)
654ba278000000003203b6c6,做用户需要的产品秘️也做自己生活的主理人,2023-11-08 23:00,video,162.0,CREATOR_PERFORMANCE_PRESENT,3586.0,29.0,10.0,6.0,4.0,0,0,0,NO_PAID_ASSOCIATION_OBSERVED,0,,,,,,,UNALIGNED (creator snapshot window vs paid Apr-Aug closed months)
654c4e030000000032036756,岛台是智商税? ⚠️为啥要做岛台❓,2023-11-09 11:12,video,99.0,CREATOR_PERFORMANCE_PRESENT,4154.0,33.0,18.0,30.0,11.0,0,0,0,NO_PAID_ASSOCIATION_OBSERVED,0,,,,,,,UNALIGNED (creator snapshot window vs paid Apr-Aug closed months)
654ce3480000000032036541,超详细❗️无广⛔️客餐厅定制看这一条够了,2023-11-09 21:48,video,143.0,CREATOR_PERFORMANCE_PRESENT,714.0,8.0,4.0,0.0,1.0,0,0,0,NO_PAID_ASSOCIATION_OBSERVED,0,,,,,,,UNALIGNED (creator snapshot window vs paid Apr-Aug closed months)
654ce5ea0000000032033ca0,反正我妈看完说💯给弟那套也上个岛台吧!,2023-11-09 23:00,video,28.0,CREATOR_PERFORMANCE_PRESENT,923.0,4.0,5.0,0.0,4.0,1,2,2,PAID_ASSOCIATED_NO_METRIC_RECORD,0,,,,,,,UNALIGNED (creator snapshot window vs paid Apr-Aug closed months)
654cea4e000000000f028244,小户型不能做岛台❓我都替你急了!拿去用吧,2023-11-10 11:11,video,118.0,CREATOR_PERFORMANCE_PRESENT,1126.0,14.0,11.0,1.0,5.0,1,2,2,NOTE_PAID_METRIC_PRESENT,4,M2026-04,M2026-08,0.01,5.0,1.0,0.0,UNALIGNED (creator snapshot window vs paid Apr-Aug closed months)
654cee910000000032035ab0,不豪华但简单温馨💕老公圆我最初期待的梦,2023-11-10 17:11,video,22.0,CREATOR_PERFORMANCE_PRESENT,811.0,1.0,0.0,4.0,1.0,1,2,2,NOTE_PAID_METRIC_PRESENT,1,M2026-05,M2026-05,0.0,1.0,0.0,0.0,UNALIGNED (creator snapshot window vs paid Apr-Aug closed months)
654cf335000000000f02b89a,140平👣精装改造👏成意式极简小区顶流,2023-11-10 23:00,video,97.0,CREATOR_PERFORMANCE_PRESENT,661.0,7.0,3.0,0.0,1.0,1,2,2,NOTE_PAID_METRIC_PRESENT,3,M2026-04,M2026-08,0.02,7.0,2.0,0.0,UNALIGNED (creator snapshot window vs paid Apr-Aug closed months)
654cfa6800000000330033e7,60-200m2通用⚠️一招教你搞妥岛台餐桌布局,2023-11-11 23:00,video,27.0,CREATOR_PERFORMANCE_PRESENT,992.0,7.0,5.0,0.0,6.0,1,2,2,NOTE_PAID_METRIC_PRESENT,1,M2026-04,M2026-04,0.0,1.0,0.0,0.0,UNALIGNED (creator snapshot window vs paid Apr-Aug closed months)
654d04f3000000003202ce01,我就做个岛台🆘再也不敢和网红谈合作了!,2023-11-11 20:00,video,116.0,CREATOR_PERFORMANCE_PRESENT,743.0,6.0,0.0,5.0,0.0,0,0,0,NO_PAID_ASSOCIATION_OBSERVED,0,,,,,,,UNALIGNED (creator snapshot window vs paid Apr-Aug closed months)
654d9784000000003203940b,"自从沙发后有了岛台,孩子都不愿意出门了",2023-11-11 11:11,video,31.0,CREATOR_PERFORMANCE_PRESENT,1008.0,12.0,4.0,2.0,7.0,1,2,2,NOTE_PAID_METRIC_PRESENT,4,M2026-04,M2026-07,0.34,15.0,2.0,0.0,UNALIGNED (creator snapshot window vs paid Apr-Aug closed months)
6551b5f70000000033000b08,听我一句劝💯小户型做岛台真的会变大👍,2023-11-13 19:00,video,31.0,CREATOR_PERFORMANCE_PRESENT,710.0,3.0,2.0,1.0,0.0,1,2,2,NOTE_PAID_METRIC_PRESENT,2,M2026-04,M2026-08,0.0,2.0,0.0,0.0,UNALIGNED (creator snapshot window vs paid Apr-Aug closed months)
65574dc9000000000f029c3a,岛台桌腿的选择会给颜值带来怎样的影响呢?,2023-11-17 19:26,video,34.0,CREATOR_PERFORMANCE_PRESENT,630.0,3.0,2.0,2.0,2.0,0,0,0,NO_PAID_ASSOCIATION_OBSERVED,0,,,,,,,UNALIGNED (creator snapshot window vs paid Apr-Aug closed months)
65574e43000000003300169d,岛台有必要吗?小户型岛台尺寸该怎么做,2023-11-17 21:00,video,24.0,CREATOR_PERFORMANCE_PRESENT,603.0,1.0,0.0,0.0,2.0,1,2,2,PAID_ASSOCIATED_NO_METRIC_RECORD,0,,,,,,,UNALIGNED (creator snapshot window vs paid Apr-Aug closed months)
65574eec000000003300a922,小户型入户门正对岛台🧐怎么设计布局显大,2023-11-17 22:00,video,40.0,CREATOR_PERFORMANCE_PRESENT,1370.0,9.0,6.0,4.0,2.0,1,2,2,NOTE_PAID_METRIC_PRESENT,5,M2026-04,M2026-08,0.27,75.0,8.0,0.0,UNALIGNED (creator snapshot window vs paid Apr-Aug closed months)
655825e70000000033004776,岛台内嵌电器怎么留尺寸呢?,2023-11-18 17:00,video,35.0,CREATOR_PERFORMANCE_PRESENT,501.0,0.0,0.0,0.0,0.0,0,0,0,NO_PAID_ASSOCIATION_OBSERVED,0,,,,,,,UNALIGNED (creator snapshot window vs paid Apr-Aug closed months)
65582685000000003202ea19,对天发誓🔥这个L型岛台真的......,2023-11-18 19:00,video,39.0,CREATOR_PERFORMANCE_PRESENT,1008.0,7.0,6.0,0.0,3.0,1,2,2,NOTE_PAID_METRIC_PRESENT,5,M2026-04,M2026-08,11.26,93.0,20.0,0.0,UNALIGNED (creator snapshot window vs paid Apr-Aug closed months)
655827740000000032033b6b,横厅沙发后岛台🏠横厅客餐厅一体设计👀,2023-11-18 21:00,video,55.0,CREATOR_PERFORMANCE_PRESENT,562.0,1.0,0.0,0.0,0.0,1,2,2,NOTE_PAID_METRIC_PRESENT,2,M2026-05,M2026-06,0.01,4.0,1.0,0.0,UNALIGNED (creator snapshot window vs paid Apr-Aug closed months)
655828cd0000000032039552,家里有必要做个岛台吗?,2023-11-19 17:00,video,47.0,CREATOR_PERFORMANCE_PRESENT,978.0,6.0,2.0,4.0,2.0,1,2,2,NOTE_PAID_METRIC_PRESENT,4,M2026-04,M2026-08,0.03,14.0,1.0,0.0,UNALIGNED (creator snapshot window vs paid Apr-Aug closed months)
65582951000000003300bd56,对天发誓🔥这款岛台高级感让我大跌眼镜!!,2023-11-19 19:00,video,62.0,CREATOR_PERFORMANCE_PRESENT,568.0,2.0,3.0,0.0,2.0,1,2,2,NOTE_PAID_METRIC_PRESENT,2,M2026-04,M2026-08,0.0,3.0,0.0,0.0,UNALIGNED (creator snapshot window vs paid Apr-Aug closed months)
655829b700000000320304d4,岛台收纳怎么做显大20平!无收纳不岛台👀,2023-11-19 21:00,video,52.0,CREATOR_PERFORMANCE_PRESENT,582.0,0.0,2.0,0.0,2.0,1,2,2,NOTE_PAID_METRIC_PRESENT,1,M2026-06,M2026-06,0.0,2.0,0.0,0.0,UNALIGNED (creator snapshot window vs paid Apr-Aug closed months)
6559f8780000000033003146,高级感岛台都怎么设计桌腿呢?,2023-11-20 17:00,video,81.0,CREATOR_PERFORMANCE_PRESENT,569.0,1.0,2.0,1.0,1.0,0,0,0,NO_PAID_ASSOCIATION_OBSERVED,0,,,,,,,UNALIGNED (creator snapshot window vs paid Apr-Aug closed months)
6559f9820000000032033c31,岛台椅子怎么样搭配不掉分!全小区网红搭配,2023-11-20 19:00,video,81.0,CREATOR_PERFORMANCE_PRESENT,634.0,3.0,2.0,0.0,0.0,0,0,0,NO_PAID_ASSOCIATION_OBSERVED,0,,,,,,,UNALIGNED (creator snapshot window vs paid Apr-Aug closed months)
6559fa4b0000000032036726,怎么样做出一个高级感满满的岛台👀,2023-11-20 21:00,video,57.0,CREATOR_PERFORMANCE_PRESENT,1182.0,4.0,4.0,0.0,3.0,1,2,2,NOTE_PAID_METRIC_PRESENT,2,M2026-05,M2026-08,0.79,2.0,1.0,0.0,UNALIGNED (creator snapshot window vs paid Apr-Aug closed months)
6559fc2200000000330060b6,在大横厅做了个沙发后岛台?太神奇了,2023-11-21 17:00,video,57.0,CREATOR_PERFORMANCE_PRESENT,674.0,2.0,1.0,2.0,1.0,1,2,2,NOTE_PAID_METRIC_PRESENT,3,M2026-04,M2026-06,0.68,44.0,2.0,0.0,UNALIGNED (creator snapshot window vs paid Apr-Aug closed months)
6559feb2000000000f02911f,我家岛台在小区火了✨做对这些事半功倍❗️,2023-11-21 19:00,video,109.0,CREATOR_PERFORMANCE_PRESENT,503.0,1.0,1.0,0.0,1.0,1,2,2,PAID_ASSOCIATED_NO_METRIC_RECORD,0,,,,,,,UNALIGNED (creator snapshot window vs paid Apr-Aug closed months)
6559ff5b000000003202dade,为啥没人说?原来有那么多需要注意的!,2023-11-21 21:00,video,29.0,CREATOR_PERFORMANCE_PRESENT,492.0,1.0,0.0,0.0,1.0,1,2,2,NOTE_PAID_METRIC_PRESENT,4,M2026-04,M2026-07,1.36,39.0,4.0,0.0,UNALIGNED (creator snapshot window vs paid Apr-Aug closed months)
655af6040000000032030552,🎉在小红书获得的阅读量破50万啦❗️,2023-11-20 14:00,normal,,CREATOR_PERFORMANCE_PRESENT,88.0,0.0,0.0,0.0,0.0,0,0,0,NO_PAID_ASSOCIATION_OBSERVED,0,,,,,,,UNALIGNED (creator snapshot window vs paid Apr-Aug closed months)
655c05e3000000003203ab8c,岛台距离餐边柜该怎么留动线尺寸更合理呢?,2023-11-22 17:00,video,46.0,CREATOR_PERFORMANCE_PRESENT,545.0,0.0,1.0,0.0,0.0,1,2,2,NOTE_PAID_METRIC_PRESENT,4,M2026-04,M2026-07,0.0,14.0,0.0,0.0,UNALIGNED (creator snapshot window vs paid Apr-Aug closed months)
655c0669000000000f02561c,不注意这几点!岛台内嵌电器肯定会踩坑!!,2023-11-22 19:00,video,43.0,CREATOR_PERFORMANCE_PRESENT,540.0,2.0,1.0,0.0,0.0,0,0,0,NO_PAID_ASSOCIATION_OBSERVED,0,,,,,,,UNALIGNED (creator snapshot window vs paid Apr-Aug closed months)
655c06f5000000003203b17a,太干货了|设计师详解两个月岛台定制思路!,2023-11-22 21:00,video,23.0,CREATOR_PERFORMANCE_PRESENT,570.0,1.0,1.0,2.0,1.0,1,2,2,NOTE_PAID_METRIC_PRESENT,2,M2026-04,M2026-05,3.69,15.0,3.0,0.0,UNALIGNED (creator snapshot window vs paid Apr-Aug closed months)
655f1bab0000000032036bc8,餐厅做岛台动线如何布局?,2023-11-23 17:30,video,46.0,CREATOR_PERFORMANCE_PRESENT,642.0,2.0,2.0,0.0,1.0,1,2,2,NOTE_PAID_METRIC_PRESENT,1,M2026-05,M2026-05,0.0,3.0,0.0,0.0,UNALIGNED (creator snapshot window vs paid Apr-Aug closed months)
655f20540000000032037fef,这款多功能岛台太实用了🔥后悔没早买,2023-11-23 19:01,video,43.0,CREATOR_PERFORMANCE_PRESENT,571.0,1.0,1.0,4.0,0.0,1,2,2,NOTE_PAID_METRIC_PRESENT,2,M2026-04,M2026-06,0.0,5.0,0.0,0.0,UNALIGNED (creator snapshot window vs paid Apr-Aug closed months)
655f2a1b00000000320388e9,餐厅做岛台动线如何布局🔥,2023-11-23 21:00,video,24.0,CREATOR_PERFORMANCE_PRESENT,1039.0,1.0,4.0,0.0,1.0,0,0,0,NO_PAID_ASSOCIATION_OBSERVED,0,,,,,,,UNALIGNED (creator snapshot window vs paid Apr-Aug closed months)
65606baf0000000033004199,挑战Q网最好看的奶油风伸缩岛台🔥,2023-11-24 17:23,video,36.0,CREATOR_PERFORMANCE_PRESENT,611.0,2.0,2.0,0.0,2.0,0,0,0,NO_PAID_ASSOCIATION_OBSERVED,0,,,,,,,UNALIGNED (creator snapshot window vs paid Apr-Aug closed months)
6560725f000000003203214a,入住一年后反馈🔥好用哭了😭,2023-11-24 19:01,video,11.0,CREATOR_PERFORMANCE_PRESENT,901.0,1.0,2.0,2.0,1.0,1,2,2,NOTE_PAID_METRIC_PRESENT,1,M2026-06,M2026-06,0.0,1.0,0.0,0.0,UNALIGNED (creator snapshot window vs paid Apr-Aug closed months)
656072c0000000003203bb8f,小户型空间有限就选它❗️❗️,2023-11-24 21:00,video,36.0,CREATOR_PERFORMANCE_PRESENT,612.0,1.0,1.0,3.0,0.0,1,2,2,NOTE_PAID_METRIC_PRESENT,1,M2026-04,M2026-04,0.0,1.0,0.0,0.0,UNALIGNED (creator snapshot window vs paid Apr-Aug closed months)
6561bbbb00000000330035c0,再见了传统餐桌🔥岛台也太实用了❗️,2023-11-25 17:17,video,35.0,CREATOR_PERFORMANCE_PRESENT,621.0,1.0,1.0,0.0,0.0,1,2,2,NOTE_PAID_METRIC_PRESENT,5,M2026-04,M2026-08,0.16,22.0,2.0,0.0,UNALIGNED (creator snapshot window vs paid Apr-Aug closed months)
6561bca90000000033003ce3,L型岛台也太罕见了吧❗️,2023-11-25 19:00,video,82.0,CREATOR_PERFORMANCE_PRESENT,732.0,3.0,4.0,0.0,2.0,1,2,2,NOTE_PAID_METRIC_PRESENT,3,M2026-04,M2026-06,0.0,9.0,0.0,0.0,UNALIGNED (creator snapshot window vs paid Apr-Aug closed months)
6561bd1e0000000033005f0e,超多人问的奶油风伸缩岛台🔥,2023-11-25 21:00,video,69.0,CREATOR_PERFORMANCE_PRESENT,581.0,1.0,2.0,0.0,2.0,1,2,2,NOTE_PAID_METRIC_PRESENT,4,M2026-04,M2026-08,0.1,5.0,1.0,0.0,UNALIGNED (creator snapshot window vs paid Apr-Aug closed months)
6561bd7c000000003202c25a,岛台怎么做会更实用❓,2023-11-26 17:00,video,24.0,CREATOR_PERFORMANCE_PRESENT,592.0,1.0,0.0,0.0,0.0,1,2,2,PAID_ASSOCIATED_NO_METRIC_RECORD,0,,,,,,,UNALIGNED (creator snapshot window vs paid Apr-Aug closed months)
6561be370000000032033e49,"小户型逆天改命,空间大了一倍🔥",2023-11-26 19:00,video,25.0,CREATOR_PERFORMANCE_PRESENT,593.0,2.0,0.0,0.0,2.0,1,2,2,NOTE_PAID_METRIC_PRESENT,2,M2026-05,M2026-07,0.0,11.0,0.0,0.0,UNALIGNED (creator snapshot window vs paid Apr-Aug closed months)
6561beae00000000320353f3,这个岛台封shen了🔥,2023-11-26 19:00,video,84.0,CREATOR_PERFORMANCE_PRESENT,644.0,1.0,4.0,0.0,0.0,1,2,2,NOTE_PAID_METRIC_PRESENT,1,M2026-04,M2026-04,0.0,1.0,0.0,0.0,UNALIGNED (creator snapshot window vs paid Apr-Aug closed months)
65644368000000003203b119,"幸亏没听我妈的,岛台代替餐桌真的很高级",2023-11-27 17:00,video,14.0,CREATOR_PERFORMANCE_PRESENT,718.0,1.0,1.0,2.0,0.0,1,2,2,NOTE_PAID_METRIC_PRESENT,3,M2026-04,M2026-08,0.0,3.0,0.0,0.0,UNALIGNED (creator snapshot window vs paid Apr-Aug closed months)
656443fd0000000033002378,小公寓怎么做岛台呢🔥小户型的福音,2023-11-27 19:00,video,39.0,CREATOR_PERFORMANCE_PRESENT,755.0,2.0,2.0,2.0,1.0,1,2,2,NOTE_PAID_METRIC_PRESENT,2,M2026-04,M2026-05,0.0,4.0,0.0,0.0,UNALIGNED (creator snapshot window vs paid Apr-Aug closed months)
656444e2000000003300b9ef,真香预警⚠️岛台也太实用了❗️,2023-11-27 21:00,video,25.0,CREATOR_PERFORMANCE_PRESENT,704.0,3.0,3.0,2.0,0.0,1,2,2,NOTE_PAID_METRIC_PRESENT,3,M2026-05,M2026-08,0.0,4.0,0.0,0.0,UNALIGNED (creator snapshot window vs paid Apr-Aug closed months)
6565ad2e0000000033001031,岛台怎么做会更实用🔥,2023-11-28 17:04,video,31.0,CREATOR_PERFORMANCE_PRESENT,679.0,2.0,5.0,2.0,2.0,1,2,2,NOTE_PAID_METRIC_PRESENT,2,M2026-04,M2026-08,0.0,3.0,0.0,0.0,UNALIGNED (creator snapshot window vs paid Apr-Aug closed months)
6565aed00000000033009ab2,岛台没留电源咋办?,2023-11-28 19:00,video,33.0,CREATOR_PERFORMANCE_PRESENT,2424.0,4.0,2.0,0.0,3.0,0,0,0,NO_PAID_ASSOCIATION_OBSERVED,0,,,,,,,UNALIGNED (creator snapshot window vs paid Apr-Aug closed months)
6565b0e3000000003300715b,"别羡慕了,来定制一个同款轻奢风岛台吧❗️",2023-11-28 21:00,video,39.0,CREATOR_PERFORMANCE_PRESENT,561.0,0.0,1.0,0.0,0.0,1,2,2,NOTE_PAID_METRIC_PRESENT,2,M2026-06,M2026-07,0.0,8.0,0.0,0.0,UNALIGNED (creator snapshot window vs paid Apr-Aug closed months)
6566e851000000000f02624b,岛台怎么布局更实用🔥,2023-11-29 17:00,video,38.0,CREATOR_PERFORMANCE_PRESENT,696.0,2.0,2.0,0.0,0.0,1,2,2,NOTE_PAID_METRIC_PRESENT,1,M2026-07,M2026-07,0.0,1.0,0.0,0.0,UNALIGNED (creator snapshot window vs paid Apr-Aug closed months)
6566e8e5000000000f02a630,我劝你别做伸缩岛台🔥岛台翻车太鸡肋了❗,2023-11-29 19:00,video,98.0,CREATOR_PERFORMANCE_PRESENT,680.0,3.0,4.0,0.0,1.0,1,2,2,NOTE_PAID_METRIC_PRESENT,3,M2026-04,M2026-07,0.01,5.0,1.0,0.0,UNALIGNED (creator snapshot window vs paid Apr-Aug closed months)
6566e9d400000000330096a4,为啥要做餐桌❓,2023-11-29 21:00,video,45.0,CREATOR_PERFORMANCE_PRESENT,941.0,3.0,5.0,1.0,1.0,1,2,2,PAID_ASSOCIATED_NO_METRIC_RECORD,0,,,,,,,UNALIGNED (creator snapshot window vs paid Apr-Aug closed months)
656849c1000000000f0250b2,岛台内嵌电器要注意这些⚠️,2023-11-30 19:00,video,27.0,CREATOR_PERFORMANCE_PRESENT,507.0,1.0,3.0,0.0,0.0,0,0,0,NO_PAID_ASSOCIATION_OBSERVED,0,,,,,,,UNALIGNED (creator snapshot window vs paid Apr-Aug closed months)
65684aa20000000033004882,这样做岛台🔥超省空间哇!!️,2023-11-30 21:00,video,52.0,CREATOR_PERFORMANCE_PRESENT,658.0,1.0,2.0,2.0,2.0,1,2,2,NOTE_PAID_METRIC_PRESENT,1,M2026-06,M2026-06,0.0,1.0,0.0,0.0,UNALIGNED (creator snapshot window vs paid Apr-Aug closed months)
65684f74000000003300a188,为啥岛台内嵌电器翻车越来越多🔥,2023-11-30 17:01,video,75.0,CREATOR_PERFORMANCE_PRESENT,609.0,1.0,0.0,0.0,0.0,0,0,0,NO_PAID_ASSOCIATION_OBSERVED,0,,,,,,,UNALIGNED (creator snapshot window vs paid Apr-Aug closed months)
6569973100000000090218cb,岛台还有空心的!?️厂家你睡得着吗!!️,2023-12-02 17:00,video,145.0,CREATOR_PERFORMANCE_PRESENT,542.0,2.0,3.0,0.0,1.0,0,0,0,NO_PAID_ASSOCIATION_OBSERVED,0,,,,,,,UNALIGNED (creator snapshot window vs paid Apr-Aug closed months)
65699821000000000801fabc,岛台电源怎么留才胺全!!️,2023-12-02 19:00,video,104.0,CREATOR_PERFORMANCE_PRESENT,553.0,1.0,2.0,0.0,1.0,0,0,0,NO_PAID_ASSOCIATION_OBSERVED,0,,,,,,,UNALIGNED (creator snapshot window vs paid Apr-Aug closed months)
6569991700000000090198be,入住反馈🔥后悔没早买!!️,2023-12-02 21:00,video,34.0,CREATOR_PERFORMANCE_PRESENT,503.0,1.0,2.0,0.0,2.0,1,2,2,PAID_ASSOCIATED_NO_METRIC_RECORD,0,,,,,,,UNALIGNED (creator snapshot window vs paid Apr-Aug closed months)
6569b2280000000009020adf,岛台避坑指南🔥插座篇!!️,2023-12-01 18:15,video,137.0,CREATOR_PERFORMANCE_PRESENT,635.0,3.0,2.0,0.0,1.0,0,0,0,NO_PAID_ASSOCIATION_OBSERVED,0,,,,,,,UNALIGNED (creator snapshot window vs paid Apr-Aug closed months)
6569b3a4000000000801ed10,岛台餐椅这样选好高级哦!!️,2023-12-01 19:22,video,39.0,CREATOR_PERFORMANCE_PRESENT,632.0,2.0,2.0,0.0,3.0,0,0,0,NO_PAID_ASSOCIATION_OBSERVED,0,,,,,,,UNALIGNED (creator snapshot window vs paid Apr-Aug closed months)
6569b4a6000000000901d800,阳台打通做岛台!?️怎么布局呢❓,2023-12-01 21:00,video,38.0,CREATOR_PERFORMANCE_PRESENT,743.0,2.0,2.0,0.0,2.0,1,2,2,NOTE_PAID_METRIC_PRESENT,5,M2026-04,M2026-08,0.12,39.0,6.0,0.0,UNALIGNED (creator snapshot window vs paid Apr-Aug closed months)
656c375a0000000009018fdf,岛台尺寸做多大合适呢❓,2023-12-03 19:00,video,86.0,CREATOR_PERFORMANCE_PRESENT,552.0,0.0,0.0,0.0,0.0,1,2,2,NOTE_PAID_METRIC_PRESENT,3,M2026-04,M2026-06,0.29,8.0,1.0,0.0,UNALIGNED (creator snapshot window vs paid Apr-Aug closed months)
656c3832000000000602066f,"宝格丽奢石岛台🔥颜值担当,好看又实用!!",2023-12-03 21:00,video,30.0,CREATOR_PERFORMANCE_PRESENT,727.0,3.0,6.0,4.0,1.0,1,2,2,NOTE_PAID_METRIC_PRESENT,5,M2026-04,M2026-08,2.44,56.0,2.0,0.0,UNALIGNED (creator snapshot window vs paid Apr-Aug closed months)
656c43a6000000000901bf27,岛台餐桌轮子怎么选🔥这也有讲究!?️,2023-12-03 17:00,video,30.0,CREATOR_PERFORMANCE_PRESENT,582.0,2.0,5.0,6.0,3.0,0,0,0,NO_PAID_ASSOCIATION_OBSERVED,0,,,,,,,UNALIGNED (creator snapshot window vs paid Apr-Aug closed months)
656d867900000000090224b1,岛台不做踢脚线处理🔥小心脚趾受伤⚠️,2023-12-04 17:00,video,38.0,CREATOR_PERFORMANCE_PRESENT,1867.0,7.0,3.0,0.0,4.0,0,0,0,NO_PAID_ASSOCIATION_OBSERVED,0,,,,,,,UNALIGNED (creator snapshot window vs paid Apr-Aug closed months)
656d8849000000000703ad98,岛台水电没留好怎么办😱,2023-12-04 19:00,video,44.0,CREATOR_PERFORMANCE_PRESENT,935.0,3.0,0.0,0.0,0.0,0,0,0,NO_PAID_ASSOCIATION_OBSERVED,0,,,,,,,UNALIGNED (creator snapshot window vs paid Apr-Aug closed months)
656d8a14000000000901ca58,为啥要做餐桌❓,2023-12-04 21:00,video,31.0,CREATOR_PERFORMANCE_PRESENT,834.0,2.0,3.0,1.0,0.0,1,2,2,NOTE_PAID_METRIC_PRESENT,1,M2026-05,M2026-05,0.0,1.0,0.0,0.0,UNALIGNED (creator snapshot window vs paid Apr-Aug closed months)
656ee6cc000000000901f705,这年头居然还有空心岛台!?️这么离谱😲,2023-12-05 17:01,video,61.0,CREATOR_PERFORMANCE_PRESENT,711.0,2.0,1.0,0.0,0.0,0,0,0,NO_PAID_ASSOCIATION_OBSERVED,0,,,,,,,UNALIGNED (creator snapshot window vs paid Apr-Aug closed months)
656ee7ea0000000009018ecb,岛台VS餐桌🔥你选哪个!?️,2023-12-05 19:00,video,72.0,CREATOR_PERFORMANCE_PRESENT,700.0,0.0,4.0,3.0,2.0,1,2,2,NOTE_PAID_METRIC_PRESENT,1,M2026-05,M2026-05,0.0,1.0,0.0,0.0,UNALIGNED (creator snapshot window vs paid Apr-Aug closed months)
656ee9910000000007008160,谁说小户型不能做岛台🔥小户型的福音,2023-12-05 21:00,video,28.0,CREATOR_PERFORMANCE_PRESENT,616.0,1.0,2.0,0.0,0.0,1,2,2,NOTE_PAID_METRIC_PRESENT,3,M2026-05,M2026-08,0.0,7.0,0.0,0.0,UNALIGNED (creator snapshot window vs paid Apr-Aug closed months)
65703a30000000000700a8c0,伸缩岛台怎么做才靠谱❓,2023-12-06 17:09,video,68.0,CREATOR_PERFORMANCE_PRESENT,547.0,1.0,1.0,0.0,1.0,1,2,2,NOTE_PAID_METRIC_PRESENT,3,M2026-04,M2026-07,0.0,8.0,0.0,0.0,UNALIGNED (creator snapshot window vs paid Apr-Aug closed months)
65703c1f00000000090243f0,岛台尺寸做多大合适🔥记住7个要点!!️,2023-12-06 19:00,video,97.0,CREATOR_PERFORMANCE_PRESENT,812.0,6.0,10.0,2.0,2.0,1,2,2,NOTE_PAID_METRIC_PRESENT,5,M2026-04,M2026-08,0.02,16.0,2.0,0.0,UNALIGNED (creator snapshot window vs paid Apr-Aug closed months)
65703c9d000000000901a08b,岛台收纳这样做🔥治愈强迫症!!️,2023-12-06 21:00,video,67.0,CREATOR_PERFORMANCE_PRESENT,748.0,4.0,9.0,0.0,0.0,1,2,2,PAID_ASSOCIATED_NO_METRIC_RECORD,0,,,,,,,UNALIGNED (creator snapshot window vs paid Apr-Aug closed months)
65717484000000000700a8c6,伸缩岛台导轨怎么选!!️,2023-12-07 17:00,video,46.0,CREATOR_PERFORMANCE_PRESENT,562.0,0.0,0.0,2.0,0.0,0,0,0,NO_PAID_ASSOCIATION_OBSERVED,0,,,,,,,UNALIGNED (creator snapshot window vs paid Apr-Aug closed months)
657175120000000009025a57,我不允许小户型错过这个多功能岛台!!️,2023-12-07 19:00,video,43.0,CREATOR_PERFORMANCE_PRESENT,730.0,5.0,4.0,2.0,2.0,1,2,2,NOTE_PAID_METRIC_PRESENT,3,M2026-04,M2026-06,0.0,4.0,0.0,0.0,UNALIGNED (creator snapshot window vs paid Apr-Aug closed months)
657177ab0000000006022c24,岛台水电没留好怎么办❓,2023-12-07 21:00,video,33.0,CREATOR_PERFORMANCE_PRESENT,622.0,2.0,2.0,0.0,0.0,0,0,0,NO_PAID_ASSOCIATION_OBSERVED,0,,,,,,,UNALIGNED (creator snapshot window vs paid Apr-Aug closed months)
6572c4880000000006023518,岛台记住这9点🔥想翻车都难!!️,2023-12-08 17:00,video,90.0,CREATOR_PERFORMANCE_PRESENT,528.0,4.0,3.0,0.0,2.0,1,2,2,NOTE_PAID_METRIC_PRESENT,1,M2026-05,M2026-05,0.0,1.0,0.0,0.0,UNALIGNED (creator snapshot window vs paid Apr-Aug closed months)
6572c56e0000000005039dfe,无收纳不岛台🔥别浪费岛台空间啦!!️,2023-12-08 19:00,video,58.0,CREATOR_PERFORMANCE_PRESENT,503.0,2.0,4.0,2.0,0.0,1,2,2,NOTE_PAID_METRIC_PRESENT,3,M2026-04,M2026-06,0.53,19.0,3.0,0.0,UNALIGNED (creator snapshot window vs paid Apr-Aug closed months)
6572c65f000000000901e49a,这个岛台配色好特别啊😍被问爆了!!️,2023-12-08 21:00,video,34.0,CREATOR_PERFORMANCE_PRESENT,529.0,4.0,2.0,10.0,1.0,1,2,2,NOTE_PAID_METRIC_PRESENT,3,M2026-04,M2026-07,0.0,5.0,0.0,0.0,UNALIGNED (creator snapshot window vs paid Apr-Aug closed months)
657424be000000000503b310,岛台避坑🔥餐桌腿不注意这些容易翻车!!️,2023-12-09 19:00,video,29.0,CREATOR_PERFORMANCE_PRESENT,547.0,2.0,2.0,0.0,1.0,1,2,2,NOTE_PAID_METRIC_PRESENT,4,M2026-04,M2026-07,2.5,16.0,2.0,0.0,UNALIGNED (creator snapshot window vs paid Apr-Aug closed months)
6574254a000000000901ff5f,岛台做好这7点🔥想翻车都难!!️,2023-12-09 21:00,video,97.0,CREATOR_PERFORMANCE_PRESENT,423.0,1.0,3.0,0.0,0.0,1,2,2,PAID_ASSOCIATED_NO_METRIC_RECORD,0,,,,,,,UNALIGNED (creator snapshot window vs paid Apr-Aug closed months)
65742c9300000000050398ca,岛台居然翻车了!?️,2023-12-10 17:00,video,97.0,CREATOR_PERFORMANCE_PRESENT,1448.0,8.0,22.0,4.0,16.0,1,2,2,NOTE_PAID_METRIC_PRESENT,4,M2026-04,M2026-08,0.0,6.0,0.0,0.0,UNALIGNED (creator snapshot window vs paid Apr-Aug closed months)
65742d5e0000000006021a86,岛台都给我做双边收纳!!️,2023-12-09 17:03,video,80.0,CREATOR_PERFORMANCE_PRESENT,659.0,3.0,2.0,0.0,1.0,1,2,2,NOTE_PAID_METRIC_PRESENT,3,M2026-04,M2026-06,0.0,9.0,0.0,0.0,UNALIGNED (creator snapshot window vs paid Apr-Aug closed months)
65742e8b000000000901e87b,岛台餐桌腿怎么设计才靠谱❓,2023-12-10 19:00,video,29.0,CREATOR_PERFORMANCE_PRESENT,1177.0,3.0,4.0,0.0,1.0,0,0,0,NO_PAID_ASSOCIATION_OBSERVED,0,,,,,,,UNALIGNED (creator snapshot window vs paid Apr-Aug closed months)
65742f5e000000000503a6e2,L型岛台🔥设计感绝了!!️,2023-12-10 21:00,video,47.0,CREATOR_PERFORMANCE_PRESENT,674.0,3.0,4.0,0.0,0.0,1,2,2,NOTE_PAID_METRIC_PRESENT,3,M2026-04,M2026-06,4.36,20.0,4.0,0.0,UNALIGNED (creator snapshot window vs paid Apr-Aug closed months)
657573340000000009027e5b,伸缩岛台怎么做才实用呢❓,2023-12-11 17:00,video,98.0,CREATOR_PERFORMANCE_PRESENT,429.0,1.0,1.0,0.0,2.0,1,2,2,PAID_ASSOCIATED_NO_METRIC_RECORD,0,,,,,,,UNALIGNED (creator snapshot window vs paid Apr-Aug closed months)
657574330000000005039dbc,岛台有颜又实用🔥好温馨啊!!️,2023-12-11 19:00,video,31.0,CREATOR_PERFORMANCE_PRESENT,477.0,2.0,1.0,0.0,0.0,1,2,2,PAID_ASSOCIATED_NO_METRIC_RECORD,0,,,,,,,UNALIGNED (creator snapshot window vs paid Apr-Aug closed months)
6575765e000000000700a62a,岛台一定要做双边收纳!!️,2023-12-11 21:00,video,52.0,CREATOR_PERFORMANCE_PRESENT,551.0,0.0,0.0,0.0,0.0,1,2,2,PAID_ASSOCIATED_NO_METRIC_RECORD,0,,,,,,,UNALIGNED (creator snapshot window vs paid Apr-Aug closed months)
6576b18f0000000006021e75,岛台灯光布局怎么做才有高级感🔥,2023-12-12 17:00,video,83.0,CREATOR_PERFORMANCE_PRESENT,521.0,2.0,5.0,0.0,0.0,0,0,0,NO_PAID_ASSOCIATION_OBSERVED,0,,,,,,,UNALIGNED (creator snapshot window vs paid Apr-Aug closed months)
6576b3bb000000000801f681,为啥岛台不做亮光🔥,2023-12-12 19:00,video,68.0,CREATOR_PERFORMANCE_PRESENT,3676.0,12.0,11.0,2.0,19.0,1,2,2,NOTE_PAID_METRIC_PRESENT,5,M2026-04,M2026-08,0.95,85.0,16.0,0.0,UNALIGNED (creator snapshot window vs paid Apr-Aug closed months)
6576b5010000000006029cb9,我家在岛台在小区🔥了,2023-12-12 21:00,video,34.0,CREATOR_PERFORMANCE_PRESENT,532.0,3.0,6.0,0.0,1.0,1,2,2,NOTE_PAID_METRIC_PRESENT,1,M2026-05,M2026-05,0.0,3.0,0.0,0.0,UNALIGNED (creator snapshot window vs paid Apr-Aug closed months)
65782f1f0000000009025759,谁说只有开放式厨房才能做岛台!!️,2023-12-13 17:00,video,61.0,CREATOR_PERFORMANCE_PRESENT,549.0,0.0,1.0,0.0,0.0,1,2,2,NOTE_PAID_METRIC_PRESENT,5,M2026-04,M2026-08,0.0,12.0,0.0,0.0,UNALIGNED (creator snapshot window vs paid Apr-Aug closed months)
657831de000000000703b9d8,岛台怎么固定才胺全!?️,2023-12-13 19:00,video,55.0,CREATOR_PERFORMANCE_PRESENT,807.0,0.0,0.0,0.0,3.0,1,2,2,NOTE_PAID_METRIC_PRESENT,5,M2026-04,M2026-08,0.53,33.0,4.0,0.0,UNALIGNED (creator snapshot window vs paid Apr-Aug closed months)
65783f12000000000801e534,岛台vs餐桌🔥你选什么!?️,2023-12-13 21:00,video,41.0,CREATOR_PERFORMANCE_PRESENT,602.0,2.0,3.0,0.0,0.0,1,2,2,NOTE_PAID_METRIC_PRESENT,2,M2026-06,M2026-08,0.01,6.0,1.0,0.0,UNALIGNED (creator snapshot window vs paid Apr-Aug closed months)
65786cff000000000901b609,岛台尺寸居然翻车了!?️,2023-12-14 17:00,video,82.0,CREATOR_PERFORMANCE_PRESENT,666.0,4.0,8.0,0.0,2.0,1,2,2,NOTE_PAID_METRIC_PRESENT,3,M2026-04,M2026-06,0.12,10.0,1.0,0.0,UNALIGNED (creator snapshot window vs paid Apr-Aug closed months)
657870c50000000007039f68,岛台vs餐桌🔥该如何选择呢❓,2023-12-14 19:00,video,50.0,CREATOR_PERFORMANCE_PRESENT,599.0,3.0,2.0,0.0,1.0,1,2,2,PAID_ASSOCIATED_NO_METRIC_RECORD,0,,,,,,,UNALIGNED (creator snapshot window vs paid Apr-Aug closed months)
657909e2000000000503ace1,这才是我不做餐桌的原因!!️,2023-12-14 21:00,video,58.0,CREATOR_PERFORMANCE_PRESENT,563.0,1.0,2.0,4.0,2.0,1,2,2,NOTE_PAID_METRIC_PRESENT,1,M2026-07,M2026-07,0.0,1.0,0.0,0.0,UNALIGNED (creator snapshot window vs paid Apr-Aug closed months)
65790ac5000000000901923f,伸缩岛台怎么做才胺全!?️,2023-12-15 17:00,video,100.0,CREATOR_PERFORMANCE_PRESENT,467.0,1.0,2.0,0.0,0.0,1,2,2,NOTE_PAID_METRIC_PRESENT,5,M2026-04,M2026-08,0.14,17.0,2.0,0.0,UNALIGNED (creator snapshot window vs paid Apr-Aug closed months)
65790ce1000000000902303a,沙发后岛台怎么布局呢🔥,2023-12-15 19:00,video,30.0,CREATOR_PERFORMANCE_PRESENT,633.0,2.0,1.0,2.0,0.0,1,2,2,NOTE_PAID_METRIC_PRESENT,3,M2026-04,M2026-07,0.02,23.0,2.0,0.0,UNALIGNED (creator snapshot window vs paid Apr-Aug closed months)
65790db70000000009023395,为啥不做餐桌🔥,2023-12-15 21:00,video,84.0,CREATOR_PERFORMANCE_PRESENT,907.0,4.0,5.0,0.0,4.0,1,2,2,NOTE_PAID_METRIC_PRESENT,1,M2026-06,M2026-06,0.0,1.0,0.0,0.0,UNALIGNED (creator snapshot window vs paid Apr-Aug closed months)
657d5f830000000009021b23,小户型专属岛台🔥颜值王者,2023-12-16 21:00,video,38.0,CREATOR_PERFORMANCE_PRESENT,565.0,2.0,2.0,0.0,2.0,1,2,2,NOTE_PAID_METRIC_PRESENT,1,M2026-04,M2026-04,0.11,1.0,1.0,0.0,UNALIGNED (creator snapshot window vs paid Apr-Aug closed months)
657d5fcf0000000009026e98,没几个gc做的出来🔥这个岛台也太壕了!!️,2023-12-16 19:00,video,43.0,CREATOR_PERFORMANCE_PRESENT,1027.0,4.0,3.0,2.0,2.0,1,2,2,NOTE_PAID_METRIC_PRESENT,1,M2026-05,M2026-05,0.0,2.0,0.0,0.0,UNALIGNED (creator snapshot window vs paid Apr-Aug closed months)
657d677e000000000700b0d0,为啥要做岛台!?️,2023-12-16 17:01,video,146.0,CREATOR_PERFORMANCE_PRESENT,698.0,4.0,2.0,0.0,0.0,1,2,2,PAID_ASSOCIATED_NO_METRIC_RECORD,0,,,,,,,UNALIGNED (creator snapshot window vs paid Apr-Aug closed months)
657ea253000000000801d9db,后悔没早买🔥沙发后岛台真香!!️,2023-12-17 17:00,video,30.0,CREATOR_PERFORMANCE_PRESENT,707.0,0.0,2.0,0.0,1.0,1,2,2,NOTE_PAID_METRIC_PRESENT,1,M2026-04,M2026-04,0.0,1.0,0.0,0.0,UNALIGNED (creator snapshot window vs paid Apr-Aug closed months)
657ea361000000000602be25,快来看啊🔥这款奶油风岛台简直太赞了!!️,2023-12-17 19:00,video,26.0,CREATOR_PERFORMANCE_PRESENT,535.0,2.0,2.0,0.0,0.0,1,2,2,NOTE_PAID_METRIC_PRESENT,3,M2026-04,M2026-07,0.0,8.0,0.0,0.0,UNALIGNED (creator snapshot window vs paid Apr-Aug closed months)
657ea4f40000000006028738,谁说餐厅小就不能做岛台啦❓附尺寸,2023-12-17 21:00,video,102.0,CREATOR_PERFORMANCE_PRESENT,591.0,2.0,2.0,0.0,2.0,1,2,2,NOTE_PAID_METRIC_PRESENT,3,M2026-04,M2026-07,0.0,8.0,0.0,0.0,UNALIGNED (creator snapshot window vs paid Apr-Aug closed months)
657ff4f2000000000901ca8e,高能预警🔥小户型伸缩岛台简直太赞了!!️,2023-12-18 17:00,video,17.0,CREATOR_PERFORMANCE_PRESENT,557.0,1.0,1.0,0.0,3.0,1,2,2,NOTE_PAID_METRIC_PRESENT,2,M2026-07,M2026-08,0.0,2.0,0.0,0.0,UNALIGNED (creator snapshot window vs paid Apr-Aug closed months)
657ff579000000000503a5f2,伸缩岛台翻车!?️,2023-12-18 19:00,video,101.0,CREATOR_PERFORMANCE_PRESENT,933.0,8.0,6.0,2.0,1.0,1,2,2,NOTE_PAID_METRIC_PRESENT,3,M2026-04,M2026-06,0.01,6.0,1.0,0.0,UNALIGNED (creator snapshot window vs paid Apr-Aug closed months)
657ff5f800000000090272c6,岛台水槽怎么装!?️,2023-12-18 21:00,video,91.0,CREATOR_PERFORMANCE_PRESENT,577.0,0.0,1.0,0.0,0.0,0,0,0,NO_PAID_ASSOCIATION_OBSERVED,0,,,,,,,UNALIGNED (creator snapshot window vs paid Apr-Aug closed months)
6581477d000000000901c441,引领潮流的岛台!!️在小区🔥了,2023-12-19 17:00,video,61.0,CREATOR_PERFORMANCE_PRESENT,645.0,0.0,5.0,4.0,1.0,1,2,2,NOTE_PAID_METRIC_PRESENT,3,M2026-04,M2026-08,0.83,3.0,2.0,0.0,UNALIGNED (creator snapshot window vs paid Apr-Aug closed months)
65814838000000000901a935,听说小户型都在找这款宝藏岛台,2023-12-19 19:00,video,25.0,CREATOR_PERFORMANCE_PRESENT,1162.0,10.0,11.0,11.0,1.0,1,2,2,NOTE_PAID_METRIC_PRESENT,5,M2026-04,M2026-08,0.0,5.0,0.0,0.0,UNALIGNED (creator snapshot window vs paid Apr-Aug closed months)
658149bd0000000009025675,岛台尺寸不知道做多大!?️速度码住🗒️,2023-12-19 21:00,video,25.0,CREATOR_PERFORMANCE_PRESENT,581.0,1.0,4.0,0.0,0.0,1,2,2,NOTE_PAID_METRIC_PRESENT,5,M2026-04,M2026-08,0.01,26.0,1.0,0.0,UNALIGNED (creator snapshot window vs paid Apr-Aug closed months)
6582ade4000000000703b557,逆天了🔥奶油风岛台的王炸!!️,2023-12-20 17:03,video,38.0,CREATOR_PERFORMANCE_PRESENT,600.0,2.0,2.0,0.0,0.0,1,2,2,NOTE_PAID_METRIC_PRESENT,1,M2026-08,M2026-08,0.0,1.0,0.0,0.0,UNALIGNED (creator snapshot window vs paid Apr-Aug closed months)
6582af460000000009018552,2023岛台颜值王者🔥配色太🐮了!!️,2023-12-20 19:00,video,83.0,CREATOR_PERFORMANCE_PRESENT,546.0,2.0,1.0,0.0,0.0,1,2,2,PAID_ASSOCIATED_NO_METRIC_RECORD,0,,,,,,,UNALIGNED (creator snapshot window vs paid Apr-Aug closed months)
6582b1450000000007039126,治愈系厨房🔥岛台真的很上分!!️,2023-12-20 21:00,video,20.0,CREATOR_PERFORMANCE_PRESENT,546.0,4.0,1.0,0.0,1.0,1,2,2,PAID_ASSOCIATED_NO_METRIC_RECORD,0,,,,,,,UNALIGNED (creator snapshot window vs paid Apr-Aug closed months)
6583f59d000000000801dd26,请大数据推给不知道岛台尺寸做多大的公主!!,2023-12-21 19:00,video,20.0,CREATOR_PERFORMANCE_PRESENT,598.0,2.0,2.0,2.0,0.0,1,2,2,NOTE_PAID_METRIC_PRESENT,3,M2026-04,M2026-07,0.0,4.0,0.0,0.0,UNALIGNED (creator snapshot window vs paid Apr-Aug closed months)
6583f60c000000000700b8af,这3个岛台量尺神器我怎么没早发现!!️,2023-12-21 21:00,video,26.0,CREATOR_PERFORMANCE_PRESENT,643.0,3.0,4.0,0.0,1.0,1,2,2,NOTE_PAID_METRIC_PRESENT,3,M2026-04,M2026-06,0.0,7.0,0.0,0.0,UNALIGNED (creator snapshot window vs paid Apr-Aug closed months)
6583feb4000000000801c189,为啥不做餐桌呢❓,2023-12-21 17:00,video,44.0,CREATOR_PERFORMANCE_PRESENT,5240.0,33.0,57.0,7.0,18.0,1,2,2,NOTE_PAID_METRIC_PRESENT,4,M2026-04,M2026-07,0.08,4.0,1.0,0.0,UNALIGNED (creator snapshot window vs paid Apr-Aug closed months)
658530cb000000000602b605,被问了100遍的纯白岛台🔥绝了!!️,2023-12-22 17:01,video,33.0,CREATOR_PERFORMANCE_PRESENT,748.0,4.0,0.0,2.0,2.0,1,2,2,NOTE_PAID_METRIC_PRESENT,5,M2026-04,M2026-08,2.83,31.0,2.0,0.0,UNALIGNED (creator snapshot window vs paid Apr-Aug closed months)
6585320c0000000006023fa7,没有人可以拒绝奶油风岛台🔥,2023-12-22 19:01,video,36.0,CREATOR_PERFORMANCE_PRESENT,563.0,5.0,3.0,2.0,1.0,1,2,2,NOTE_PAID_METRIC_PRESENT,5,M2026-04,M2026-08,0.0,31.0,0.0,0.0,UNALIGNED (creator snapshot window vs paid Apr-Aug closed months)
6585341b000000000801f9b9,收纳控怎么做岛台🔥,2023-12-22 21:00,video,26.0,CREATOR_PERFORMANCE_PRESENT,515.0,1.0,0.0,0.0,1.0,1,2,2,PAID_ASSOCIATED_NO_METRIC_RECORD,0,,,,,,,UNALIGNED (creator snapshot window vs paid Apr-Aug closed months)
65868f08000000003403480b,伸缩岛台不实用?看完这个再说,2023-12-23 17:01,video,31.0,CREATOR_PERFORMANCE_PRESENT,652.0,2.0,3.0,0.0,0.0,1,2,2,NOTE_PAID_METRIC_PRESENT,1,M2026-05,M2026-05,0.0,1.0,0.0,0.0,UNALIGNED (creator snapshot window vs paid Apr-Aug closed months)
658690ba000000003a00cb78,被问了100遍的奶油风岛台🔥我吹爆❗,2023-12-23 19:01,video,47.0,CREATOR_PERFORMANCE_PRESENT,766.0,5.0,2.0,2.0,3.0,1,2,2,NOTE_PAID_METRIC_PRESENT,3,M2026-04,M2026-08,0.0,6.0,0.0,0.0,UNALIGNED (creator snapshot window vs paid Apr-Aug closed months)
658691900000000038015b90,奢石岛台天花板就是它没错了🔥,2023-12-23 21:00,video,45.0,CREATOR_PERFORMANCE_PRESENT,1090.0,2.0,4.0,4.0,3.0,1,2,2,NOTE_PAID_METRIC_PRESENT,4,M2026-04,M2026-08,0.6,39.0,2.0,0.0,UNALIGNED (creator snapshot window vs paid Apr-Aug closed months)
65869241000000001502f1cc,谁说岛台是大户型的专属😜,2023-12-24 17:00,video,34.0,CREATOR_PERFORMANCE_PRESENT,535.0,3.0,0.0,2.0,1.0,1,2,2,NOTE_PAID_METRIC_PRESENT,2,M2026-05,M2026-06,0.0,10.0,0.0,0.0,UNALIGNED (creator snapshot window vs paid Apr-Aug closed months)
658692df000000003802c87a,全款拿下多功能岛台🔥设计好哇塞!!️,2023-12-24 19:00,video,39.0,CREATOR_PERFORMANCE_PRESENT,553.0,2.0,4.0,0.0,0.0,1,2,2,NOTE_PAID_METRIC_PRESENT,3,M2026-04,M2026-08,0.02,24.0,2.0,0.0,UNALIGNED (creator snapshot window vs paid Apr-Aug closed months)
658693750000000038025102,家有神兽的专属圆弧岛台🔥,2023-12-24 21:00,video,39.0,CREATOR_PERFORMANCE_PRESENT,509.0,5.0,5.0,2.0,1.0,1,2,2,NOTE_PAID_METRIC_PRESENT,5,M2026-04,M2026-08,6.07,162.0,11.0,1.0,UNALIGNED (creator snapshot window vs paid Apr-Aug closed months)
658935df0000000018028297,我要安利给所有想做岛台的公主们🔥,2023-12-25 17:01,video,57.0,CREATOR_PERFORMANCE_PRESENT,534.0,0.0,2.0,4.0,0.0,1,2,2,NOTE_PAID_METRIC_PRESENT,3,M2026-04,M2026-07,0.0,6.0,0.0,0.0,UNALIGNED (creator snapshot window vs paid Apr-Aug closed months)
65893aca000000001e008c3b,豪宅岛台量产啦🔥让你立省63w!!️,2023-12-25 19:01,video,43.0,CREATOR_PERFORMANCE_PRESENT,579.0,1.0,0.0,7.0,2.0,1,2,2,NOTE_PAID_METRIC_PRESENT,2,M2026-05,M2026-06,0.0,2.0,0.0,0.0,UNALIGNED (creator snapshot window vs paid Apr-Aug closed months)
65893bf00000000011016267,这才是我不做餐桌的理由......,2023-12-25 21:00,video,63.0,CREATOR_PERFORMANCE_PRESENT,531.0,4.0,3.0,0.0,0.0,1,2,2,PAID_ASSOCIATED_NO_METRIC_RECORD,0,,,,,,,UNALIGNED (creator snapshot window vs paid Apr-Aug closed months)
658a85c7000000001e0067d7,今年蕞火的奶油风岛台🔥,2023-12-26 17:01,video,47.0,CREATOR_PERFORMANCE_PRESENT,573.0,2.0,0.0,4.0,1.0,1,2,2,NOTE_PAID_METRIC_PRESENT,2,M2026-04,M2026-08,1.97,6.0,1.0,0.0,UNALIGNED (creator snapshot window vs paid Apr-Aug closed months)
658a8636000000001a001ed0,为啥要做岛台?,2023-12-26 19:01,video,47.0,CREATOR_PERFORMANCE_PRESENT,610.0,2.0,0.0,0.0,0.0,1,2,2,PAID_ASSOCIATED_NO_METRIC_RECORD,0,,,,,,,UNALIGNED (creator snapshot window vs paid Apr-Aug closed months)
658a86a4000000001102ef21,在家也能谈恋爱🔥我的宝藏岛台,2023-12-26 21:00,video,42.0,CREATOR_PERFORMANCE_PRESENT,528.0,2.0,1.0,2.0,0.0,1,2,2,PAID_ASSOCIATED_NO_METRIC_RECORD,0,,,,,,,UNALIGNED (creator snapshot window vs paid Apr-Aug closed months)
658bd1d2000000001c012e55,不要太漂亮🔥这个岛台封神了,2023-12-27 17:01,video,32.0,CREATOR_PERFORMANCE_PRESENT,595.0,2.0,4.0,0.0,0.0,1,2,2,NOTE_PAID_METRIC_PRESENT,1,M2026-07,M2026-07,0.0,2.0,0.0,0.0,UNALIGNED (creator snapshot window vs paid Apr-Aug closed months)
658bd2b90000000011014222,齐平岛台都给我冲!聚餐shen器🔥,2023-12-27 19:01,video,33.0,CREATOR_PERFORMANCE_PRESENT,698.0,2.0,1.0,4.0,0.0,1,2,2,NOTE_PAID_METRIC_PRESENT,4,M2026-04,M2026-07,0.85,15.0,3.0,0.0,UNALIGNED (creator snapshot window vs paid Apr-Aug closed months)
658bd336000000001d01681c,为啥不做岛台❓,2023-12-27 21:00,video,162.0,CREATOR_PERFORMANCE_PRESENT,775.0,4.0,8.0,0.0,3.0,1,2,2,NOTE_PAID_METRIC_PRESENT,1,M2026-04,M2026-04,0.0,2.0,0.0,0.0,UNALIGNED (creator snapshot window vs paid Apr-Aug closed months)
658d30bf00000000110315db,挖到宝了🔥不愧是从小红书上抄回来的岛台,2023-12-28 17:00,video,39.0,CREATOR_PERFORMANCE_PRESENT,697.0,2.0,1.0,2.0,0.0,1,2,2,PAID_ASSOCIATED_NO_METRIC_RECORD,0,,,,,,,UNALIGNED (creator snapshot window vs paid Apr-Aug closed months)
658d3111000000001d037f78,都给我冲🔥爆款冷翡翠岛台!!️,2023-12-28 19:01,video,70.0,CREATOR_PERFORMANCE_PRESENT,564.0,1.0,2.0,0.0,0.0,1,2,2,NOTE_PAID_METRIC_PRESENT,5,M2026-04,M2026-08,2.83,53.0,4.0,0.0,UNALIGNED (creator snapshot window vs paid Apr-Aug closed months)
658d3182000000001e005c39,110m2一房|好爱我家的奶油色开放式厨房,2023-12-28 21:00,video,31.0,CREATOR_PERFORMANCE_PRESENT,564.0,2.0,4.0,0.0,1.0,1,2,2,NOTE_PAID_METRIC_PRESENT,1,M2026-05,M2026-05,0.0,1.0,0.0,0.0,UNALIGNED (creator snapshot window vs paid Apr-Aug closed months)
658e89d1000000001d032f73,大数据请把我推给岛台灯光不知道怎么选的人,2023-12-30 19:00,video,50.0,CREATOR_PERFORMANCE_PRESENT,498.0,3.0,1.0,0.0,0.0,0,0,0,NO_PAID_ASSOCIATION_OBSERVED,0,,,,,,,UNALIGNED (creator snapshot window vs paid Apr-Aug closed months)
658e8a1a000000001e00441a,建议收藏⚠️小户型多功能岛台来啦!!️,2023-12-30 21:00,video,41.0,CREATOR_PERFORMANCE_PRESENT,481.0,5.0,9.0,2.0,2.0,1,2,2,NOTE_PAID_METRIC_PRESENT,3,M2026-04,M2026-08,1.46,10.0,1.0,0.0,UNALIGNED (creator snapshot window vs paid Apr-Aug closed months)
658e8a76000000001c010a5a,哇哦🔥黑白配伸缩岛台设计😍,2023-12-29 17:01,video,25.0,CREATOR_PERFORMANCE_PRESENT,619.0,0.0,1.0,4.0,1.0,1,2,2,NOTE_PAID_METRIC_PRESENT,3,M2026-04,M2026-07,0.25,9.0,1.0,0.0,UNALIGNED (creator snapshot window vs paid Apr-Aug closed months)
658e8b9e000000001e00496d,岛台不实用?翻车啦🥵,2023-12-29 19:01,video,92.0,CREATOR_PERFORMANCE_PRESENT,633.0,1.0,4.0,0.0,0.0,1,2,2,PAID_ASSOCIATED_NO_METRIC_RECORD,0,,,,,,,UNALIGNED (creator snapshot window vs paid Apr-Aug closed months)
658e8bfc000000001d036ed2,潮流方向🧭奶油风小户型岛台餐桌收纳设计,2023-12-29 21:00,video,86.0,CREATOR_PERFORMANCE_PRESENT,558.0,1.0,4.0,0.0,1.0,1,2,2,NOTE_PAID_METRIC_PRESENT,4,M2026-04,M2026-08,0.0,8.0,0.0,0.0,UNALIGNED (creator snapshot window vs paid Apr-Aug closed months)
658e8df6000000001a02aaa1,岛台避坑攻略🚥荌全隐患要注意⚠️,2023-12-30 17:01,video,71.0,CREATOR_PERFORMANCE_PRESENT,440.0,0.0,2.0,0.0,0.0,1,2,2,NOTE_PAID_METRIC_PRESENT,1,M2026-06,M2026-06,0.0,1.0,0.0,0.0,UNALIGNED (creator snapshot window vs paid Apr-Aug closed months)
658fd1cd000000001802864b,我的取电位应该留在哪里❓,2023-12-31 17:01,video,31.0,CREATOR_PERFORMANCE_PRESENT,571.0,1.0,1.0,0.0,0.0,1,2,2,NOTE_PAID_METRIC_PRESENT,5,M2026-04,M2026-08,0.1,35.0,1.0,0.0,UNALIGNED (creator snapshot window vs paid Apr-Aug closed months)
658fd215000000001d03322d,伸缩岛台竟然翻车了......,2023-12-31 19:00,video,41.0,CREATOR_PERFORMANCE_PRESENT,471.0,1.0,1.0,0.0,0.0,1,2,2,NOTE_PAID_METRIC_PRESENT,4,M2026-04,M2026-08,0.13,8.0,1.0,0.0,UNALIGNED (creator snapshot window vs paid Apr-Aug closed months)
658fd29a000000001102ccf2,牢记这几点🔥岛台尺寸不翻车!!️,2023-12-31 21:00,video,96.0,CREATOR_PERFORMANCE_PRESENT,446.0,1.0,3.0,0.0,0.0,1,2,2,NOTE_PAID_METRIC_PRESENT,2,M2026-06,M2026-07,0.0,3.0,0.0,0.0,UNALIGNED (creator snapshot window vs paid Apr-Aug closed months)
658fd433000000001101fd24,大揭秘⚠️开放式厨房油烟问题看这篇就够了,2024-01-01 17:00,video,59.0,CREATOR_PERFORMANCE_PRESENT,569.0,5.0,3.0,0.0,1.0,1,2,2,NOTE_PAID_METRIC_PRESENT,2,M2026-04,M2026-05,0.0,9.0,0.0,0.0,UNALIGNED (creator snapshot window vs paid Apr-Aug closed months)
658fd4cb000000001d02a58e,岛台怎么取电......,2024-01-01 19:00,video,41.0,CREATOR_PERFORMANCE_PRESENT,698.0,1.0,4.0,0.0,0.0,0,0,0,NO_PAID_ASSOCIATION_OBSERVED,0,,,,,,,UNALIGNED (creator snapshot window vs paid Apr-Aug closed months)
658fd53e000000001a003dd6,我天🔥岛台水电布局要注意这些⚠️,2024-01-01 21:00,video,68.0,CREATOR_PERFORMANCE_PRESENT,519.0,2.0,0.0,2.0,2.0,0,0,0,NO_PAID_ASSOCIATION_OBSERVED,0,,,,,,,UNALIGNED (creator snapshot window vs paid Apr-Aug closed months)
6593c73d000000001e00632f,为啥伸缩岛台会翻车❓,2024-01-02 17:00,video,72.0,CREATOR_PERFORMANCE_PRESENT,513.0,3.0,3.0,4.0,0.0,1,2,2,PAID_ASSOCIATED_NO_METRIC_RECORD,0,,,,,,,UNALIGNED (creator snapshot window vs paid Apr-Aug closed months)
6593c7c0000000001d030fbd,苍天...岛台尺寸希望都别做错了❌,2024-01-02 19:01,video,111.0,CREATOR_PERFORMANCE_PRESENT,638.0,7.0,12.0,0.0,1.0,1,2,2,NOTE_PAID_METRIC_PRESENT,4,M2026-05,M2026-08,0.01,7.0,1.0,0.0,UNALIGNED (creator snapshot window vs paid Apr-Aug closed months)
6593c858000000001d0161be,岛台收纳设计是智商税❓,2024-01-02 21:00,video,55.0,CREATOR_PERFORMANCE_PRESENT,614.0,2.0,0.0,0.0,0.0,1,2,2,PAID_ASSOCIATED_NO_METRIC_RECORD,0,,,,,,,UNALIGNED (creator snapshot window vs paid Apr-Aug closed months)
65950e200000000011033ae7,谁说岛台&餐边柜只能二选一🔥,2024-01-03 17:01,video,43.0,CREATOR_PERFORMANCE_PRESENT,701.0,0.0,3.0,0.0,2.0,1,2,2,NOTE_PAID_METRIC_PRESENT,5,M2026-04,M2026-08,0.18,45.0,4.0,0.0,UNALIGNED (creator snapshot window vs paid Apr-Aug closed months)
65950e93000000001102cbc9,岛台vs传统餐桌🏠应该如何选择🤔️,2024-01-03 19:01,video,45.0,CREATOR_PERFORMANCE_PRESENT,892.0,4.0,4.0,3.0,1.0,1,2,2,NOTE_PAID_METRIC_PRESENT,2,M2026-04,M2026-05,0.0,3.0,0.0,0.0,UNALIGNED (creator snapshot window vs paid Apr-Aug closed months)
65950ec3000000001102cc42,岛台双面收纳才不是智商税!!️,2024-01-03 21:00,video,55.0,CREATOR_PERFORMANCE_PRESENT,606.0,3.0,2.0,2.0,2.0,1,2,2,NOTE_PAID_METRIC_PRESENT,5,M2026-04,M2026-08,0.0,17.0,0.0,0.0,UNALIGNED (creator snapshot window vs paid Apr-Aug closed months)
6596551b000000001a002c64,"L型岛台,让你的厨房变得更宽敞!!️",2024-01-04 17:01,video,84.0,CREATOR_PERFORMANCE_PRESENT,891.0,3.0,7.0,2.0,1.0,1,2,2,NOTE_PAID_METRIC_PRESENT,5,M2026-04,M2026-08,0.0,14.0,0.0,0.0,UNALIGNED (creator snapshot window vs paid Apr-Aug closed months)
659655bf000000001d03240b,岛台一定要做防踢脚线⚠️,2024-01-04 19:01,video,55.0,CREATOR_PERFORMANCE_PRESENT,697.0,2.0,3.0,0.0,1.0,0,0,0,NO_PAID_ASSOCIATION_OBSERVED,0,,,,,,,UNALIGNED (creator snapshot window vs paid Apr-Aug closed months)
6596561600000000150023e7,为啥伸缩岛台总翻车!?️,2024-01-04 21:00,video,103.0,CREATOR_PERFORMANCE_PRESENT,526.0,2.0,4.0,0.0,2.0,1,2,2,PAID_ASSOCIATED_NO_METRIC_RECORD,0,,,,,,,UNALIGNED (creator snapshot window vs paid Apr-Aug closed months)
6597b914000000001e004811,来看看我熬夜刷小红书装的岛台🔥,2024-01-05 17:02,video,25.0,CREATOR_PERFORMANCE_PRESENT,530.0,0.0,2.0,0.0,2.0,1,2,2,NOTE_PAID_METRIC_PRESENT,2,M2026-04,M2026-06,0.0,4.0,0.0,0.0,UNALIGNED (creator snapshot window vs paid Apr-Aug closed months)
6597b9f50000000018028ea3,业主说好家伙🔥这款岛台在小区火了!!️,2024-01-05 19:01,video,53.0,CREATOR_PERFORMANCE_PRESENT,653.0,4.0,5.0,0.0,0.0,1,2,2,NOTE_PAID_METRIC_PRESENT,3,M2026-04,M2026-06,0.0,4.0,0.0,0.0,UNALIGNED (creator snapshot window vs paid Apr-Aug closed months)
6597ba8c000000001102cc9c,2023流行款🔥黑白经典配色伸缩岛台!!️,2024-01-05 21:00,video,53.0,CREATOR_PERFORMANCE_PRESENT,790.0,1.0,1.0,0.0,0.0,1,2,2,NOTE_PAID_METRIC_PRESENT,1,M2026-04,M2026-04,0.0,2.0,0.0,0.0,UNALIGNED (creator snapshot window vs paid Apr-Aug closed months)
6599081c000000001d026139,小户型入户门正对岛台🧐这么布局好显大哦,2024-01-06 17:01,video,39.0,CREATOR_PERFORMANCE_PRESENT,1036.0,3.0,2.0,2.0,0.0,1,2,2,NOTE_PAID_METRIC_PRESENT,4,M2026-04,M2026-07,0.25,35.0,3.0,0.0,UNALIGNED (creator snapshot window vs paid Apr-Aug closed months)
659908c2000000001101dd00,岛台很鸡肋❓你会选岛台还是餐桌!?️,2024-01-06 19:01,video,33.0,CREATOR_PERFORMANCE_PRESENT,861.0,5.0,1.0,0.0,1.0,1,2,2,NOTE_PAID_METRIC_PRESENT,3,M2026-04,M2026-06,0.0,7.0,0.0,0.0,UNALIGNED (creator snapshot window vs paid Apr-Aug closed months)
65990b2f000000001101e479,为啥要做餐桌🔥,2024-01-06 21:00,video,42.0,CREATOR_PERFORMANCE_PRESENT,813.0,4.0,2.0,0.0,0.0,1,2,2,PAID_ASSOCIATED_NO_METRIC_RECORD,0,,,,,,,UNALIGNED (creator snapshot window vs paid Apr-Aug closed months)
65990bc100000000150019ba,岛台有这么多用处还是很鸡肋?,2024-01-07 17:01,video,35.0,CREATOR_PERFORMANCE_PRESENT,575.0,1.0,3.0,2.0,1.0,1,2,2,PAID_ASSOCIATED_NO_METRIC_RECORD,0,,,,,,,UNALIGNED (creator snapshot window vs paid Apr-Aug closed months)
65990c11000000001c0137af,餐椅搭配不好❌岛台颜值直线下降🔥,2024-01-07 19:00,video,26.0,CREATOR_PERFORMANCE_PRESENT,7167.0,10.0,9.0,0.0,2.0,1,2,2,NOTE_PAID_METRIC_PRESENT,3,M2026-04,M2026-06,0.34,46.0,3.0,0.0,UNALIGNED (creator snapshot window vs paid Apr-Aug closed months)
65990c68000000001d031e7e,岛台尺寸瞎做🔥不翻车才怪!!️,2024-01-07 21:00,video,75.0,CREATOR_PERFORMANCE_PRESENT,554.0,1.0,0.0,0.0,0.0,1,2,2,NOTE_PAID_METRIC_PRESENT,2,M2026-04,M2026-05,0.15,20.0,2.0,0.0,UNALIGNED (creator snapshot window vs paid Apr-Aug closed months)
659baa1700000000110337f8,只有开放式厨房才能做岛台吗❓,2024-01-08 17:01,video,30.0,CREATOR_PERFORMANCE_PRESENT,2500.0,10.0,16.0,0.0,24.0,1,2,2,NOTE_PAID_METRIC_PRESENT,3,M2026-04,M2026-07,0.88,8.0,2.0,0.0,UNALIGNED (creator snapshot window vs paid Apr-Aug closed months)
659baab8000000001e008c2c,挑战1折💪复刻一个奢石岛台🔥,2024-01-08 19:01,video,112.0,CREATOR_PERFORMANCE_PRESENT,624.0,2.0,0.0,0.0,0.0,1,2,2,NOTE_PAID_METRIC_PRESENT,5,M2026-04,M2026-08,0.75,40.0,6.0,0.0,UNALIGNED (creator snapshot window vs paid Apr-Aug closed months)
659bab08000000001a02a02b,小户型岛台尺寸怎么做不出错!?️,2024-01-08 21:00,video,37.0,CREATOR_PERFORMANCE_PRESENT,975.0,9.0,7.0,2.0,0.0,1,2,2,NOTE_PAID_METRIC_PRESENT,5,M2026-04,M2026-08,8.85,267.0,39.0,0.0,UNALIGNED (creator snapshot window vs paid Apr-Aug closed months)
659cee5600000000110150ac,来看看我熬夜刷小红书装的岛台🔥,2024-01-09 17:01,video,18.0,CREATOR_PERFORMANCE_PRESENT,535.0,0.0,1.0,0.0,0.0,1,2,2,PAID_ASSOCIATED_NO_METRIC_RECORD,0,,,,,,,UNALIGNED (creator snapshot window vs paid Apr-Aug closed months)
659ceec100000000180285c8,完全理解了岛台+餐桌为啥这么火🔥,2024-01-09 19:01,video,144.0,CREATOR_PERFORMANCE_PRESENT,975.0,6.0,6.0,2.0,3.0,1,2,2,NOTE_PAID_METRIC_PRESENT,4,M2026-04,M2026-07,0.31,9.0,1.0,0.0,UNALIGNED (creator snapshot window vs paid Apr-Aug closed months)
659cef07000000001d029781,压箱底攻略🔥岛台9做9不做!!️ 一定要看,2024-01-09 21:00,video,100.0,CREATOR_PERFORMANCE_PRESENT,1008.0,10.0,26.0,9.0,3.0,1,2,2,NOTE_PAID_METRIC_PRESENT,4,M2026-04,M2026-07,0.0,6.0,0.0,0.0,UNALIGNED (creator snapshot window vs paid Apr-Aug closed months)
659e3f3b000000001d024c1f,开放式设计+餐岛一体❗这厨房美到心坎上了,2024-01-10 17:01,video,23.0,CREATOR_PERFORMANCE_PRESENT,512.0,0.0,2.0,0.0,0.0,1,2,2,NOTE_PAID_METRIC_PRESENT,2,M2026-04,M2026-05,0.01,6.0,1.0,0.0,UNALIGNED (creator snapshot window vs paid Apr-Aug closed months)
659e417d000000001a000f53,岛台尺寸设计🔥如何不翻车🚗,2024-01-10 19:01,video,94.0,CREATOR_PERFORMANCE_PRESENT,515.0,5.0,3.0,0.0,0.0,1,1,1,PAID_ASSOCIATED_NO_METRIC_RECORD,0,,,,,,,UNALIGNED (creator snapshot window vs paid Apr-Aug closed months)
659e41e7000000001d015330,套内75m2这样设计太实用了❗赶紧收藏抄作业,2024-01-10 21:00,video,77.0,CREATOR_PERFORMANCE_PRESENT,625.0,1.0,4.0,0.0,0.0,1,2,2,PAID_ASSOCIATED_NO_METRIC_RECORD,0,,,,,,,UNALIGNED (creator snapshot window vs paid Apr-Aug closed months)
659e6d76000000001102e7be,岛台尺寸怎么做不翻车🔥,2024-01-11 17:01,video,84.0,CREATOR_PERFORMANCE_PRESENT,516.0,4.0,4.0,1.0,0.0,1,2,2,NOTE_PAID_METRIC_PRESENT,2,M2026-04,M2026-05,0.0,4.0,0.0,0.0,UNALIGNED (creator snapshot window vs paid Apr-Aug closed months)
659e6e12000000001d025fd3,岛台避雷🚥伸缩岛台千万别这样做❌,2024-01-11 19:01,video,84.0,CREATOR_PERFORMANCE_PRESENT,542.0,1.0,2.0,3.0,4.0,1,2,2,NOTE_PAID_METRIC_PRESENT,5,M2026-04,M2026-08,0.66,76.0,7.0,0.0,UNALIGNED (creator snapshot window vs paid Apr-Aug closed months)
659e6ebd000000001802b8df,一个岛台工厂做自媒体火了!到底做对了啥?,2024-01-11 21:00,video,209.0,CREATOR_PERFORMANCE_PRESENT,549.0,0.0,0.0,2.0,0.0,0,0,0,NO_PAID_ASSOCIATION_OBSERVED,0,,,,,,,UNALIGNED (creator snapshot window vs paid Apr-Aug closed months)
659fa7c000000000110323bb,在小红书抄来的岛台🔥好特别哦😍,2024-01-12 17:01,video,33.0,CREATOR_PERFORMANCE_PRESENT,516.0,1.0,2.0,0.0,2.0,1,2,2,PAID_ASSOCIATED_NO_METRIC_RECORD,0,,,,,,,UNALIGNED (creator snapshot window vs paid Apr-Aug closed months)
659fa7f9000000001d027449,糟糕🔥差一点岛台进不去家门了😱,2024-01-12 19:01,video,63.0,CREATOR_PERFORMANCE_PRESENT,530.0,2.0,1.0,1.0,1.0,1,2,2,NOTE_PAID_METRIC_PRESENT,2,M2026-05,M2026-08,0.02,2.0,1.0,0.0,UNALIGNED (creator snapshot window vs paid Apr-Aug closed months)
659fa865000000001101406e,岛台避坑指南🚥岛台做哑光不做亮光,2024-01-12 21:00,video,65.0,CREATOR_PERFORMANCE_PRESENT,552.0,1.0,1.0,1.0,0.0,1,2,2,NOTE_PAID_METRIC_PRESENT,3,M2026-04,M2026-07,0.0,5.0,0.0,0.0,UNALIGNED (creator snapshot window vs paid Apr-Aug closed months)
65a2407a000000001d0276c8,奶油原木风岛台设计🔥太好抄了!!️,2024-01-13 17:01,video,20.0,CREATOR_PERFORMANCE_PRESENT,574.0,2.0,3.0,3.0,0.0,1,2,2,NOTE_PAID_METRIC_PRESENT,2,M2026-04,M2026-05,0.0,6.0,0.0,0.0,UNALIGNED (creator snapshot window vs paid Apr-Aug closed months)
65a240f4000000001c0103e8,沙发不靠墙🔥岛台做隔断!!️,2024-01-13 19:01,video,29.0,CREATOR_PERFORMANCE_PRESENT,1205.0,6.0,9.0,5.0,5.0,1,2,2,NOTE_PAID_METRIC_PRESENT,5,M2026-04,M2026-08,1.21,136.0,10.0,0.0,UNALIGNED (creator snapshot window vs paid Apr-Aug closed months)
65a2414b000000001e007d30,谁懂🔥岛台给我家的装修加分了😍,2024-01-13 21:00,video,83.0,CREATOR_PERFORMANCE_PRESENT,606.0,3.0,5.0,0.0,2.0,1,2,2,NOTE_PAID_METRIC_PRESENT,3,M2026-04,M2026-06,0.02,11.0,1.0,0.0,UNALIGNED (creator snapshot window vs paid Apr-Aug closed months)
65a38b47000000001102c9f3,小户型蕞合适的小岛台🦈鲨疯了呀!,2024-01-14 17:01,video,32.0,CREATOR_PERFORMANCE_PRESENT,527.0,1.0,2.0,3.0,0.0,1,2,2,NOTE_PAID_METRIC_PRESENT,2,M2026-04,M2026-05,0.0,2.0,0.0,0.0,UNALIGNED (creator snapshot window vs paid Apr-Aug closed months)
65a38ba90000000011030b82,岛台收纳这样做才没智商税🔥,2024-01-14 19:01,video,26.0,CREATOR_PERFORMANCE_PRESENT,511.0,1.0,0.0,1.0,0.0,1,2,2,NOTE_PAID_METRIC_PRESENT,2,M2026-04,M2026-06,0.0,4.0,0.0,0.0,UNALIGNED (creator snapshot window vs paid Apr-Aug closed months)
65a38bf2000000001e005fcb,3条岛台量尺干货⚠️注意听!!️,2024-01-14 21:00,video,24.0,CREATOR_PERFORMANCE_PRESENT,714.0,2.0,0.0,1.0,0.0,1,2,2,NOTE_PAID_METRIC_PRESENT,3,M2026-04,M2026-06,0.0,4.0,0.0,0.0,UNALIGNED (creator snapshot window vs paid Apr-Aug closed months)
65a4dd7d0000000015001db8,岛台餐椅搭配小妙招🔥,2024-01-15 17:01,video,31.0,CREATOR_PERFORMANCE_PRESENT,607.0,3.0,7.0,1.0,0.0,0,0,0,NO_PAID_ASSOCIATION_OBSERVED,0,,,,,,,UNALIGNED (creator snapshot window vs paid Apr-Aug closed months)
65a4de98000000001e0081cb,家人们避雷!岛台细节要注意....😥,2024-01-15 19:01,video,54.0,CREATOR_PERFORMANCE_PRESENT,2166.0,14.0,16.0,3.0,19.0,1,2,2,NOTE_PAID_METRIC_PRESENT,5,M2026-04,M2026-08,0.27,54.0,11.0,0.0,UNALIGNED (creator snapshot window vs paid Apr-Aug closed months)
65a4df1d000000001802bd6c,2024超赞的潘多拉岛台🔥餐岛一体设计!!️,2024-01-15 21:00,video,52.0,CREATOR_PERFORMANCE_PRESENT,1057.0,4.0,9.0,1.0,5.0,1,2,2,NOTE_PAID_METRIC_PRESENT,5,M2026-04,M2026-08,0.0,12.0,0.0,0.0,UNALIGNED (creator snapshot window vs paid Apr-Aug closed months)
65a629b6000000002b012b8a,妈耶🔥被夸爆的奶油风岛台在这里!!️,2024-01-16 17:01,video,44.0,CREATOR_PERFORMANCE_PRESENT,550.0,3.0,4.0,3.0,0.0,1,2,2,NOTE_PAID_METRIC_PRESENT,1,M2026-05,M2026-05,0.0,1.0,0.0,0.0,UNALIGNED (creator snapshot window vs paid Apr-Aug closed months)
65a62c61000000002b016521,岛台尺寸怎么做!?️,2024-01-16 19:01,video,37.0,CREATOR_PERFORMANCE_PRESENT,567.0,2.0,1.0,1.0,0.0,1,2,2,NOTE_PAID_METRIC_PRESENT,3,M2026-04,M2026-06,0.01,13.0,1.0,0.0,UNALIGNED (creator snapshot window vs paid Apr-Aug closed months)
65a62cd8000000002b007025,岛台千万别内嵌洗碗机!!️除非...,2024-01-16 21:00,video,56.0,CREATOR_PERFORMANCE_PRESENT,869.0,1.0,1.0,1.0,1.0,0,0,0,NO_PAID_ASSOCIATION_OBSERVED,0,,,,,,,UNALIGNED (creator snapshot window vs paid Apr-Aug closed months)
65a77fd4000000002b015679,不听父母话做了岛台🔥我后悔了吗!!️,2024-01-17 17:01,video,108.0,CREATOR_PERFORMANCE_PRESENT,646.0,5.0,2.0,1.0,0.0,1,2,2,PAID_ASSOCIATED_NO_METRIC_RECORD,0,,,,,,,UNALIGNED (creator snapshot window vs paid Apr-Aug closed months)
65a78024000000002a015727,哪个怨种还在这样做岛台!!️,2024-01-17 19:01,video,105.0,CREATOR_PERFORMANCE_PRESENT,676.0,1.0,6.0,2.0,0.0,1,2,2,NOTE_PAID_METRIC_PRESENT,5,M2026-04,M2026-08,0.54,20.0,4.0,0.0,UNALIGNED (creator snapshot window vs paid Apr-Aug closed months)
65a7809b0000000029030311,伸缩岛台尤其注意⚠️,2024-01-17 21:01,video,51.0,CREATOR_PERFORMANCE_PRESENT,720.0,2.0,3.0,1.0,0.0,1,2,2,NOTE_PAID_METRIC_PRESENT,5,M2026-04,M2026-08,0.02,11.0,2.0,0.0,UNALIGNED (creator snapshot window vs paid Apr-Aug closed months)
65a8d975000000002a010976,岛台尺寸7个核心标准🔥,2024-01-18 17:02,video,100.0,CREATOR_PERFORMANCE_PRESENT,637.0,7.0,8.0,3.0,0.0,1,2,2,NOTE_PAID_METRIC_PRESENT,4,M2026-04,M2026-07,1.21,12.0,2.0,0.0,UNALIGNED (creator snapshot window vs paid Apr-Aug closed months)
65a8dbae000000002b007a63,岛台内嵌电器🚥这些坑不知道不行⚠️,2024-01-18 19:01,video,49.0,CREATOR_PERFORMANCE_PRESENT,874.0,2.0,3.0,1.0,0.0,0,0,0,NO_PAID_ASSOCIATION_OBSERVED,0,,,,,,,UNALIGNED (creator snapshot window vs paid Apr-Aug closed months)
65a8dd4a000000002b007f20,"我家小户型显大大大的秘诀🔥就是它,抄吧",2024-01-18 21:01,video,101.0,CREATOR_PERFORMANCE_PRESENT,605.0,1.0,0.0,3.0,0.0,1,2,2,NOTE_PAID_METRIC_PRESENT,4,M2026-04,M2026-08,11.92,11.0,1.0,0.0,UNALIGNED (creator snapshot window vs paid Apr-Aug closed months)
65aa2ac7000000002c00f823,岩板岛台难清洁!?️,2024-01-19 17:02,video,42.0,CREATOR_PERFORMANCE_PRESENT,1028.0,2.0,0.0,3.0,0.0,1,2,2,NOTE_PAID_METRIC_PRESENT,4,M2026-04,M2026-07,9.32,19.0,5.0,0.0,UNALIGNED (creator snapshot window vs paid Apr-Aug closed months)
65aa2d28000000002d011eda,"超实用的小户型伸缩岛台,超超超nice!!️",2024-01-19 19:02,video,79.0,CREATOR_PERFORMANCE_PRESENT,615.0,2.0,1.0,1.0,0.0,1,2,2,NOTE_PAID_METRIC_PRESENT,4,M2026-04,M2026-08,0.0,7.0,0.0,0.0,UNALIGNED (creator snapshot window vs paid Apr-Aug closed months)
65aa2e36000000002d02b4e6,被小区业主问爆了❗伸缩岛台餐岛一体 真香,2024-01-19 21:01,video,100.0,CREATOR_PERFORMANCE_PRESENT,621.0,0.0,1.0,1.0,3.0,1,2,2,PAID_ASSOCIATED_NO_METRIC_RECORD,0,,,,,,,UNALIGNED (creator snapshot window vs paid Apr-Aug closed months)
65ab7c5b000000002c0168ab,这才是岛台的满分做法🔥百看不厌👀,2024-01-20 17:02,video,22.0,CREATOR_PERFORMANCE_PRESENT,720.0,4.0,5.0,3.0,0.0,1,2,2,NOTE_PAID_METRIC_PRESENT,1,M2026-04,M2026-04,0.0,2.0,0.0,0.0,UNALIGNED (creator snapshot window vs paid Apr-Aug closed months)
65ab7cde000000002c0169a8,远离精致土🔥奶油风这样装很高级!!️,2024-01-20 19:01,video,36.0,CREATOR_PERFORMANCE_PRESENT,513.0,3.0,3.0,5.0,0.0,1,2,2,PAID_ASSOCIATED_NO_METRIC_RECORD,0,,,,,,,UNALIGNED (creator snapshot window vs paid Apr-Aug closed months)
65ab7d28000000002b03d305,齐平纯白岛台🔥美到心巴上了🎀,2024-01-20 21:01,video,41.0,CREATOR_PERFORMANCE_PRESENT,574.0,2.0,1.0,1.0,3.0,1,2,2,NOTE_PAID_METRIC_PRESENT,2,M2026-04,M2026-05,0.0,4.0,0.0,0.0,UNALIGNED (creator snapshot window vs paid Apr-Aug closed months)
65ab8b1a000000002c00e10f,小白装修选岛台攻略🔥,2024-01-21 17:01,video,66.0,CREATOR_PERFORMANCE_PRESENT,427.0,0.0,2.0,1.0,0.0,1,2,2,NOTE_PAID_METRIC_PRESENT,1,M2026-05,M2026-05,0.0,2.0,0.0,0.0,UNALIGNED (creator snapshot window vs paid Apr-Aug closed months)
65ab8bd5000000002d0105f4,岛台尺寸的8个关键点🔥你知道吗!?️,2024-01-21 19:01,video,114.0,CREATOR_PERFORMANCE_PRESENT,500.0,0.0,3.0,1.0,1.0,1,2,2,NOTE_PAID_METRIC_PRESENT,1,M2026-05,M2026-05,0.0,2.0,0.0,0.0,UNALIGNED (creator snapshot window vs paid Apr-Aug closed months)
65ab8c17000000002c03a005,岛台装水槽是智商税吗!?️,2024-01-21 21:00,video,23.0,CREATOR_PERFORMANCE_PRESENT,981.0,1.0,2.0,3.0,0.0,0,0,0,NO_PAID_ASSOCIATION_OBSERVED,0,,,,,,,UNALIGNED (creator snapshot window vs paid Apr-Aug closed months)
65ae1f07000000002c0138af,入户实拍|深圳餐岛一体入户啦🔥,2024-01-22 17:02,video,21.0,CREATOR_PERFORMANCE_PRESENT,577.0,0.0,0.0,1.0,0.0,1,2,2,NOTE_PAID_METRIC_PRESENT,4,M2026-04,M2026-07,0.62,21.0,3.0,0.0,UNALIGNED (creator snapshot window vs paid Apr-Aug closed months)
65ae1f56000000002c03897a,听我一句劝|进门就是厨房这样装太香了🔥,2024-01-22 19:01,video,44.0,CREATOR_PERFORMANCE_PRESENT,558.0,0.0,1.0,1.0,0.0,1,2,2,NOTE_PAID_METRIC_PRESENT,2,M2026-04,M2026-05,0.0,5.0,0.0,0.0,UNALIGNED (creator snapshot window vs paid Apr-Aug closed months)
65ae1fa3000000002b03d89a,巨干货|8大尺寸!!️岛台避坑攻略2🔥,2024-01-22 21:01,video,75.0,CREATOR_PERFORMANCE_PRESENT,534.0,2.0,5.0,3.0,1.0,1,2,2,NOTE_PAID_METRIC_PRESENT,4,M2026-04,M2026-07,0.0,6.0,0.0,0.0,UNALIGNED (creator snapshot window vs paid Apr-Aug closed months)
65ae2071000000002b03dd4f,“去餐桌化”真的很香吗!?️,2024-01-23 17:01,video,81.0,CREATOR_PERFORMANCE_PRESENT,855.0,4.0,6.0,1.0,2.0,1,2,2,NOTE_PAID_METRIC_PRESENT,4,M2026-04,M2026-07,0.33,79.0,12.0,0.0,UNALIGNED (creator snapshot window vs paid Apr-Aug closed months)
65ae2181000000002c028313,岛台收纳Q网对比🔥,2024-01-23 19:00,video,50.0,CREATOR_PERFORMANCE_PRESENT,608.0,1.0,7.0,1.0,1.0,1,2,2,NOTE_PAID_METRIC_PRESENT,3,M2026-04,M2026-06,0.0,3.0,0.0,0.0,UNALIGNED (creator snapshot window vs paid Apr-Aug closed months)
65ae21ae000000002c03fd67,开放式厨房油烟怎么解决呢😥,2024-01-23 21:00,video,59.0,CREATOR_PERFORMANCE_PRESENT,705.0,1.0,1.0,1.0,0.0,1,2,2,NOTE_PAID_METRIC_PRESENT,5,M2026-04,M2026-08,1.12,253.0,31.0,0.0,UNALIGNED (creator snapshot window vs paid Apr-Aug closed months)
65af7d44000000002d0034c9,生活的仪式感⭐奶油风伸缩岛台🔥,2024-01-24 17:00,video,35.0,CREATOR_PERFORMANCE_PRESENT,375.0,0.0,0.0,1.0,0.0,1,2,2,NOTE_PAID_METRIC_PRESENT,3,M2026-04,M2026-06,0.0,3.0,0.0,0.0,UNALIGNED (creator snapshot window vs paid Apr-Aug closed months)
65af7d9d000000002c039388,我家岛台vs别人家岛台🔥哪个才是天花板?,2024-01-24 19:00,video,44.0,CREATOR_PERFORMANCE_PRESENT,456.0,1.0,3.0,1.0,0.0,1,2,2,PAID_ASSOCIATED_NO_METRIC_RECORD,0,,,,,,,UNALIGNED (creator snapshot window vs paid Apr-Aug closed months)
65af7e4e000000002c0397d4,伸缩岛台超绝密保姆级教程🔥,2024-01-24 21:00,video,98.0,CREATOR_PERFORMANCE_PRESENT,485.0,2.0,1.0,1.0,0.0,1,2,2,NOTE_PAID_METRIC_PRESENT,5,M2026-04,M2026-08,1.52,131.0,18.0,0.0,UNALIGNED (creator snapshot window vs paid Apr-Aug closed months)
65af7eb5000000002c0344cc,为啥不做餐桌!?️,2024-01-25 17:00,video,65.0,CREATOR_PERFORMANCE_PRESENT,373.0,0.0,0.0,1.0,1.0,1,2,2,NOTE_PAID_METRIC_PRESENT,1,M2026-06,M2026-06,0.0,1.0,0.0,0.0,UNALIGNED (creator snapshot window vs paid Apr-Aug closed months)
65af7f5c000000002c03c20e,齐平岛台分享🔥纯白岛台入户案例,2024-01-25 19:00,video,20.0,CREATOR_PERFORMANCE_PRESENT,606.0,1.0,1.0,1.0,0.0,1,2,2,NOTE_PAID_METRIC_PRESENT,4,M2026-04,M2026-07,0.01,22.0,1.0,0.0,UNALIGNED (creator snapshot window vs paid Apr-Aug closed months)
65af7fb6000000002c028a8b,瞬间心动💗 冷翡翠奢石岛台!!️,2024-01-25 21:00,video,68.0,CREATOR_PERFORMANCE_PRESENT,450.0,2.0,2.0,1.0,0.0,1,2,2,NOTE_PAID_METRIC_PRESENT,5,M2026-04,M2026-08,1.45,85.0,6.0,0.0,UNALIGNED (creator snapshot window vs paid Apr-Aug closed months)
65af80cc000000002b03f659,岛台为啥越做越好!?️,2024-01-26 17:01,video,185.0,CREATOR_PERFORMANCE_PRESENT,411.0,1.0,1.0,1.0,0.0,1,2,2,PAID_ASSOCIATED_NO_METRIC_RECORD,0,,,,,,,UNALIGNED (creator snapshot window vs paid Apr-Aug closed months)
65af8165000000002c03ac04,岛台必做的5个工艺🔥不懂=翻车🚗,2024-01-26 19:01,video,99.0,CREATOR_PERFORMANCE_PRESENT,437.0,1.0,1.0,1.0,0.0,1,2,2,NOTE_PAID_METRIC_PRESENT,2,M2026-04,M2026-05,0.01,5.0,1.0,0.0,UNALIGNED (creator snapshot window vs paid Apr-Aug closed months)
65af81bb000000002c0298e0,美貌与实用兼备的伸缩岛台🎀谁能不爱!!️,2024-01-26 21:00,video,47.0,CREATOR_PERFORMANCE_PRESENT,426.0,1.0,1.0,5.0,0.0,1,2,2,NOTE_PAID_METRIC_PRESENT,3,M2026-04,M2026-07,0.0,9.0,0.0,0.0,UNALIGNED (creator snapshot window vs paid Apr-Aug closed months)
65b1c682000000002c03ac02,奶油风|炒鸡满意的岛台原来这样做!!️,2024-01-27 17:01,video,55.0,CREATOR_PERFORMANCE_PRESENT,488.0,1.0,1.0,0.0,0.0,1,2,2,NOTE_PAID_METRIC_PRESENT,1,M2026-05,M2026-05,0.01,2.0,1.0,0.0,UNALIGNED (creator snapshot window vs paid Apr-Aug closed months)
65b1c759000000002b03f79a,巨有质感的雪山飞狐奢石岛台🔥,2024-01-27 19:01,video,31.0,CREATOR_PERFORMANCE_PRESENT,449.0,1.0,1.0,2.0,1.0,1,2,2,NOTE_PAID_METRIC_PRESENT,5,M2026-04,M2026-08,0.54,65.0,4.0,0.0,UNALIGNED (creator snapshot window vs paid Apr-Aug closed months)
65b1c7c1000000002c03b2dd,一眼万年|这岛台我能看一辈子🎀,2024-01-27 21:00,video,99.0,CREATOR_PERFORMANCE_PRESENT,425.0,0.0,1.0,1.0,0.0,1,2,2,NOTE_PAID_METRIC_PRESENT,3,M2026-04,M2026-06,0.0,5.0,0.0,0.0,UNALIGNED (creator snapshot window vs paid Apr-Aug closed months)
65b1c862000000002b03fd34,奶油风岛台尺寸详解🔥,2024-01-28 17:01,video,24.0,CREATOR_PERFORMANCE_PRESENT,389.0,1.0,2.0,1.0,0.0,1,2,2,NOTE_PAID_METRIC_PRESENT,1,M2026-05,M2026-05,0.0,1.0,0.0,0.0,UNALIGNED (creator snapshot window vs paid Apr-Aug closed months)
65b1c8d7000000002c0299fb,听说伸缩岛台翻车率90%....,2024-01-28 19:01,video,72.0,CREATOR_PERFORMANCE_PRESENT,763.0,4.0,4.0,3.0,3.0,1,2,2,NOTE_PAID_METRIC_PRESENT,4,M2026-04,M2026-08,0.1,11.0,1.0,0.0,UNALIGNED (creator snapshot window vs paid Apr-Aug closed months)
65b1c94b000000002c03d4a3,拒绝不实用设计🔥岛台双面收纳冲啊!!️,2024-01-28 21:00,video,60.0,CREATOR_PERFORMANCE_PRESENT,535.0,2.0,2.0,5.0,0.0,1,2,2,NOTE_PAID_METRIC_PRESENT,4,M2026-04,M2026-07,1.27,13.0,1.0,0.0,UNALIGNED (creator snapshot window vs paid Apr-Aug closed months)
65b1c9cc000000002d001bea,岛台餐椅搭配翻车!?️,2024-01-29 17:01,video,31.0,CREATOR_PERFORMANCE_PRESENT,797.0,4.0,7.0,1.0,0.0,0,0,0,NO_PAID_ASSOCIATION_OBSERVED,0,,,,,,,UNALIGNED (creator snapshot window vs paid Apr-Aug closed months)
65b1ca10000000002c03bf1d,别等入住后才发现岛台的坑....,2024-01-29 19:01,video,112.0,CREATOR_PERFORMANCE_PRESENT,598.0,3.0,2.0,1.0,2.0,1,2,2,PAID_ASSOCIATED_NO_METRIC_RECORD,0,,,,,,,UNALIGNED (creator snapshot window vs paid Apr-Aug closed months)
65b1ca54000000002c03808f,岛台收纳这样做🔥直接完胜!!️,2024-01-29 21:00,video,50.0,CREATOR_PERFORMANCE_PRESENT,447.0,1.0,0.0,1.0,0.0,1,2,2,NOTE_PAID_METRIC_PRESENT,2,M2026-04,M2026-05,0.0,6.0,0.0,0.0,UNALIGNED (creator snapshot window vs paid Apr-Aug closed months)
65b1caf4000000002c01300a,岛台9不做🔥收好这份宝藏级避坑攻略!!️,2024-01-30 17:01,video,79.0,CREATOR_PERFORMANCE_PRESENT,384.0,0.0,1.0,1.0,1.0,1,2,2,PAID_ASSOCIATED_NO_METRIC_RECORD,0,,,,,,,UNALIGNED (creator snapshot window vs paid Apr-Aug closed months)
65b1cb86000000002c016a5d,避坑了🕳️你家岛台还在踩雷吗!?️,2024-01-30 19:01,video,100.0,CREATOR_PERFORMANCE_PRESENT,474.0,1.0,4.0,1.0,1.0,1,2,2,NOTE_PAID_METRIC_PRESENT,2,M2026-05,M2026-06,0.01,3.0,1.0,0.0,UNALIGNED (creator snapshot window vs paid Apr-Aug closed months)
65b1cd36000000002b03d7cd,岛台尺寸都能错!?️,2024-01-30 21:00,video,96.0,CREATOR_PERFORMANCE_PRESENT,382.0,1.0,2.0,1.0,0.0,1,2,2,NOTE_PAID_METRIC_PRESENT,2,M2026-04,M2026-05,0.0,6.0,0.0,0.0,UNALIGNED (creator snapshot window vs paid Apr-Aug closed months)
65b1cd86000000002d003099,岛台这样布局🔥直接显大8平!!️,2024-01-31 17:01,video,28.0,CREATOR_PERFORMANCE_PRESENT,433.0,1.0,0.0,1.0,0.0,1,2,2,NOTE_PAID_METRIC_PRESENT,2,M2026-05,M2026-06,0.0,2.0,0.0,0.0,UNALIGNED (creator snapshot window vs paid Apr-Aug closed months)
65b1ce04000000002c02b653,震惊😱75平也能显大!!️,2024-01-31 19:01,video,56.0,CREATOR_PERFORMANCE_PRESENT,448.0,1.0,2.0,7.0,4.0,1,2,2,NOTE_PAID_METRIC_PRESENT,1,M2026-08,M2026-08,0.0,2.0,0.0,0.0,UNALIGNED (creator snapshot window vs paid Apr-Aug closed months)
65b1ce42000000002d003479,岛台翻车的原因🔥居然是....,2024-01-31 21:00,video,54.0,CREATOR_PERFORMANCE_PRESENT,504.0,2.0,3.0,1.0,2.0,1,2,2,NOTE_PAID_METRIC_PRESENT,4,M2026-04,M2026-07,0.15,18.0,3.0,0.0,UNALIGNED (creator snapshot window vs paid Apr-Aug closed months)
65b8a64f000000002d0005a8,岛台9不做 杜绝翻车,2024-02-01 17:01,video,79.0,CREATOR_PERFORMANCE_PRESENT,390.0,1.0,2.0,1.0,0.0,1,2,2,PAID_ASSOCIATED_NO_METRIC_RECORD,0,,,,,,,UNALIGNED (creator snapshot window vs paid Apr-Aug closed months)
65b8a683000000000702bba1,岛台装修指南👀怎么做好岛台的水电布局,2024-02-01 19:01,video,78.0,CREATOR_PERFORMANCE_PRESENT,561.0,1.0,6.0,1.0,3.0,0,0,0,NO_PAID_ASSOCIATION_OBSERVED,0,,,,,,,UNALIGNED (creator snapshot window vs paid Apr-Aug closed months)
65b8a6b6000000002c03c971,能劝一个是一个!尺寸翻车可千万别了❌,2024-02-01 21:00,video,65.0,CREATOR_PERFORMANCE_PRESENT,428.0,1.0,1.0,1.0,0.0,1,2,2,NOTE_PAID_METRIC_PRESENT,2,M2026-04,M2026-07,0.0,2.0,0.0,0.0,UNALIGNED (creator snapshot window vs paid Apr-Aug closed months)
65b8a7b6000000002c028fec,岛台收纳怎么做才不浪费空间!?️,2024-02-02 17:02,video,74.0,CREATOR_PERFORMANCE_PRESENT,385.0,0.0,0.0,1.0,0.0,1,2,2,NOTE_PAID_METRIC_PRESENT,2,M2026-04,M2026-06,0.14,7.0,1.0,0.0,UNALIGNED (creator snapshot window vs paid Apr-Aug closed months)
65b8a808000000000802253f,原来!!️小户型真的可以做岛台❗️,2024-02-02 19:01,video,88.0,CREATOR_PERFORMANCE_PRESENT,468.0,3.0,0.0,1.0,0.0,1,2,2,NOTE_PAID_METRIC_PRESENT,2,M2026-04,M2026-05,0.0,4.0,0.0,0.0,UNALIGNED (creator snapshot window vs paid Apr-Aug closed months)
65b8aad0000000002c0363ac,岛台十做十不做🔥 赶紧收藏抄作业!!️,2024-02-02 21:00,video,83.0,CREATOR_PERFORMANCE_PRESENT,411.0,2.0,3.0,1.0,0.0,1,2,2,NOTE_PAID_METRIC_PRESENT,2,M2026-04,M2026-07,0.0,4.0,0.0,0.0,UNALIGNED (creator snapshot window vs paid Apr-Aug closed months)
65b8ab3b0000000007029266,智商税警告⚠️岛台收纳设计,2024-02-03 17:00,video,55.0,CREATOR_PERFORMANCE_PRESENT,481.0,1.0,1.0,1.0,0.0,1,2,2,NOTE_PAID_METRIC_PRESENT,5,M2026-04,M2026-08,0.44,66.0,11.0,0.0,UNALIGNED (creator snapshot window vs paid Apr-Aug closed months)
65b8ab80000000002c0383b7,在小红书抄来的岛台🔥,2024-02-03 19:00,video,41.0,CREATOR_PERFORMANCE_PRESENT,504.0,1.0,4.0,3.0,1.0,1,2,2,NOTE_PAID_METRIC_PRESENT,4,M2026-04,M2026-07,4.6,11.0,1.0,0.0,UNALIGNED (creator snapshot window vs paid Apr-Aug closed months)
65b8abf1000000002c016b7a,颜值王者🔥宝格丽奢石岛台!!️,2024-02-03 21:00,video,38.0,CREATOR_PERFORMANCE_PRESENT,520.0,2.0,4.0,7.0,2.0,1,2,2,NOTE_PAID_METRIC_PRESENT,5,M2026-04,M2026-08,14.3,252.0,23.0,0.0,UNALIGNED (creator snapshot window vs paid Apr-Aug closed months)
65b8ac46000000002c013741,沙发后做岛台🔥到底有多便利!?️,2024-02-04 17:01,video,38.0,CREATOR_PERFORMANCE_PRESENT,452.0,1.0,1.0,3.0,1.0,1,2,2,NOTE_PAID_METRIC_PRESENT,5,M2026-04,M2026-08,1.39,114.0,7.0,0.0,UNALIGNED (creator snapshot window vs paid Apr-Aug closed months)
65b8ac8d000000002c03e5e9,不敢想象拥有这样岛台的我有多幸福💗,2024-02-04 19:00,video,38.0,CREATOR_PERFORMANCE_PRESENT,386.0,0.0,0.0,1.0,0.0,1,2,2,PAID_ASSOCIATED_NO_METRIC_RECORD,0,,,,,,,UNALIGNED (creator snapshot window vs paid Apr-Aug closed months)
65b8acf3000000002c036e17,朋友:谢谢你帮我踩坑!,2024-02-04 21:00,video,135.0,CREATOR_PERFORMANCE_PRESENT,620.0,5.0,6.0,3.0,0.0,1,2,2,NOTE_PAID_METRIC_PRESENT,1,M2026-04,M2026-04,0.0,1.0,0.0,0.0,UNALIGNED (creator snapshot window vs paid Apr-Aug closed months)
65b8ad4a0000000008023e19,岛台实用吗🔥,2024-02-05 17:01,video,88.0,CREATOR_PERFORMANCE_PRESENT,452.0,0.0,2.0,5.0,0.0,1,2,2,NOTE_PAID_METRIC_PRESENT,1,M2026-05,M2026-05,0.0,1.0,0.0,0.0,UNALIGNED (creator snapshot window vs paid Apr-Aug closed months)
65b8adab000000002c02acdc,保姆级教程🔥伸缩岛台这样做才对...,2024-02-05 19:00,video,86.0,CREATOR_PERFORMANCE_PRESENT,515.0,2.0,7.0,1.0,2.0,1,2,2,NOTE_PAID_METRIC_PRESENT,5,M2026-04,M2026-08,2.5,53.0,5.0,0.0,UNALIGNED (creator snapshot window vs paid Apr-Aug closed months)
65b8ae04000000002c03734a,岛台灯光选好🔥氛围感少不了,2024-02-05 21:00,video,50.0,CREATOR_PERFORMANCE_PRESENT,342.0,1.0,1.0,1.0,0.0,0,0,0,NO_PAID_ASSOCIATION_OBSERVED,0,,,,,,,UNALIGNED (creator snapshot window vs paid Apr-Aug closed months)
65bc44c200000000080237e8,开放式厨房如何防油烟!?️,2024-02-06 17:01,video,59.0,CREATOR_PERFORMANCE_PRESENT,547.0,1.0,4.0,1.0,0.0,0,0,0,NO_PAID_ASSOCIATION_OBSERVED,0,,,,,,,UNALIGNED (creator snapshot window vs paid Apr-Aug closed months)
65bc455f000000002d002107,含泪分享岛台避坑攻略🔥,2024-02-06 19:01,video,100.0,CREATOR_PERFORMANCE_PRESENT,384.0,1.0,1.0,1.0,0.0,1,2,2,PAID_ASSOCIATED_NO_METRIC_RECORD,0,,,,,,,UNALIGNED (creator snapshot window vs paid Apr-Aug closed months)
65bc472a000000002d0026f4,岛台+烤箱真的实用吗!?️,2024-02-06 21:00,video,50.0,CREATOR_PERFORMANCE_PRESENT,693.0,2.0,1.0,3.0,1.0,1,2,2,NOTE_PAID_METRIC_PRESENT,5,M2026-04,M2026-08,10.7,376.0,52.0,0.0,UNALIGNED (creator snapshot window vs paid Apr-Aug closed months)
65bc4808000000002c02ab23,我家齐平岛台被邻居问爆了🔥附详细尺寸,2024-02-07 17:01,video,20.0,CREATOR_PERFORMANCE_PRESENT,5136.0,21.0,23.0,16.0,9.0,1,2,2,NOTE_PAID_METRIC_PRESENT,5,M2026-04,M2026-08,22.35,293.0,42.0,0.0,UNALIGNED (creator snapshot window vs paid Apr-Aug closed months)
65bc4b64000000002c02b6a4,"让人欲罢不能的黑白极简岛台,泰酷啦🔥",2024-02-07 19:01,video,19.0,CREATOR_PERFORMANCE_PRESENT,415.0,1.0,0.0,2.0,0.0,1,2,2,NOTE_PAID_METRIC_PRESENT,3,M2026-04,M2026-06,0.27,13.0,1.0,0.0,UNALIGNED (creator snapshot window vs paid Apr-Aug closed months)
65bc4db6000000002b03eb1d,我家真的只有75平!!小户型显大干货🔥,2024-02-07 21:00,video,79.0,CREATOR_PERFORMANCE_PRESENT,514.0,2.0,4.0,1.0,0.0,1,2,2,NOTE_PAID_METRIC_PRESENT,4,M2026-04,M2026-07,0.01,6.0,1.0,0.0,UNALIGNED (creator snapshot window vs paid Apr-Aug closed months)
65bc4e88000000002c028213,不会还有人不知道小户型也能拥有岛台吧!?️,2024-02-08 17:01,video,84.0,CREATOR_PERFORMANCE_PRESENT,414.0,1.0,2.0,1.0,0.0,1,2,2,NOTE_PAID_METRIC_PRESENT,2,M2026-04,M2026-05,0.4,19.0,1.0,0.0,UNALIGNED (creator snapshot window vs paid Apr-Aug closed months)
65bc4fb7000000002b03f2f0,还好这次岛台没翻车🔥,2024-02-08 19:00,video,97.0,CREATOR_PERFORMANCE_PRESENT,408.0,3.0,4.0,1.0,1.0,1,2,2,PAID_ASSOCIATED_NO_METRIC_RECORD,0,,,,,,,UNALIGNED (creator snapshot window vs paid Apr-Aug closed months)
65bc50ec000000002c0152cb,岛台这样做🔥 比传统餐桌好用800倍!!,2024-02-08 21:00,video,81.0,CREATOR_PERFORMANCE_PRESENT,599.0,4.0,4.0,1.0,1.0,1,2,2,NOTE_PAID_METRIC_PRESENT,1,M2026-08,M2026-08,0.0,1.0,0.0,0.0,UNALIGNED (creator snapshot window vs paid Apr-Aug closed months)
65bc5179000000002c01550e,小红书经常刷到的岛台真的好用吗!?️,2024-02-09 17:01,video,69.0,CREATOR_PERFORMANCE_PRESENT,634.0,2.0,3.0,1.0,1.0,1,2,2,NOTE_PAID_METRIC_PRESENT,2,M2026-04,M2026-06,0.0,3.0,0.0,0.0,UNALIGNED (creator snapshot window vs paid Apr-Aug closed months)
65bc5280000000002c0124dc,再见传统茶桌🔥茶岛一体它来啦!!,2024-02-09 19:00,video,39.0,CREATOR_PERFORMANCE_PRESENT,2684.0,16.0,23.0,3.0,16.0,1,2,2,NOTE_PAID_METRIC_PRESENT,5,M2026-04,M2026-08,17.92,253.0,29.0,0.0,UNALIGNED (creator snapshot window vs paid Apr-Aug closed months)
65bc53b5000000002c03bc14,"天啦噜🔥5548w毫宅岛台,直省63个w!!",2024-02-09 21:00,video,43.0,CREATOR_PERFORMANCE_PRESENT,524.0,3.0,2.0,3.0,0.0,1,2,2,PAID_ASSOCIATED_NO_METRIC_RECORD,0,,,,,,,UNALIGNED (creator snapshot window vs paid Apr-Aug closed months)
65bc54ab00000000070290c8,岛台灯光选对🔥拒绝廉价感!!,2024-02-10 17:00,video,61.0,CREATOR_PERFORMANCE_PRESENT,419.0,0.0,0.0,2.0,2.0,0,0,0,NO_PAID_ASSOCIATION_OBSERVED,0,,,,,,,UNALIGNED (creator snapshot window vs paid Apr-Aug closed months)
65bc555c000000002b03c9e3,设计干货|岛台尺寸之:动线尺寸🔥,2024-02-10 19:00,video,113.0,CREATOR_PERFORMANCE_PRESENT,554.0,1.0,2.0,1.0,2.0,1,2,2,NOTE_PAID_METRIC_PRESENT,5,M2026-04,M2026-08,2.02,33.0,7.0,0.0,UNALIGNED (creator snapshot window vs paid Apr-Aug closed months)
65bc5703000000002c03e4e6,进门就岛台🔥75平小户型就复刻这个吧!!,2024-02-10 21:00,video,78.0,CREATOR_PERFORMANCE_PRESENT,453.0,2.0,4.0,1.0,1.0,1,2,2,NOTE_PAID_METRIC_PRESENT,3,M2026-04,M2026-06,0.0,4.0,0.0,0.0,UNALIGNED (creator snapshot window vs paid Apr-Aug closed months)
65bc5948000000002c02af3a,岛台踢脚线到底要不要留!?️,2024-02-11 17:00,video,55.0,CREATOR_PERFORMANCE_PRESENT,454.0,1.0,2.0,1.0,2.0,1,2,2,NOTE_PAID_METRIC_PRESENT,5,M2026-04,M2026-08,2.99,62.0,7.0,0.0,UNALIGNED (creator snapshot window vs paid Apr-Aug closed months)
65bc5aaa000000002c01078e,谁懂啊🔥我的小房子终于拥有了完美岛台!!,2024-02-11 19:00,video,64.0,CREATOR_PERFORMANCE_PRESENT,452.0,1.0,1.0,1.0,0.0,1,2,2,PAID_ASSOCIATED_NO_METRIC_RECORD,0,,,,,,,UNALIGNED (creator snapshot window vs paid Apr-Aug closed months)
65bc5b9b000000002c03f944,不知道这9点🔥千万别做岛台!!,2024-02-11 21:00,video,77.0,CREATOR_PERFORMANCE_PRESENT,483.0,1.0,4.0,1.0,3.0,1,2,2,NOTE_PAID_METRIC_PRESENT,3,M2026-04,M2026-06,0.01,4.0,1.0,0.0,UNALIGNED (creator snapshot window vs paid Apr-Aug closed months)
65bc5cb5000000002c014479,套内80m2做了个3.8米的大岛台!?️,2024-02-12 17:00,video,59.0,CREATOR_PERFORMANCE_PRESENT,716.0,5.0,12.0,1.0,6.0,1,2,2,NOTE_PAID_METRIC_PRESENT,2,M2026-04,M2026-08,0.0,3.0,0.0,0.0,UNALIGNED (creator snapshot window vs paid Apr-Aug closed months)
65bc5d0900000000080216ad,伸缩岛台这么买特别容易中招😭,2024-02-12 19:00,video,41.0,CREATOR_PERFORMANCE_PRESENT,547.0,1.0,2.0,1.0,0.0,1,2,2,NOTE_PAID_METRIC_PRESENT,2,M2026-04,M2026-05,0.0,2.0,0.0,0.0,UNALIGNED (creator snapshot window vs paid Apr-Aug closed months)
65bc5eb2000000002b03f28d,岛台怎么取电❓解决你的用电需求🔥,2024-02-12 21:00,video,41.0,CREATOR_PERFORMANCE_PRESENT,8362.0,24.0,22.0,1.0,15.0,0,0,0,NO_PAID_ASSOCIATION_OBSERVED,0,,,,,,,UNALIGNED (creator snapshot window vs paid Apr-Aug closed months)
65bc5f28000000000702bf1e,岛台代替餐桌真的很高级🔥,2024-02-13 17:00,video,38.0,CREATOR_PERFORMANCE_PRESENT,650.0,2.0,2.0,1.0,3.0,1,2,2,NOTE_PAID_METRIC_PRESENT,5,M2026-04,M2026-08,0.06,50.0,4.0,0.0,UNALIGNED (creator snapshot window vs paid Apr-Aug closed months)
65bc600800000000080224ee,救9我吧😭我的伸缩岛台翻车了🚥,2024-02-13 19:00,video,103.0,CREATOR_PERFORMANCE_PRESENT,530.0,4.0,2.0,1.0,0.0,1,2,2,NOTE_PAID_METRIC_PRESENT,2,M2026-04,M2026-08,0.0,3.0,0.0,0.0,UNALIGNED (creator snapshot window vs paid Apr-Aug closed months)
65bc6074000000002c0356b8,达咩❌你家用的是这种岛台吗😱,2024-02-13 21:00,video,130.0,CREATOR_PERFORMANCE_PRESENT,473.0,0.0,1.0,1.0,0.0,1,2,2,PAID_ASSOCIATED_NO_METRIC_RECORD,0,,,,,,,UNALIGNED (creator snapshot window vs paid Apr-Aug closed months)
65bc60fe0000000008022950,奶呼呼的岛台太哇塞了🔥颜值扛把子!!,2024-02-14 17:00,video,37.0,CREATOR_PERFORMANCE_PRESENT,407.0,0.0,0.0,1.0,0.0,1,2,2,NOTE_PAID_METRIC_PRESENT,4,M2026-04,M2026-07,2.92,15.0,1.0,1.0,UNALIGNED (creator snapshot window vs paid Apr-Aug closed months)
65bc63b1000000002c03deec,家居|高级感宝格丽奢石岛台🔥,2024-02-14 19:00,video,83.0,CREATOR_PERFORMANCE_PRESENT,504.0,1.0,0.0,1.0,1.0,1,2,2,NOTE_PAID_METRIC_PRESENT,4,M2026-04,M2026-08,0.0,29.0,0.0,0.0,UNALIGNED (creator snapshot window vs paid Apr-Aug closed months)
65bc6454000000002b03cc1c,"我心心念念的奶油风岛台,直接把我拿下💓",2024-02-14 21:00,video,19.0,CREATOR_PERFORMANCE_PRESENT,427.0,1.0,1.0,1.0,1.0,1,2,2,NOTE_PAID_METRIC_PRESENT,2,M2026-05,M2026-08,0.0,2.0,0.0,0.0,UNALIGNED (creator snapshot window vs paid Apr-Aug closed months)
65bc6536000000002c02a510,救命😱伸缩岛台一不留神就翻车!?️,2024-02-15 17:00,video,72.0,CREATOR_PERFORMANCE_PRESENT,456.0,0.0,2.0,1.0,0.0,1,2,2,NOTE_PAID_METRIC_PRESENT,3,M2026-05,M2026-08,0.13,8.0,2.0,0.0,UNALIGNED (creator snapshot window vs paid Apr-Aug closed months)
65bc65c0000000002c016d1b,岛台尺寸最终还是翻车了😭,2024-02-15 19:00,video,112.0,CREATOR_PERFORMANCE_PRESENT,532.0,1.0,2.0,1.0,3.0,1,2,2,NOTE_PAID_METRIC_PRESENT,3,M2026-04,M2026-06,0.0,16.0,0.0,0.0,UNALIGNED (creator snapshot window vs paid Apr-Aug closed months)
65bc663b000000002c013c29,不是我吹👀岛台双边收纳才是天花板!!,2024-02-15 21:00,video,55.0,CREATOR_PERFORMANCE_PRESENT,454.0,1.0,0.0,1.0,0.0,1,2,2,NOTE_PAID_METRIC_PRESENT,4,M2026-04,M2026-08,0.13,11.0,1.0,0.0,UNALIGNED (creator snapshot window vs paid Apr-Aug closed months)
65bc67c8000000002c02b0a1,跟风做的岛台也太.....,2024-02-16 17:00,video,29.0,CREATOR_PERFORMANCE_PRESENT,489.0,0.0,2.0,1.0,0.0,1,2,2,NOTE_PAID_METRIC_PRESENT,3,M2026-04,M2026-06,0.0,9.0,0.0,0.0,UNALIGNED (creator snapshot window vs paid Apr-Aug closed months)
65bc683f000000002b03dd7e,奶油风小家的收纳王炸🔥微水泥伸缩岛台,2024-02-16 19:00,video,47.0,CREATOR_PERFORMANCE_PRESENT,465.0,3.0,3.0,1.0,0.0,1,2,2,NOTE_PAID_METRIC_PRESENT,2,M2026-04,M2026-07,0.0,2.0,0.0,0.0,UNALIGNED (creator snapshot window vs paid Apr-Aug closed months)
65bc68d7000000002c010735,潘多拉木纹岛台🔥朋友呆在我家都不想走了,2024-02-16 21:00,video,52.0,CREATOR_PERFORMANCE_PRESENT,551.0,2.0,4.0,3.0,1.0,1,2,2,NOTE_PAID_METRIC_PRESENT,5,M2026-04,M2026-08,0.41,54.0,3.0,0.0,UNALIGNED (creator snapshot window vs paid Apr-Aug closed months)
65bda9b0000000000702ba34,餐桌好物🔥岛台搭配美出圈的餐桌椅子!!,2024-02-17 17:00,video,32.0,CREATOR_PERFORMANCE_PRESENT,1404.0,7.0,11.0,1.0,3.0,1,2,2,NOTE_PAID_METRIC_PRESENT,5,M2026-04,M2026-08,0.18,23.0,3.0,0.0,UNALIGNED (creator snapshot window vs paid Apr-Aug closed months)
65bdaa2d000000002c014a5e,OMG😱岛台想不翻车🔥快看这个视频!!,2024-02-17 21:00,video,109.0,CREATOR_PERFORMANCE_PRESENT,55844.0,563.0,436.0,31.0,85.0,1,2,2,NOTE_PAID_METRIC_PRESENT,4,M2026-04,M2026-07,1.84,14.0,2.0,0.0,UNALIGNED (creator snapshot window vs paid Apr-Aug closed months)
65bdaab20000000008021f46,岛台智商税你中招了吗😭,2024-02-17 19:00,video,85.0,CREATOR_PERFORMANCE_PRESENT,462.0,2.0,1.0,3.0,0.0,1,2,2,NOTE_PAID_METRIC_PRESENT,1,M2026-05,M2026-05,0.0,1.0,0.0,0.0,UNALIGNED (creator snapshot window vs paid Apr-Aug closed months)
65bdab55000000002c03af1e,岛台定制大冤种💥9做9不做!!,2024-02-18 17:00,video,83.0,CREATOR_PERFORMANCE_PRESENT,500.0,3.0,6.0,1.0,1.0,1,2,2,NOTE_PAID_METRIC_PRESENT,2,M2026-05,M2026-06,0.0,2.0,0.0,0.0,UNALIGNED (creator snapshot window vs paid Apr-Aug closed months)
65bdac47000000002c015250,装上奶油风岛台咯🔥奶呼呼的岛台谁不爱啊,2024-02-18 19:00,video,22.0,CREATOR_PERFORMANCE_PRESENT,514.0,1.0,1.0,1.0,0.0,1,2,2,NOTE_PAID_METRIC_PRESENT,2,M2026-04,M2026-05,0.01,6.0,1.0,0.0,UNALIGNED (creator snapshot window vs paid Apr-Aug closed months)
65bdadb1000000002b03c0dc,谁能拒绝这个有颜又实用的岛台啊🔥,2024-02-18 21:00,video,56.0,CREATOR_PERFORMANCE_PRESENT,587.0,0.0,3.0,1.0,1.0,1,2,2,NOTE_PAID_METRIC_PRESENT,3,M2026-04,M2026-08,0.0,4.0,0.0,0.0,UNALIGNED (creator snapshot window vs paid Apr-Aug closed months)
65d323e50000000007004ced,年轻人巨喜欢的岛台长啥样❓,2024-02-19 17:57,video,121.0,CREATOR_PERFORMANCE_PRESENT,1120.0,5.0,7.0,3.0,4.0,1,2,2,NOTE_PAID_METRIC_PRESENT,1,M2026-05,M2026-05,0.0,2.0,0.0,0.0,UNALIGNED (creator snapshot window vs paid Apr-Aug closed months)
65d3245b00000000070243fd,岛台这样做直接赢麻了🔥美出圈💓,2024-02-19 19:01,video,37.0,CREATOR_PERFORMANCE_PRESENT,735.0,2.0,3.0,1.0,0.0,1,2,2,NOTE_PAID_METRIC_PRESENT,2,M2026-04,M2026-08,0.0,4.0,0.0,0.0,UNALIGNED (creator snapshot window vs paid Apr-Aug closed months)
65d325c800000000010292de,我宣布🔥岛台一定要做双面收纳!!,2024-02-19 21:00,video,50.0,CREATOR_PERFORMANCE_PRESENT,3277.0,21.0,13.0,1.0,24.0,1,2,2,NOTE_PAID_METRIC_PRESENT,5,M2026-04,M2026-08,12.35,610.0,105.0,0.0,UNALIGNED (creator snapshot window vs paid Apr-Aug closed months)
65d45c9700000000070242f4,为啥不做餐桌?,2024-02-20 17:01,video,16.0,CREATOR_PERFORMANCE_PRESENT,708.0,3.0,0.0,1.0,1.0,1,2,2,NOTE_PAID_METRIC_PRESENT,1,M2026-05,M2026-05,0.0,1.0,0.0,0.0,UNALIGNED (creator snapshot window vs paid Apr-Aug closed months)
65d45df40000000001028d7b,岛台要做水槽?千万别做错了!?️,2024-02-20 19:01,video,80.0,CREATOR_PERFORMANCE_PRESENT,624.0,3.0,6.0,1.0,0.0,0,0,0,NO_PAID_ASSOCIATION_OBSERVED,0,,,,,,,UNALIGNED (creator snapshot window vs paid Apr-Aug closed months)
65d45f59000000000702751d,岛台避坑分享🔥真装修才干敢说真话!!,2024-02-20 21:00,video,102.0,CREATOR_PERFORMANCE_PRESENT,676.0,5.0,6.0,3.0,1.0,1,2,2,NOTE_PAID_METRIC_PRESENT,1,M2026-05,M2026-05,0.01,1.0,1.0,0.0,UNALIGNED (creator snapshot window vs paid Apr-Aug closed months)
65d5ab8e000000000702727d,内行人做岛台🔥做好这9点就行!!,2024-02-21 17:01,video,73.0,CREATOR_PERFORMANCE_PRESENT,612.0,5.0,5.0,1.0,0.0,1,2,2,NOTE_PAID_METRIC_PRESENT,1,M2026-07,M2026-07,0.0,1.0,0.0,0.0,UNALIGNED (creator snapshot window vs paid Apr-Aug closed months)
65d5ace300000000070060cc,小户型岛台不实用?无法拒绝岛台的理由🔥,2024-02-21 19:01,video,23.0,CREATOR_PERFORMANCE_PRESENT,572.0,2.0,1.0,1.0,0.0,1,2,2,PAID_ASSOCIATED_NO_METRIC_RECORD,0,,,,,,,UNALIGNED (creator snapshot window vs paid Apr-Aug closed months)
65d5ad59000000000102854b,130m2秒变180m2🔥沙发后岛台布局赢麻了,2024-02-21 21:01,video,50.0,CREATOR_PERFORMANCE_PRESENT,1367.0,5.0,8.0,3.0,4.0,1,2,2,NOTE_PAID_METRIC_PRESENT,5,M2026-04,M2026-08,5.44,189.0,24.0,0.0,UNALIGNED (creator snapshot window vs paid Apr-Aug closed months)
65d70563000000000702706b,为啥不做餐桌🔥,2024-02-22 17:00,video,51.0,CREATOR_PERFORMANCE_PRESENT,913.0,4.0,2.0,1.0,3.0,1,2,2,NOTE_PAID_METRIC_PRESENT,1,M2026-04,M2026-04,0.0,1.0,0.0,0.0,UNALIGNED (creator snapshot window vs paid Apr-Aug closed months)
65d705ef000000000102aa45,小户型做不了岛台!?️,2024-02-22 19:02,video,31.0,CREATOR_PERFORMANCE_PRESENT,660.0,4.0,1.0,3.0,0.0,1,2,2,NOTE_PAID_METRIC_PRESENT,3,M2026-04,M2026-07,0.0,4.0,0.0,0.0,UNALIGNED (creator snapshot window vs paid Apr-Aug closed months)
65d7063c00000000070240c2,圆弧岛台|奶油风都给我冲🔥,2024-02-22 21:01,video,36.0,CREATOR_PERFORMANCE_PRESENT,612.0,1.0,2.0,1.0,0.0,1,2,2,NOTE_PAID_METRIC_PRESENT,5,M2026-04,M2026-08,0.39,55.0,2.0,0.0,UNALIGNED (creator snapshot window vs paid Apr-Aug closed months)
65d851f200000000070272f8,开放式厨房岛台这样布局🔥巨显大!!,2024-02-23 17:00,video,91.0,CREATOR_PERFORMANCE_PRESENT,597.0,0.0,2.0,1.0,1.0,1,2,2,NOTE_PAID_METRIC_PRESENT,3,M2026-04,M2026-06,0.02,9.0,2.0,0.0,UNALIGNED (creator snapshot window vs paid Apr-Aug closed months)
65d852870000000007027e2b,吹爆这个伸缩岛台的收纳设计🔥太好用了,2024-02-23 19:02,video,96.0,CREATOR_PERFORMANCE_PRESENT,538.0,6.0,2.0,5.0,0.0,1,2,2,PAID_ASSOCIATED_NO_METRIC_RECORD,0,,,,,,,UNALIGNED (creator snapshot window vs paid Apr-Aug closed months)
65d852eb0000000007024581,听我一句劝🔥这种岛台再便宜也不要买❌,2024-02-23 21:01,video,48.0,CREATOR_PERFORMANCE_PRESENT,618.0,1.0,2.0,1.0,0.0,1,2,2,NOTE_PAID_METRIC_PRESENT,1,M2026-08,M2026-08,0.0,3.0,0.0,0.0,UNALIGNED (creator snapshot window vs paid Apr-Aug closed months)
65d86297000000000b022d6e,为啥不做餐桌呢❓,2024-02-23 20:02,video,44.0,CREATOR_PERFORMANCE_PRESENT,29671.0,365.0,513.0,81.0,213.0,1,2,2,NOTE_PAID_METRIC_PRESENT,5,M2026-04,M2026-08,31.95,353.0,48.0,0.0,UNALIGNED (creator snapshot window vs paid Apr-Aug closed months)
65d9a1eb0000000007004d56,岛台灯光怎么选择?看这篇就够了🌟,2024-02-24 19:01,video,46.0,CREATOR_PERFORMANCE_PRESENT,581.0,1.0,3.0,1.0,2.0,0,0,0,NO_PAID_ASSOCIATION_OBSERVED,0,,,,,,,UNALIGNED (creator snapshot window vs paid Apr-Aug closed months)
65d9a308000000000102be01,"🏠55平小户型餐岛一体,来抄作业鸭👀",2024-02-24 21:01,video,78.0,CREATOR_PERFORMANCE_PRESENT,659.0,1.0,5.0,9.0,1.0,1,2,2,NOTE_PAID_METRIC_PRESENT,4,M2026-04,M2026-08,0.23,26.0,3.0,0.0,UNALIGNED (creator snapshot window vs paid Apr-Aug closed months)
65d9a37600000000070252e9,"不被看好的小户型,做了岛台才发现真香......",2024-02-24 17:00,video,73.0,CREATOR_PERFORMANCE_PRESENT,983.0,5.0,11.0,3.0,5.0,1,2,2,NOTE_PAID_METRIC_PRESENT,2,M2026-05,M2026-07,0.0,3.0,0.0,0.0,UNALIGNED (creator snapshot window vs paid Apr-Aug closed months)
65daf5f00000000001029df0,硬核干货💯掌握这8点🆙岛台翻车率↓,2024-02-25 17:08,video,82.0,CREATOR_PERFORMANCE_PRESENT,558.0,2.0,6.0,3.0,1.0,1,2,2,NOTE_PAID_METRIC_PRESENT,1,M2026-05,M2026-05,0.0,1.0,0.0,0.0,UNALIGNED (creator snapshot window vs paid Apr-Aug closed months)
65daf685000000000102a6e8,装修干货|分离岛台餐桌更适合小户型💯,2024-02-25 19:01,video,31.0,CREATOR_PERFORMANCE_PRESENT,812.0,2.0,4.0,1.0,0.0,1,2,2,PAID_ASSOCIATED_NO_METRIC_RECORD,0,,,,,,,UNALIGNED (creator snapshot window vs paid Apr-Aug closed months)
65daf721000000000102b017,😍小窝变大宅!你绝对不能错过 💡🏠,2024-02-25 21:00,video,72.0,CREATOR_PERFORMANCE_PRESENT,1346.0,10.0,9.0,11.0,3.0,1,2,2,NOTE_PAID_METRIC_PRESENT,5,M2026-04,M2026-08,6.35,68.0,11.0,0.0,UNALIGNED (creator snapshot window vs paid Apr-Aug closed months)
65dc4ded0000000007004fa4,原木风厨房装修灵感来啦💯,2024-02-26 17:01,video,44.0,CREATOR_PERFORMANCE_PRESENT,678.0,3.0,5.0,0.0,2.0,1,2,2,NOTE_PAID_METRIC_PRESENT,3,M2026-04,M2026-06,0.01,11.0,1.0,0.0,UNALIGNED (creator snapshot window vs paid Apr-Aug closed months)
65dc4e990000000007005b79,"开放式厨房|这个坑我刚爬出来,你就别踩了",2024-02-26 19:02,video,196.0,CREATOR_PERFORMANCE_PRESENT,875.0,3.0,12.0,0.0,1.0,1,2,2,NOTE_PAID_METRIC_PRESENT,3,M2026-04,M2026-06,0.02,20.0,2.0,0.0,UNALIGNED (creator snapshot window vs paid Apr-Aug closed months)
65dc4ef1000000000702511f,为什么不做餐桌❓,2024-02-26 21:01,video,86.0,CREATOR_PERFORMANCE_PRESENT,977.0,5.0,10.0,2.0,2.0,1,2,2,NOTE_PAID_METRIC_PRESENT,4,M2026-04,M2026-08,0.3,8.0,1.0,0.0,UNALIGNED (creator snapshot window vs paid Apr-Aug closed months)
65dd96450000000001028dd9,岛台避坑指南🚥岛台尺寸认真听好了,2024-02-27 17:02,video,107.0,CREATOR_PERFORMANCE_PRESENT,661.0,9.0,6.0,0.0,1.0,1,2,2,NOTE_PAID_METRIC_PRESENT,1,M2026-04,M2026-04,0.0,3.0,0.0,0.0,UNALIGNED (creator snapshot window vs paid Apr-Aug closed months)
65dd9bfd000000000102ae17,75平小户型做了岛台后🔥巨显大!!,2024-02-27 19:02,video,78.0,CREATOR_PERFORMANCE_PRESENT,831.0,2.0,5.0,2.0,3.0,1,2,2,NOTE_PAID_METRIC_PRESENT,4,M2026-04,M2026-08,0.01,19.0,1.0,0.0,UNALIGNED (creator snapshot window vs paid Apr-Aug closed months)
65dd9d15000000000102808f,沙发不靠墙🔥岛台做隔断!!,2024-02-27 21:01,video,29.0,CREATOR_PERFORMANCE_PRESENT,2288.0,5.0,8.0,0.0,7.0,1,2,2,NOTE_PAID_METRIC_PRESENT,5,M2026-04,M2026-08,0.04,68.0,4.0,0.0,UNALIGNED (creator snapshot window vs paid Apr-Aug closed months)
65dee686000000000400223d,小红书抄作业成功!小户型收纳跟我这样做,2024-02-28 17:02,video,59.0,CREATOR_PERFORMANCE_PRESENT,567.0,3.0,1.0,0.0,0.0,1,2,2,NOTE_PAID_METRIC_PRESENT,1,M2026-08,M2026-08,0.0,1.0,0.0,0.0,UNALIGNED (creator snapshot window vs paid Apr-Aug closed months)
65dee97500000000040014cd,岛台避坑指南🚥岛台尺寸布局怎么做不翻车,2024-02-28 19:02,video,95.0,CREATOR_PERFORMANCE_PRESENT,1200.0,15.0,23.0,0.0,2.0,1,2,2,NOTE_PAID_METRIC_PRESENT,1,M2026-04,M2026-04,0.0,3.0,0.0,0.0,UNALIGNED (creator snapshot window vs paid Apr-Aug closed months)
65deeaab0000000004002a31,我不做餐桌的原因居然是....,2024-02-28 21:01,video,87.0,CREATOR_PERFORMANCE_PRESENT,831.0,8.0,8.0,0.0,2.0,1,2,2,NOTE_PAID_METRIC_PRESENT,1,M2026-04,M2026-04,0.0,1.0,0.0,0.0,UNALIGNED (creator snapshot window vs paid Apr-Aug closed months)
65e037630000000001029eb4,家人们🔥选餐桌还是岛台呢❓,2024-02-29 17:02,video,49.0,CREATOR_PERFORMANCE_PRESENT,7121.0,47.0,62.0,4.0,34.0,1,2,2,NOTE_PAID_METRIC_PRESENT,2,M2026-04,M2026-05,0.28,7.0,1.0,0.0,UNALIGNED (creator snapshot window vs paid Apr-Aug closed months)
65e03828000000000102ac22,60平也超显大!拥有岛台的快乐🔥,2024-02-29 19:02,video,90.0,CREATOR_PERFORMANCE_PRESENT,804.0,4.0,10.0,6.0,2.0,1,2,2,NOTE_PAID_METRIC_PRESENT,1,M2026-04,M2026-04,0.0,1.0,0.0,0.0,UNALIGNED (creator snapshot window vs paid Apr-Aug closed months)
65e038830000000003037718,小白必看|做好这几点小户型岛台尺寸不翻车,2024-02-29 21:01,video,86.0,CREATOR_PERFORMANCE_PRESENT,620.0,1.0,8.0,0.0,2.0,1,2,2,NOTE_PAID_METRIC_PRESENT,4,M2026-04,M2026-07,0.06,22.0,1.0,0.0,UNALIGNED (creator snapshot window vs paid Apr-Aug closed months)
65e181870000000003037953,天啊撸!造价5548w的岛台我复刻出来啦!!,2024-03-01 17:02,video,42.0,CREATOR_PERFORMANCE_PRESENT,550.0,3.0,1.0,0.0,0.0,0,0,0,NO_PAID_ASSOCIATION_OBSERVED,0,,,,,,,UNALIGNED (creator snapshot window vs paid Apr-Aug closed months)
65e182c80000000004002036,伸缩岛台是真鸡肋还是真好用?,2024-03-01 19:03,video,85.0,CREATOR_PERFORMANCE_PRESENT,1276.0,9.0,10.0,4.0,2.0,1,2,2,NOTE_PAID_METRIC_PRESENT,3,M2026-04,M2026-06,0.0,6.0,0.0,0.0,UNALIGNED (creator snapshot window vs paid Apr-Aug closed months)
65e1836f000000000102968b,一个视频告诉你🔥岛台取电位怎么留❓,2024-03-01 21:01,video,31.0,CREATOR_PERFORMANCE_PRESENT,1196.0,4.0,5.0,0.0,4.0,1,2,2,NOTE_PAID_METRIC_PRESENT,5,M2026-04,M2026-08,4.04,286.0,46.0,0.0,UNALIGNED (creator snapshot window vs paid Apr-Aug closed months)
65e1b4530000000003035d58,岛台避坑注意⚠️事项🚥伸缩bug要小心,2024-03-03 17:01,video,85.0,CREATOR_PERFORMANCE_PRESENT,2620.0,20.0,26.0,0.0,6.0,1,2,2,NOTE_PAID_METRIC_PRESENT,5,M2026-04,M2026-08,0.05,38.0,3.0,0.0,UNALIGNED (creator snapshot window vs paid Apr-Aug closed months)
65e1b549000000000102a921,岛台避坑🚥岛台尺寸别再做错了🔥,2024-03-03 19:01,video,77.0,CREATOR_PERFORMANCE_PRESENT,560.0,0.0,6.0,0.0,3.0,1,2,2,NOTE_PAID_METRIC_PRESENT,4,M2026-04,M2026-07,0.0,16.0,0.0,0.0,UNALIGNED (creator snapshot window vs paid Apr-Aug closed months)
65e1b5a8000000000102af89,家人们避雷!岛台没做好还受伤了😥,2024-03-03 21:00,video,55.0,CREATOR_PERFORMANCE_PRESENT,2234.0,6.0,11.0,4.0,29.0,1,2,2,NOTE_PAID_METRIC_PRESENT,5,M2026-04,M2026-08,9.14,359.0,59.0,1.0,UNALIGNED (creator snapshot window vs paid Apr-Aug closed months)
65e2e3dc000000000102bc06,为啥不选餐桌?谁能拒绝开放式厨房+岛台,2024-03-02 16:59,video,18.0,CREATOR_PERFORMANCE_PRESENT,742.0,2.0,0.0,0.0,0.0,1,2,2,NOTE_PAID_METRIC_PRESENT,2,M2026-04,M2026-08,0.0,2.0,0.0,0.0,UNALIGNED (creator snapshot window vs paid Apr-Aug closed months)
65e2e49a0000000001028986,岛台茶桌一体真香🔥,2024-03-02 19:02,video,144.0,CREATOR_PERFORMANCE_PRESENT,1280.0,5.0,4.0,2.0,4.0,1,2,2,NOTE_PAID_METRIC_PRESENT,5,M2026-04,M2026-08,0.5,131.0,7.0,0.0,UNALIGNED (creator snapshot window vs paid Apr-Aug closed months)
65e2e5f2000000000303655e,60秒讲明白岛台翻车9大坑点!!,2024-03-02 21:01,video,99.0,CREATOR_PERFORMANCE_PRESENT,903.0,2.0,8.0,2.0,2.0,1,2,2,NOTE_PAID_METRIC_PRESENT,1,M2026-06,M2026-06,0.69,3.0,1.0,0.0,UNALIGNED (creator snapshot window vs paid Apr-Aug closed months)
65e58787000000000102aa4b,岛台餐桌太鸡肋了😭,2024-03-04 17:04,video,67.0,CREATOR_PERFORMANCE_PRESENT,1151.0,3.0,7.0,1.0,4.0,1,2,2,NOTE_PAID_METRIC_PRESENT,5,M2026-04,M2026-08,0.03,25.0,3.0,0.0,UNALIGNED (creator snapshot window vs paid Apr-Aug closed months)
65e58877000000000102bbfc,岛台不想翻车❌谨记十做十不做🔥,2024-03-04 19:02,video,132.0,CREATOR_PERFORMANCE_PRESENT,6053.0,55.0,148.0,9.0,104.0,1,2,2,NOTE_PAID_METRIC_PRESENT,2,M2026-04,M2026-05,0.0,4.0,0.0,0.0,UNALIGNED (creator snapshot window vs paid Apr-Aug closed months)
65e588e20000000001028416,岛台内嵌烤箱很鸡肋❓,2024-03-04 21:01,video,48.0,CREATOR_PERFORMANCE_PRESENT,32594.0,402.0,612.0,57.0,205.0,1,2,2,NOTE_PAID_METRIC_PRESENT,5,M2026-04,M2026-08,25.87,809.0,124.0,1.0,UNALIGNED (creator snapshot window vs paid Apr-Aug closed months)
65e6d0ef0000000003035601,岛台餐椅怎么挑选❓,2024-03-05 17:02,video,31.0,CREATOR_PERFORMANCE_PRESENT,677.0,0.0,4.0,0.0,0.0,1,2,2,NOTE_PAID_METRIC_PRESENT,5,M2026-04,M2026-08,0.38,17.0,2.0,0.0,UNALIGNED (creator snapshot window vs paid Apr-Aug closed months)
65e6d35a0000000004000cbf,救命🆘我好像发现伸缩岛台避坑的密码🔑,2024-03-05 19:02,video,69.0,CREATOR_PERFORMANCE_PRESENT,620.0,0.0,2.0,0.0,0.0,1,2,2,PAID_ASSOCIATED_NO_METRIC_RECORD,0,,,,,,,UNALIGNED (creator snapshot window vs paid Apr-Aug closed months)
65e6d3e6000000000400169f,≥90%的伸缩岛台都装错了🔥,2024-03-05 21:01,video,71.0,CREATOR_PERFORMANCE_PRESENT,678.0,2.0,3.0,0.0,1.0,1,2,2,NOTE_PAID_METRIC_PRESENT,3,M2026-04,M2026-06,0.0,4.0,0.0,0.0,UNALIGNED (creator snapshot window vs paid Apr-Aug closed months)
65e6f6e2000000000102adb5,收纳思路🔥我家小户型显大的秘诀!!,2024-03-06 17:01,video,26.0,CREATOR_PERFORMANCE_PRESENT,611.0,2.0,0.0,0.0,0.0,1,2,2,PAID_ASSOCIATED_NO_METRIC_RECORD,0,,,,,,,UNALIGNED (creator snapshot window vs paid Apr-Aug closed months)
65e6f784000000000102b8cb,岛台翻车的来集合❌尺寸翻车3大坑🔥,2024-03-06 19:01,video,84.0,CREATOR_PERFORMANCE_PRESENT,1306.0,12.0,15.0,5.0,5.0,1,2,2,NOTE_PAID_METRIC_PRESENT,3,M2026-04,M2026-08,0.0,11.0,0.0,0.0,UNALIGNED (creator snapshot window vs paid Apr-Aug closed months)
65e6f7ea000000000303422b,这岛台灯光都来看......能救一个是一个😥,2024-03-06 21:01,video,62.0,CREATOR_PERFORMANCE_PRESENT,949.0,5.0,7.0,0.0,2.0,1,2,2,NOTE_PAID_METRIC_PRESENT,5,M2026-04,M2026-08,0.84,160.0,21.0,0.0,UNALIGNED (creator snapshot window vs paid Apr-Aug closed months)
65e971f20000000003034ab7,"做了岛台后,我家被围观了👀",2024-03-07 17:02,video,47.0,CREATOR_PERFORMANCE_PRESENT,919.0,5.0,10.0,0.0,1.0,1,2,2,NOTE_PAID_METRIC_PRESENT,2,M2026-04,M2026-06,0.0,3.0,0.0,0.0,UNALIGNED (creator snapshot window vs paid Apr-Aug closed months)
65e9730b0000000001029980,太美了❗猫猫都爱不释手的宝格丽高低款岛台,2024-03-07 19:02,video,61.0,CREATOR_PERFORMANCE_PRESENT,690.0,2.0,4.0,0.0,3.0,1,2,2,NOTE_PAID_METRIC_PRESENT,5,M2026-04,M2026-08,1.29,46.0,2.0,0.0,UNALIGNED (creator snapshot window vs paid Apr-Aug closed months)
65e973a20000000003036a18,岛台没留电源?😱,2024-03-07 21:01,video,40.0,CREATOR_PERFORMANCE_PRESENT,1471.0,1.0,3.0,0.0,1.0,1,2,2,NOTE_PAID_METRIC_PRESENT,5,M2026-04,M2026-08,3.35,415.0,57.0,0.0,UNALIGNED (creator snapshot window vs paid Apr-Aug closed months)
65eac0a40000000001029d00,2024年岛台设计🔥十做VS十不做!!,2024-03-08 17:02,video,109.0,CREATOR_PERFORMANCE_PRESENT,601.0,3.0,4.0,0.0,2.0,1,2,2,PAID_ASSOCIATED_NO_METRIC_RECORD,0,,,,,,,UNALIGNED (creator snapshot window vs paid Apr-Aug closed months)
65eac14b0000000003036931,开放式厨房油烟问题咋整呢🔥,2024-03-08 19:02,video,59.0,CREATOR_PERFORMANCE_PRESENT,644.0,4.0,3.0,0.0,0.0,1,2,2,NOTE_PAID_METRIC_PRESENT,4,M2026-04,M2026-07,0.0,11.0,0.0,0.0,UNALIGNED (creator snapshot window vs paid Apr-Aug closed months)
65eacc79000000000102b5de,岛台选购指南🔥高级感岛台应该怎么选!!,2024-03-08 21:01,video,60.0,CREATOR_PERFORMANCE_PRESENT,715.0,2.0,5.0,0.0,4.0,1,2,2,PAID_ASSOCIATED_NO_METRIC_RECORD,0,,,,,,,UNALIGNED (creator snapshot window vs paid Apr-Aug closed months)
65ec15f400000000030366d4,来看看我熬夜刷小红书装的岛台🔥,2024-03-09 17:02,video,52.0,CREATOR_PERFORMANCE_PRESENT,1013.0,5.0,4.0,1.0,3.0,1,2,2,NOTE_PAID_METRIC_PRESENT,2,M2026-04,M2026-05,0.0,7.0,0.0,0.0,UNALIGNED (creator snapshot window vs paid Apr-Aug closed months)
65ec182b0000000003035073,为什么越来越多人开始去餐桌化?,2024-03-09 19:02,video,79.0,CREATOR_PERFORMANCE_PRESENT,139317.0,545.0,633.0,34.0,157.0,1,2,2,NOTE_PAID_METRIC_PRESENT,5,M2026-04,M2026-08,5.71,486.0,89.0,0.0,UNALIGNED (creator snapshot window vs paid Apr-Aug closed months)
65ec19a00000000004002dc3,奶油色一直是浪漫治愈的代名词~,2024-03-09 21:01,video,19.0,CREATOR_PERFORMANCE_PRESENT,710.0,7.0,2.0,0.0,0.0,1,2,2,NOTE_PAID_METRIC_PRESENT,1,M2026-05,M2026-05,0.0,1.0,0.0,0.0,UNALIGNED (creator snapshot window vs paid Apr-Aug closed months)
65ed65da000000000d00ffdd,没人能拒绝这款美拉德色系岛台吧~💓,2024-03-10 17:02,video,33.0,CREATOR_PERFORMANCE_PRESENT,596.0,1.0,1.0,0.0,0.0,1,2,2,PAID_ASSOCIATED_NO_METRIC_RECORD,0,,,,,,,UNALIGNED (creator snapshot window vs paid Apr-Aug closed months)
65ed67840000000012022c45,快来避坑💣岛台设计尺寸细节分享,2024-03-10 19:02,video,34.0,CREATOR_PERFORMANCE_PRESENT,682.0,1.0,3.0,0.0,1.0,1,2,2,NOTE_PAID_METRIC_PRESENT,3,M2026-04,M2026-06,0.0,4.0,0.0,0.0,UNALIGNED (creator snapshot window vs paid Apr-Aug closed months)
65ed6873000000001203f4b4,为啥不做餐桌❓,2024-03-10 21:01,video,45.0,CREATOR_PERFORMANCE_PRESENT,846.0,3.0,5.0,2.0,5.0,1,2,2,NOTE_PAID_METRIC_PRESENT,1,M2026-06,M2026-06,0.0,1.0,0.0,0.0,UNALIGNED (creator snapshot window vs paid Apr-Aug closed months)
65eec22e000000000d00d991,"伸缩岛台火爆全网,但还是有人会翻车?💣",2024-03-11 17:00,video,102.0,CREATOR_PERFORMANCE_PRESENT,767.0,4.0,5.0,2.0,1.0,1,2,2,NOTE_PAID_METRIC_PRESENT,2,M2026-04,M2026-05,0.0,4.0,0.0,0.0,UNALIGNED (creator snapshot window vs paid Apr-Aug closed months)
65eec2a300000000120230d4,小户型要不要做旋转伸缩岛台🔥进来听劝❗,2024-03-11 19:02,video,40.0,CREATOR_PERFORMANCE_PRESENT,743.0,6.0,7.0,0.0,1.0,1,2,2,NOTE_PAID_METRIC_PRESENT,5,M2026-04,M2026-08,2.36,86.0,11.0,0.0,UNALIGNED (creator snapshot window vs paid Apr-Aug closed months)
65eec2ec000000001203e699,岛台有必要吗❓,2024-03-11 21:01,video,55.0,CREATOR_PERFORMANCE_PRESENT,815.0,0.0,1.0,0.0,0.0,1,2,2,NOTE_PAID_METRIC_PRESENT,1,M2026-05,M2026-05,0.0,1.0,0.0,0.0,UNALIGNED (creator snapshot window vs paid Apr-Aug closed months)
65efadc9000000001203e62f,装修日记|是小户型🏠也可以拥有的大岛台,2024-03-13 17:03,video,46.0,CREATOR_PERFORMANCE_PRESENT,644.0,3.0,4.0,0.0,1.0,1,2,2,PAID_ASSOCIATED_NO_METRIC_RECORD,0,,,,,,,UNALIGNED (creator snapshot window vs paid Apr-Aug closed months)
65efae47000000001203ed65,有些幸福感是做了岛台才知道的💓,2024-03-13 19:01,video,54.0,CREATOR_PERFORMANCE_PRESENT,679.0,3.0,1.0,1.0,0.0,1,2,2,NOTE_PAID_METRIC_PRESENT,1,M2026-04,M2026-04,0.0,1.0,0.0,0.0,UNALIGNED (creator snapshot window vs paid Apr-Aug closed months)
65efaf2d000000001202067b,小户型入户门正对岛台🧐怎么设计布局显大,2024-03-13 21:01,video,38.0,CREATOR_PERFORMANCE_PRESENT,2348.0,6.0,3.0,1.0,2.0,1,2,2,NOTE_PAID_METRIC_PRESENT,5,M2026-04,M2026-08,7.67,403.0,73.0,1.0,UNALIGNED (creator snapshot window vs paid Apr-Aug closed months)
65f00b180000000012022856,来抄作业吧👉🏻L型岛台怎么做收纳🔥,2024-03-12 17:02,video,38.0,CREATOR_PERFORMANCE_PRESENT,751.0,5.0,2.0,0.0,4.0,1,2,2,NOTE_PAID_METRIC_PRESENT,3,M2026-04,M2026-06,0.0,6.0,0.0,0.0,UNALIGNED (creator snapshot window vs paid Apr-Aug closed months)
65f00bd200000000120235d0,小户型更要做岛台🔥,2024-03-12 19:02,video,39.0,CREATOR_PERFORMANCE_PRESENT,697.0,3.0,5.0,2.0,0.0,1,2,2,NOTE_PAID_METRIC_PRESENT,1,M2026-05,M2026-05,0.0,1.0,0.0,0.0,UNALIGNED (creator snapshot window vs paid Apr-Aug closed months)
65f00d090000000012020da1,"不怪我炫耀!餐岛一体,就是我家得意之作!",2024-03-12 21:01,video,33.0,CREATOR_PERFORMANCE_PRESENT,689.0,4.0,3.0,2.0,1.0,1,2,2,NOTE_PAID_METRIC_PRESENT,2,M2026-04,M2026-05,0.45,4.0,1.0,0.0,UNALIGNED (creator snapshot window vs paid Apr-Aug closed months)
65f2adf7000000001203f6b7,巨巨巨巨巨好用!😱求你们去做!!,2024-03-14 17:03,video,36.0,CREATOR_PERFORMANCE_PRESENT,719.0,2.0,2.0,1.0,1.0,1,2,2,PAID_ASSOCIATED_NO_METRIC_RECORD,0,,,,,,,UNALIGNED (creator snapshot window vs paid Apr-Aug closed months)
65f2aeb80000000012022078,"正在挑岛台的朋友,听我句劝👀",2024-03-14 19:02,video,41.0,CREATOR_PERFORMANCE_PRESENT,789.0,7.0,9.0,5.0,6.0,1,2,2,NOTE_PAID_METRIC_PRESENT,4,M2026-04,M2026-08,0.0,22.0,0.0,0.0,UNALIGNED (creator snapshot window vs paid Apr-Aug closed months)
65f3101e000000001203235e,没人告诉你的点💢岛台水电怎么布局🔥,2024-03-14 22:56,video,71.0,CREATOR_PERFORMANCE_PRESENT,747.0,2.0,7.0,1.0,1.0,0,0,0,NO_PAID_ASSOCIATION_OBSERVED,0,,,,,,,UNALIGNED (creator snapshot window vs paid Apr-Aug closed months)
65f41358000000000d00cdcb,岛台避坑|可别在最后一步翻车了!,2024-03-15 17:22,video,66.0,CREATOR_PERFORMANCE_PRESENT,682.0,7.0,3.0,1.0,1.0,1,2,2,NOTE_PAID_METRIC_PRESENT,2,M2026-04,M2026-05,0.0,4.0,0.0,0.0,UNALIGNED (creator snapshot window vs paid Apr-Aug closed months)
65f413de000000001203d56c,同样的岛台🔥比别人家厉害在哪里!!,2024-03-15 19:03,video,183.0,CREATOR_PERFORMANCE_PRESENT,855.0,5.0,5.0,1.0,2.0,1,2,2,NOTE_PAID_METRIC_PRESENT,1,M2026-05,M2026-05,0.0,1.0,0.0,0.0,UNALIGNED (creator snapshot window vs paid Apr-Aug closed months)
65f414d1000000000d00ef12,60秒搞懂岛台尺寸!!拒绝踩雷❌,2024-03-15 21:01,video,112.0,CREATOR_PERFORMANCE_PRESENT,1096.0,14.0,18.0,1.0,3.0,1,2,2,NOTE_PAID_METRIC_PRESENT,3,M2026-04,M2026-06,0.16,12.0,2.0,0.0,UNALIGNED (creator snapshot window vs paid Apr-Aug closed months)
65f551720000000012021ec0,装修灵感 |收纳控天花板📦快来抄作业,2024-03-16 17:03,video,54.0,CREATOR_PERFORMANCE_PRESENT,888.0,2.0,3.0,0.0,0.0,1,2,2,PAID_ASSOCIATED_NO_METRIC_RECORD,0,,,,,,,UNALIGNED (creator snapshot window vs paid Apr-Aug closed months)
65f553790000000012020778,伸缩岛台避坑🚗认真看完bu踩雷❌,2024-03-16 19:02,video,46.0,CREATOR_PERFORMANCE_PRESENT,879.0,2.0,4.0,3.0,0.0,1,2,2,NOTE_PAID_METRIC_PRESENT,5,M2026-04,M2026-08,1.06,30.0,6.0,0.0,UNALIGNED (creator snapshot window vs paid Apr-Aug closed months)
65f55570000000001203d5a7,小户型看过来!巨巨巨巨省空间的岛台餐桌,2024-03-16 21:01,video,34.0,CREATOR_PERFORMANCE_PRESENT,970.0,11.0,12.0,1.0,6.0,1,2,2,NOTE_PAID_METRIC_PRESENT,4,M2026-04,M2026-08,0.67,13.0,1.0,0.0,UNALIGNED (creator snapshot window vs paid Apr-Aug closed months)
65f6a31900000000120222cf,打破偏见❗开放式厨房有你想象不到的快乐,2024-03-17 17:02,video,108.0,CREATOR_PERFORMANCE_PRESENT,1168.0,10.0,8.0,1.0,5.0,1,2,2,NOTE_PAID_METRIC_PRESENT,5,M2026-04,M2026-08,1.13,37.0,8.0,0.0,UNALIGNED (creator snapshot window vs paid Apr-Aug closed months)
65f6a5cd000000001203f9f7,伸缩岛台🔥传统餐桌拜拜您嘞,2024-03-17 19:02,video,25.0,CREATOR_PERFORMANCE_PRESENT,785.0,1.0,2.0,1.0,3.0,1,2,2,NOTE_PAID_METRIC_PRESENT,1,M2026-04,M2026-04,0.0,2.0,0.0,0.0,UNALIGNED (creator snapshot window vs paid Apr-Aug closed months)
65f6a6f00000000012022b26,来看看我熬夜刷小红书装的岛台🔥,2024-03-17 21:01,video,35.0,CREATOR_PERFORMANCE_PRESENT,626.0,3.0,1.0,1.0,1.0,1,2,2,PAID_ASSOCIATED_NO_METRIC_RECORD,0,,,,,,,UNALIGNED (creator snapshot window vs paid Apr-Aug closed months)
65f7db450000000014007fdf,家人们🔥选餐桌还是岛台呢❓,2024-03-18 21:01,video,49.0,CREATOR_PERFORMANCE_PRESENT,935.0,4.0,1.0,3.0,4.0,1,2,2,NOTE_PAID_METRIC_PRESENT,1,M2026-05,M2026-05,0.0,1.0,0.0,0.0,UNALIGNED (creator snapshot window vs paid Apr-Aug closed months)
65f7dd13000000001203de97,OMG😱岛台想不翻车🔥快看这个视频!!,2024-03-18 17:02,video,109.0,CREATOR_PERFORMANCE_PRESENT,1013.0,7.0,14.0,3.0,3.0,1,2,2,PAID_ASSOCIATED_NO_METRIC_RECORD,0,,,,,,,UNALIGNED (creator snapshot window vs paid Apr-Aug closed months)
65f7e0d70000000012023c5a,岛台翻车的来集合❌尺寸翻车6大坑🔥,2024-03-18 19:02,video,96.0,CREATOR_PERFORMANCE_PRESENT,655.0,4.0,5.0,3.0,3.0,1,2,2,NOTE_PAID_METRIC_PRESENT,4,M2026-04,M2026-08,0.0,12.0,0.0,0.0,UNALIGNED (creator snapshot window vs paid Apr-Aug closed months)
65f9447a000000000d00c73c,我家真的只有60平!!,2024-03-19 17:02,video,100.0,CREATOR_PERFORMANCE_PRESENT,702.0,1.0,1.0,3.0,1.0,1,2,2,PAID_ASSOCIATED_NO_METRIC_RECORD,0,,,,,,,UNALIGNED (creator snapshot window vs paid Apr-Aug closed months)
65f944fe0000000012022427,简直没抵抗力啦❗高颜值潘多拉岛台💓,2024-03-19 19:02,video,26.0,CREATOR_PERFORMANCE_PRESENT,617.0,0.0,1.0,1.0,0.0,1,2,2,NOTE_PAID_METRIC_PRESENT,2,M2026-04,M2026-06,0.0,2.0,0.0,0.0,UNALIGNED (creator snapshot window vs paid Apr-Aug closed months)
65f9455c000000000d00d8fb,把家装的这么好❗️黑白岛台简直不要太好看,2024-03-19 21:01,video,32.0,CREATOR_PERFORMANCE_PRESENT,764.0,1.0,1.0,3.0,3.0,1,2,2,NOTE_PAID_METRIC_PRESENT,4,M2026-04,M2026-07,0.19,20.0,3.0,0.0,UNALIGNED (creator snapshot window vs paid Apr-Aug closed months)
65fa9548000000001203cce9,沙发后做岛台🔥到底有多便利🤩,2024-03-20 17:03,video,37.0,CREATOR_PERFORMANCE_PRESENT,1715.0,5.0,8.0,5.0,4.0,1,2,2,NOTE_PAID_METRIC_PRESENT,5,M2026-04,M2026-08,16.73,636.0,75.0,0.0,UNALIGNED (creator snapshot window vs paid Apr-Aug closed months)
65fa95ba000000000d00de2e,岛台不实用❓,2024-03-20 19:02,video,71.0,CREATOR_PERFORMANCE_PRESENT,996.0,3.0,3.0,1.0,0.0,1,2,2,NOTE_PAID_METRIC_PRESENT,1,M2026-06,M2026-06,0.0,1.0,0.0,0.0,UNALIGNED (creator snapshot window vs paid Apr-Aug closed months)
65fa97e5000000001203c05a,伸缩岛台🔥真别做错了❌,2024-03-20 21:01,video,98.0,CREATOR_PERFORMANCE_PRESENT,4847.0,28.0,38.0,1.0,7.0,1,2,2,NOTE_PAID_METRIC_PRESENT,3,M2026-04,M2026-08,0.0,13.0,0.0,0.0,UNALIGNED (creator snapshot window vs paid Apr-Aug closed months)
65fbe48b000000000d00fdb8,小户型岛台绝了!不走弯路直接抄作业🐮!,2024-03-21 17:02,video,37.0,CREATOR_PERFORMANCE_PRESENT,655.0,1.0,0.0,1.0,2.0,1,2,2,PAID_ASSOCIATED_NO_METRIC_RECORD,0,,,,,,,UNALIGNED (creator snapshot window vs paid Apr-Aug closed months)
65fbe4e10000000012021b83,岛台vs传统餐桌🏠一决高下🧐,2024-03-21 19:02,video,45.0,CREATOR_PERFORMANCE_PRESENT,1913.0,3.0,16.0,3.0,9.0,1,2,2,NOTE_PAID_METRIC_PRESENT,2,M2026-04,M2026-05,0.0,5.0,0.0,0.0,UNALIGNED (creator snapshot window vs paid Apr-Aug closed months)
65fbe581000000001203c82b,听我说👂岛台千万不要这样做!!,2024-03-21 21:01,video,84.0,CREATOR_PERFORMANCE_PRESENT,757.0,1.0,3.0,1.0,0.0,1,2,2,NOTE_PAID_METRIC_PRESENT,1,M2026-04,M2026-04,0.0,1.0,0.0,0.0,UNALIGNED (creator snapshot window vs paid Apr-Aug closed months)
65fbe60c000000001203d300,岛台真香🔥,2024-03-22 17:02,video,45.0,CREATOR_PERFORMANCE_PRESENT,784.0,3.0,4.0,7.0,0.0,1,2,2,NOTE_PAID_METRIC_PRESENT,1,M2026-05,M2026-05,0.0,1.0,0.0,0.0,UNALIGNED (creator snapshot window vs paid Apr-Aug closed months)
65fbebff000000000d00d2db,岛台为啥越做越好🔥不断提升工艺和品质❗,2024-03-22 19:03,video,183.0,CREATOR_PERFORMANCE_PRESENT,811.0,4.0,3.0,1.0,2.0,1,2,2,NOTE_PAID_METRIC_PRESENT,1,M2026-06,M2026-06,0.0,1.0,0.0,0.0,UNALIGNED (creator snapshot window vs paid Apr-Aug closed months)
65fbeca8000000001203d8ec,"我去,第一次这么直观地感受到岛台收纳的..",2024-03-22 21:01,video,72.0,CREATOR_PERFORMANCE_PRESENT,745.0,2.0,4.0,1.0,1.0,1,2,2,NOTE_PAID_METRIC_PRESENT,2,M2026-04,M2026-08,0.0,7.0,0.0,0.0,UNALIGNED (creator snapshot window vs paid Apr-Aug closed months)
65fe8a340000000012022e34,"邻居们说:这设计理念,遥遥领先!",2024-03-23 17:02,video,43.0,CREATOR_PERFORMANCE_PRESENT,826.0,3.0,7.0,5.0,3.0,1,2,2,NOTE_PAID_METRIC_PRESENT,4,M2026-04,M2026-08,0.0,8.0,0.0,0.0,UNALIGNED (creator snapshot window vs paid Apr-Aug closed months)
65fe8ac6000000000d00e4bc,"赶紧收藏,伸缩岛台的雷别再踩了😭...",2024-03-23 19:02,video,71.0,CREATOR_PERFORMANCE_PRESENT,860.0,4.0,7.0,3.0,0.0,1,2,2,NOTE_PAID_METRIC_PRESENT,3,M2026-04,M2026-06,0.0,12.0,0.0,0.0,UNALIGNED (creator snapshot window vs paid Apr-Aug closed months)
65fe8b5c000000000d00f095,这才是我不做餐桌的原因!!,2024-03-23 21:01,video,86.0,CREATOR_PERFORMANCE_PRESENT,800.0,2.0,11.0,1.0,4.0,1,2,2,NOTE_PAID_METRIC_PRESENT,1,M2026-04,M2026-04,0.0,1.0,0.0,0.0,UNALIGNED (creator snapshot window vs paid Apr-Aug closed months)
65ffd84b000000000d00cc71,据说开放式厨房是个很新的坑👀,2024-03-24 17:02,video,32.0,CREATOR_PERFORMANCE_PRESENT,798.0,1.0,4.0,3.0,1.0,1,2,2,NOTE_PAID_METRIC_PRESENT,1,M2026-06,M2026-06,0.0,1.0,0.0,0.0,UNALIGNED (creator snapshot window vs paid Apr-Aug closed months)
65ffd89700000000120227d7,没错🔥小户型这样装真的很显大!!,2024-03-24 19:02,video,51.0,CREATOR_PERFORMANCE_PRESENT,718.0,5.0,9.0,3.0,4.0,1,2,2,NOTE_PAID_METRIC_PRESENT,3,M2026-04,M2026-07,0.0,5.0,0.0,0.0,UNALIGNED (creator snapshot window vs paid Apr-Aug closed months)
65ffd92700000000120232a9,"做了岛台后,我家被围观了👀",2024-03-24 21:01,video,29.0,CREATOR_PERFORMANCE_PRESENT,874.0,3.0,4.0,3.0,1.0,1,2,2,NOTE_PAID_METRIC_PRESENT,3,M2026-04,M2026-06,0.02,12.0,2.0,0.0,UNALIGNED (creator snapshot window vs paid Apr-Aug closed months)
66012d83000000001203edff,这岛台灯光都来看......能救一个是一个😥,2024-03-25 17:02,video,49.0,CREATOR_PERFORMANCE_PRESENT,736.0,2.0,4.0,1.0,2.0,0,0,0,NO_PAID_ASSOCIATION_OBSERVED,0,,,,,,,UNALIGNED (creator snapshot window vs paid Apr-Aug closed months)
66012e660000000012022140,为啥不做餐桌?,2024-03-25 19:02,video,76.0,CREATOR_PERFORMANCE_PRESENT,732.0,6.0,7.0,3.0,4.0,1,2,2,NOTE_PAID_METRIC_PRESENT,2,M2026-04,M2026-05,0.0,4.0,0.0,0.0,UNALIGNED (creator snapshot window vs paid Apr-Aug closed months)
66012f21000000000d00dc7b,!!️完全理解了岛台➕餐桌为啥这么火🔥,2024-03-25 21:01,video,21.0,CREATOR_PERFORMANCE_PRESENT,837.0,1.0,0.0,1.0,2.0,1,2,2,NOTE_PAID_METRIC_PRESENT,2,M2026-06,M2026-08,0.0,2.0,0.0,0.0,UNALIGNED (creator snapshot window vs paid Apr-Aug closed months)
660279de000000001203fdaf,牢记这些尺寸👀岛台设计绝对不翻车❌,2024-03-26 17:02,video,75.0,CREATOR_PERFORMANCE_PRESENT,1098.0,6.0,6.0,4.0,4.0,1,2,2,NOTE_PAID_METRIC_PRESENT,5,M2026-04,M2026-08,1.88,98.0,13.0,0.0,UNALIGNED (creator snapshot window vs paid Apr-Aug closed months)
66027a4c0000000012022e90,我家岛台vs别人家岛台👀那个更好呢❓,2024-03-26 19:02,video,50.0,CREATOR_PERFORMANCE_PRESENT,804.0,3.0,4.0,5.0,0.0,1,2,2,NOTE_PAID_METRIC_PRESENT,2,M2026-04,M2026-07,0.01,5.0,1.0,0.0,UNALIGNED (creator snapshot window vs paid Apr-Aug closed months)
66027b0e000000000d00e828,"已崩溃🤯差点吵起来,岛台到底怎么做😭",2024-03-26 21:01,video,112.0,CREATOR_PERFORMANCE_PRESENT,1427.0,6.0,14.0,1.0,2.0,1,2,2,PAID_ASSOCIATED_NO_METRIC_RECORD,0,,,,,,,UNALIGNED (creator snapshot window vs paid Apr-Aug closed months)
66027ba3000000001202089c,岛台没留电源咋办❓,2024-03-30 17:01,video,32.0,CREATOR_PERFORMANCE_PRESENT,6664.0,12.0,7.0,4.0,2.0,0,0,0,NO_PAID_ASSOCIATION_OBSERVED,0,,,,,,,UNALIGNED (creator snapshot window vs paid Apr-Aug closed months)
66027c4e00000000120215c0,岛台尺寸怎么留?无数人踩过的坑,2024-03-30 19:01,video,26.0,CREATOR_PERFORMANCE_PRESENT,515.0,1.0,2.0,1.0,1.0,1,2,2,NOTE_PAID_METRIC_PRESENT,4,M2026-05,M2026-08,0.0,9.0,0.0,0.0,UNALIGNED (creator snapshot window vs paid Apr-Aug closed months)
66027d4c000000000d00d3b3,为啥不做餐桌?,2024-03-30 21:00,video,68.0,CREATOR_PERFORMANCE_PRESENT,1010.0,1.0,2.0,3.0,3.0,1,2,2,NOTE_PAID_METRIC_PRESENT,1,M2026-04,M2026-04,0.0,1.0,0.0,0.0,UNALIGNED (creator snapshot window vs paid Apr-Aug closed months)
6603d1c9000000000d00e112,岛台做好这九点!完全不怕翻车💯,2024-03-27 17:03,video,77.0,CREATOR_PERFORMANCE_PRESENT,602.0,2.0,4.0,1.0,2.0,1,2,2,PAID_ASSOCIATED_NO_METRIC_RECORD,0,,,,,,,UNALIGNED (creator snapshot window vs paid Apr-Aug closed months)
6603d27e000000001203e831,别等入住后才发现开放式厨房的坑😭,2024-03-27 19:03,video,197.0,CREATOR_PERFORMANCE_PRESENT,1051.0,5.0,9.0,3.0,3.0,1,2,2,NOTE_PAID_METRIC_PRESENT,5,M2026-04,M2026-08,3.28,155.0,19.0,0.0,UNALIGNED (creator snapshot window vs paid Apr-Aug closed months)
6603d2d0000000001203eea9,为啥不做餐桌呢❓🤔️,2024-03-27 21:01,video,78.0,CREATOR_PERFORMANCE_PRESENT,747.0,3.0,5.0,3.0,1.0,1,2,2,NOTE_PAID_METRIC_PRESENT,2,M2026-04,M2026-06,0.0,2.0,0.0,0.0,UNALIGNED (creator snapshot window vs paid Apr-Aug closed months)
660531ff000000001203f700,为什么越来越多人开始去餐桌化?,2024-03-28 17:01,video,80.0,CREATOR_PERFORMANCE_PRESENT,11177.0,33.0,63.0,9.0,22.0,1,2,2,NOTE_PAID_METRIC_PRESENT,3,M2026-04,M2026-08,0.0,7.0,0.0,0.0,UNALIGNED (creator snapshot window vs paid Apr-Aug closed months)
660532ad0000000012022dbb,⚠️岛台嵌入电器🔥怎么做才荌全?,2024-03-28 19:03,video,56.0,CREATOR_PERFORMANCE_PRESENT,891.0,5.0,4.0,1.0,0.0,0,0,0,NO_PAID_ASSOCIATION_OBSERVED,0,,,,,,,UNALIGNED (creator snapshot window vs paid Apr-Aug closed months)
660533ca000000001203def7,我劝你别做伸缩岛台🔥岛台翻车太鸡肋了❗,2024-03-28 21:01,video,86.0,CREATOR_PERFORMANCE_PRESENT,1305.0,5.0,4.0,1.0,3.0,1,2,2,NOTE_PAID_METRIC_PRESENT,3,M2026-04,M2026-06,0.01,12.0,1.0,0.0,UNALIGNED (creator snapshot window vs paid Apr-Aug closed months)
660676eb000000001a00c00a,岛台脚条🔥90%的人都会忽略⚠️,2024-03-29 17:00,video,54.0,CREATOR_PERFORMANCE_PRESENT,1194.0,4.0,5.0,1.0,7.0,0,0,0,NO_PAID_ASSOCIATION_OBSERVED,0,,,,,,,UNALIGNED (creator snapshot window vs paid Apr-Aug closed months)
66067773000000001a013e75,🎀家里有了岛台餐桌后......,2024-03-29 19:02,video,76.0,CREATOR_PERFORMANCE_PRESENT,692.0,1.0,3.0,3.0,1.0,1,2,2,NOTE_PAID_METRIC_PRESENT,3,M2026-04,M2026-08,0.0,4.0,0.0,0.0,UNALIGNED (creator snapshot window vs paid Apr-Aug closed months)
660677e9000000001a00d46d,小白避坑🔥开放式厨房的惨痛教训...,2024-03-29 21:01,video,223.0,CREATOR_PERFORMANCE_PRESENT,743.0,6.0,8.0,1.0,0.0,0,0,0,NO_PAID_ASSOCIATION_OBSERVED,0,,,,,,,UNALIGNED (creator snapshot window vs paid Apr-Aug closed months)
66091722000000001a0100c2,"6m2厨房这样收纳布局,轻松让我涨粉3.6w+",2024-03-31 17:01,video,38.0,CREATOR_PERFORMANCE_PRESENT,652.0,1.0,3.0,1.0,0.0,1,2,2,NOTE_PAID_METRIC_PRESENT,4,M2026-04,M2026-07,0.45,8.0,1.0,0.0,UNALIGNED (creator snapshot window vs paid Apr-Aug closed months)
660919bf000000001a0151d2,小户型🏠我实现了岛台自由🔥,2024-03-31 19:01,video,26.0,CREATOR_PERFORMANCE_PRESENT,607.0,1.0,1.0,1.0,0.0,1,2,2,NOTE_PAID_METRIC_PRESENT,4,M2026-04,M2026-08,0.0,7.0,0.0,0.0,UNALIGNED (creator snapshot window vs paid Apr-Aug closed months)
66091b49000000001a016fdb,"岩板岛台|哑光VS亮光,到底选哪个呢❓",2024-03-31 21:00,video,65.0,CREATOR_PERFORMANCE_PRESENT,1032.0,1.0,2.0,1.0,2.0,1,2,2,NOTE_PAID_METRIC_PRESENT,4,M2026-04,M2026-07,0.12,31.0,3.0,0.0,UNALIGNED (creator snapshot window vs paid Apr-Aug closed months)
660a6865000000001a00dbc9,岛台避雷🚥伸缩岛台真的不要这样做❌,2024-04-01 17:01,video,83.0,CREATOR_PERFORMANCE_PRESENT,581.0,1.0,2.0,1.0,1.0,1,2,2,NOTE_PAID_METRIC_PRESENT,2,M2026-04,M2026-05,0.0,6.0,0.0,0.0,UNALIGNED (creator snapshot window vs paid Apr-Aug closed months)
660a68b1000000001a0141cd,"赶紧收藏,伸缩岛台的雷别再踩了❌",2024-04-01 19:02,video,72.0,CREATOR_PERFORMANCE_PRESENT,784.0,3.0,9.0,1.0,2.0,1,2,2,PAID_ASSOCIATED_NO_METRIC_RECORD,0,,,,,,,UNALIGNED (creator snapshot window vs paid Apr-Aug closed months)
660a6946000000001a012d5a,为啥要做岛台❓,2024-04-01 21:01,video,84.0,CREATOR_PERFORMANCE_PRESENT,646.0,1.0,1.0,1.0,0.0,1,2,2,PAID_ASSOCIATED_NO_METRIC_RECORD,0,,,,,,,UNALIGNED (creator snapshot window vs paid Apr-Aug closed months)
660a8b3e000000001a00d93f,救命🆘新手踩了5大坑!岛台差点翻车😭,2024-04-04 17:01,video,98.0,CREATOR_PERFORMANCE_PRESENT,594.0,5.0,6.0,1.0,0.0,1,2,2,PAID_ASSOCIATED_NO_METRIC_RECORD,0,,,,,,,UNALIGNED (creator snapshot window vs paid Apr-Aug closed months)
660a8bb5000000001a00e333,岛台是智商税❓,2024-04-04 19:01,video,38.0,CREATOR_PERFORMANCE_PRESENT,631.0,0.0,3.0,3.0,0.0,1,2,2,NOTE_PAID_METRIC_PRESENT,3,M2026-04,M2026-08,0.0,11.0,0.0,0.0,UNALIGNED (creator snapshot window vs paid Apr-Aug closed months)
660a8c29000000001a00ecfc,精装房没水电岛台怎么做❓,2024-04-04 21:00,video,60.0,CREATOR_PERFORMANCE_PRESENT,6139.0,25.0,33.0,11.0,11.0,0,0,0,NO_PAID_ASSOCIATION_OBSERVED,0,,,,,,,UNALIGNED (creator snapshot window vs paid Apr-Aug closed months)
660bba60000000001a00e04c,拯救小户型!岛台这样布局真的太爱了,2024-04-02 17:02,video,60.0,CREATOR_PERFORMANCE_PRESENT,690.0,1.0,0.0,2.0,0.0,1,2,2,NOTE_PAID_METRIC_PRESENT,1,M2026-04,M2026-04,0.0,2.0,0.0,0.0,UNALIGNED (creator snapshot window vs paid Apr-Aug closed months)
660bbc75000000001a010571,小户型做岛台也太香了🔥显大10m2😱,2024-04-02 19:02,video,56.0,CREATOR_PERFORMANCE_PRESENT,616.0,1.0,3.0,1.0,1.0,1,2,2,NOTE_PAID_METRIC_PRESENT,4,M2026-04,M2026-08,0.0,4.0,0.0,0.0,UNALIGNED (creator snapshot window vs paid Apr-Aug closed months)
660bbd49000000001a0175d7,岛台尺寸避坑攻略🔥杜绝翻车❌,2024-04-02 21:01,video,96.0,CREATOR_PERFORMANCE_PRESENT,610.0,2.0,4.0,3.0,1.0,1,2,2,NOTE_PAID_METRIC_PRESENT,2,M2026-04,M2026-05,0.0,6.0,0.0,0.0,UNALIGNED (creator snapshot window vs paid Apr-Aug closed months)
660d0b6a000000001a012d69,开放厨房必备💁‍♀️能隔离油烟的门,2024-04-03 17:02,video,59.0,CREATOR_PERFORMANCE_PRESENT,814.0,1.0,3.0,1.0,0.0,0,0,0,NO_PAID_ASSOCIATION_OBSERVED,0,,,,,,,UNALIGNED (creator snapshot window vs paid Apr-Aug closed months)
660d0bd4000000001a0152d2,岛台避坑需知🔥——插座篇!!,2024-04-03 19:02,video,41.0,CREATOR_PERFORMANCE_PRESENT,1143.0,3.0,6.0,1.0,1.0,1,2,2,NOTE_PAID_METRIC_PRESENT,5,M2026-04,M2026-08,6.81,495.0,72.0,0.0,UNALIGNED (creator snapshot window vs paid Apr-Aug closed months)
660d0c32000000001a015aa9,岛台vs传统餐桌🏠应该如何选择🤔️,2024-04-03 21:01,video,49.0,CREATOR_PERFORMANCE_PRESENT,723.0,1.0,2.0,1.0,0.0,1,2,2,PAID_ASSOCIATED_NO_METRIC_RECORD,0,,,,,,,UNALIGNED (creator snapshot window vs paid Apr-Aug closed months)
660d2352000000001a00c854,"多亏了邻居,我的开放式厨房没有翻车!",2024-04-05 17:01,video,77.0,CREATOR_PERFORMANCE_PRESENT,609.0,1.0,1.0,3.0,1.0,1,2,2,NOTE_PAID_METRIC_PRESENT,4,M2026-04,M2026-07,0.22,82.0,7.0,0.0,UNALIGNED (creator snapshot window vs paid Apr-Aug closed months)
660d2401000000001a011a78,收纳+8m2🔥...全靠这点!!,2024-04-05 19:01,video,107.0,CREATOR_PERFORMANCE_PRESENT,697.0,4.0,5.0,1.0,3.0,1,2,2,NOTE_PAID_METRIC_PRESENT,1,M2026-05,M2026-05,0.0,1.0,0.0,0.0,UNALIGNED (creator snapshot window vs paid Apr-Aug closed months)
660d248a000000001a014521,"🔵岛台避坑指南,60秒拿捏🔥",2024-04-05 21:00,video,77.0,CREATOR_PERFORMANCE_PRESENT,681.0,3.0,4.0,1.0,1.0,1,2,2,NOTE_PAID_METRIC_PRESENT,1,M2026-04,M2026-04,0.0,2.0,0.0,0.0,UNALIGNED (creator snapshot window vs paid Apr-Aug closed months)
66110b82000000001a012457,帮我涨粉1w+的岛台椅子👀到底长什么样,2024-04-06 17:00,video,31.0,CREATOR_PERFORMANCE_PRESENT,557.0,1.0,4.0,1.0,3.0,0,0,0,NO_PAID_ASSOCIATION_OBSERVED,0,,,,,,,UNALIGNED (creator snapshot window vs paid Apr-Aug closed months)
66110c18000000001a01306e,岛台避坑指南🚥那些没人告诉你的岛台雷点,2024-04-06 19:01,video,134.0,CREATOR_PERFORMANCE_PRESENT,2236.0,20.0,39.0,3.0,12.0,1,2,2,NOTE_PAID_METRIC_PRESENT,4,M2026-04,M2026-08,0.36,23.0,2.0,0.0,UNALIGNED (creator snapshot window vs paid Apr-Aug closed months)
66110cc7000000001a013e7e,小户型做岛台很鸡肋❓,2024-04-06 21:01,video,78.0,CREATOR_PERFORMANCE_PRESENT,641.0,3.0,2.0,7.0,2.0,1,2,2,NOTE_PAID_METRIC_PRESENT,3,M2026-04,M2026-06,0.02,4.0,1.0,0.0,UNALIGNED (creator snapshot window vs paid Apr-Aug closed months)
661251a4000000001a014554,"听我一句劝,岛台一定要避开的坑😭",2024-04-07 17:02,video,67.0,CREATOR_PERFORMANCE_PRESENT,802.0,3.0,3.0,1.0,2.0,1,2,2,NOTE_PAID_METRIC_PRESENT,5,M2026-04,M2026-08,2.53,103.0,17.0,0.0,UNALIGNED (creator snapshot window vs paid Apr-Aug closed months)
66125211000000001a014deb,让岛台变高级的餐椅搭配技巧!✅看了就会,2024-04-07 19:02,video,47.0,CREATOR_PERFORMANCE_PRESENT,825.0,0.0,3.0,1.0,1.0,1,2,2,NOTE_PAID_METRIC_PRESENT,4,M2026-04,M2026-08,2.22,20.0,2.0,0.0,UNALIGNED (creator snapshot window vs paid Apr-Aug closed months)
6612525a000000001a012c17,一般人我可不告诉岛台还能这样做🤫,2024-04-07 21:01,video,37.0,CREATOR_PERFORMANCE_PRESENT,672.0,3.0,4.0,1.0,3.0,1,2,2,NOTE_PAID_METRIC_PRESENT,4,M2026-04,M2026-08,2.85,32.0,2.0,0.0,UNALIGNED (creator snapshot window vs paid Apr-Aug closed months)
66139e9f000000001a00cd37,现在才发现岛台真香🔥,2024-04-08 17:02,video,62.0,CREATOR_PERFORMANCE_PRESENT,718.0,3.0,1.0,1.0,2.0,1,2,2,NOTE_PAID_METRIC_PRESENT,1,M2026-08,M2026-08,0.22,2.0,1.0,0.0,UNALIGNED (creator snapshot window vs paid Apr-Aug closed months)
6613a046000000001a01582d,伸缩岛台3大坑🚥千万别踩😭,2024-04-08 19:02,video,71.0,CREATOR_PERFORMANCE_PRESENT,35353.0,792.0,598.0,98.0,125.0,1,2,2,NOTE_PAID_METRIC_PRESENT,5,M2026-04,M2026-08,45.03,1235.0,172.0,1.0,UNALIGNED (creator snapshot window vs paid Apr-Aug closed months)
6613a0e3000000001a00fbff,L型岛台很罕见哦👀,2024-04-08 21:01,video,37.0,CREATOR_PERFORMANCE_PRESENT,708.0,4.0,1.0,3.0,1.0,1,2,2,NOTE_PAID_METRIC_PRESENT,4,M2026-04,M2026-07,0.37,46.0,4.0,0.0,UNALIGNED (creator snapshot window vs paid Apr-Aug closed months)
6614ed9d000000001a017f5f,❌拒绝无脑设计!zui实用舒服的布局!,2024-04-09 17:02,video,70.0,CREATOR_PERFORMANCE_PRESENT,525.0,0.0,1.0,1.0,0.0,1,2,2,PAID_ASSOCIATED_NO_METRIC_RECORD,0,,,,,,,UNALIGNED (creator snapshot window vs paid Apr-Aug closed months)
6614eee3000000001a00f934,真香警告⚠️别做餐桌啦!岛台是真香,2024-04-09 19:02,video,87.0,CREATOR_PERFORMANCE_PRESENT,863.0,1.0,2.0,3.0,2.0,1,2,2,NOTE_PAID_METRIC_PRESENT,1,M2026-07,M2026-07,0.0,1.0,0.0,0.0,UNALIGNED (creator snapshot window vs paid Apr-Aug closed months)
6614ef3c000000001a0160a4,80平小户型也能拥有的岛台餐桌🏠,2024-04-09 21:01,video,73.0,CREATOR_PERFORMANCE_PRESENT,783.0,3.0,4.0,1.0,0.0,1,2,2,NOTE_PAID_METRIC_PRESENT,3,M2026-04,M2026-06,0.0,7.0,0.0,0.0,UNALIGNED (creator snapshot window vs paid Apr-Aug closed months)
66163edc000000001a016bc9,不是吧😏你居然不知道岛台尺寸怎么做?,2024-04-10 17:02,video,95.0,CREATOR_PERFORMANCE_PRESENT,1027.0,6.0,11.0,2.0,3.0,1,2,2,NOTE_PAID_METRIC_PRESENT,2,M2026-04,M2026-06,0.76,29.0,3.0,0.0,UNALIGNED (creator snapshot window vs paid Apr-Aug closed months)
66163f67000000001a010947,我觉得...这比传统餐桌好用100倍哎!!,2024-04-10 19:02,video,35.0,CREATOR_PERFORMANCE_PRESENT,589.0,0.0,2.0,3.0,0.0,1,2,2,NOTE_PAID_METRIC_PRESENT,1,M2026-07,M2026-07,0.0,1.0,0.0,0.0,UNALIGNED (creator snapshot window vs paid Apr-Aug closed months)
6616405b000000001a00e785,让我涨粉1w+的岛台长什么样👀,2024-04-10 21:01,video,29.0,CREATOR_PERFORMANCE_PRESENT,613.0,1.0,1.0,1.0,0.0,1,2,2,PAID_ASSOCIATED_NO_METRIC_RECORD,0,,,,,,,UNALIGNED (creator snapshot window vs paid Apr-Aug closed months)
6617987b000000001a0134f3,服了🔥这个岛台也太实用了吧!!,2024-04-11 17:02,video,34.0,CREATOR_PERFORMANCE_PRESENT,522.0,0.0,1.0,0.0,0.0,1,2,2,PAID_ASSOCIATED_NO_METRIC_RECORD,0,,,,,,,UNALIGNED (creator snapshot window vs paid Apr-Aug closed months)
6617991e000000001a00c3b6,"幸亏没有选太晚,横厅配岛台真的很高极🔥",2024-04-11 19:02,video,45.0,CREATOR_PERFORMANCE_PRESENT,996.0,5.0,5.0,0.0,6.0,1,2,2,NOTE_PAID_METRIC_PRESENT,3,M2026-04,M2026-06,1.72,61.0,10.0,0.0,UNALIGNED (creator snapshot window vs paid Apr-Aug closed months)
661799dc000000001a017ad7,岛台好物🔥岛台搭配美出圈的椅子💘,2024-04-11 21:01,video,33.0,CREATOR_PERFORMANCE_PRESENT,726.0,2.0,2.0,1.0,0.0,1,2,2,NOTE_PAID_METRIC_PRESENT,5,M2026-04,M2026-08,0.08,18.0,1.0,0.0,UNALIGNED (creator snapshot window vs paid Apr-Aug closed months)
6618e8ba000000001a013290,装修两次总结出开放式厨房5个大坑❌,2024-04-12 17:02,video,196.0,CREATOR_PERFORMANCE_PRESENT,1251.0,10.0,8.0,1.0,3.0,1,2,2,NOTE_PAID_METRIC_PRESENT,5,M2026-04,M2026-08,0.0,21.0,0.0,0.0,UNALIGNED (creator snapshot window vs paid Apr-Aug closed months)
6618e976000000001a00c23b,才不做餐桌呢!哪有岛台香🔥,2024-04-12 19:02,video,82.0,CREATOR_PERFORMANCE_PRESENT,622.0,1.0,4.0,1.0,4.0,0,0,0,NO_PAID_ASSOCIATION_OBSERVED,0,,,,,,,UNALIGNED (creator snapshot window vs paid Apr-Aug closed months)
6618e9ec000000001a00cc81,"岛台都去做双面收纳,能救一个是一个🤣",2024-04-12 21:01,video,41.0,CREATOR_PERFORMANCE_PRESENT,607.0,3.0,3.0,1.0,0.0,1,2,2,NOTE_PAID_METRIC_PRESENT,3,M2026-04,M2026-06,0.0,9.0,0.0,0.0,UNALIGNED (creator snapshot window vs paid Apr-Aug closed months)
6618eaf6000000001a015070,谁懂啊🔥一眼就爱上的宝格丽岛台👀,2024-04-13 17:01,video,62.0,CREATOR_PERFORMANCE_PRESENT,566.0,1.0,2.0,1.0,0.0,1,2,2,NOTE_PAID_METRIC_PRESENT,5,M2026-04,M2026-08,0.7,24.0,2.0,0.0,UNALIGNED (creator snapshot window vs paid Apr-Aug closed months)
6618eb85000000001a00ef17,岛台尺寸的血泪教训😭别怪我没提醒你!!,2024-04-13 19:01,video,112.0,CREATOR_PERFORMANCE_PRESENT,613.0,3.0,5.0,1.0,6.0,1,2,2,NOTE_PAID_METRIC_PRESENT,3,M2026-05,M2026-08,0.53,22.0,3.0,0.0,UNALIGNED (creator snapshot window vs paid Apr-Aug closed months)
6618ebf1000000001a0138bc,伸缩岛台3大坑😭千万别踩!!,2024-04-13 21:00,video,85.0,CREATOR_PERFORMANCE_PRESENT,1585.0,10.0,11.0,1.0,7.0,1,2,2,NOTE_PAID_METRIC_PRESENT,2,M2026-05,M2026-08,0.08,5.0,1.0,0.0,UNALIGNED (creator snapshot window vs paid Apr-Aug closed months)
661b8c70000000001a015dd6,惊呆了老铁~~第一次这么直观的感受岛台收纳,2024-04-14 17:01,video,93.0,CREATOR_PERFORMANCE_PRESENT,531.0,1.0,1.0,1.0,0.0,1,2,2,NOTE_PAID_METRIC_PRESENT,1,M2026-04,M2026-04,0.0,1.0,0.0,0.0,UNALIGNED (creator snapshot window vs paid Apr-Aug closed months)
661b8cda000000001a016659,岛台灯光怎么选💡看这一条就够了!,2024-04-14 19:01,video,69.0,CREATOR_PERFORMANCE_PRESENT,636.0,1.0,3.0,1.0,0.0,0,0,0,NO_PAID_ASSOCIATION_OBSERVED,0,,,,,,,UNALIGNED (creator snapshot window vs paid Apr-Aug closed months)
661b8d5e000000001a00c3e9,为啥不做餐桌呢❓,2024-04-14 21:01,video,44.0,CREATOR_PERFORMANCE_PRESENT,1128.0,5.0,5.0,1.0,0.0,1,2,2,PAID_ASSOCIATED_NO_METRIC_RECORD,0,,,,,,,UNALIGNED (creator snapshot window vs paid Apr-Aug closed months)
661cc5ef000000001a015e01,岛台不想翻车❌谨记十做十不做🔥,2024-04-15 21:01,video,132.0,CREATOR_PERFORMANCE_PRESENT,598.0,2.0,0.0,1.0,1.0,1,2,2,PAID_ASSOCIATED_NO_METRIC_RECORD,0,,,,,,,UNALIGNED (creator snapshot window vs paid Apr-Aug closed months)
661cc91d000000001a01350d,小红书爆火的开放式厨房不就是我家厨房吗!,2024-04-15 17:01,video,45.0,CREATOR_PERFORMANCE_PRESENT,528.0,1.0,1.0,1.0,1.0,1,2,2,NOTE_PAID_METRIC_PRESENT,2,M2026-04,M2026-05,0.86,5.0,1.0,0.0,UNALIGNED (creator snapshot window vs paid Apr-Aug closed months)
661cc9c2000000001a0166fb,再见了传统餐桌...,2024-04-15 19:01,video,55.0,CREATOR_PERFORMANCE_PRESENT,799.0,2.0,1.0,1.0,1.0,1,2,2,PAID_ASSOCIATED_NO_METRIC_RECORD,0,,,,,,,UNALIGNED (creator snapshot window vs paid Apr-Aug closed months)
661e2e130000000001005fe6,谁能不爱💓收纳控的快乐天堂✌️,2024-04-16 17:02,video,60.0,CREATOR_PERFORMANCE_PRESENT,587.0,1.0,0.0,2.0,0.0,1,2,2,PAID_ASSOCIATED_NO_METRIC_RECORD,0,,,,,,,UNALIGNED (creator snapshot window vs paid Apr-Aug closed months)
661e2ecc0000000004019c71,大横厅设计布局🔥沙发后岛台!!️,2024-04-16 19:02,video,54.0,CREATOR_PERFORMANCE_PRESENT,1096.0,3.0,3.0,5.0,2.0,1,2,2,NOTE_PAID_METRIC_PRESENT,5,M2026-04,M2026-08,0.81,128.0,11.0,0.0,UNALIGNED (creator snapshot window vs paid Apr-Aug closed months)
661e312d0000000001031ee9,直接封shen的岛台餐桌👏谁用谁高级❗❗,2024-04-16 21:01,video,35.0,CREATOR_PERFORMANCE_PRESENT,759.0,2.0,2.0,3.0,0.0,1,2,2,NOTE_PAID_METRIC_PRESENT,2,M2026-04,M2026-05,0.1,13.0,1.0,0.0,UNALIGNED (creator snapshot window vs paid Apr-Aug closed months)
661f7aba00000000010303de,小户型不看后悔系列🔥,2024-04-17 17:02,video,44.0,CREATOR_PERFORMANCE_PRESENT,724.0,4.0,6.0,3.0,1.0,1,2,2,NOTE_PAID_METRIC_PRESENT,3,M2026-04,M2026-06,0.0,3.0,0.0,0.0,UNALIGNED (creator snapshot window vs paid Apr-Aug closed months)
661f7b560000000004018a27,把杂志里的岛台搬回家吧 🏠,2024-04-17 19:02,video,53.0,CREATOR_PERFORMANCE_PRESENT,574.0,2.0,2.0,1.0,0.0,1,2,2,NOTE_PAID_METRIC_PRESENT,3,M2026-04,M2026-06,0.0,6.0,0.0,0.0,UNALIGNED (creator snapshot window vs paid Apr-Aug closed months)
661f7c2300000000010071ff,小户型就抄我家吧!实用功能非常强大❗️,2024-04-17 21:01,video,79.0,CREATOR_PERFORMANCE_PRESENT,685.0,0.0,1.0,1.0,2.0,1,2,2,PAID_ASSOCIATED_NO_METRIC_RECORD,0,,,,,,,UNALIGNED (creator snapshot window vs paid Apr-Aug closed months)
6620bc23000000000401a106,超棒的装修决定 |就是要做岛台🔥,2024-04-18 17:01,video,64.0,CREATOR_PERFORMANCE_PRESENT,523.0,1.0,1.0,3.0,0.0,1,2,2,PAID_ASSOCIATED_NO_METRIC_RECORD,0,,,,,,,UNALIGNED (creator snapshot window vs paid Apr-Aug closed months)
6620bcdd000000000401aeee,被10万多人围观过的小户型开放式厨房~🏠,2024-04-18 19:01,video,109.0,CREATOR_PERFORMANCE_PRESENT,798.0,3.0,2.0,1.0,0.0,1,2,2,NOTE_PAID_METRIC_PRESENT,5,M2026-04,M2026-08,0.0,9.0,0.0,0.0,UNALIGNED (creator snapshot window vs paid Apr-Aug closed months)
6620bf580000000004019f2d,一定要这样选~小户型专属岛台!!!,2024-04-18 21:01,video,37.0,CREATOR_PERFORMANCE_PRESENT,652.0,1.0,3.0,1.0,0.0,1,2,2,NOTE_PAID_METRIC_PRESENT,3,M2026-04,M2026-08,0.0,4.0,0.0,0.0,UNALIGNED (creator snapshot window vs paid Apr-Aug closed months)
6620e75e0000000001005ffc,哭拥了🤧想做岛台收纳但是双面都靠墙了..,2024-04-21 17:01,video,43.0,CREATOR_PERFORMANCE_PRESENT,454.0,0.0,1.0,0.0,2.0,1,2,2,PAID_ASSOCIATED_NO_METRIC_RECORD,0,,,,,,,UNALIGNED (creator snapshot window vs paid Apr-Aug closed months)
6620e7dc0000000001031c82,年轻人选择放弃餐桌是聪明还是傻❓,2024-04-21 19:01,video,49.0,CREATOR_PERFORMANCE_PRESENT,461.0,1.0,1.0,4.0,0.0,1,2,2,PAID_ASSOCIATED_NO_METRIC_RECORD,0,,,,,,,UNALIGNED (creator snapshot window vs paid Apr-Aug closed months)
6620e9270000000001033bb1,"愁坏我了,岛台餐桌真鸡肋还是真好用啊!?️",2024-04-21 21:00,video,34.0,CREATOR_PERFORMANCE_PRESENT,576.0,2.0,3.0,0.0,0.0,1,2,2,PAID_ASSOCIATED_NO_METRIC_RECORD,0,,,,,,,UNALIGNED (creator snapshot window vs paid Apr-Aug closed months)
662209cf000000000401bdda,伸缩岛台🔥真别做错了❌,2024-04-19 21:01,video,98.0,CREATOR_PERFORMANCE_PRESENT,1063.0,4.0,3.0,3.0,1.0,1,2,2,NOTE_PAID_METRIC_PRESENT,3,M2026-05,M2026-08,0.0,4.0,0.0,0.0,UNALIGNED (creator snapshot window vs paid Apr-Aug closed months)
66220bac0000000001033149,9命!是哪个大冤种岛台水电布局翻车了😱,2024-04-19 17:02,video,89.0,CREATOR_PERFORMANCE_PRESENT,1021.0,6.0,10.0,3.0,0.0,0,0,0,NO_PAID_ASSOCIATION_OBSERVED,0,,,,,,,UNALIGNED (creator snapshot window vs paid Apr-Aug closed months)
66220c67000000000401b2db,"看完我家的岛台,老公说这岛台做的值👍",2024-04-19 19:02,video,34.0,CREATOR_PERFORMANCE_PRESENT,542.0,0.0,0.0,1.0,0.0,1,2,2,NOTE_PAID_METRIC_PRESENT,2,M2026-04,M2026-05,0.0,3.0,0.0,0.0,UNALIGNED (creator snapshot window vs paid Apr-Aug closed months)
6623603d000000000401b50e,小户型后悔做岛台了...😰,2024-04-20 17:01,video,56.0,CREATOR_PERFORMANCE_PRESENT,646.0,1.0,3.0,0.0,1.0,1,1,1,PAID_ASSOCIATED_NO_METRIC_RECORD,0,,,,,,,UNALIGNED (creator snapshot window vs paid Apr-Aug closed months)
662360c80000000001030bf3,不是大餐桌买不起 而是岛台更有性价比🔥,2024-04-20 19:01,video,44.0,CREATOR_PERFORMANCE_PRESENT,628.0,2.0,4.0,0.0,0.0,1,2,2,NOTE_PAID_METRIC_PRESENT,1,M2026-04,M2026-04,0.01,1.0,1.0,0.0,UNALIGNED (creator snapshot window vs paid Apr-Aug closed months)
662361e70000000001007a50,"我去,第一次这么直观地感受到岛台收纳的",2024-04-20 21:01,video,62.0,CREATOR_PERFORMANCE_PRESENT,575.0,4.0,3.0,0.0,0.0,1,2,2,NOTE_PAID_METRIC_PRESENT,1,M2026-04,M2026-04,0.0,1.0,0.0,0.0,UNALIGNED (creator snapshot window vs paid Apr-Aug closed months)
662617cb0000000001004d3b,这种岛台千万不要做💥翻车速度200码❗,2024-04-22 17:01,video,63.0,CREATOR_PERFORMANCE_PRESENT,1047.0,3.0,3.0,0.0,0.0,1,2,2,NOTE_PAID_METRIC_PRESENT,3,M2026-04,M2026-07,0.0,9.0,0.0,0.0,UNALIGNED (creator snapshot window vs paid Apr-Aug closed months)
662618f8000000000100664d,"新家入住一年,才发现岛台越用越香🔥",2024-04-22 19:02,video,58.0,CREATOR_PERFORMANCE_PRESENT,1102.0,3.0,2.0,0.0,2.0,1,2,2,PAID_ASSOCIATED_NO_METRIC_RECORD,0,,,,,,,UNALIGNED (creator snapshot window vs paid Apr-Aug closed months)
66261964000000000103139b,偷偷收藏的收纳设计💯岛台收纳!!,2024-04-22 21:01,video,58.0,CREATOR_PERFORMANCE_PRESENT,575.0,2.0,1.0,0.0,0.0,1,2,2,NOTE_PAID_METRIC_PRESENT,3,M2026-04,M2026-06,0.0,5.0,0.0,0.0,UNALIGNED (creator snapshot window vs paid Apr-Aug closed months)
66276ac40000000001007f6a,岛台尺寸避雷指南:别被“坑”了还不知道!,2024-04-23 17:02,video,94.0,CREATOR_PERFORMANCE_PRESENT,628.0,2.0,7.0,0.0,2.0,1,2,2,NOTE_PAID_METRIC_PRESENT,3,M2026-04,M2026-06,0.0,9.0,0.0,0.0,UNALIGNED (creator snapshot window vs paid Apr-Aug closed months)
66276b14000000000103205b,被20w人追着问的😂岛台升级6.0版本,2024-04-23 19:02,video,180.0,CREATOR_PERFORMANCE_PRESENT,547.0,1.0,2.0,0.0,0.0,1,2,2,NOTE_PAID_METRIC_PRESENT,1,M2026-04,M2026-04,0.0,1.0,0.0,0.0,UNALIGNED (creator snapshot window vs paid Apr-Aug closed months)
66276c080000000001033514,不做餐桌的原因...,2024-04-23 21:01,video,79.0,CREATOR_PERFORMANCE_PRESENT,599.0,0.0,1.0,0.0,0.0,1,2,2,PAID_ASSOCIATED_NO_METRIC_RECORD,0,,,,,,,UNALIGNED (creator snapshot window vs paid Apr-Aug closed months)
6628b5b6000000000401b502,岛台避坑注意⚠️事项🚥伸缩bug要小心,2024-04-24 17:02,video,41.0,CREATOR_PERFORMANCE_PRESENT,688.0,1.0,2.0,0.0,1.0,1,2,2,NOTE_PAID_METRIC_PRESENT,3,M2026-05,M2026-08,0.0,4.0,0.0,0.0,UNALIGNED (creator snapshot window vs paid Apr-Aug closed months)
6628b68f0000000001030d31,岛台入户的坑我替大家踩了😭你们就别踩了,2024-04-24 19:02,video,63.0,CREATOR_PERFORMANCE_PRESENT,559.0,0.0,2.0,0.0,2.0,1,2,2,NOTE_PAID_METRIC_PRESENT,2,M2026-04,M2026-05,0.0,6.0,0.0,0.0,UNALIGNED (creator snapshot window vs paid Apr-Aug closed months)
6628b71b0000000001007cc0,OMG😱岛台想不翻车🔥快看这个视频!!,2024-04-24 21:01,video,111.0,CREATOR_PERFORMANCE_PRESENT,970.0,2.0,4.0,0.0,3.0,1,2,2,PAID_ASSOCIATED_NO_METRIC_RECORD,0,,,,,,,UNALIGNED (creator snapshot window vs paid Apr-Aug closed months)
662a0c65000000000401bd27,"想要岛台充满设计感,餐椅的选择尤为重要!",2024-04-25 17:02,video,45.0,CREATOR_PERFORMANCE_PRESENT,473.0,2.0,0.0,0.0,0.0,1,2,2,NOTE_PAID_METRIC_PRESENT,5,M2026-04,M2026-08,1.92,47.0,3.0,0.0,UNALIGNED (creator snapshot window vs paid Apr-Aug closed months)
662a0d0400000000010308e0,请欣赏伸缩岛台的坑😭,2024-04-25 19:02,video,85.0,CREATOR_PERFORMANCE_PRESENT,533.0,0.0,0.0,0.0,0.0,1,2,2,PAID_ASSOCIATED_NO_METRIC_RECORD,0,,,,,,,UNALIGNED (creator snapshot window vs paid Apr-Aug closed months)
662a0d97000000000401976f,这才是我要做岛台的原因!!,2024-04-25 21:01,video,78.0,CREATOR_PERFORMANCE_PRESENT,650.0,6.0,4.0,0.0,1.0,1,2,2,PAID_ASSOCIATED_NO_METRIC_RECORD,0,,,,,,,UNALIGNED (creator snapshot window vs paid Apr-Aug closed months)
662b44ef000000000d032e0d,岛台不想翻车❌谨记十做十不做🔥,2024-04-26 21:01,video,132.0,CREATOR_PERFORMANCE_PRESENT,561.0,6.0,3.0,0.0,0.0,1,2,2,NOTE_PAID_METRIC_PRESENT,1,M2026-04,M2026-04,0.0,2.0,0.0,0.0,UNALIGNED (creator snapshot window vs paid Apr-Aug closed months)
662b450c00000000010325ab,✨干货|岛台电源怎么留❓,2024-04-26 17:02,video,41.0,CREATOR_PERFORMANCE_PRESENT,1035.0,4.0,2.0,0.0,1.0,0,0,0,NO_PAID_ASSOCIATION_OBSERVED,0,,,,,,,UNALIGNED (creator snapshot window vs paid Apr-Aug closed months)
662b45a6000000000401ae5f,岛台做好这九点!完全不怕翻车💯,2024-04-26 19:02,video,79.0,CREATOR_PERFORMANCE_PRESENT,546.0,3.0,4.0,0.0,0.0,1,2,2,PAID_ASSOCIATED_NO_METRIC_RECORD,0,,,,,,,UNALIGNED (creator snapshot window vs paid Apr-Aug closed months)
662c98480000000001006691,私藏旋转岛台大公开🔥真的绝了!!,2024-04-27 17:01,video,41.0,CREATOR_PERFORMANCE_PRESENT,524.0,0.0,1.0,0.0,0.0,1,2,2,NOTE_PAID_METRIC_PRESENT,3,M2026-05,M2026-07,0.0,4.0,0.0,0.0,UNALIGNED (creator snapshot window vs paid Apr-Aug closed months)
662c98f000000000010073e4,抛弃常规布局❌岛台放在沙发后🔥,2024-04-27 19:01,video,34.0,CREATOR_PERFORMANCE_PRESENT,3734.0,12.0,19.0,3.0,11.0,1,2,2,NOTE_PAID_METRIC_PRESENT,5,M2026-04,M2026-08,1.77,194.0,29.0,0.0,UNALIGNED (creator snapshot window vs paid Apr-Aug closed months)
662c9a9c0000000001032991,岛台避坑指南🚥灯光布局怎么做才有高级感,2024-04-27 21:00,video,67.0,CREATOR_PERFORMANCE_PRESENT,693.0,0.0,1.0,0.0,0.0,0,0,0,NO_PAID_ASSOCIATION_OBSERVED,0,,,,,,,UNALIGNED (creator snapshot window vs paid Apr-Aug closed months)
662c9cd60000000004019e85,小白装修🔥岛台怎么做❓,2024-04-28 17:01,video,39.0,CREATOR_PERFORMANCE_PRESENT,378.0,1.0,1.0,2.0,1.0,1,2,2,NOTE_PAID_METRIC_PRESENT,1,M2026-04,M2026-04,0.0,1.0,0.0,0.0,UNALIGNED (creator snapshot window vs paid Apr-Aug closed months)
662c9d6a000000000401aa7f,打破惯性思维!岛台颜值&收纳力直接翻倍✅,2024-04-28 21:00,video,31.0,CREATOR_PERFORMANCE_PRESENT,462.0,1.0,0.0,2.0,0.0,1,2,2,PAID_ASSOCIATED_NO_METRIC_RECORD,0,,,,,,,UNALIGNED (creator snapshot window vs paid Apr-Aug closed months)
662c9e02000000000401b6f4,厨房的坑我替大家踩了😭你们就别踩了❌,2024-04-28 19:01,video,64.0,CREATOR_PERFORMANCE_PRESENT,425.0,1.0,2.0,0.0,0.0,1,2,2,NOTE_PAID_METRIC_PRESENT,2,M2026-05,M2026-07,0.02,5.0,2.0,0.0,UNALIGNED (creator snapshot window vs paid Apr-Aug closed months)
662f5231000000001e037bf4,请欣赏伸缩岛台的坑😭,2024-04-29 17:02,video,73.0,CREATOR_PERFORMANCE_PRESENT,992.0,3.0,2.0,0.0,2.0,1,2,2,PAID_ASSOCIATED_NO_METRIC_RECORD,0,,,,,,,UNALIGNED (creator snapshot window vs paid Apr-Aug closed months)
662f528e000000001e03437f,以前不理解做岛台的人...,2024-04-29 19:02,video,34.0,CREATOR_PERFORMANCE_PRESENT,487.0,1.0,0.0,0.0,0.0,1,2,2,PAID_ASSOCIATED_NO_METRIC_RECORD,0,,,,,,,UNALIGNED (creator snapshot window vs paid Apr-Aug closed months)
662f53a1000000001e033ecd,母亲节给妈妈买的鲜花搭配奶油风也太温柔啦,2024-04-29 21:01,video,46.0,CREATOR_PERFORMANCE_PRESENT,883.0,2.0,5.0,9.0,2.0,1,2,2,NOTE_PAID_METRIC_PRESENT,5,M2026-04,M2026-08,1.23,56.0,7.0,0.0,UNALIGNED (creator snapshot window vs paid Apr-Aug closed months)
662f6cb7000000001e033756,为啥不做餐桌呢❓,2024-05-02 17:01,video,44.0,CREATOR_PERFORMANCE_PRESENT,422.0,2.0,2.0,0.0,1.0,1,2,2,NOTE_PAID_METRIC_PRESENT,1,M2026-05,M2026-05,0.73,2.0,1.0,0.0,UNALIGNED (creator snapshot window vs paid Apr-Aug closed months)
66306b40000000001e03454c,"做开放式厨房,你后悔吗?",2024-05-02 19:01,video,59.0,CREATOR_PERFORMANCE_PRESENT,456.0,1.0,0.0,0.0,0.0,1,2,2,NOTE_PAID_METRIC_PRESENT,3,M2026-04,M2026-08,0.01,3.0,1.0,0.0,UNALIGNED (creator snapshot window vs paid Apr-Aug closed months)
66306c29000000001e03990d,装修避坑指南|17个用血汗钱换来的经验!!️,2024-05-02 21:00,video,228.0,CREATOR_PERFORMANCE_PRESENT,488.0,0.0,2.0,2.0,2.0,1,2,2,NOTE_PAID_METRIC_PRESENT,3,M2026-04,M2026-07,0.03,17.0,2.0,0.0,UNALIGNED (creator snapshot window vs paid Apr-Aug closed months)
66306d00000000001e03661f,为什么越来越多人开始去餐桌化?,2024-04-30 17:02,video,80.0,CREATOR_PERFORMANCE_PRESENT,1537.0,2.0,5.0,4.0,2.0,1,2,2,NOTE_PAID_METRIC_PRESENT,4,M2026-04,M2026-07,0.03,30.0,3.0,0.0,UNALIGNED (creator snapshot window vs paid Apr-Aug closed months)
6630885e000000001e030eff,家人们避雷!岛台没做好还受伤了😥,2024-04-30 19:02,video,53.0,CREATOR_PERFORMANCE_PRESENT,580.0,1.0,0.0,0.0,0.0,1,2,2,PAID_ASSOCIATED_NO_METRIC_RECORD,0,,,,,,,UNALIGNED (creator snapshot window vs paid Apr-Aug closed months)
663088c0000000001e0315ef,再见传统茶桌🔥茶岛一体它来啦!!,2024-04-30 21:01,video,139.0,CREATOR_PERFORMANCE_PRESENT,514.0,2.0,2.0,0.0,0.0,1,2,2,NOTE_PAID_METRIC_PRESENT,5,M2026-04,M2026-08,0.57,17.0,3.0,0.0,UNALIGNED (creator snapshot window vs paid Apr-Aug closed months)
6631f6a8000000001e037d38,📒要想岛台设计不翻车🔥这些尺寸要收好,2024-05-01 17:02,video,85.0,CREATOR_PERFORMANCE_PRESENT,607.0,1.0,6.0,0.0,1.0,1,2,2,NOTE_PAID_METRIC_PRESENT,3,M2026-04,M2026-08,0.0,14.0,0.0,0.0,UNALIGNED (creator snapshot window vs paid Apr-Aug closed months)
6631f6e6000000001e032578,伸缩岛台🔥真别做错了❌,2024-05-01 19:01,video,100.0,CREATOR_PERFORMANCE_PRESENT,1319.0,4.0,10.0,0.0,1.0,1,2,2,NOTE_PAID_METRIC_PRESENT,4,M2026-04,M2026-08,0.02,7.0,1.0,0.0,UNALIGNED (creator snapshot window vs paid Apr-Aug closed months)
6631f74b000000001e032c9f,"🔵岛台尺寸布局,60秒直接拿捏🔥",2024-05-01 21:01,video,82.0,CREATOR_PERFORMANCE_PRESENT,493.0,1.0,1.0,0.0,1.0,1,2,2,NOTE_PAID_METRIC_PRESENT,3,M2026-04,M2026-06,0.0,14.0,0.0,0.0,UNALIGNED (creator snapshot window vs paid Apr-Aug closed months)
66347e89000000001e03b264,伸缩岛台的坑我替大家踩了😭你们就别踩了,2024-05-03 17:02,video,88.0,CREATOR_PERFORMANCE_PRESENT,544.0,1.0,0.0,0.0,0.0,1,2,2,NOTE_PAID_METRIC_PRESENT,4,M2026-04,M2026-07,0.21,9.0,1.0,0.0,UNALIGNED (creator snapshot window vs paid Apr-Aug closed months)
66348127000000001e0362bc,差点因为没做岛台后悔👋🏻,2024-05-03 19:01,video,29.0,CREATOR_PERFORMANCE_PRESENT,938.0,6.0,3.0,0.0,0.0,1,2,2,NOTE_PAID_METRIC_PRESENT,1,M2026-04,M2026-04,0.0,2.0,0.0,0.0,UNALIGNED (creator snapshot window vs paid Apr-Aug closed months)
6634819b000000001e036b33,芭比Q!网传的岛台大冤种就是我😱,2024-05-03 21:00,video,86.0,CREATOR_PERFORMANCE_PRESENT,504.0,0.0,0.0,0.0,1.0,1,2,2,NOTE_PAID_METRIC_PRESENT,2,M2026-04,M2026-08,0.0,2.0,0.0,0.0,UNALIGNED (creator snapshot window vs paid Apr-Aug closed months)
6635e9e2000000001e03772a,智商税警告⚠️岛台收纳设计,2024-05-04 17:02,video,54.0,CREATOR_PERFORMANCE_PRESENT,938.0,3.0,2.0,0.0,2.0,1,2,2,NOTE_PAID_METRIC_PRESENT,5,M2026-04,M2026-08,10.45,132.0,14.0,0.0,UNALIGNED (creator snapshot window vs paid Apr-Aug closed months)
6635f17d000000001e035307,岛台避坑指南🚥岛台做哑光不做亮光,2024-05-04 19:01,video,64.0,CREATOR_PERFORMANCE_PRESENT,729.0,2.0,0.0,0.0,2.0,1,2,2,NOTE_PAID_METRIC_PRESENT,4,M2026-04,M2026-07,0.01,13.0,1.0,0.0,UNALIGNED (creator snapshot window vs paid Apr-Aug closed months)
6635f231000000001e03621b,为啥不做餐桌?,2024-05-04 21:01,video,68.0,CREATOR_PERFORMANCE_PRESENT,969.0,2.0,2.0,0.0,2.0,1,2,2,PAID_ASSOCIATED_NO_METRIC_RECORD,0,,,,,,,UNALIGNED (creator snapshot window vs paid Apr-Aug closed months)
66373bac000000001e03170f,第二次做岛台🔥一定躲开的10个翻车细节❗,2024-05-05 17:01,video,134.0,CREATOR_PERFORMANCE_PRESENT,566.0,3.0,2.0,0.0,0.0,1,2,2,NOTE_PAID_METRIC_PRESENT,2,M2026-04,M2026-05,0.0,3.0,0.0,0.0,UNALIGNED (creator snapshot window vs paid Apr-Aug closed months)
66373c20000000001e03475e,年轻人主打一个叛逆-厨房就要装开放式,2024-05-05 19:01,video,32.0,CREATOR_PERFORMANCE_PRESENT,533.0,0.0,0.0,0.0,0.0,1,2,2,NOTE_PAID_METRIC_PRESENT,1,M2026-06,M2026-06,0.01,1.0,1.0,0.0,UNALIGNED (creator snapshot window vs paid Apr-Aug closed months)
66373ccb000000001e0354e9,后悔没早买岛台....,2024-05-05 21:01,video,37.0,CREATOR_PERFORMANCE_PRESENT,479.0,1.0,0.0,0.0,0.0,1,2,2,PAID_ASSOCIATED_NO_METRIC_RECORD,0,,,,,,,UNALIGNED (creator snapshot window vs paid Apr-Aug closed months)
66388d15000000001e032799,装修看起来上百万!岛台这样装很加分!,2024-05-06 17:01,video,37.0,CREATOR_PERFORMANCE_PRESENT,499.0,1.0,0.0,6.0,1.0,1,2,2,NOTE_PAID_METRIC_PRESENT,5,M2026-04,M2026-08,0.24,64.0,5.0,0.0,UNALIGNED (creator snapshot window vs paid Apr-Aug closed months)
66388dfa000000001e03aa84,第二次做岛台🔥一定躲开的10个翻车细节❗,2024-05-06 19:01,video,133.0,CREATOR_PERFORMANCE_PRESENT,1023.0,6.0,10.0,4.0,5.0,1,2,2,NOTE_PAID_METRIC_PRESENT,1,M2026-06,M2026-06,0.0,2.0,0.0,0.0,UNALIGNED (creator snapshot window vs paid Apr-Aug closed months)
66388e58000000001e03b276,为啥不做岛台?,2024-05-06 21:01,video,45.0,CREATOR_PERFORMANCE_PRESENT,604.0,4.0,3.0,0.0,0.0,1,2,2,PAID_ASSOCIATED_NO_METRIC_RECORD,0,,,,,,,UNALIGNED (creator snapshot window vs paid Apr-Aug closed months)
6639dd92000000001e030566,为啥要做岛台?,2024-05-07 17:02,video,46.0,CREATOR_PERFORMANCE_PRESENT,647.0,1.0,0.0,0.0,2.0,1,2,2,PAID_ASSOCIATED_NO_METRIC_RECORD,0,,,,,,,UNALIGNED (creator snapshot window vs paid Apr-Aug closed months)
6639de13000000001e031019,"千算万算,岛台尺寸还是错了😭惊天巨坑啊",2024-05-07 19:02,video,85.0,CREATOR_PERFORMANCE_PRESENT,524.0,2.0,0.0,0.0,0.0,1,2,2,NOTE_PAID_METRIC_PRESENT,2,M2026-04,M2026-05,0.0,2.0,0.0,0.0,UNALIGNED (creator snapshot window vs paid Apr-Aug closed months)
6639de80000000001e039673,后悔做伸缩岛台了😭,2024-05-07 21:01,video,101.0,CREATOR_PERFORMANCE_PRESENT,537.0,3.0,1.0,0.0,1.0,1,2,2,NOTE_PAID_METRIC_PRESENT,1,M2026-05,M2026-05,0.04,1.0,1.0,0.0,UNALIGNED (creator snapshot window vs paid Apr-Aug closed months)
6639e5ab000000001e033482,"小户型开放式厨房岛台,每一处都值得抄作业",2024-05-08 17:01,video,37.0,CREATOR_PERFORMANCE_PRESENT,380.0,0.0,1.0,0.0,1.0,1,2,2,NOTE_PAID_METRIC_PRESENT,1,M2026-05,M2026-05,0.0,1.0,0.0,0.0,UNALIGNED (creator snapshot window vs paid Apr-Aug closed months)
6639e5f9000000001e0373c4,真心奉劝那些想做岛台的人....,2024-05-08 19:01,video,82.0,CREATOR_PERFORMANCE_PRESENT,440.0,2.0,1.0,0.0,0.0,1,2,2,NOTE_PAID_METRIC_PRESENT,1,M2026-04,M2026-04,0.0,2.0,0.0,0.0,UNALIGNED (creator snapshot window vs paid Apr-Aug closed months)
6639e6a3000000001e030a1d,岛台收纳真香!花小钱办大事~,2024-05-08 21:00,video,72.0,CREATOR_PERFORMANCE_PRESENT,439.0,0.0,0.0,0.0,0.0,1,2,2,NOTE_PAID_METRIC_PRESENT,2,M2026-04,M2026-05,0.0,2.0,0.0,0.0,UNALIGNED (creator snapshot window vs paid Apr-Aug closed months)
663c7e35000000001e03addc,不看后悔系列 🔥岛台尺寸怎么布局!!,2024-05-09 17:02,video,96.0,CREATOR_PERFORMANCE_PRESENT,540.0,1.0,2.0,0.0,2.0,1,2,2,NOTE_PAID_METRIC_PRESENT,4,M2026-04,M2026-08,0.0,12.0,0.0,0.0,UNALIGNED (creator snapshot window vs paid Apr-Aug closed months)
663c7eac000000001e03b7ae,第二次做岛台🔥一定躲开的10个翻车细节❗,2024-05-09 19:02,video,111.0,CREATOR_PERFORMANCE_PRESENT,1023.0,2.0,5.0,0.0,2.0,1,2,2,NOTE_PAID_METRIC_PRESENT,1,M2026-06,M2026-06,0.0,7.0,0.0,0.0,UNALIGNED (creator snapshot window vs paid Apr-Aug closed months)
663c7f12000000001e03724c,岛台很鸡肋❓,2024-05-09 21:01,video,77.0,CREATOR_PERFORMANCE_PRESENT,611.0,3.0,2.0,0.0,2.0,1,2,2,PAID_ASSOCIATED_NO_METRIC_RECORD,0,,,,,,,UNALIGNED (creator snapshot window vs paid Apr-Aug closed months)
663dd36a000000001e039675,做岛台没人敢说的实话....,2024-05-10 17:02,video,107.0,CREATOR_PERFORMANCE_PRESENT,619.0,2.0,4.0,0.0,1.0,1,2,2,NOTE_PAID_METRIC_PRESENT,1,M2026-05,M2026-05,0.0,2.0,0.0,0.0,UNALIGNED (creator snapshot window vs paid Apr-Aug closed months)
663dd3ed000000001e034a11,装修经验|千万不要信息闭塞被坑啊啊啊❗️,2024-05-10 19:02,video,227.0,CREATOR_PERFORMANCE_PRESENT,960.0,3.0,6.0,0.0,4.0,1,2,2,NOTE_PAID_METRIC_PRESENT,3,M2026-04,M2026-06,0.01,18.0,1.0,0.0,UNALIGNED (creator snapshot window vs paid Apr-Aug closed months)
663dd44c000000001e0339f5,岛台不想翻车❌谨记十做十不做🔥,2024-05-10 21:01,video,132.0,CREATOR_PERFORMANCE_PRESENT,610.0,4.0,3.0,0.0,0.0,1,2,2,NOTE_PAID_METRIC_PRESENT,2,M2026-05,M2026-07,0.0,3.0,0.0,0.0,UNALIGNED (creator snapshot window vs paid Apr-Aug closed months)
663f235c000000001e039525,孤陋寡闻😭做了岛台才知道的收纳思路!!,2024-05-11 17:02,video,38.0,CREATOR_PERFORMANCE_PRESENT,445.0,0.0,0.0,0.0,0.0,1,2,2,PAID_ASSOCIATED_NO_METRIC_RECORD,0,,,,,,,UNALIGNED (creator snapshot window vs paid Apr-Aug closed months)
663f23f1000000001e03a1db,岛台收纳竟然做单边?👀妥妥的大石墩🧱,2024-05-11 19:02,video,107.0,CREATOR_PERFORMANCE_PRESENT,532.0,1.0,0.0,0.0,1.0,1,2,2,NOTE_PAID_METRIC_PRESENT,2,M2026-05,M2026-06,0.0,3.0,0.0,0.0,UNALIGNED (creator snapshot window vs paid Apr-Aug closed months)
663f2446000000001e03a916,岛台这样布局空间利用率翻倍🔥,2024-05-11 21:01,video,30.0,CREATOR_PERFORMANCE_PRESENT,598.0,0.0,0.0,0.0,0.0,1,2,2,PAID_ASSOCIATED_NO_METRIC_RECORD,0,,,,,,,UNALIGNED (creator snapshot window vs paid Apr-Aug closed months)
663f2bd0000000001e037687,为啥要做岛台?,2024-05-12 17:01,video,25.0,CREATOR_PERFORMANCE_PRESENT,385.0,1.0,0.0,0.0,0.0,1,2,2,PAID_ASSOCIATED_NO_METRIC_RECORD,0,,,,,,,UNALIGNED (creator snapshot window vs paid Apr-Aug closed months)
663f2dc1000000001e030b7b,岛台灯光万能搭配公式!!,2024-05-12 19:01,video,62.0,CREATOR_PERFORMANCE_PRESENT,545.0,2.0,1.0,0.0,2.0,0,0,0,NO_PAID_ASSOCIATION_OBSERVED,0,,,,,,,UNALIGNED (creator snapshot window vs paid Apr-Aug closed months)
663f2e0f000000001e031253,"做了岛台后,我家被围观了👀",2024-05-12 21:00,video,24.0,CREATOR_PERFORMANCE_PRESENT,407.0,0.0,1.0,0.0,0.0,1,2,2,NOTE_PAID_METRIC_PRESENT,1,M2026-06,M2026-06,0.0,1.0,0.0,0.0,UNALIGNED (creator snapshot window vs paid Apr-Aug closed months)
6641c5a2000000001e030cf7,自从住进这个家🏠我再也没羡慕过别人家,2024-05-13 19:01,video,38.0,CREATOR_PERFORMANCE_PRESENT,526.0,1.0,0.0,0.0,0.0,1,2,2,NOTE_PAID_METRIC_PRESENT,3,M2026-04,M2026-06,0.01,8.0,1.0,0.0,UNALIGNED (creator snapshot window vs paid Apr-Aug closed months)
6641c66e000000001e0384f1,装修15W我买了4个大教训!哭了😭字字肺腑,2024-05-13 17:02,video,74.0,CREATOR_PERFORMANCE_PRESENT,532.0,0.0,1.0,0.0,0.0,1,2,2,NOTE_PAID_METRIC_PRESENT,1,M2026-05,M2026-05,0.0,1.0,0.0,0.0,UNALIGNED (creator snapshot window vs paid Apr-Aug closed months)
6641c6ee000000001e038f26,岛台翻车真不是少数人!注意暗坑❌,2024-05-13 21:01,video,79.0,CREATOR_PERFORMANCE_PRESENT,492.0,3.0,1.0,0.0,0.0,1,2,2,PAID_ASSOCIATED_NO_METRIC_RECORD,0,,,,,,,UNALIGNED (creator snapshot window vs paid Apr-Aug closed months)
66431825000000001e03a1cf,"网购的岛台尺寸翻车了,我爸说我是冤大头",2024-05-14 17:02,video,74.0,CREATOR_PERFORMANCE_PRESENT,698.0,3.0,6.0,0.0,1.0,1,2,2,NOTE_PAID_METRIC_PRESENT,3,M2026-04,M2026-07,0.31,29.0,2.0,0.0,UNALIGNED (creator snapshot window vs paid Apr-Aug closed months)
664318c6000000001e03af48,🎀自从家里有了岛台餐桌🪑,2024-05-14 19:02,video,37.0,CREATOR_PERFORMANCE_PRESENT,542.0,2.0,1.0,2.0,1.0,1,2,2,NOTE_PAID_METRIC_PRESENT,1,M2026-04,M2026-04,0.01,4.0,1.0,0.0,UNALIGNED (creator snapshot window vs paid Apr-Aug closed months)
6643190c000000001e03b55c,设计师不告诉你的岛台避坑指南📖码住,2024-05-14 21:01,video,79.0,CREATOR_PERFORMANCE_PRESENT,532.0,3.0,3.0,0.0,0.0,1,2,2,PAID_ASSOCIATED_NO_METRIC_RECORD,0,,,,,,,UNALIGNED (creator snapshot window vs paid Apr-Aug closed months)
6644692e000000001e032810,岛台电都没留...,2024-05-15 17:02,video,41.0,CREATOR_PERFORMANCE_PRESENT,562.0,1.0,1.0,0.0,1.0,0,0,0,NO_PAID_ASSOCIATION_OBSERVED,0,,,,,,,UNALIGNED (creator snapshot window vs paid Apr-Aug closed months)
66446b66000000001e037901,"作孽...做了垃圾岛台,踩坑的原因竟是这些",2024-05-15 19:02,video,128.0,CREATOR_PERFORMANCE_PRESENT,1884.0,9.0,31.0,0.0,8.0,1,2,2,NOTE_PAID_METRIC_PRESENT,1,M2026-04,M2026-04,0.0,3.0,0.0,0.0,UNALIGNED (creator snapshot window vs paid Apr-Aug closed months)
66446bc1000000001e0388b0,"不要做伸缩岛台,真的很!!!",2024-05-15 21:01,video,83.0,CREATOR_PERFORMANCE_PRESENT,1121.0,6.0,5.0,3.0,0.0,1,2,2,NOTE_PAID_METRIC_PRESENT,4,M2026-04,M2026-07,0.65,52.0,5.0,0.0,UNALIGNED (creator snapshot window vs paid Apr-Aug closed months)
6645bbb8000000001e037400,"赶紧收藏,伸缩岛台的雷别再踩了❌",2024-05-16 17:02,video,72.0,CREATOR_PERFORMANCE_PRESENT,637.0,1.0,1.0,0.0,0.0,1,2,2,NOTE_PAID_METRIC_PRESENT,2,M2026-04,M2026-07,0.0,3.0,0.0,0.0,UNALIGNED (creator snapshot window vs paid Apr-Aug closed months)
6645bc0e000000001e038d19,"新家入住一年半了,岛台越用越觉得......",2024-05-16 19:03,video,56.0,CREATOR_PERFORMANCE_PRESENT,585.0,3.0,0.0,0.0,0.0,1,2,2,NOTE_PAID_METRIC_PRESENT,1,M2026-07,M2026-07,0.0,1.0,0.0,0.0,UNALIGNED (creator snapshot window vs paid Apr-Aug closed months)
6645bc7c000000001e03969d,装修经验|千万不要信息闭塞被坑啊啊啊❗️,2024-05-16 21:00,video,112.0,CREATOR_PERFORMANCE_PRESENT,473.0,2.0,2.0,0.0,0.0,1,2,2,PAID_ASSOCIATED_NO_METRIC_RECORD,0,,,,,,,UNALIGNED (creator snapshot window vs paid Apr-Aug closed months)
66470da5000000001401840d,真心奉劝那些想做岛台的人....,2024-05-17 17:01,video,82.0,CREATOR_PERFORMANCE_PRESENT,81176.0,695.0,619.0,364.0,301.0,1,2,2,NOTE_PAID_METRIC_PRESENT,5,M2026-04,M2026-08,43.0,868.0,133.0,1.0,UNALIGNED (creator snapshot window vs paid Apr-Aug closed months)
664710a30000000005005675,救命!到底选餐桌?还是岛台?,2024-05-17 19:01,video,49.0,CREATOR_PERFORMANCE_PRESENT,810.0,4.0,5.0,0.0,0.0,1,2,2,NOTE_PAID_METRIC_PRESENT,1,M2026-07,M2026-07,0.0,1.0,0.0,0.0,UNALIGNED (creator snapshot window vs paid Apr-Aug closed months)
6647125f000000001401b0b3,避坑了❗️你家岛台还在踩雷吗!💣💣,2024-05-17 21:00,video,84.0,CREATOR_PERFORMANCE_PRESENT,530.0,0.0,1.0,0.0,0.0,0,0,0,NO_PAID_ASSOCIATION_OBSERVED,0,,,,,,,UNALIGNED (creator snapshot window vs paid Apr-Aug closed months)
664728240000000014018bd2,为什么越来越多人开始去餐桌化?,2024-05-18 17:01,video,79.0,CREATOR_PERFORMANCE_PRESENT,754.0,2.0,2.0,0.0,0.0,1,2,2,NOTE_PAID_METRIC_PRESENT,5,M2026-04,M2026-08,0.07,28.0,4.0,0.0,UNALIGNED (creator snapshot window vs paid Apr-Aug closed months)
6647289700000000050064a4,熬夜整理|开放式厨房17条装修经验💯,2024-05-18 19:01,video,213.0,CREATOR_PERFORMANCE_PRESENT,446.0,1.0,1.0,0.0,0.0,1,2,2,NOTE_PAID_METRIC_PRESENT,5,M2026-04,M2026-08,0.01,14.0,1.0,0.0,UNALIGNED (creator snapshot window vs paid Apr-Aug closed months)
664728d70000000016012782,入住一年后反馈🔥岛台真的很上分!!,2024-05-18 21:00,video,49.0,CREATOR_PERFORMANCE_PRESENT,449.0,0.0,0.0,2.0,0.0,1,2,2,NOTE_PAID_METRIC_PRESENT,1,M2026-05,M2026-05,0.0,1.0,0.0,0.0,UNALIGNED (creator snapshot window vs paid Apr-Aug closed months)
664999db000000001401b9b7,"老公说:墙都不服,就服你的岛台收纳!",2024-05-19 17:01,video,60.0,CREATOR_PERFORMANCE_PRESENT,535.0,1.0,2.0,0.0,1.0,1,2,2,NOTE_PAID_METRIC_PRESENT,2,M2026-06,M2026-08,0.0,3.0,0.0,0.0,UNALIGNED (creator snapshot window vs paid Apr-Aug closed months)
66499a490000000016010c8f,准备砸岛台了....,2024-05-19 19:01,video,62.0,CREATOR_PERFORMANCE_PRESENT,630.0,1.0,1.0,0.0,1.0,1,2,2,NOTE_PAID_METRIC_PRESENT,3,M2026-04,M2026-07,0.03,7.0,2.0,0.0,UNALIGNED (creator snapshot window vs paid Apr-Aug closed months)
66499a8b0000000005005759,岛台有必要吗?,2024-05-19 21:00,video,87.0,CREATOR_PERFORMANCE_PRESENT,573.0,2.0,1.0,0.0,1.0,1,2,2,PAID_ASSOCIATED_NO_METRIC_RECORD,0,,,,,,,UNALIGNED (creator snapshot window vs paid Apr-Aug closed months)
664b036e0000000005004413,假如买岛台不做攻略😭...,2024-05-20 17:00,video,68.0,CREATOR_PERFORMANCE_PRESENT,299.0,0.0,0.0,0.0,1.0,1,2,2,NOTE_PAID_METRIC_PRESENT,2,M2026-04,M2026-06,0.0,2.0,0.0,0.0,UNALIGNED (creator snapshot window vs paid Apr-Aug closed months)
664b0606000000001401b549,家人们避雷!岛台没做好还受伤了😥,2024-05-20 19:01,video,54.0,CREATOR_PERFORMANCE_PRESENT,805.0,3.0,1.0,0.0,0.0,1,2,2,PAID_ASSOCIATED_NO_METRIC_RECORD,0,,,,,,,UNALIGNED (creator snapshot window vs paid Apr-Aug closed months)
664b066e00000000160104dd,岛台避坑指南🚥那些没人告诉你的岛台雷点,2024-05-20 21:00,video,134.0,CREATOR_PERFORMANCE_PRESENT,288.0,0.0,0.0,0.0,0.0,1,2,2,PAID_ASSOCIATED_NO_METRIC_RECORD,0,,,,,,,UNALIGNED (creator snapshot window vs paid Apr-Aug closed months)
664c62ba0000000016011526,做伸缩岛台一定要长心眼.....,2024-05-21 17:00,video,102.0,CREATOR_PERFORMANCE_PRESENT,566.0,4.0,4.0,0.0,0.0,1,2,2,NOTE_PAID_METRIC_PRESENT,4,M2026-04,M2026-08,0.01,28.0,1.0,0.0,UNALIGNED (creator snapshot window vs paid Apr-Aug closed months)
664c63c700000000050071bf,一天一个坑❗定制岛台哪有不疯的😡,2024-05-21 19:01,video,112.0,CREATOR_PERFORMANCE_PRESENT,1385.0,7.0,7.0,0.0,4.0,1,2,2,NOTE_PAID_METRIC_PRESENT,2,M2026-04,M2026-05,0.0,3.0,0.0,0.0,UNALIGNED (creator snapshot window vs paid Apr-Aug closed months)
664c6420000000001401b0c2,再见了传统横厅布局👋,2024-05-21 21:00,video,29.0,CREATOR_PERFORMANCE_PRESENT,564.0,2.0,1.0,0.0,0.0,1,2,2,NOTE_PAID_METRIC_PRESENT,5,M2026-04,M2026-08,0.96,60.0,8.0,0.0,UNALIGNED (creator snapshot window vs paid Apr-Aug closed months)
664da52c000000001401af05,为啥岛台要升级?,2024-05-22 17:00,video,181.0,CREATOR_PERFORMANCE_PRESENT,491.0,1.0,0.0,0.0,1.0,1,2,2,PAID_ASSOCIATED_NO_METRIC_RECORD,0,,,,,,,UNALIGNED (creator snapshot window vs paid Apr-Aug closed months)
664da5d30000000005004801,我了个去!!️这四个坑我差点就踩了,2024-05-22 19:01,video,113.0,CREATOR_PERFORMANCE_PRESENT,514.0,1.0,0.0,2.0,0.0,1,2,2,PAID_ASSOCIATED_NO_METRIC_RECORD,0,,,,,,,UNALIGNED (creator snapshot window vs paid Apr-Aug closed months)
664da673000000001601171d,没骗人😭..岛台真的很危险...,2024-05-22 21:00,video,50.0,CREATOR_PERFORMANCE_PRESENT,500.0,0.0,0.0,0.0,0.0,1,2,2,NOTE_PAID_METRIC_PRESENT,3,M2026-04,M2026-06,0.58,16.0,1.0,0.0,UNALIGNED (creator snapshot window vs paid Apr-Aug closed months)
664ef749000000001401a2d1,"装修完才知道,但是已经踩了坑......",2024-05-23 17:01,video,51.0,CREATOR_PERFORMANCE_PRESENT,535.0,1.0,2.0,0.0,1.0,1,2,2,PAID_ASSOCIATED_NO_METRIC_RECORD,0,,,,,,,UNALIGNED (creator snapshot window vs paid Apr-Aug closed months)
664ef80500000000050079a5,餐厅为啥做岛台?,2024-05-23 19:01,video,66.0,CREATOR_PERFORMANCE_PRESENT,997.0,3.0,2.0,0.0,2.0,1,2,2,NOTE_PAID_METRIC_PRESENT,2,M2026-04,M2026-05,0.01,7.0,1.0,0.0,UNALIGNED (creator snapshot window vs paid Apr-Aug closed months)
664ef8750000000005004378,为啥不做餐桌呢❓,2024-05-23 21:00,video,44.0,CREATOR_PERFORMANCE_PRESENT,755.0,2.0,3.0,0.0,4.0,1,2,2,PAID_ASSOCIATED_NO_METRIC_RECORD,0,,,,,,,UNALIGNED (creator snapshot window vs paid Apr-Aug closed months)
665048bd0000000005006fa8,❌警惕!开放式厨房超容易踩中17大坑!,2024-05-24 17:01,video,229.0,CREATOR_PERFORMANCE_PRESENT,708.0,3.0,1.0,0.0,0.0,1,2,2,NOTE_PAID_METRIC_PRESENT,4,M2026-04,M2026-07,0.03,24.0,3.0,0.0,UNALIGNED (creator snapshot window vs paid Apr-Aug closed months)
66504a020000000005004c87,在大横厅做了个沙发后岛台?,2024-05-24 19:01,video,54.0,CREATOR_PERFORMANCE_PRESENT,1177.0,3.0,1.0,4.0,3.0,1,2,2,NOTE_PAID_METRIC_PRESENT,5,M2026-04,M2026-08,18.15,503.0,76.0,0.0,UNALIGNED (creator snapshot window vs paid Apr-Aug closed months)
66504a35000000000500512b,岛台避坑注意⚠️事项🚥伸缩bug要小心,2024-05-24 21:00,video,85.0,CREATOR_PERFORMANCE_PRESENT,510.0,0.0,1.0,0.0,1.0,1,2,2,NOTE_PAID_METRIC_PRESENT,2,M2026-05,M2026-06,0.01,6.0,1.0,0.0,UNALIGNED (creator snapshot window vs paid Apr-Aug closed months)
665063970000000016013bcc,请欣赏我家的坑😭入住后才发现的坑,2024-05-25 17:00,video,111.0,CREATOR_PERFORMANCE_PRESENT,481.0,0.0,3.0,0.0,0.0,1,2,2,NOTE_PAID_METRIC_PRESENT,2,M2026-04,M2026-05,0.69,7.0,1.0,0.0,UNALIGNED (creator snapshot window vs paid Apr-Aug closed months)
665064a80000000014019457,岛台验收注意这3点🔥拒绝翻车❌,2024-05-25 19:00,video,67.0,CREATOR_PERFORMANCE_PRESENT,343.0,0.0,1.0,0.0,0.0,1,2,2,NOTE_PAID_METRIC_PRESENT,3,M2026-04,M2026-06,0.01,6.0,1.0,0.0,UNALIGNED (creator snapshot window vs paid Apr-Aug closed months)
665065210000000016012267,装修十做十不做🔥杜绝翻车❌,2024-05-25 21:00,video,127.0,CREATOR_PERFORMANCE_PRESENT,378.0,0.0,0.0,0.0,0.0,1,2,2,PAID_ASSOCIATED_NO_METRIC_RECORD,0,,,,,,,UNALIGNED (creator snapshot window vs paid Apr-Aug closed months)
6652ebc30000000005005357,终于有人把岛台收纳说清楚了🔥,2024-05-26 17:01,video,106.0,CREATOR_PERFORMANCE_PRESENT,612.0,1.0,4.0,0.0,1.0,1,2,2,NOTE_PAID_METRIC_PRESENT,3,M2026-04,M2026-06,0.01,7.0,1.0,0.0,UNALIGNED (creator snapshot window vs paid Apr-Aug closed months)
6652ef870000000014019780,小户型岛台代替餐桌好用吗?,2024-05-26 19:01,video,64.0,CREATOR_PERFORMANCE_PRESENT,517.0,0.0,2.0,2.0,0.0,1,2,2,NOTE_PAID_METRIC_PRESENT,3,M2026-04,M2026-08,0.0,9.0,0.0,0.0,UNALIGNED (creator snapshot window vs paid Apr-Aug closed months)
6652f05400000000050070cc,岛台尺寸🔥太鸡肋了😭,2024-05-26 21:00,video,68.0,CREATOR_PERFORMANCE_PRESENT,1116.0,2.0,4.0,0.0,3.0,1,2,2,NOTE_PAID_METRIC_PRESENT,1,M2026-04,M2026-04,0.0,3.0,0.0,0.0,UNALIGNED (creator snapshot window vs paid Apr-Aug closed months)
66543cfd0000000016012b60,真香警告⚠️别做餐桌啦!岛台是真香,2024-05-27 17:01,video,91.0,CREATOR_PERFORMANCE_PRESENT,556.0,0.0,1.0,0.0,1.0,1,2,2,NOTE_PAID_METRIC_PRESENT,2,M2026-05,M2026-08,0.0,2.0,0.0,0.0,UNALIGNED (creator snapshot window vs paid Apr-Aug closed months)
66543e01000000001401a8a9,没人告诉你的岛台细节...,2024-05-27 19:01,video,56.0,CREATOR_PERFORMANCE_PRESENT,780.0,0.0,6.0,0.0,0.0,1,2,2,NOTE_PAID_METRIC_PRESENT,5,M2026-04,M2026-08,1.32,114.0,8.0,0.0,UNALIGNED (creator snapshot window vs paid Apr-Aug closed months)
66543f4600000000140183e1,假如买岛台不做攻略....太坑了😭,2024-05-27 21:00,video,73.0,CREATOR_PERFORMANCE_PRESENT,881.0,5.0,9.0,0.0,1.0,1,2,2,NOTE_PAID_METRIC_PRESENT,2,M2026-04,M2026-05,0.0,2.0,0.0,0.0,UNALIGNED (creator snapshot window vs paid Apr-Aug closed months)
66558c77000000001601385c,"朋友说这是小户型装修💯模版,你不抄吗?",2024-05-28 17:01,video,42.0,CREATOR_PERFORMANCE_PRESENT,558.0,1.0,3.0,0.0,0.0,1,2,2,NOTE_PAID_METRIC_PRESENT,3,M2026-06,M2026-08,0.0,3.0,0.0,0.0,UNALIGNED (creator snapshot window vs paid Apr-Aug closed months)
66558d14000000001401b364,岛台灯光怎么做显贵好看还省💰,2024-05-28 19:01,video,48.0,CREATOR_PERFORMANCE_PRESENT,511.0,1.0,1.0,2.0,3.0,0,0,0,NO_PAID_ASSOCIATION_OBSERVED,0,,,,,,,UNALIGNED (creator snapshot window vs paid Apr-Aug closed months)
66558d870000000016010f8e,"小户型没听劝做了岛台,结果....",2024-05-28 21:00,video,78.0,CREATOR_PERFORMANCE_PRESENT,754.0,1.0,5.0,0.0,7.0,1,2,2,NOTE_PAID_METRIC_PRESENT,2,M2026-04,M2026-05,0.0,4.0,0.0,0.0,UNALIGNED (creator snapshot window vs paid Apr-Aug closed months)
6656d0b70000000016011c8f,岛台内嵌电器?洗碗机、烤箱都装进去啦!,2024-05-29 17:01,video,55.0,CREATOR_PERFORMANCE_PRESENT,544.0,4.0,2.0,0.0,0.0,0,0,0,NO_PAID_ASSOCIATION_OBSERVED,0,,,,,,,UNALIGNED (creator snapshot window vs paid Apr-Aug closed months)
6656d14200000000160127f2,坑惨了❗️谁家伸缩岛台只能伸缩10公分💣,2024-05-29 19:01,video,70.0,CREATOR_PERFORMANCE_PRESENT,884.0,6.0,9.0,0.0,0.0,1,2,2,NOTE_PAID_METRIC_PRESENT,1,M2026-05,M2026-05,0.0,1.0,0.0,0.0,UNALIGNED (creator snapshot window vs paid Apr-Aug closed months)
6656d2d90000000005004db7,为啥岛台会翻车❓,2024-05-29 21:00,video,83.0,CREATOR_PERFORMANCE_PRESENT,453.0,0.0,0.0,2.0,0.0,1,2,2,PAID_ASSOCIATED_NO_METRIC_RECORD,0,,,,,,,UNALIGNED (creator snapshot window vs paid Apr-Aug closed months)
66583266000000001401855a,OMG🔥开放式厨房油烟怎么解决呢,2024-05-30 17:01,video,59.0,CREATOR_PERFORMANCE_PRESENT,513.0,1.0,1.0,0.0,1.0,1,2,2,NOTE_PAID_METRIC_PRESENT,5,M2026-04,M2026-08,8.22,132.0,20.0,0.0,UNALIGNED (creator snapshot window vs paid Apr-Aug closed months)
665835760000000014018a5b,岛台真的比餐桌好用吗?,2024-05-30 19:01,video,35.0,CREATOR_PERFORMANCE_PRESENT,463.0,0.0,1.0,0.0,0.0,1,2,2,PAID_ASSOCIATED_NO_METRIC_RECORD,0,,,,,,,UNALIGNED (creator snapshot window vs paid Apr-Aug closed months)
665835db00000000050072d2,只做岛台l不做餐桌的我后悔了吗?,2024-05-30 21:00,video,34.0,CREATOR_PERFORMANCE_PRESENT,702.0,1.0,3.0,0.0,1.0,1,2,2,NOTE_PAID_METRIC_PRESENT,5,M2026-04,M2026-08,0.14,29.0,6.0,0.0,UNALIGNED (creator snapshot window vs paid Apr-Aug closed months)
665981f60000000016011633,谁说精装房不能做岛台!?️,2024-05-31 17:01,video,60.0,CREATOR_PERFORMANCE_PRESENT,566.0,0.0,1.0,2.0,0.0,1,2,2,NOTE_PAID_METRIC_PRESENT,3,M2026-04,M2026-07,2.75,17.0,6.0,0.0,UNALIGNED (creator snapshot window vs paid Apr-Aug closed months)
6659831900000000140194b3,装修日记|新家最喜欢的角落 宝格丽岛台餐桌,2024-05-31 19:01,video,62.0,CREATOR_PERFORMANCE_PRESENT,543.0,1.0,0.0,0.0,0.0,1,2,2,NOTE_PAID_METRIC_PRESENT,3,M2026-04,M2026-08,0.15,13.0,2.0,0.0,UNALIGNED (creator snapshot window vs paid Apr-Aug closed months)
665983b70000000016013d80,我们犯了装修牛B症了吗~~岛台,2024-05-31 21:00,video,53.0,CREATOR_PERFORMANCE_PRESENT,539.0,3.0,5.0,0.0,0.0,1,2,2,NOTE_PAID_METRIC_PRESENT,1,M2026-06,M2026-06,0.0,4.0,0.0,0.0,UNALIGNED (creator snapshot window vs paid Apr-Aug closed months)
665ad25400000000050042a1,千万别不当回事!装修这两大忌讳一定记牢!,2024-06-01 17:01,video,72.0,CREATOR_PERFORMANCE_PRESENT,497.0,0.0,1.0,0.0,0.0,1,2,2,NOTE_PAID_METRIC_PRESENT,1,M2026-05,M2026-05,0.0,3.0,0.0,0.0,UNALIGNED (creator snapshot window vs paid Apr-Aug closed months)
665ad331000000001401a71a,人生建议:小户型都去做岛台🔥,2024-06-01 19:01,video,72.0,CREATOR_PERFORMANCE_PRESENT,576.0,1.0,3.0,0.0,2.0,1,2,2,NOTE_PAID_METRIC_PRESENT,2,M2026-04,M2026-05,0.01,10.0,1.0,0.0,UNALIGNED (creator snapshot window vs paid Apr-Aug closed months)
665ad3b20000000005005fb0,梦中情台🔥再也不用羡慕别人家的岛台啦,2024-06-01 21:00,video,48.0,CREATOR_PERFORMANCE_PRESENT,469.0,0.0,0.0,0.0,0.0,1,2,2,NOTE_PAID_METRIC_PRESENT,1,M2026-08,M2026-08,0.0,2.0,0.0,0.0,UNALIGNED (creator snapshot window vs paid Apr-Aug closed months)
665c1d6900000000050047fc,为啥你的岛台尺寸还在翻车😭,2024-06-02 17:01,video,112.0,CREATOR_PERFORMANCE_PRESENT,488.0,3.0,2.0,0.0,1.0,1,2,2,PAID_ASSOCIATED_NO_METRIC_RECORD,0,,,,,,,UNALIGNED (creator snapshot window vs paid Apr-Aug closed months)
665c1de600000000160104a2,新家入住半年|装修中最满意的几个设计~,2024-06-02 19:01,video,38.0,CREATOR_PERFORMANCE_PRESENT,541.0,1.0,0.0,0.0,0.0,1,2,2,NOTE_PAID_METRIC_PRESENT,3,M2026-04,M2026-08,0.01,9.0,1.0,0.0,UNALIGNED (creator snapshot window vs paid Apr-Aug closed months)
665c1e540000000016010d21,"如果装修能重来,我一定不会这样做......",2024-06-02 21:00,video,199.0,CREATOR_PERFORMANCE_PRESENT,770.0,3.0,6.0,0.0,0.0,1,2,2,PAID_ASSOCIATED_NO_METRIC_RECORD,0,,,,,,,UNALIGNED (creator snapshot window vs paid Apr-Aug closed months)
665c274800000000160102eb,75m2三口之家🏠岛台怎么布局好看?,2024-06-03 17:00,video,78.0,CREATOR_PERFORMANCE_PRESENT,367.0,2.0,1.0,0.0,0.0,1,2,2,NOTE_PAID_METRIC_PRESENT,2,M2026-04,M2026-05,0.0,2.0,0.0,0.0,UNALIGNED (creator snapshot window vs paid Apr-Aug closed months)
665c2805000000000500608c,当代年轻人装修秘诀!!️一身反骨别太爽😄,2024-06-03 19:00,video,107.0,CREATOR_PERFORMANCE_PRESENT,279.0,0.0,2.0,3.0,0.0,1,2,2,NOTE_PAID_METRIC_PRESENT,2,M2026-06,M2026-07,0.0,3.0,0.0,0.0,UNALIGNED (creator snapshot window vs paid Apr-Aug closed months)
665c28db00000000160123b0,装修两次总结出岛台十个大坑❌,2024-06-02 21:00,video,132.0,CREATOR_PERFORMANCE_PRESENT,967.0,5.0,7.0,2.0,5.0,1,2,2,NOTE_PAID_METRIC_PRESENT,3,M2026-04,M2026-07,0.52,5.0,1.0,0.0,UNALIGNED (creator snapshot window vs paid Apr-Aug closed months)
665ec9d70000000006007027,"装修新趋势:岛台代替餐桌,让家更有范",2024-06-04 17:01,video,65.0,CREATOR_PERFORMANCE_PRESENT,311.0,0.0,0.0,0.0,1.0,1,2,2,NOTE_PAID_METRIC_PRESENT,3,M2026-04,M2026-06,0.0,3.0,0.0,0.0,UNALIGNED (creator snapshot window vs paid Apr-Aug closed months)
665eca83000000000d00dd30,好恶毒的岛台尺寸😭血泪史我好后悔,2024-06-04 19:01,video,55.0,CREATOR_PERFORMANCE_PRESENT,115.0,0.0,0.0,0.0,0.0,1,2,2,PAID_ASSOCIATED_NO_METRIC_RECORD,0,,,,,,,UNALIGNED (creator snapshot window vs paid Apr-Aug closed months)
665ecc53000000000e0320bb,岛台避坑了!😭早知道我就提前做攻略了,2024-06-04 21:00,video,41.0,CREATOR_PERFORMANCE_PRESENT,180.0,0.0,0.0,0.0,0.0,1,2,2,PAID_ASSOCIATED_NO_METRIC_RECORD,0,,,,,,,UNALIGNED (creator snapshot window vs paid Apr-Aug closed months)
66601a98000000000e032f7e,岛台餐椅选不好❌一不小心大翻车😭,2024-06-05 17:01,video,31.0,CREATOR_PERFORMANCE_PRESENT,179.0,0.0,0.0,0.0,0.0,0,0,0,NO_PAID_ASSOCIATION_OBSERVED,0,,,,,,,UNALIGNED (creator snapshot window vs paid Apr-Aug closed months)
66601bb1000000000e0308b2,做了岛台后🔥闺蜜惊呆了😮,2024-06-05 19:01,video,38.0,CREATOR_PERFORMANCE_PRESENT,196.0,0.0,0.0,0.0,0.0,1,2,2,NOTE_PAID_METRIC_PRESENT,3,M2026-05,M2026-08,0.02,4.0,1.0,0.0,UNALIGNED (creator snapshot window vs paid Apr-Aug closed months)
66601c33000000000e031430,岛台安装指南👀怎么做好岛台的水电布局,2024-06-05 21:00,video,79.0,CREATOR_PERFORMANCE_PRESENT,191.0,0.0,3.0,0.0,0.0,0,0,0,NO_PAID_ASSOCIATION_OBSERVED,0,,,,,,,UNALIGNED (creator snapshot window vs paid Apr-Aug closed months)
66616c0b000000000e0324cf,不做餐桌的原因...,2024-06-06 17:01,video,21.0,CREATOR_PERFORMANCE_PRESENT,219.0,0.0,0.0,0.0,0.0,1,2,2,PAID_ASSOCIATED_NO_METRIC_RECORD,0,,,,,,,UNALIGNED (creator snapshot window vs paid Apr-Aug closed months)
66616cc8000000000600792a,岛台避坑指南🚥岛台尺寸布局怎么做不翻车,2024-06-06 19:01,video,95.0,CREATOR_PERFORMANCE_PRESENT,225.0,0.0,0.0,0.0,0.0,1,2,2,PAID_ASSOCIATED_NO_METRIC_RECORD,0,,,,,,,UNALIGNED (creator snapshot window vs paid Apr-Aug closed months)
66616dce000000000e030d61,我的家不能没有岛台...,2024-06-06 21:00,video,94.0,CREATOR_PERFORMANCE_PRESENT,250.0,0.0,0.0,0.0,0.0,1,2,2,PAID_ASSOCIATED_NO_METRIC_RECORD,0,,,,,,,UNALIGNED (creator snapshot window vs paid Apr-Aug closed months)
6662bc85000000000d00f271,餐桌岛台一体✔️再也不羡慕别人的开放厨房,2024-06-07 17:01,video,41.0,CREATOR_PERFORMANCE_PRESENT,288.0,0.0,0.0,0.0,1.0,1,2,2,NOTE_PAID_METRIC_PRESENT,2,M2026-04,M2026-05,0.0,3.0,0.0,0.0,UNALIGNED (creator snapshot window vs paid Apr-Aug closed months)
6662bcff000000000e031dda,顶🐸🐸 这是被朋友夸爆的开放式厨房,2024-06-07 19:01,video,44.0,CREATOR_PERFORMANCE_PRESENT,321.0,0.0,2.0,0.0,0.0,1,2,2,NOTE_PAID_METRIC_PRESENT,2,M2026-04,M2026-05,0.0,3.0,0.0,0.0,UNALIGNED (creator snapshot window vs paid Apr-Aug closed months)
6662bf09000000000d00edcc,伸缩岛台太坑了😭 第一次装修一定要看❗,2024-06-07 21:00,video,68.0,CREATOR_PERFORMANCE_PRESENT,262.0,1.0,1.0,2.0,0.0,1,2,2,PAID_ASSOCIATED_NO_METRIC_RECORD,0,,,,,,,UNALIGNED (creator snapshot window vs paid Apr-Aug closed months)
66640e3f00000000060041c0,岛台不只用来吃饭!!,2024-06-08 17:01,video,53.0,CREATOR_PERFORMANCE_PRESENT,222.0,0.0,0.0,0.0,0.0,1,2,2,NOTE_PAID_METRIC_PRESENT,1,M2026-04,M2026-04,0.0,1.0,0.0,0.0,UNALIGNED (creator snapshot window vs paid Apr-Aug closed months)
6664116c000000000e03018b,邻居看了我的厨房夸爆了💥,2024-06-08 19:01,video,38.0,CREATOR_PERFORMANCE_PRESENT,308.0,0.0,0.0,0.0,1.0,1,2,2,NOTE_PAID_METRIC_PRESENT,5,M2026-04,M2026-08,0.04,67.0,3.0,0.0,UNALIGNED (creator snapshot window vs paid Apr-Aug closed months)
66641274000000000e031749,准备砸岛台了....,2024-06-08 21:00,video,134.0,CREATOR_PERFORMANCE_PRESENT,372.0,3.0,2.0,0.0,1.0,1,2,2,NOTE_PAID_METRIC_PRESENT,1,M2026-05,M2026-05,0.0,1.0,0.0,0.0,UNALIGNED (creator snapshot window vs paid Apr-Aug closed months)
66655c3d000000000e03183d,如何把岛台空间利用的明明白白🔥,2024-06-09 17:01,video,45.0,CREATOR_PERFORMANCE_PRESENT,279.0,0.0,1.0,0.0,2.0,1,2,2,NOTE_PAID_METRIC_PRESENT,3,M2026-04,M2026-07,0.22,5.0,1.0,0.0,UNALIGNED (creator snapshot window vs paid Apr-Aug closed months)
66655cab000000000e03208f,传统餐桌vs岛台🔥谁最好用❓,2024-06-09 19:01,video,49.0,CREATOR_PERFORMANCE_PRESENT,317.0,1.0,1.0,0.0,0.0,1,2,2,NOTE_PAID_METRIC_PRESENT,1,M2026-05,M2026-05,0.0,1.0,0.0,0.0,UNALIGNED (creator snapshot window vs paid Apr-Aug closed months)
66655df3000000000d00d324,岛台入户的坑我替大家踩了😭你们就别踩了,2024-06-09 21:00,video,61.0,CREATOR_PERFORMANCE_PRESENT,424.0,2.0,2.0,0.0,0.0,1,2,2,NOTE_PAID_METRIC_PRESENT,3,M2026-05,M2026-07,0.0,3.0,0.0,0.0,UNALIGNED (creator snapshot window vs paid Apr-Aug closed months)
666567450000000006007835,你别说跟着小红书搞收纳真的绝了❗,2024-06-10 19:00,video,54.0,CREATOR_PERFORMANCE_PRESENT,534.0,3.0,3.0,2.0,1.0,1,2,2,NOTE_PAID_METRIC_PRESENT,5,M2026-04,M2026-08,5.25,275.0,26.0,0.0,UNALIGNED (creator snapshot window vs paid Apr-Aug closed months)
6665688f000000000e030d42,岛台7大避坑指南💢照着抄绝不翻车,2024-06-10 21:00,video,108.0,CREATOR_PERFORMANCE_PRESENT,466.0,2.0,4.0,0.0,3.0,1,2,2,PAID_ASSOCIATED_NO_METRIC_RECORD,0,,,,,,,UNALIGNED (creator snapshot window vs paid Apr-Aug closed months)
66657d86000000000e03033b,💥大数据请把我推给小户型的宝子!,2024-06-10 17:01,video,52.0,CREATOR_PERFORMANCE_PRESENT,318.0,0.0,0.0,0.0,0.0,1,2,2,NOTE_PAID_METRIC_PRESENT,4,M2026-04,M2026-08,0.0,5.0,0.0,0.0,UNALIGNED (creator snapshot window vs paid Apr-Aug closed months)
66680350000000000d00d089,没想到60平🔥也可以同时拥有餐边柜和岛台,2024-06-11 17:01,video,91.0,CREATOR_PERFORMANCE_PRESENT,572.0,2.0,2.0,0.0,0.0,1,2,2,NOTE_PAID_METRIC_PRESENT,5,M2026-04,M2026-08,1.3,118.0,18.0,0.0,UNALIGNED (creator snapshot window vs paid Apr-Aug closed months)
666804ec000000000e031dbd,做岛台没人敢说的实话秘️....,2024-06-11 19:01,video,85.0,CREATOR_PERFORMANCE_PRESENT,551.0,1.0,1.0,0.0,0.0,1,2,2,PAID_ASSOCIATED_NO_METRIC_RECORD,0,,,,,,,UNALIGNED (creator snapshot window vs paid Apr-Aug closed months)
6668061e0000000006007804,"新家入住半年了,岛台越用越觉得......",2024-06-11 21:00,video,59.0,CREATOR_PERFORMANCE_PRESENT,5429.0,9.0,15.0,2.0,13.0,1,2,2,NOTE_PAID_METRIC_PRESENT,4,M2026-04,M2026-07,0.0,9.0,0.0,0.0,UNALIGNED (creator snapshot window vs paid Apr-Aug closed months)
6669558b000000000d00fcef,一天一个坑❗岛台定制哪有不疯的😡,2024-06-12 17:01,video,152.0,CREATOR_PERFORMANCE_PRESENT,630.0,8.0,8.0,0.0,3.0,1,2,2,NOTE_PAID_METRIC_PRESENT,2,M2026-04,M2026-05,0.0,5.0,0.0,0.0,UNALIGNED (creator snapshot window vs paid Apr-Aug closed months)
66695c8d0000000006007cc3,伸缩岛台又双叒翻车了😭,2024-06-12 19:01,video,85.0,CREATOR_PERFORMANCE_PRESENT,570.0,1.0,0.0,0.0,0.0,1,2,2,NOTE_PAID_METRIC_PRESENT,4,M2026-05,M2026-08,0.0,4.0,0.0,0.0,UNALIGNED (creator snapshot window vs paid Apr-Aug closed months)
66695cd5000000000600432c,家人们避雷!岛台没做好还受伤了😥,2024-06-12 21:00,video,55.0,CREATOR_PERFORMANCE_PRESENT,444.0,0.0,1.0,0.0,1.0,1,2,2,NOTE_PAID_METRIC_PRESENT,3,M2026-04,M2026-07,0.0,4.0,0.0,0.0,UNALIGNED (creator snapshot window vs paid Apr-Aug closed months)
666aae290000000006004e5a,造孽...开放式厨房油烟,2024-06-13 17:02,video,41.0,CREATOR_PERFORMANCE_PRESENT,480.0,2.0,4.0,0.0,2.0,0,0,0,NO_PAID_ASSOCIATION_OBSERVED,0,,,,,,,UNALIGNED (creator snapshot window vs paid Apr-Aug closed months)
666aafd60000000006007638,小户型王炸级岛台💥也太绝了吧!!,2024-06-13 19:01,video,64.0,CREATOR_PERFORMANCE_PRESENT,382.0,1.0,0.0,2.0,0.0,1,2,2,NOTE_PAID_METRIC_PRESENT,4,M2026-04,M2026-08,0.01,7.0,1.0,0.0,UNALIGNED (creator snapshot window vs paid Apr-Aug closed months)
666ab084000000000e0304e4,高级感岛台都怎么设计桌腿呢?,2024-06-13 21:00,video,70.0,CREATOR_PERFORMANCE_PRESENT,481.0,0.0,1.0,0.0,0.0,0,0,0,NO_PAID_ASSOCIATION_OBSERVED,0,,,,,,,UNALIGNED (creator snapshot window vs paid Apr-Aug closed months)
666bf7ab000000000d00d89e,"闺蜜说,我家旋转岛台在小红书上找不到同款",2024-06-14 17:01,video,40.0,CREATOR_PERFORMANCE_PRESENT,558.0,1.0,1.0,0.0,1.0,1,2,2,NOTE_PAID_METRIC_PRESENT,3,M2026-04,M2026-08,0.26,39.0,2.0,0.0,UNALIGNED (creator snapshot window vs paid Apr-Aug closed months)
666bf9060000000006006695,装修两次总结出开放式厨房5个大坑❌,2024-06-14 19:01,video,64.0,CREATOR_PERFORMANCE_PRESENT,494.0,0.0,2.0,2.0,0.0,1,2,2,NOTE_PAID_METRIC_PRESENT,4,M2026-04,M2026-08,0.06,11.0,2.0,0.0,UNALIGNED (creator snapshot window vs paid Apr-Aug closed months)
666bf994000000000e0328f2,为啥要做岛台❓,2024-06-14 21:00,video,32.0,CREATOR_PERFORMANCE_PRESENT,457.0,1.0,0.0,0.0,0.0,1,2,2,PAID_ASSOCIATED_NO_METRIC_RECORD,0,,,,,,,UNALIGNED (creator snapshot window vs paid Apr-Aug closed months)
666d48ce000000000e0319f5,踩过的坑都在这里了😭都是🩸血泪的教训,2024-06-15 17:01,video,99.0,CREATOR_PERFORMANCE_PRESENT,631.0,0.0,2.0,0.0,1.0,1,2,2,PAID_ASSOCIATED_NO_METRIC_RECORD,0,,,,,,,UNALIGNED (creator snapshot window vs paid Apr-Aug closed months)
666d4a5b000000000d00d47f,岛台桌腿居然塌了....,2024-06-15 19:01,video,28.0,CREATOR_PERFORMANCE_PRESENT,524.0,1.0,0.0,0.0,0.0,0,0,0,NO_PAID_ASSOCIATION_OBSERVED,0,,,,,,,UNALIGNED (creator snapshot window vs paid Apr-Aug closed months)
666d4ae8000000000d00e0f7,岛台很鸡肋❓,2024-06-15 21:00,video,77.0,CREATOR_PERFORMANCE_PRESENT,844.0,2.0,6.0,0.0,0.0,1,2,2,NOTE_PAID_METRIC_PRESENT,2,M2026-04,M2026-06,0.0,3.0,0.0,0.0,UNALIGNED (creator snapshot window vs paid Apr-Aug closed months)
666d62ba000000000d00dd03,小户型进|被我妈夸爆的伸缩岛台!!️,2024-06-16 17:01,video,32.0,CREATOR_PERFORMANCE_PRESENT,384.0,1.0,0.0,0.0,0.0,1,2,2,NOTE_PAID_METRIC_PRESENT,1,M2026-04,M2026-04,0.0,1.0,0.0,0.0,UNALIGNED (creator snapshot window vs paid Apr-Aug closed months)
666d631100000000060054c6,入住一年后🔥才发现岛台....,2024-06-16 19:00,video,48.0,CREATOR_PERFORMANCE_PRESENT,466.0,2.0,4.0,0.0,0.0,1,2,2,NOTE_PAID_METRIC_PRESENT,2,M2026-05,M2026-06,0.0,3.0,0.0,0.0,UNALIGNED (creator snapshot window vs paid Apr-Aug closed months)
666d63c4000000000e032059,"想想都可怕😱开放式厨房的坑,你踩了吗?",2024-06-16 21:00,video,76.0,CREATOR_PERFORMANCE_PRESENT,437.0,0.0,0.0,0.0,0.0,1,2,2,NOTE_PAID_METRIC_PRESENT,3,M2026-04,M2026-06,1.95,18.0,2.0,0.0,UNALIGNED (creator snapshot window vs paid Apr-Aug closed months)
666feaa600000000060060aa,岛台避坑攻略🔥插座电源怎么做?,2024-06-17 17:01,video,103.0,CREATOR_PERFORMANCE_PRESENT,462.0,1.0,0.0,0.0,1.0,0,0,0,NO_PAID_ASSOCIATION_OBSERVED,0,,,,,,,UNALIGNED (creator snapshot window vs paid Apr-Aug closed months)
666feb69000000000d00f724,真心奉劝那些想做岛台的人....,2024-06-17 19:01,video,78.0,CREATOR_PERFORMANCE_PRESENT,529.0,0.0,0.0,0.0,1.0,1,2,2,NOTE_PAID_METRIC_PRESENT,1,M2026-04,M2026-04,0.0,1.0,0.0,0.0,UNALIGNED (creator snapshot window vs paid Apr-Aug closed months)
666febee0000000006007d4f,没人告诉你的岛台验收细节🔥,2024-06-17 21:00,video,65.0,CREATOR_PERFORMANCE_PRESENT,482.0,0.0,0.0,0.0,1.0,1,2,2,PAID_ASSOCIATED_NO_METRIC_RECORD,0,,,,,,,UNALIGNED (creator snapshot window vs paid Apr-Aug closed months)
66713d9e000000000e033098,离谱!做岛台哪有不疯的...被气笑了,2024-06-18 17:01,video,52.0,CREATOR_PERFORMANCE_PRESENT,879.0,0.0,1.0,0.0,0.0,1,2,2,NOTE_PAID_METRIC_PRESENT,4,M2026-04,M2026-08,0.0,4.0,0.0,0.0,UNALIGNED (creator snapshot window vs paid Apr-Aug closed months)
66713e70000000000e030251,岛台尺寸不想返工❌一定要看👀,2024-06-18 19:01,video,73.0,CREATOR_PERFORMANCE_PRESENT,498.0,1.0,0.0,0.0,1.0,1,2,2,NOTE_PAID_METRIC_PRESENT,2,M2026-04,M2026-05,0.13,3.0,1.0,0.0,UNALIGNED (creator snapshot window vs paid Apr-Aug closed months)
66713fcb000000000d00f84d,伸缩岛台大揭秘!!不要再花冤枉钱了,2024-06-18 21:00,video,85.0,CREATOR_PERFORMANCE_PRESENT,548.0,0.0,4.0,2.0,0.0,1,2,2,NOTE_PAID_METRIC_PRESENT,3,M2026-04,M2026-06,0.0,5.0,0.0,0.0,UNALIGNED (creator snapshot window vs paid Apr-Aug closed months)
66728ddb00000000060056f3,岛台是真鸡肋还是真好用?,2024-06-19 17:01,video,30.0,CREATOR_PERFORMANCE_PRESENT,607.0,3.0,1.0,0.0,0.0,1,2,2,NOTE_PAID_METRIC_PRESENT,1,M2026-06,M2026-06,0.0,1.0,0.0,0.0,UNALIGNED (creator snapshot window vs paid Apr-Aug closed months)
66728e8a000000000d00dc70,🎀餐椅与导台的完美邂逅,2024-06-19 19:01,video,26.0,CREATOR_PERFORMANCE_PRESENT,593.0,1.0,0.0,0.0,0.0,1,2,2,NOTE_PAID_METRIC_PRESENT,1,M2026-04,M2026-04,0.0,8.0,0.0,0.0,UNALIGNED (creator snapshot window vs paid Apr-Aug closed months)
66728fc600000000060042f5,装修冷知识👀少走弯路😭,2024-06-19 21:00,video,77.0,CREATOR_PERFORMANCE_PRESENT,563.0,4.0,3.0,0.0,1.0,1,2,2,NOTE_PAID_METRIC_PRESENT,2,M2026-04,M2026-05,0.09,2.0,1.0,0.0,UNALIGNED (creator snapshot window vs paid Apr-Aug closed months)
6673e092000000001f007538,岛台灯光怎么选不翻车❓,2024-06-20 17:01,video,69.0,CREATOR_PERFORMANCE_PRESENT,394.0,0.0,2.0,0.0,0.0,0,0,0,NO_PAID_ASSOCIATION_OBSERVED,0,,,,,,,UNALIGNED (creator snapshot window vs paid Apr-Aug closed months)
6673e3af000000001c02687a,第二次装修🔥总结出岛台9大坑💥,2024-06-20 19:01,video,79.0,CREATOR_PERFORMANCE_PRESENT,555.0,1.0,1.0,0.0,0.0,1,2,2,PAID_ASSOCIATED_NO_METRIC_RECORD,0,,,,,,,UNALIGNED (creator snapshot window vs paid Apr-Aug closed months)
6673e44e000000001e0125ed,"父母都劝我别做岛台,入户后被打脸了🤣",2024-06-20 21:00,video,56.0,CREATOR_PERFORMANCE_PRESENT,670.0,1.0,0.0,0.0,0.0,1,2,2,NOTE_PAID_METRIC_PRESENT,1,M2026-04,M2026-04,1.25,2.0,2.0,0.0,UNALIGNED (creator snapshot window vs paid Apr-Aug closed months)
667531ff000000001c0255d0,岛台隐藏插座如何布局❓,2024-06-21 17:01,video,41.0,CREATOR_PERFORMANCE_PRESENT,720.0,0.0,2.0,0.0,1.0,0,0,0,NO_PAID_ASSOCIATION_OBSERVED,0,,,,,,,UNALIGNED (creator snapshot window vs paid Apr-Aug closed months)
66753344000000001e01232e,不后悔!120m2奶油风家让我实现了大岛台梦,2024-06-21 19:01,video,53.0,CREATOR_PERFORMANCE_PRESENT,526.0,1.0,0.0,0.0,1.0,1,2,2,NOTE_PAID_METRIC_PRESENT,2,M2026-04,M2026-05,0.0,3.0,0.0,0.0,UNALIGNED (creator snapshot window vs paid Apr-Aug closed months)
667533f6000000001e0133a1,开放式厨房不想返工❌一定要看👀,2024-06-21 21:00,video,77.0,CREATOR_PERFORMANCE_PRESENT,522.0,0.0,1.0,0.0,0.0,1,2,2,NOTE_PAID_METRIC_PRESENT,1,M2026-05,M2026-05,0.01,1.0,1.0,0.0,UNALIGNED (creator snapshot window vs paid Apr-Aug closed months)
66767fc7000000001c025317,为啥要做岛台?,2024-06-22 17:01,video,68.0,CREATOR_PERFORMANCE_PRESENT,506.0,2.0,1.0,0.0,1.0,1,2,2,NOTE_PAID_METRIC_PRESENT,1,M2026-04,M2026-04,0.0,1.0,0.0,0.0,UNALIGNED (creator snapshot window vs paid Apr-Aug closed months)
667680da000000001e011696,岛台动线布局连椅子都放不下❓😱,2024-06-22 19:01,video,38.0,CREATOR_PERFORMANCE_PRESENT,553.0,0.0,0.0,0.0,0.0,1,2,2,NOTE_PAID_METRIC_PRESENT,4,M2026-04,M2026-07,0.03,19.0,3.0,0.0,UNALIGNED (creator snapshot window vs paid Apr-Aug closed months)
66768143000000001e011fd6,岛台入户半年后....,2024-06-22 21:00,video,58.0,CREATOR_PERFORMANCE_PRESENT,871.0,1.0,1.0,0.0,0.0,1,2,2,NOTE_PAID_METRIC_PRESENT,3,M2026-04,M2026-06,0.0,3.0,0.0,0.0,UNALIGNED (creator snapshot window vs paid Apr-Aug closed months)
66768207000000001e013081,为什么越来越多人开始去餐桌化?,2024-06-23 17:01,video,78.0,CREATOR_PERFORMANCE_PRESENT,783.0,2.0,1.0,0.0,1.0,1,2,2,NOTE_PAID_METRIC_PRESENT,1,M2026-05,M2026-05,0.0,1.0,0.0,0.0,UNALIGNED (creator snapshot window vs paid Apr-Aug closed months)
667683ec000000001c026cc0,岛台VS餐桌🔥优缺点PK👀,2024-06-23 19:00,video,48.0,CREATOR_PERFORMANCE_PRESENT,805.0,0.0,1.0,0.0,1.0,1,2,2,NOTE_PAID_METRIC_PRESENT,3,M2026-04,M2026-06,0.01,9.0,1.0,0.0,UNALIGNED (creator snapshot window vs paid Apr-Aug closed months)
6676848c000000001c027a54,"不听劝做的岛台,🤔用着到底怎么样?",2024-06-23 21:00,video,46.0,CREATOR_PERFORMANCE_PRESENT,495.0,1.0,2.0,0.0,1.0,1,2,2,NOTE_PAID_METRIC_PRESENT,1,M2026-04,M2026-04,0.0,1.0,0.0,0.0,UNALIGNED (creator snapshot window vs paid Apr-Aug closed months)
667933df000000001c024221,沙发后面的岛台🛋️客厅空间超显大🔥,2024-06-24 17:00,video,30.0,CREATOR_PERFORMANCE_PRESENT,599.0,1.0,1.0,0.0,0.0,1,2,2,NOTE_PAID_METRIC_PRESENT,5,M2026-04,M2026-08,0.85,95.0,13.0,0.0,UNALIGNED (creator snapshot window vs paid Apr-Aug closed months)
667935ae000000001f007cb0,"多亏了小红书,解决了我的厨房收纳难题❗️",2024-06-24 19:02,video,108.0,CREATOR_PERFORMANCE_PRESENT,490.0,1.0,2.0,0.0,0.0,1,2,2,NOTE_PAID_METRIC_PRESENT,3,M2026-04,M2026-08,0.0,5.0,0.0,0.0,UNALIGNED (creator snapshot window vs paid Apr-Aug closed months)
667936c7000000001c024b34,岛台避坑了!😭早知道我就提前做攻略了,2024-06-24 21:01,video,111.0,CREATOR_PERFORMANCE_PRESENT,516.0,0.0,2.0,0.0,0.0,1,2,2,PAID_ASSOCIATED_NO_METRIC_RECORD,0,,,,,,,UNALIGNED (creator snapshot window vs paid Apr-Aug closed months)
667a85d1000000001f005e84,最期待的岛台结果翻车最严重😭,2024-06-25 17:00,video,84.0,CREATOR_PERFORMANCE_PRESENT,615.0,1.0,3.0,0.0,2.0,1,2,2,PAID_ASSOCIATED_NO_METRIC_RECORD,0,,,,,,,UNALIGNED (creator snapshot window vs paid Apr-Aug closed months)
667a8672000000001f006e57,直呼yyds🔥这个小户型岛台超乎我想象!!,2024-06-25 19:03,video,65.0,CREATOR_PERFORMANCE_PRESENT,514.0,3.0,4.0,0.0,0.0,1,2,2,PAID_ASSOCIATED_NO_METRIC_RECORD,0,,,,,,,UNALIGNED (creator snapshot window vs paid Apr-Aug closed months)
667a86e9000000001e01159c,如果收纳有段位......,2024-06-25 21:01,video,59.0,CREATOR_PERFORMANCE_PRESENT,484.0,1.0,1.0,0.0,0.0,1,2,2,NOTE_PAID_METRIC_PRESENT,2,M2026-05,M2026-08,0.0,2.0,0.0,0.0,UNALIGNED (creator snapshot window vs paid Apr-Aug closed months)
667bca5a000000001f007f5d,❌警惕!伸缩岛台巨容易踩中的坑!,2024-06-26 17:02,video,102.0,CREATOR_PERFORMANCE_PRESENT,453.0,1.0,0.0,0.0,0.0,1,2,2,PAID_ASSOCIATED_NO_METRIC_RECORD,0,,,,,,,UNALIGNED (creator snapshot window vs paid Apr-Aug closed months)
667bcab8000000001c027a7a,如果收纳有段位....,2024-06-26 19:03,video,55.0,CREATOR_PERFORMANCE_PRESENT,711.0,2.0,1.0,0.0,3.0,1,2,2,NOTE_PAID_METRIC_PRESENT,2,M2026-04,M2026-07,0.0,3.0,0.0,0.0,UNALIGNED (creator snapshot window vs paid Apr-Aug closed months)
667bcb3a000000001f00542b,为啥岛台会翻车?,2024-06-26 21:01,video,112.0,CREATOR_PERFORMANCE_PRESENT,633.0,2.0,5.0,0.0,1.0,1,2,2,PAID_ASSOCIATED_NO_METRIC_RECORD,0,,,,,,,UNALIGNED (creator snapshot window vs paid Apr-Aug closed months)
667d16bb000000001c026247,岛台避雷🚥伸缩岛台真的不要这样做❌,2024-06-27 17:02,video,57.0,CREATOR_PERFORMANCE_PRESENT,483.0,0.0,0.0,0.0,0.0,1,2,2,NOTE_PAID_METRIC_PRESENT,2,M2026-04,M2026-05,0.0,3.0,0.0,0.0,UNALIGNED (creator snapshot window vs paid Apr-Aug closed months)
667d178e000000001c027501,"听了老婆的话,小户型厨房做了旋转伸缩岛台",2024-06-27 19:03,video,59.0,CREATOR_PERFORMANCE_PRESENT,548.0,0.0,1.0,0.0,1.0,1,2,2,NOTE_PAID_METRIC_PRESENT,4,M2026-04,M2026-07,1.76,40.0,3.0,0.0,UNALIGNED (creator snapshot window vs paid Apr-Aug closed months)
667d1807000000001c027fa2,我家岛台不是在翻车就是在翻车的路上😡,2024-06-27 21:01,video,62.0,CREATOR_PERFORMANCE_PRESENT,509.0,0.0,5.0,0.0,1.0,1,2,2,PAID_ASSOCIATED_NO_METRIC_RECORD,0,,,,,,,UNALIGNED (creator snapshot window vs paid Apr-Aug closed months)
667e69b0000000001c02458d,终于找到了适配原木奶油风装修的岛台💯,2024-06-28 17:02,video,44.0,CREATOR_PERFORMANCE_PRESENT,804.0,0.0,2.0,0.0,0.0,1,2,2,NOTE_PAID_METRIC_PRESENT,5,M2026-04,M2026-08,2.42,163.0,15.0,0.0,UNALIGNED (creator snapshot window vs paid Apr-Aug closed months)
667e6b33000000001f006f35,装修小白做岛台🔥坑死你😭,2024-06-28 19:02,video,110.0,CREATOR_PERFORMANCE_PRESENT,1509.0,5.0,5.0,0.0,4.0,1,2,2,PAID_ASSOCIATED_NO_METRIC_RECORD,0,,,,,,,UNALIGNED (creator snapshot window vs paid Apr-Aug closed months)
667e6b75000000001c026fa0,"邻居说,全小区就数你家这个大横厅zui耐看",2024-06-28 21:00,video,29.0,CREATOR_PERFORMANCE_PRESENT,637.0,1.0,1.0,0.0,0.0,1,2,2,NOTE_PAID_METRIC_PRESENT,4,M2026-04,M2026-07,0.04,34.0,3.0,0.0,UNALIGNED (creator snapshot window vs paid Apr-Aug closed months)
667e86d7000000001c026d3b,谁说餐厅小不能拥有岛台?,2024-06-29 17:01,video,55.0,CREATOR_PERFORMANCE_PRESENT,422.0,1.0,1.0,0.0,0.0,1,2,2,NOTE_PAID_METRIC_PRESENT,2,M2026-05,M2026-06,0.0,3.0,0.0,0.0,UNALIGNED (creator snapshot window vs paid Apr-Aug closed months)
667e875d000000001e0119da,入住半年后反馈🔥岛台真的很上分!!,2024-06-29 19:01,video,70.0,CREATOR_PERFORMANCE_PRESENT,427.0,1.0,0.0,0.0,0.0,1,2,2,PAID_ASSOCIATED_NO_METRIC_RECORD,0,,,,,,,UNALIGNED (creator snapshot window vs paid Apr-Aug closed months)
667e8872000000001c02578c,小户型就别做餐桌了⚠️旋转岛台了解一下,2024-06-29 21:01,video,58.0,CREATOR_PERFORMANCE_PRESENT,437.0,1.0,1.0,0.0,1.0,1,2,2,NOTE_PAID_METRIC_PRESENT,3,M2026-04,M2026-08,0.22,34.0,2.0,0.0,UNALIGNED (creator snapshot window vs paid Apr-Aug closed months)
66810a30000000001e010813,做岛台我后悔了吗❓,2024-06-30 17:02,video,54.0,CREATOR_PERFORMANCE_PRESENT,457.0,0.0,1.0,0.0,0.0,1,2,2,NOTE_PAID_METRIC_PRESENT,1,M2026-07,M2026-07,0.0,1.0,0.0,0.0,UNALIGNED (creator snapshot window vs paid Apr-Aug closed months)
66810aa8000000001c02743d,入住一年后反馈🔥岛台真的很上分!!,2024-06-30 19:02,video,78.0,CREATOR_PERFORMANCE_PRESENT,418.0,1.0,2.0,0.0,0.0,1,2,2,NOTE_PAID_METRIC_PRESENT,1,M2026-08,M2026-08,0.27,1.0,1.0,0.0,UNALIGNED (creator snapshot window vs paid Apr-Aug closed months)
66810b1d000000001e011af8,装修....这10个地方个真的没必要花钱!!️,2024-06-30 21:01,video,108.0,CREATOR_PERFORMANCE_PRESENT,453.0,1.0,0.0,0.0,0.0,1,2,2,NOTE_PAID_METRIC_PRESENT,1,M2026-04,M2026-04,0.01,1.0,1.0,0.0,UNALIGNED (creator snapshot window vs paid Apr-Aug closed months)
66826d99000000001c025ea0,"网购的岛台尺寸翻车了,我爸说我是冤大头",2024-07-01 17:00,video,71.0,CREATOR_PERFORMANCE_PRESENT,769.0,2.0,1.0,0.0,0.0,1,2,2,NOTE_PAID_METRIC_PRESENT,4,M2026-04,M2026-07,0.0,11.0,0.0,0.0,UNALIGNED (creator snapshot window vs paid Apr-Aug closed months)
66826ddb000000001e013f00,这岛台灯光都来看......能救一个是一个😥,2024-07-01 19:02,video,47.0,CREATOR_PERFORMANCE_PRESENT,586.0,1.0,1.0,0.0,1.0,0,0,0,NO_PAID_ASSOCIATION_OBSERVED,0,,,,,,,UNALIGNED (creator snapshot window vs paid Apr-Aug closed months)
66826e71000000001e010d8e,救命!到底选餐桌?还是岛台?,2024-07-01 21:01,video,46.0,CREATOR_PERFORMANCE_PRESENT,629.0,2.0,1.0,0.0,1.0,1,2,2,PAID_ASSOCIATED_NO_METRIC_RECORD,0,,,,,,,UNALIGNED (creator snapshot window vs paid Apr-Aug closed months)
6683b227000000001e0108a5,❌警惕!岛台巨容易踩中15个坑!,2024-07-02 17:02,video,125.0,CREATOR_PERFORMANCE_PRESENT,613.0,1.0,4.0,0.0,1.0,1,2,2,NOTE_PAID_METRIC_PRESENT,3,M2026-04,M2026-06,0.0,3.0,0.0,0.0,UNALIGNED (creator snapshot window vs paid Apr-Aug closed months)
6683b3a9000000001e012c98,第二次装修总结出开放式厨房5个大坑❌,2024-07-02 19:02,video,200.0,CREATOR_PERFORMANCE_PRESENT,608.0,3.0,4.0,2.0,2.0,1,2,2,NOTE_PAID_METRIC_PRESENT,5,M2026-04,M2026-08,0.04,16.0,4.0,0.0,UNALIGNED (creator snapshot window vs paid Apr-Aug closed months)
6683b3f2000000001e01337e,"父母都劝我别做岛台,入户后被打脸了🤣",2024-07-02 21:01,video,87.0,CREATOR_PERFORMANCE_PRESENT,488.0,0.0,0.0,0.0,0.0,1,2,2,NOTE_PAID_METRIC_PRESENT,2,M2026-04,M2026-05,0.0,2.0,0.0,0.0,UNALIGNED (creator snapshot window vs paid Apr-Aug closed months)
668503ff000000001f004a5c,做了收纳的岛台强的可怕💪,2024-07-03 17:02,video,43.0,CREATOR_PERFORMANCE_PRESENT,487.0,1.0,1.0,0.0,0.0,1,2,2,NOTE_PAID_METRIC_PRESENT,2,M2026-04,M2026-08,0.0,4.0,0.0,0.0,UNALIGNED (creator snapshot window vs paid Apr-Aug closed months)
668504ce000000001f005d5e,"2042年了,定制岛台别踩坑❗️9做9不做❗️",2024-07-03 19:03,video,67.0,CREATOR_PERFORMANCE_PRESENT,467.0,0.0,3.0,0.0,1.0,1,2,2,PAID_ASSOCIATED_NO_METRIC_RECORD,0,,,,,,,UNALIGNED (creator snapshot window vs paid Apr-Aug closed months)
668505c2000000001f00753a,啊啊啊啊岛台别做内嵌电器!!,2024-07-03 21:01,video,41.0,CREATOR_PERFORMANCE_PRESENT,532.0,1.0,2.0,0.0,2.0,0,0,0,NO_PAID_ASSOCIATION_OBSERVED,0,,,,,,,UNALIGNED (creator snapshot window vs paid Apr-Aug closed months)
668655d3000000001c0257e8,为啥不做餐桌?,2024-07-04 17:02,video,68.0,CREATOR_PERFORMANCE_PRESENT,541.0,2.0,1.0,0.0,0.0,1,2,2,PAID_ASSOCIATED_NO_METRIC_RECORD,0,,,,,,,UNALIGNED (creator snapshot window vs paid Apr-Aug closed months)
66865775000000001c027faf,"岛台弄成这样,已经不想要了😭",2024-07-04 19:02,video,153.0,CREATOR_PERFORMANCE_PRESENT,556.0,0.0,3.0,0.0,2.0,1,2,2,NOTE_PAID_METRIC_PRESENT,1,M2026-05,M2026-05,0.0,3.0,0.0,0.0,UNALIGNED (creator snapshot window vs paid Apr-Aug closed months)
668657f8000000001f0054c2,装修必看!!️岛台水电布局大揭秘!!️,2024-07-04 21:01,video,39.0,CREATOR_PERFORMANCE_PRESENT,592.0,2.0,3.0,5.0,2.0,0,0,0,NO_PAID_ASSOCIATION_OBSERVED,0,,,,,,,UNALIGNED (creator snapshot window vs paid Apr-Aug closed months)
6687a507000000001c026c63,家里装了岛台之后...,2024-07-05 17:02,video,87.0,CREATOR_PERFORMANCE_PRESENT,535.0,2.0,0.0,0.0,0.0,1,2,2,PAID_ASSOCIATED_NO_METRIC_RECORD,0,,,,,,,UNALIGNED (creator snapshot window vs paid Apr-Aug closed months)
6687a59d000000001c027af2,"被大家问爆的岛台,为啥越做越好了❓",2024-07-05 19:02,video,180.0,CREATOR_PERFORMANCE_PRESENT,521.0,1.0,3.0,0.0,0.0,1,2,2,NOTE_PAID_METRIC_PRESENT,1,M2026-07,M2026-07,0.0,1.0,0.0,0.0,UNALIGNED (creator snapshot window vs paid Apr-Aug closed months)
6687a601000000001e011305,"我妈说有这样的岛台,难怪我不爱出门了🔥",2024-07-05 21:01,video,75.0,CREATOR_PERFORMANCE_PRESENT,352.0,1.0,0.0,0.0,0.0,1,2,2,NOTE_PAID_METRIC_PRESENT,1,M2026-05,M2026-05,0.0,1.0,0.0,0.0,UNALIGNED (creator snapshot window vs paid Apr-Aug closed months)
6687cd6f000000001f00738a,岛台很鸡肋?,2024-07-06 17:01,video,55.0,CREATOR_PERFORMANCE_PRESENT,383.0,0.0,0.0,0.0,0.0,1,2,2,NOTE_PAID_METRIC_PRESENT,1,M2026-04,M2026-04,0.0,1.0,0.0,0.0,UNALIGNED (creator snapshot window vs paid Apr-Aug closed months)
6687d304000000001f0070bd,"装修完才知道,但是已经踩坑了...",2024-07-06 19:01,video,82.0,CREATOR_PERFORMANCE_PRESENT,420.0,0.0,1.0,0.0,0.0,1,2,2,PAID_ASSOCIATED_NO_METRIC_RECORD,0,,,,,,,UNALIGNED (creator snapshot window vs paid Apr-Aug closed months)
6687d5f5000000001c026671,"邻居说,我的厨房改造相当炸裂......😆",2024-07-06 21:01,video,80.0,CREATOR_PERFORMANCE_PRESENT,342.0,0.0,2.0,0.0,0.0,1,2,2,NOTE_PAID_METRIC_PRESENT,2,M2026-05,M2026-07,0.0,3.0,0.0,0.0,UNALIGNED (creator snapshot window vs paid Apr-Aug closed months)
668a45d7000000001e010b41,这才是我不做餐桌的理由....,2024-07-07 17:02,video,42.0,CREATOR_PERFORMANCE_PRESENT,562.0,2.0,1.0,0.0,0.0,1,2,2,NOTE_PAID_METRIC_PRESENT,2,M2026-04,M2026-06,0.19,8.0,2.0,0.0,UNALIGNED (creator snapshot window vs paid Apr-Aug closed months)
668a467b000000001f005d28,❌警惕!岛台巨容易踩中15个坑!,2024-07-07 19:02,video,149.0,CREATOR_PERFORMANCE_PRESENT,346.0,0.0,3.0,0.0,0.0,1,2,2,NOTE_PAID_METRIC_PRESENT,1,M2026-08,M2026-08,0.0,1.0,0.0,0.0,UNALIGNED (creator snapshot window vs paid Apr-Aug closed months)
668a46f6000000001e0121a8,我宣布🔥这是我在小红书坠喜欢的一款岛台,2024-07-07 21:01,video,31.0,CREATOR_PERFORMANCE_PRESENT,459.0,0.0,0.0,0.0,0.0,1,2,2,NOTE_PAID_METRIC_PRESENT,1,M2026-05,M2026-05,0.0,1.0,0.0,0.0,UNALIGNED (creator snapshot window vs paid Apr-Aug closed months)
668ba06d0000000025003455,好用真的说累了😫岛台真是我的心头好!!,2024-07-08 17:00,video,37.0,CREATOR_PERFORMANCE_PRESENT,462.0,0.0,1.0,0.0,0.0,1,2,2,NOTE_PAID_METRIC_PRESENT,4,M2026-04,M2026-08,0.01,19.0,1.0,0.0,UNALIGNED (creator snapshot window vs paid Apr-Aug closed months)
668ba1b40000000025007bf7,装修两次总结出开放式厨房5个大坑❌,2024-07-08 19:02,video,199.0,CREATOR_PERFORMANCE_PRESENT,806.0,3.0,4.0,0.0,1.0,1,2,2,NOTE_PAID_METRIC_PRESENT,3,M2026-05,M2026-08,0.02,6.0,2.0,0.0,UNALIGNED (creator snapshot window vs paid Apr-Aug closed months)
668ba208000000002500443a,伸缩岛台3大坑🚥千万别踩😭,2024-07-08 21:01,video,71.0,CREATOR_PERFORMANCE_PRESENT,519.0,0.0,0.0,0.0,0.0,1,2,2,PAID_ASSOCIATED_NO_METRIC_RECORD,0,,,,,,,UNALIGNED (creator snapshot window vs paid Apr-Aug closed months)
668cfa9c0000000025017947,岛台是做好看了🤔️可是椅子呢?,2024-07-09 17:00,video,31.0,CREATOR_PERFORMANCE_PRESENT,595.0,0.0,4.0,0.0,1.0,0,0,0,NO_PAID_ASSOCIATION_OBSERVED,0,,,,,,,UNALIGNED (creator snapshot window vs paid Apr-Aug closed months)
668cfafc000000002501434a,过来人的劝告🔥岛台10个坑千万别踩⚠️,2024-07-09 19:03,video,131.0,CREATOR_PERFORMANCE_PRESENT,463.0,0.0,0.0,0.0,3.0,1,2,2,PAID_ASSOCIATED_NO_METRIC_RECORD,0,,,,,,,UNALIGNED (creator snapshot window vs paid Apr-Aug closed months)
668cfb6c00000000250066ee,60秒搞懂岛台尺寸!!拒绝踩雷❌,2024-07-09 21:01,video,112.0,CREATOR_PERFORMANCE_PRESENT,477.0,0.0,0.0,0.0,0.0,1,2,2,NOTE_PAID_METRIC_PRESENT,2,M2026-04,M2026-05,0.01,4.0,1.0,0.0,UNALIGNED (creator snapshot window vs paid Apr-Aug closed months)
668e3eaa0000000025000697,装修完我悟了|岛台设计需要考虑踢脚,2024-07-10 17:02,video,54.0,CREATOR_PERFORMANCE_PRESENT,502.0,0.0,1.0,0.0,0.0,1,2,2,NOTE_PAID_METRIC_PRESENT,3,M2026-04,M2026-07,0.22,6.0,1.0,0.0,UNALIGNED (creator snapshot window vs paid Apr-Aug closed months)
668e3f470000000025015d77,入住一年后反馈🔥岛台真的很上分!!,2024-07-10 19:02,video,49.0,CREATOR_PERFORMANCE_PRESENT,520.0,1.0,1.0,0.0,0.0,1,2,2,NOTE_PAID_METRIC_PRESENT,1,M2026-06,M2026-06,0.0,1.0,0.0,0.0,UNALIGNED (creator snapshot window vs paid Apr-Aug closed months)
668e3fa80000000025001feb,为什么越来越多人开始去餐桌化?,2024-07-10 21:01,video,80.0,CREATOR_PERFORMANCE_PRESENT,692.0,2.0,1.0,0.0,1.0,1,2,2,NOTE_PAID_METRIC_PRESENT,1,M2026-05,M2026-05,6.61,4.0,2.0,0.0,UNALIGNED (creator snapshot window vs paid Apr-Aug closed months)
668f79690000000025004207,一天一个坑❗定制岛台哪有不疯的😡,2024-07-11 17:01,video,112.0,CREATOR_PERFORMANCE_PRESENT,593.0,1.0,3.0,0.0,1.0,1,2,2,NOTE_PAID_METRIC_PRESENT,2,M2026-04,M2026-05,0.02,3.0,1.0,0.0,UNALIGNED (creator snapshot window vs paid Apr-Aug closed months)
668f79c80000000025016f5c,差点因为没做岛台后悔👋🏻,2024-07-11 19:01,video,29.0,CREATOR_PERFORMANCE_PRESENT,967.0,1.0,4.0,0.0,2.0,1,2,2,NOTE_PAID_METRIC_PRESENT,2,M2026-06,M2026-07,0.0,2.0,0.0,0.0,UNALIGNED (creator snapshot window vs paid Apr-Aug closed months)
668f7a420000000025017adb,这才是我要做岛台的原因!!,2024-07-11 21:00,video,78.0,CREATOR_PERFORMANCE_PRESENT,539.0,2.0,0.0,0.0,2.0,1,2,2,NOTE_PAID_METRIC_PRESENT,2,M2026-04,M2026-05,0.0,3.0,0.0,0.0,UNALIGNED (creator snapshot window vs paid Apr-Aug closed months)
6690df70000000002500394c,新家入住六个月|zui不后悔的装修,2024-07-12 17:01,video,57.0,CREATOR_PERFORMANCE_PRESENT,646.0,2.0,2.0,0.0,0.0,1,2,2,PAID_ASSOCIATED_NO_METRIC_RECORD,0,,,,,,,UNALIGNED (creator snapshot window vs paid Apr-Aug closed months)
6690dfc30000000025006f65,差点因为没做岛台后悔👋🏻,2024-07-12 19:01,video,29.0,CREATOR_PERFORMANCE_PRESENT,593.0,1.0,1.0,0.0,1.0,1,2,2,NOTE_PAID_METRIC_PRESENT,2,M2026-05,M2026-06,0.0,2.0,0.0,0.0,UNALIGNED (creator snapshot window vs paid Apr-Aug closed months)
6690e1430000000025017957,小户型看过来!巨巨巨巨省空间的岛台餐桌,2024-07-12 21:00,video,34.0,CREATOR_PERFORMANCE_PRESENT,494.0,1.0,4.0,0.0,1.0,1,2,2,NOTE_PAID_METRIC_PRESENT,3,M2026-04,M2026-07,0.0,11.0,0.0,0.0,UNALIGNED (creator snapshot window vs paid Apr-Aug closed months)
6690f3ed0000000025002592,🤩L 型岛台为何如此受欢迎?答案在这里!,2024-07-13 17:01,video,66.0,CREATOR_PERFORMANCE_PRESENT,525.0,3.0,2.0,0.0,3.0,1,2,2,NOTE_PAID_METRIC_PRESENT,4,M2026-04,M2026-08,0.08,11.0,1.0,0.0,UNALIGNED (creator snapshot window vs paid Apr-Aug closed months)
6690f4c00000000025014d44,入住一年后我zui爱我的岛台.....,2024-07-13 19:01,video,59.0,CREATOR_PERFORMANCE_PRESENT,415.0,0.0,0.0,0.0,1.0,1,2,2,PAID_ASSOCIATED_NO_METRIC_RECORD,0,,,,,,,UNALIGNED (creator snapshot window vs paid Apr-Aug closed months)
6690f59100000000250015ea,"开放式厨房布局的好,收纳空间直接翻倍!!",2024-07-13 21:00,video,108.0,CREATOR_PERFORMANCE_PRESENT,417.0,0.0,0.0,0.0,0.0,1,2,2,PAID_ASSOCIATED_NO_METRIC_RECORD,0,,,,,,,UNALIGNED (creator snapshot window vs paid Apr-Aug closed months)
669383970000000025016ccf,我家岛台在全小区🔥了,2024-07-14 17:01,video,116.0,CREATOR_PERFORMANCE_PRESENT,390.0,2.0,1.0,0.0,1.0,1,2,2,NOTE_PAID_METRIC_PRESENT,2,M2026-04,M2026-08,0.0,2.0,0.0,0.0,UNALIGNED (creator snapshot window vs paid Apr-Aug closed months)
6693844d0000000025005814,第一次做伸缩岛台交的智商税......,2024-07-14 19:01,video,83.0,CREATOR_PERFORMANCE_PRESENT,441.0,0.0,0.0,0.0,1.0,1,2,2,NOTE_PAID_METRIC_PRESENT,2,M2026-04,M2026-05,0.0,2.0,0.0,0.0,UNALIGNED (creator snapshot window vs paid Apr-Aug closed months)
669384d100000000250062d4,"😭😭岛台踩中10大坑,我快哭死了",2024-07-14 21:00,video,134.0,CREATOR_PERFORMANCE_PRESENT,353.0,0.0,0.0,0.0,0.0,1,2,2,NOTE_PAID_METRIC_PRESENT,2,M2026-04,M2026-07,0.01,3.0,1.0,0.0,UNALIGNED (creator snapshot window vs paid Apr-Aug closed months)
6694d5a8000000002501593b,"🎯装修成败就看这 12 个细节,你中了吗?",2024-07-15 17:01,video,121.0,CREATOR_PERFORMANCE_PRESENT,412.0,1.0,0.0,0.0,0.0,1,2,2,PAID_ASSOCIATED_NO_METRIC_RECORD,0,,,,,,,UNALIGNED (creator snapshot window vs paid Apr-Aug closed months)
6694d8b60000000025004759,做完岛台才悟😭花了这么多冤枉钱!,2024-07-15 19:01,video,58.0,CREATOR_PERFORMANCE_PRESENT,457.0,0.0,0.0,0.0,0.0,1,2,2,NOTE_PAID_METRIC_PRESENT,1,M2026-04,M2026-04,0.0,4.0,0.0,0.0,UNALIGNED (creator snapshot window vs paid Apr-Aug closed months)
6694d9740000000025017b55,开放式厨房踩坑了🆘救救孩子吧,2024-07-15 21:00,video,217.0,CREATOR_PERFORMANCE_PRESENT,543.0,0.0,1.0,0.0,1.0,1,2,2,NOTE_PAID_METRIC_PRESENT,3,M2026-04,M2026-06,0.01,5.0,1.0,0.0,UNALIGNED (creator snapshot window vs paid Apr-Aug closed months)
669628940000000025014407,设计符合习惯的厨房!?️5平厨房的秘诀!!️,2024-07-16 17:01,video,54.0,CREATOR_PERFORMANCE_PRESENT,492.0,0.0,1.0,1.0,0.0,1,2,2,NOTE_PAID_METRIC_PRESENT,4,M2026-04,M2026-07,0.54,72.0,7.0,0.0,UNALIGNED (creator snapshot window vs paid Apr-Aug closed months)
66962b3900000000250072ac,大数据把我推荐给头一次做开放式厨房的宝子,2024-07-16 19:01,video,57.0,CREATOR_PERFORMANCE_PRESENT,567.0,2.0,1.0,1.0,0.0,1,2,2,NOTE_PAID_METRIC_PRESENT,5,M2026-04,M2026-08,1.77,121.0,12.0,0.0,UNALIGNED (creator snapshot window vs paid Apr-Aug closed months)
66962e2800000000250155c9,严丝合缝的岛台收纳🔥不走弯路,2024-07-16 21:00,video,50.0,CREATOR_PERFORMANCE_PRESENT,481.0,1.0,1.0,1.0,1.0,1,2,2,NOTE_PAID_METRIC_PRESENT,5,M2026-04,M2026-08,0.12,24.0,2.0,0.0,UNALIGNED (creator snapshot window vs paid Apr-Aug closed months)
669778020000000025007bbf,"💥必备!岛台收纳秘籍,空间大变身",2024-07-17 17:01,video,62.0,CREATOR_PERFORMANCE_PRESENT,444.0,2.0,2.0,0.0,0.0,1,2,2,PAID_ASSOCIATED_NO_METRIC_RECORD,0,,,,,,,UNALIGNED (creator snapshot window vs paid Apr-Aug closed months)
669779360000000025002a34,装修两次总结出开放式厨房5个大坑❌,2024-07-17 19:03,video,196.0,CREATOR_PERFORMANCE_PRESENT,536.0,0.0,1.0,0.0,0.0,1,2,2,NOTE_PAID_METRIC_PRESENT,2,M2026-05,M2026-07,0.0,3.0,0.0,0.0,UNALIGNED (creator snapshot window vs paid Apr-Aug closed months)
669779a00000000025003551,为啥不做岛台?,2024-07-17 21:00,video,42.0,CREATOR_PERFORMANCE_PRESENT,506.0,1.0,1.0,0.0,1.0,1,2,2,PAID_ASSOCIATED_NO_METRIC_RECORD,0,,,,,,,UNALIGNED (creator snapshot window vs paid Apr-Aug closed months)
6698ca9c0000000025006219,岛台很鸡肋?,2024-07-18 17:01,video,68.0,CREATOR_PERFORMANCE_PRESENT,508.0,1.0,1.0,0.0,0.0,1,2,2,NOTE_PAID_METRIC_PRESENT,1,M2026-04,M2026-04,0.0,1.0,0.0,0.0,UNALIGNED (creator snapshot window vs paid Apr-Aug closed months)
6698cb680000000025015170,为什么不做餐桌❓,2024-07-18 19:01,video,68.0,CREATOR_PERFORMANCE_PRESENT,462.0,0.0,0.0,0.0,0.0,1,2,2,NOTE_PAID_METRIC_PRESENT,1,M2026-07,M2026-07,0.0,1.0,0.0,0.0,UNALIGNED (creator snapshot window vs paid Apr-Aug closed months)
6698cbde0000000025004364,别怀疑了❗️35平小公寓真的能做岛台餐桌!,2024-07-18 21:00,video,34.0,CREATOR_PERFORMANCE_PRESENT,466.0,0.0,0.0,0.0,0.0,1,2,2,NOTE_PAID_METRIC_PRESENT,4,M2026-04,M2026-07,0.83,38.0,4.0,0.0,UNALIGNED (creator snapshot window vs paid Apr-Aug closed months)
669a1b140000000025001d12,你家岛台不会还在用......,2024-07-19 17:01,video,41.0,CREATOR_PERFORMANCE_PRESENT,494.0,0.0,0.0,0.0,0.0,1,2,2,NOTE_PAID_METRIC_PRESENT,2,M2026-04,M2026-05,0.0,6.0,0.0,0.0,UNALIGNED (creator snapshot window vs paid Apr-Aug closed months)
669a1cab0000000025017ce3,大冤种😭岛台我居然2次都踩坑!!️,2024-07-19 19:01,video,113.0,CREATOR_PERFORMANCE_PRESENT,531.0,2.0,0.0,0.0,0.0,1,2,2,NOTE_PAID_METRIC_PRESENT,2,M2026-04,M2026-05,0.0,3.0,0.0,0.0,UNALIGNED (creator snapshot window vs paid Apr-Aug closed months)
669a1ce90000000025000deb,岛台vs传统餐桌🔥该选哪个❓,2024-07-19 21:00,video,49.0,CREATOR_PERFORMANCE_PRESENT,505.0,2.0,0.0,0.0,1.0,1,2,2,NOTE_PAID_METRIC_PRESENT,1,M2026-04,M2026-04,0.0,1.0,0.0,0.0,UNALIGNED (creator snapshot window vs paid Apr-Aug closed months)
669a364a00000000250044ff,客厅新宠❄️沙发后面的隔断中岛台,2024-07-20 17:01,video,29.0,CREATOR_PERFORMANCE_PRESENT,520.0,1.0,0.0,0.0,0.0,1,2,2,NOTE_PAID_METRIC_PRESENT,4,M2026-04,M2026-07,0.0,20.0,0.0,0.0,UNALIGNED (creator snapshot window vs paid Apr-Aug closed months)
669a36e300000000250168f4,"替你们试过了,小户型做岛台真的明智🔥",2024-07-20 19:01,video,90.0,CREATOR_PERFORMANCE_PRESENT,377.0,0.0,0.0,0.0,0.0,1,2,2,NOTE_PAID_METRIC_PRESENT,3,M2026-04,M2026-06,0.01,6.0,1.0,0.0,UNALIGNED (creator snapshot window vs paid Apr-Aug closed months)
669a376100000000250005e0,也没人跟我说岛台定制尺寸也有坑啊😭,2024-07-20 21:00,video,75.0,CREATOR_PERFORMANCE_PRESENT,334.0,0.0,1.0,0.0,0.0,1,2,2,NOTE_PAID_METRIC_PRESENT,1,M2026-04,M2026-04,0.0,5.0,0.0,0.0,UNALIGNED (creator snapshot window vs paid Apr-Aug closed months)
669cbe670000000025017aae,200平豪宅做了岛台后....,2024-07-21 17:01,video,64.0,CREATOR_PERFORMANCE_PRESENT,458.0,1.0,0.0,0.0,0.0,1,2,2,PAID_ASSOCIATED_NO_METRIC_RECORD,0,,,,,,,UNALIGNED (creator snapshot window vs paid Apr-Aug closed months)
669cbed20000000025014383,岛台尺寸做多大合适?3招包教会!,2024-07-21 19:01,video,39.0,CREATOR_PERFORMANCE_PRESENT,221.0,1.0,1.0,0.0,1.0,0,0,0,NO_PAID_ASSOCIATION_OBSERVED,0,,,,,,,UNALIGNED (creator snapshot window vs paid Apr-Aug closed months)
669cc0240000000025004a91,一天一个坑❗岛台定制哪有不疯的😡,2024-07-21 21:00,video,152.0,CREATOR_PERFORMANCE_PRESENT,502.0,0.0,1.0,0.0,0.0,1,2,2,NOTE_PAID_METRIC_PRESENT,1,M2026-04,M2026-04,0.0,1.0,0.0,0.0,UNALIGNED (creator snapshot window vs paid Apr-Aug closed months)
669e25730000000027019413,熬夜整理|岛台5条装修经验💯,2024-07-22 17:42,video,68.0,CREATOR_PERFORMANCE_PRESENT,1093.0,4.0,9.0,1.0,1.0,1,2,2,NOTE_PAID_METRIC_PRESENT,1,M2026-08,M2026-08,0.0,1.0,0.0,0.0,UNALIGNED (creator snapshot window vs paid Apr-Aug closed months)
669e2606000000002701d9a2,小户型旋转伸缩岛台🔥颜控快冲!!,2024-07-22 19:01,video,35.0,CREATOR_PERFORMANCE_PRESENT,484.0,1.0,0.0,0.0,2.0,1,2,2,NOTE_PAID_METRIC_PRESENT,4,M2026-04,M2026-08,0.0,10.0,0.0,0.0,UNALIGNED (creator snapshot window vs paid Apr-Aug closed months)
669e2666000000002701300d,"伸缩岛台弄成这样,已经不想要了😭",2024-07-22 21:00,video,85.0,CREATOR_PERFORMANCE_PRESENT,384.0,0.0,1.0,1.0,0.0,1,2,2,NOTE_PAID_METRIC_PRESENT,2,M2026-04,M2026-05,0.0,2.0,0.0,0.0,UNALIGNED (creator snapshot window vs paid Apr-Aug closed months)
669f5e4e000000002701d816,❌警惕!岛台巨容易踩中15个坑!,2024-07-23 17:01,video,174.0,CREATOR_PERFORMANCE_PRESENT,852.0,5.0,9.0,1.0,5.0,1,2,2,NOTE_PAID_METRIC_PRESENT,2,M2026-04,M2026-08,0.0,2.0,0.0,0.0,UNALIGNED (creator snapshot window vs paid Apr-Aug closed months)
669f5f30000000002701ee31,"我怎么没有早点发现这,收纳神器~",2024-07-23 19:01,video,54.0,CREATOR_PERFORMANCE_PRESENT,455.0,3.0,2.0,1.0,0.0,1,2,2,NOTE_PAID_METRIC_PRESENT,4,M2026-04,M2026-07,0.02,9.0,2.0,0.0,UNALIGNED (creator snapshot window vs paid Apr-Aug closed months)
669f602900000000270195e1,被邻居夸800遍的岛台灯光 简约大气又耐看!,2024-07-23 21:00,video,34.0,CREATOR_PERFORMANCE_PRESENT,317.0,0.0,0.0,1.0,0.0,0,0,0,NO_PAID_ASSOCIATION_OBSERVED,0,,,,,,,UNALIGNED (creator snapshot window vs paid Apr-Aug closed months)
66a0b228000000000600db2f,邻居都问爆了💥75平做伸缩岛台 显大实用,2024-07-24 17:01,video,57.0,CREATOR_PERFORMANCE_PRESENT,516.0,2.0,3.0,1.0,1.0,1,2,2,NOTE_PAID_METRIC_PRESENT,2,M2026-05,M2026-06,0.0,2.0,0.0,0.0,UNALIGNED (creator snapshot window vs paid Apr-Aug closed months)
66a0b556000000002701c050,入住三个月后才发现岛台7个大坑....,2024-07-24 19:01,video,111.0,CREATOR_PERFORMANCE_PRESENT,189.0,0.0,2.0,1.0,1.0,0,0,0,NO_PAID_ASSOCIATION_OBSERVED,0,,,,,,,UNALIGNED (creator snapshot window vs paid Apr-Aug closed months)
66a0b844000000002701ccc5,伸缩岛台3大坑🚥千万别踩😭,2024-07-24 21:00,video,71.0,CREATOR_PERFORMANCE_PRESENT,300.0,1.0,0.0,1.0,0.0,1,1,1,PAID_ASSOCIATED_NO_METRIC_RECORD,0,,,,,,,UNALIGNED (creator snapshot window vs paid Apr-Aug closed months)
66a20542000000002701edab,"第一次装修,做岛台交的9个智商税...",2024-07-25 17:01,video,83.0,CREATOR_PERFORMANCE_PRESENT,374.0,0.0,0.0,1.0,0.0,1,2,2,NOTE_PAID_METRIC_PRESENT,1,M2026-06,M2026-06,0.0,1.0,0.0,0.0,UNALIGNED (creator snapshot window vs paid Apr-Aug closed months)
66a20a0a000000000600d721,岛台入户半年后....,2024-07-25 19:01,video,38.0,CREATOR_PERFORMANCE_PRESENT,486.0,0.0,0.0,0.0,0.0,1,2,2,PAID_ASSOCIATED_NO_METRIC_RECORD,0,,,,,,,UNALIGNED (creator snapshot window vs paid Apr-Aug closed months)
66a20a7e000000002701f759,谁懂啊🔥一眼就爱上的宝格丽岛台👀,2024-07-25 21:00,video,58.0,CREATOR_PERFORMANCE_PRESENT,441.0,1.0,0.0,2.0,0.0,1,2,2,NOTE_PAID_METRIC_PRESENT,4,M2026-04,M2026-08,0.01,9.0,1.0,0.0,UNALIGNED (creator snapshot window vs paid Apr-Aug closed months)
66a358d2000000002701f4f2,岛台VS餐桌哪个更实用呢❓,2024-07-26 17:01,video,87.0,CREATOR_PERFORMANCE_PRESENT,492.0,0.0,0.0,0.0,0.0,1,2,2,PAID_ASSOCIATED_NO_METRIC_RECORD,0,,,,,,,UNALIGNED (creator snapshot window vs paid Apr-Aug closed months)
66a35a58000000002701de6b,岛台电源别踩坑....,2024-07-26 19:01,video,41.0,CREATOR_PERFORMANCE_PRESENT,586.0,2.0,1.0,0.0,0.0,0,0,0,NO_PAID_ASSOCIATION_OBSERVED,0,,,,,,,UNALIGNED (creator snapshot window vs paid Apr-Aug closed months)
66a35bfa0000000027011291,做了伸缩岛台之后....,2024-07-26 21:00,video,30.0,CREATOR_PERFORMANCE_PRESENT,429.0,0.0,0.0,0.0,0.0,1,2,2,NOTE_PAID_METRIC_PRESENT,1,M2026-04,M2026-04,0.0,3.0,0.0,0.0,UNALIGNED (creator snapshot window vs paid Apr-Aug closed months)
66a36f2f0000000027013767,为啥不做岛台?,2024-07-27 17:01,video,79.0,CREATOR_PERFORMANCE_PRESENT,396.0,1.0,1.0,0.0,0.0,1,2,2,PAID_ASSOCIATED_NO_METRIC_RECORD,0,,,,,,,UNALIGNED (creator snapshot window vs paid Apr-Aug closed months)
66a36fee0000000027010d62,为啥要坚持做岛台❓,2024-07-27 19:01,video,96.0,CREATOR_PERFORMANCE_PRESENT,438.0,0.0,0.0,3.0,0.0,1,2,2,NOTE_PAID_METRIC_PRESENT,2,M2026-04,M2026-07,0.25,3.0,1.0,0.0,UNALIGNED (creator snapshot window vs paid Apr-Aug closed months)
66a37076000000000600ffd7,救命🆘是谁做岛台还在踩这些坑😱😱,2024-07-27 21:00,video,84.0,CREATOR_PERFORMANCE_PRESENT,247.0,0.0,0.0,1.0,0.0,0,0,0,NO_PAID_ASSOCIATION_OBSERVED,0,,,,,,,UNALIGNED (creator snapshot window vs paid Apr-Aug closed months)
66a5f915000000000600e815,为啥岛台会翻车?,2024-07-28 17:01,video,122.0,CREATOR_PERFORMANCE_PRESENT,545.0,4.0,0.0,1.0,0.0,1,2,2,NOTE_PAID_METRIC_PRESENT,1,M2026-04,M2026-04,0.0,1.0,0.0,0.0,UNALIGNED (creator snapshot window vs paid Apr-Aug closed months)
66a5f9910000000027010ec5,岛台隐藏式电磁炉💥你还敢做吗😱,2024-07-28 19:01,video,67.0,CREATOR_PERFORMANCE_PRESENT,3464.0,14.0,8.0,5.0,23.0,0,0,0,NO_PAID_ASSOCIATION_OBSERVED,0,,,,,,,UNALIGNED (creator snapshot window vs paid Apr-Aug closed months)
66a5fab0000000002701de52,收纳隐藏术|我家厨房保持整洁干净的小心机,2024-07-28 21:00,video,108.0,CREATOR_PERFORMANCE_PRESENT,473.0,1.0,0.0,1.0,0.0,1,2,2,NOTE_PAID_METRIC_PRESENT,4,M2026-04,M2026-08,1.62,30.0,2.0,0.0,UNALIGNED (creator snapshot window vs paid Apr-Aug closed months)
66a7494700000000270101a9,"这些个鸡肋设计,谁做谁后悔❗",2024-07-29 17:01,video,61.0,CREATOR_PERFORMANCE_PRESENT,446.0,0.0,1.0,1.0,0.0,1,2,2,PAID_ASSOCIATED_NO_METRIC_RECORD,0,,,,,,,UNALIGNED (creator snapshot window vs paid Apr-Aug closed months)
66a749da0000000027011028,别做岛台🔥太鸡肋了😭,2024-07-29 19:01,video,112.0,CREATOR_PERFORMANCE_PRESENT,475.0,0.0,0.0,1.0,1.0,1,2,2,NOTE_PAID_METRIC_PRESENT,3,M2026-04,M2026-07,0.0,3.0,0.0,0.0,UNALIGNED (creator snapshot window vs paid Apr-Aug closed months)
66a74a780000000027011fa2,沙发后岛台有必要吗❓,2024-07-29 21:00,video,36.0,CREATOR_PERFORMANCE_PRESENT,671.0,0.0,1.0,1.0,1.0,1,2,2,NOTE_PAID_METRIC_PRESENT,5,M2026-04,M2026-08,8.13,218.0,33.0,0.0,UNALIGNED (creator snapshot window vs paid Apr-Aug closed months)
66a89dfe000000000600c687,客厅装修显大8平的7大设计🔥,2024-07-30 17:01,video,68.0,CREATOR_PERFORMANCE_PRESENT,482.0,1.0,0.0,1.0,0.0,1,2,2,NOTE_PAID_METRIC_PRESENT,3,M2026-05,M2026-07,0.0,4.0,0.0,0.0,UNALIGNED (creator snapshot window vs paid Apr-Aug closed months)
66a89e93000000000600d5f8,"岛台设计6大雷区,拒当大冤种❌",2024-07-30 19:01,video,84.0,CREATOR_PERFORMANCE_PRESENT,515.0,1.0,0.0,0.0,0.0,1,2,2,PAID_ASSOCIATED_NO_METRIC_RECORD,0,,,,,,,UNALIGNED (creator snapshot window vs paid Apr-Aug closed months)
66a89ef7000000000600e025,这才是我不做餐桌的原因....,2024-07-30 21:00,video,58.0,CREATOR_PERFORMANCE_PRESENT,234.0,0.0,0.0,0.0,0.0,0,0,0,NO_PAID_ASSOCIATION_OBSERVED,0,,,,,,,UNALIGNED (creator snapshot window vs paid Apr-Aug closed months)
66a9ef58000000000600d08a,装修两次总结出岛台13个大坑❌,2024-07-31 17:01,video,123.0,CREATOR_PERFORMANCE_PRESENT,509.0,2.0,2.0,0.0,0.0,1,2,2,NOTE_PAID_METRIC_PRESENT,1,M2026-04,M2026-04,0.0,1.0,0.0,0.0,UNALIGNED (creator snapshot window vs paid Apr-Aug closed months)
66a9efbd000000000600dadf,"自从买了这款岛台,爸妈爷奶天天夸👍",2024-07-31 19:01,video,59.0,CREATOR_PERFORMANCE_PRESENT,507.0,1.0,0.0,1.0,0.0,1,2,2,NOTE_PAID_METRIC_PRESENT,3,M2026-04,M2026-07,0.0,3.0,0.0,0.0,UNALIGNED (creator snapshot window vs paid Apr-Aug closed months)
66a9f071000000002701fcac,岛台尺寸7大坑🚥千万别踩😭,2024-07-31 21:00,video,95.0,CREATOR_PERFORMANCE_PRESENT,508.0,1.0,1.0,1.0,0.0,1,2,2,NOTE_PAID_METRIC_PRESENT,4,M2026-04,M2026-07,7.86,116.0,14.0,0.0,UNALIGNED (creator snapshot window vs paid Apr-Aug closed months)
66ab3f420000000027010633,坑惨了❗️谁家岛台做的这么差💣,2024-08-01 17:01,video,58.0,CREATOR_PERFORMANCE_PRESENT,459.0,1.0,1.0,1.0,0.0,1,2,2,PAID_ASSOCIATED_NO_METRIC_RECORD,0,,,,,,,UNALIGNED (creator snapshot window vs paid Apr-Aug closed months)
66ab416e000000000600ec0f,岛台很鸡肋❓,2024-08-01 19:01,video,78.0,CREATOR_PERFORMANCE_PRESENT,235.0,1.0,2.0,0.0,1.0,0,0,0,NO_PAID_ASSOCIATION_OBSERVED,0,,,,,,,UNALIGNED (creator snapshot window vs paid Apr-Aug closed months)
66ab42ad000000002701d89a,踩雷😭岛台内嵌电器前刷到这避坑视频多好,2024-08-01 21:00,video,49.0,CREATOR_PERFORMANCE_PRESENT,517.0,1.0,3.0,0.0,1.0,0,0,0,NO_PAID_ASSOCIATION_OBSERVED,0,,,,,,,UNALIGNED (creator snapshot window vs paid Apr-Aug closed months)
66ab58ef000000000600c537,"岛台不做攻略,你就等着被坑吧😭😭😭",2024-08-02 17:01,video,100.0,CREATOR_PERFORMANCE_PRESENT,423.0,0.0,0.0,0.0,0.0,1,2,2,PAID_ASSOCIATED_NO_METRIC_RECORD,0,,,,,,,UNALIGNED (creator snapshot window vs paid Apr-Aug closed months)
66ab59d0000000000600de33,邻居都问爆了🔥80平做伸缩岛台显大实用!,2024-08-02 19:01,video,36.0,CREATOR_PERFORMANCE_PRESENT,168.0,0.0,0.0,1.0,0.0,0,0,0,NO_PAID_ASSOCIATION_OBSERVED,0,,,,,,,UNALIGNED (creator snapshot window vs paid Apr-Aug closed months)
66ab5a1800000000270137c6,直到做完开放式厨房我才知道....,2024-08-02 21:00,video,200.0,CREATOR_PERFORMANCE_PRESENT,178.0,0.0,1.0,1.0,0.0,0,0,0,NO_PAID_ASSOCIATION_OBSERVED,0,,,,,,,UNALIGNED (creator snapshot window vs paid Apr-Aug closed months)
66ade2f0000000000600d65f,到底是谁在执着于岛台啊,2024-08-03 17:01,video,58.0,CREATOR_PERFORMANCE_PRESENT,533.0,0.0,0.0,1.0,1.0,1,2,2,NOTE_PAID_METRIC_PRESENT,3,M2026-04,M2026-07,0.0,5.0,0.0,0.0,UNALIGNED (creator snapshot window vs paid Apr-Aug closed months)
66ade4700000000027010134,被你们问爆的岛台来啦💥附尺寸!,2024-08-03 19:01,video,35.0,CREATOR_PERFORMANCE_PRESENT,446.0,0.0,1.0,1.0,0.0,1,2,2,NOTE_PAID_METRIC_PRESENT,3,M2026-05,M2026-07,0.0,6.0,0.0,0.0,UNALIGNED (creator snapshot window vs paid Apr-Aug closed months)
66ade4c300000000270108e1,装修完才悟😭花了这么多冤枉钱!引以为鉴,2024-08-03 21:00,video,40.0,CREATOR_PERFORMANCE_PRESENT,476.0,0.0,0.0,1.0,0.0,1,2,2,PAID_ASSOCIATED_NO_METRIC_RECORD,0,,,,,,,UNALIGNED (creator snapshot window vs paid Apr-Aug closed months)
66af34040000000027011636,岛台水电位怎么留不翻车❓一分钟帮你避坑,2024-08-04 17:01,video,91.0,CREATOR_PERFORMANCE_PRESENT,640.0,3.0,3.0,1.0,1.0,0,0,0,NO_PAID_ASSOCIATION_OBSERVED,0,,,,,,,UNALIGNED (creator snapshot window vs paid Apr-Aug closed months)
66af362f000000002701ffff,"原本以为餐桌是青铜,没想到岛台才是王者",2024-08-04 19:01,video,52.0,CREATOR_PERFORMANCE_PRESENT,547.0,0.0,0.0,1.0,1.0,1,2,2,NOTE_PAID_METRIC_PRESENT,4,M2026-04,M2026-08,0.0,9.0,0.0,0.0,UNALIGNED (creator snapshot window vs paid Apr-Aug closed months)
66af367d000000002701c664,家人们避雷!岛台没做好还受伤了😥,2024-08-04 21:00,video,55.0,CREATOR_PERFORMANCE_PRESENT,195.0,0.0,0.0,1.0,0.0,0,0,0,NO_PAID_ASSOCIATION_OBSERVED,0,,,,,,,UNALIGNED (creator snapshot window vs paid Apr-Aug closed months)
66b0858f000000001e01f170,无语💧岛台踩坑!鸡肋设计劝你别学,2024-08-05 17:01,video,151.0,CREATOR_PERFORMANCE_PRESENT,483.0,0.0,2.0,1.0,1.0,1,2,2,NOTE_PAID_METRIC_PRESENT,1,M2026-04,M2026-04,0.0,1.0,0.0,0.0,UNALIGNED (creator snapshot window vs paid Apr-Aug closed months)
66b0867e0000000025031a66,"从餐桌到岛台,用了半年的岛台越来越爱了",2024-08-05 19:01,video,124.0,CREATOR_PERFORMANCE_PRESENT,469.0,2.0,0.0,1.0,0.0,1,2,2,PAID_ASSOCIATED_NO_METRIC_RECORD,0,,,,,,,UNALIGNED (creator snapshot window vs paid Apr-Aug closed months)
66b08724000000001e01bcbf,黑白岛台🤤直接参考我家岛台📃附尺寸,2024-08-05 21:00,video,36.0,CREATOR_PERFORMANCE_PRESENT,153.0,1.0,0.0,1.0,0.0,0,0,0,NO_PAID_ASSOCIATION_OBSERVED,0,,,,,,,UNALIGNED (creator snapshot window vs paid Apr-Aug closed months)
66b1d0b7000000001e01bb2a,为啥不做餐桌?,2024-08-06 17:01,video,74.0,CREATOR_PERFORMANCE_PRESENT,447.0,0.0,0.0,1.0,0.0,1,2,2,PAID_ASSOCIATED_NO_METRIC_RECORD,0,,,,,,,UNALIGNED (creator snapshot window vs paid Apr-Aug closed months)
66b1dd35000000001e018411,"做岛台前一定要考虑的,5个细节!",2024-08-06 19:01,video,92.0,CREATOR_PERFORMANCE_PRESENT,449.0,0.0,0.0,1.0,0.0,1,2,2,PAID_ASSOCIATED_NO_METRIC_RECORD,0,,,,,,,UNALIGNED (creator snapshot window vs paid Apr-Aug closed months)
66b1de10000000001e01c1ec,"我的鸡肋飘窗,这样做利用率满分💯",2024-08-06 21:00,video,94.0,CREATOR_PERFORMANCE_PRESENT,1080.0,3.0,2.0,1.0,2.0,1,2,2,NOTE_PAID_METRIC_PRESENT,5,M2026-04,M2026-08,15.77,407.0,60.0,0.0,UNALIGNED (creator snapshot window vs paid Apr-Aug closed months)
66b3273c0000000025032bfc,再见了传统横厅👋,2024-08-07 17:01,video,69.0,CREATOR_PERFORMANCE_PRESENT,639.0,0.0,0.0,1.0,0.0,1,2,2,NOTE_PAID_METRIC_PRESENT,5,M2026-04,M2026-08,7.54,288.0,40.0,0.0,UNALIGNED (creator snapshot window vs paid Apr-Aug closed months)
66b327fd000000001e01ec55,后悔没早点把餐桌换岛台!岛台真的太香了,2024-08-07 19:01,video,70.0,CREATOR_PERFORMANCE_PRESENT,525.0,0.0,0.0,0.0,0.0,1,2,2,NOTE_PAID_METRIC_PRESENT,4,M2026-04,M2026-07,0.21,22.0,2.0,0.0,UNALIGNED (creator snapshot window vs paid Apr-Aug closed months)
66b328b4000000001e01ff94,谁说岛台只能用来吃饭❓,2024-08-07 21:00,video,87.0,CREATOR_PERFORMANCE_PRESENT,497.0,0.0,2.0,0.0,0.0,1,2,2,NOTE_PAID_METRIC_PRESENT,2,M2026-04,M2026-05,0.0,2.0,0.0,0.0,UNALIGNED (creator snapshot window vs paid Apr-Aug closed months)
66b32fa700000000250312a5,"装修第一次踩的坑,没人告诉我岛台这样做",2024-08-09 17:00,video,119.0,CREATOR_PERFORMANCE_PRESENT,132.0,0.0,1.0,0.0,1.0,0,0,0,NO_PAID_ASSOCIATION_OBSERVED,0,,,,,,,UNALIGNED (creator snapshot window vs paid Apr-Aug closed months)
66b3307b000000001e01acfc,沙发背后的岛台🔥,2024-08-09 19:01,video,87.0,CREATOR_PERFORMANCE_PRESENT,191.0,0.0,0.0,1.0,0.0,0,0,0,NO_PAID_ASSOCIATION_OBSERVED,0,,,,,,,UNALIGNED (creator snapshot window vs paid Apr-Aug closed months)
66b331a7000000001e01f741,餐厅岛台如何布局❓,2024-08-09 21:00,video,53.0,CREATOR_PERFORMANCE_PRESENT,255.0,1.0,0.0,1.0,0.0,0,0,0,NO_PAID_ASSOCIATION_OBSERVED,0,,,,,,,UNALIGNED (creator snapshot window vs paid Apr-Aug closed months)
66b47ad0000000001e01fdc0,准备砸岛台了....,2024-08-08 17:01,video,175.0,CREATOR_PERFORMANCE_PRESENT,730.0,1.0,5.0,0.0,3.0,1,2,2,NOTE_PAID_METRIC_PRESENT,3,M2026-04,M2026-07,0.01,4.0,1.0,0.0,UNALIGNED (creator snapshot window vs paid Apr-Aug closed months)
66b47c11000000001e01e039,"入住一年,让我幸福感倍增的岛台🔥",2024-08-08 19:01,video,56.0,CREATOR_PERFORMANCE_PRESENT,468.0,1.0,0.0,0.0,0.0,1,2,2,PAID_ASSOCIATED_NO_METRIC_RECORD,0,,,,,,,UNALIGNED (creator snapshot window vs paid Apr-Aug closed months)
66b47cde000000001e01f63c,救命🆘谁家伸缩岛台鸡肋!一不小心掉地上,2024-08-08 21:00,video,99.0,CREATOR_PERFORMANCE_PRESENT,475.0,0.0,2.0,0.0,1.0,1,2,2,NOTE_PAID_METRIC_PRESENT,4,M2026-04,M2026-07,0.25,37.0,2.0,0.0,UNALIGNED (creator snapshot window vs paid Apr-Aug closed months)
66b71c260000000025031b53,藏不住了🔥小户型横厅L型岛台,2024-08-10 17:01,video,38.0,CREATOR_PERFORMANCE_PRESENT,380.0,2.0,1.0,1.0,0.0,1,2,2,NOTE_PAID_METRIC_PRESENT,3,M2026-04,M2026-07,0.01,13.0,1.0,0.0,UNALIGNED (creator snapshot window vs paid Apr-Aug closed months)
66b71c7e000000001e01cf6e,"😭😭岛台踩中5大坑,我快哭死了",2024-08-10 19:01,video,98.0,CREATOR_PERFORMANCE_PRESENT,247.0,0.0,1.0,0.0,0.0,0,0,0,NO_PAID_ASSOCIATION_OBSERVED,0,,,,,,,UNALIGNED (creator snapshot window vs paid Apr-Aug closed months)
66b71d49000000001e01b89a,谁家装修没有坑,2024-08-10 21:00,video,134.0,CREATOR_PERFORMANCE_PRESENT,463.0,2.0,3.0,0.0,1.0,1,2,2,PAID_ASSOCIATED_NO_METRIC_RECORD,0,,,,,,,UNALIGNED (creator snapshot window vs paid Apr-Aug closed months)
66b86f02000000001e01e29b,建议收藏❗适合60m2小户型的旋转岛台来咯~,2024-08-11 17:01,video,41.0,CREATOR_PERFORMANCE_PRESENT,160.0,0.0,1.0,0.0,0.0,0,0,0,NO_PAID_ASSOCIATION_OBSERVED,0,,,,,,,UNALIGNED (creator snapshot window vs paid Apr-Aug closed months)
66b86fb1000000001e01f120,客厅新宠❄️沙发后面的隔断中岛台,2024-08-11 19:01,video,53.0,CREATOR_PERFORMANCE_PRESENT,260.0,0.0,0.0,2.0,1.0,0,0,0,NO_PAID_ASSOCIATION_OBSERVED,0,,,,,,,UNALIGNED (creator snapshot window vs paid Apr-Aug closed months)
66b87cc9000000001e01cf93,开放式厨房的坑❗️虽迟但到...,2024-08-11 21:00,video,200.0,CREATOR_PERFORMANCE_PRESENT,477.0,0.0,1.0,0.0,0.0,1,2,2,NOTE_PAID_METRIC_PRESENT,3,M2026-04,M2026-08,0.51,8.0,1.0,0.0,UNALIGNED (creator snapshot window vs paid Apr-Aug closed months)
66b9c1ce0000000025032437,定制岛台不想翻车!这15个大坑一定要码住,2024-08-12 17:01,video,125.0,CREATOR_PERFORMANCE_PRESENT,453.0,0.0,0.0,0.0,1.0,1,2,2,PAID_ASSOCIATED_NO_METRIC_RECORD,0,,,,,,,UNALIGNED (creator snapshot window vs paid Apr-Aug closed months)
66b9c345000000001e01ee39,"开放式厨房+岛台,真的谁用谁香🔥",2024-08-12 19:01,video,71.0,CREATOR_PERFORMANCE_PRESENT,430.0,1.0,1.0,1.0,0.0,1,2,2,NOTE_PAID_METRIC_PRESENT,2,M2026-04,M2026-05,0.59,4.0,1.0,0.0,UNALIGNED (creator snapshot window vs paid Apr-Aug closed months)
66b9c3ff0000000025031d88,小户型做岛台鸡肋吗?,2024-08-12 21:00,video,56.0,CREATOR_PERFORMANCE_PRESENT,458.0,0.0,0.0,1.0,0.0,1,1,1,PAID_ASSOCIATED_NO_METRIC_RECORD,0,,,,,,,UNALIGNED (creator snapshot window vs paid Apr-Aug closed months)
66bb0f400000000025030d8d,芭比Q!网传的岛台大冤种就是我😱,2024-08-13 17:01,video,48.0,CREATOR_PERFORMANCE_PRESENT,450.0,0.0,1.0,1.0,0.0,1,2,2,NOTE_PAID_METRIC_PRESENT,1,M2026-08,M2026-08,0.0,1.0,0.0,0.0,UNALIGNED (creator snapshot window vs paid Apr-Aug closed months)
66bb0fa10000000025031780,不会翻车的岛台...,2024-08-13 19:01,video,57.0,CREATOR_PERFORMANCE_PRESENT,427.0,1.0,1.0,1.0,1.0,1,2,2,PAID_ASSOCIATED_NO_METRIC_RECORD,0,,,,,,,UNALIGNED (creator snapshot window vs paid Apr-Aug closed months)
66bb1057000000001e01cee8,客餐厅一体|我家岛台餐桌真香🔥,2024-08-13 21:00,video,71.0,CREATOR_PERFORMANCE_PRESENT,430.0,0.0,2.0,1.0,0.0,1,2,2,NOTE_PAID_METRIC_PRESENT,4,M2026-04,M2026-07,0.18,16.0,1.0,0.0,UNALIGNED (creator snapshot window vs paid Apr-Aug closed months)
66bc620a000000001e01a3e4,"不听劝做的岛台,🤔用着到底怎么样?",2024-08-14 17:01,video,61.0,CREATOR_PERFORMANCE_PRESENT,447.0,1.0,0.0,1.0,0.0,1,2,2,NOTE_PAID_METRIC_PRESENT,1,M2026-07,M2026-07,0.0,1.0,0.0,0.0,UNALIGNED (creator snapshot window vs paid Apr-Aug closed months)
66bc63020000000025033c32,岛台灯光怎么选🤯选的都头大了!,2024-08-14 19:01,video,50.0,CREATOR_PERFORMANCE_PRESENT,457.0,0.0,1.0,0.0,0.0,0,0,0,NO_PAID_ASSOCIATION_OBSERVED,0,,,,,,,UNALIGNED (creator snapshot window vs paid Apr-Aug closed months)
66bc63b70000000025030e7d,"别再搞开放式厨房,我朋友肠子都悔青了!",2024-08-14 21:00,video,70.0,CREATOR_PERFORMANCE_PRESENT,3621.0,27.0,37.0,1.0,15.0,1,2,2,NOTE_PAID_METRIC_PRESENT,5,M2026-04,M2026-08,23.34,1190.0,197.0,0.0,UNALIGNED (creator snapshot window vs paid Apr-Aug closed months)
66bdb4a8000000001e01c469,为啥要做岛台?,2024-08-15 17:01,video,46.0,CREATOR_PERFORMANCE_PRESENT,495.0,1.0,0.0,1.0,0.0,1,2,2,PAID_ASSOCIATED_NO_METRIC_RECORD,0,,,,,,,UNALIGNED (creator snapshot window vs paid Apr-Aug closed months)
66bdb58d0000000025033c98,"岛台千挑万选,与之搭配的椅子当然不能随意",2024-08-15 19:01,video,31.0,CREATOR_PERFORMANCE_PRESENT,679.0,4.0,4.0,0.0,3.0,0,0,0,NO_PAID_ASSOCIATION_OBSERVED,0,,,,,,,UNALIGNED (creator snapshot window vs paid Apr-Aug closed months)
66bdb698000000001e01f80c,做岛台实用吗?,2024-08-15 21:00,video,67.0,CREATOR_PERFORMANCE_PRESENT,462.0,0.0,0.0,1.0,0.0,1,2,2,PAID_ASSOCIATED_NO_METRIC_RECORD,0,,,,,,,UNALIGNED (creator snapshot window vs paid Apr-Aug closed months)
66bf06a1000000001e01a50a,让人无法拒绝的岛台!不仅颜值高还很实用,2024-08-16 17:01,video,68.0,CREATOR_PERFORMANCE_PRESENT,486.0,1.0,2.0,1.0,0.0,1,2,2,NOTE_PAID_METRIC_PRESENT,3,M2026-04,M2026-08,0.0,3.0,0.0,0.0,UNALIGNED (creator snapshot window vs paid Apr-Aug closed months)
66bf078d0000000025033ff9,再见了👋传统餐桌,2024-08-16 19:01,video,53.0,CREATOR_PERFORMANCE_PRESENT,541.0,0.0,1.0,1.0,0.0,1,2,2,NOTE_PAID_METRIC_PRESENT,2,M2026-06,M2026-08,0.0,5.0,0.0,0.0,UNALIGNED (creator snapshot window vs paid Apr-Aug closed months)
66bf08030000000025030cce,开放式厨房实用吗❓,2024-08-16 21:00,video,32.0,CREATOR_PERFORMANCE_PRESENT,511.0,1.0,0.0,3.0,0.0,1,2,2,NOTE_PAID_METRIC_PRESENT,4,M2026-04,M2026-07,0.02,17.0,1.0,0.0,UNALIGNED (creator snapshot window vs paid Apr-Aug closed months)
66bf228f0000000025031381,80m2奶油风客厅❗小户型做岛台超显大,2024-08-18 17:00,video,77.0,CREATOR_PERFORMANCE_PRESENT,413.0,0.0,0.0,0.0,2.0,1,2,2,NOTE_PAID_METRIC_PRESENT,3,M2026-04,M2026-07,0.0,14.0,0.0,0.0,UNALIGNED (creator snapshot window vs paid Apr-Aug closed months)
66bf22ff000000001e01a0e2,熬夜整理|岛台定制13条装修经验💯,2024-08-18 19:00,video,122.0,CREATOR_PERFORMANCE_PRESENT,119.0,0.0,2.0,3.0,1.0,0,0,0,NO_PAID_ASSOCIATION_OBSERVED,0,,,,,,,UNALIGNED (creator snapshot window vs paid Apr-Aug closed months)
66bf2354000000001e01ab01,空心岛台的坑希望你永远都别踩😭,2024-08-18 21:00,video,65.0,CREATOR_PERFORMANCE_PRESENT,148.0,0.0,0.0,1.0,0.0,0,0,0,NO_PAID_ASSOCIATION_OBSERVED,0,,,,,,,UNALIGNED (creator snapshot window vs paid Apr-Aug closed months)
66c0564b000000001e01e7a9,为什么越来越多人开始去餐桌化?,2024-08-17 17:01,video,80.0,CREATOR_PERFORMANCE_PRESENT,876.0,0.0,2.0,1.0,2.0,1,2,2,NOTE_PAID_METRIC_PRESENT,3,M2026-04,M2026-06,0.04,12.0,1.0,0.0,UNALIGNED (creator snapshot window vs paid Apr-Aug closed months)
66c05775000000001e0192a0,第一次做伸缩岛台交的智商税...,2024-08-17 19:01,video,82.0,CREATOR_PERFORMANCE_PRESENT,498.0,3.0,1.0,0.0,1.0,1,2,2,NOTE_PAID_METRIC_PRESENT,1,M2026-08,M2026-08,0.0,1.0,0.0,0.0,UNALIGNED (creator snapshot window vs paid Apr-Aug closed months)
66c057f00000000025031272,精装房没水电岛台怎么做❓,2024-08-17 21:00,video,39.0,CREATOR_PERFORMANCE_PRESENT,597.0,0.0,2.0,0.0,1.0,0,0,0,NO_PAID_ASSOCIATION_OBSERVED,0,,,,,,,UNALIGNED (creator snapshot window vs paid Apr-Aug closed months)
66c2f967000000001d01b9aa,连妈妈都夸的岛台肯定不会差呀🍳,2024-08-19 17:01,video,74.0,CREATOR_PERFORMANCE_PRESENT,484.0,0.0,0.0,1.0,0.0,1,2,2,NOTE_PAID_METRIC_PRESENT,2,M2026-05,M2026-06,0.0,3.0,0.0,0.0,UNALIGNED (creator snapshot window vs paid Apr-Aug closed months)
66c2fa3a000000001d018f27,朋友来了我家之后不想走了...,2024-08-19 19:01,video,37.0,CREATOR_PERFORMANCE_PRESENT,435.0,0.0,1.0,0.0,2.0,1,2,2,NOTE_PAID_METRIC_PRESENT,4,M2026-04,M2026-08,0.0,4.0,0.0,0.0,UNALIGNED (creator snapshot window vs paid Apr-Aug closed months)
66c2fb3a000000001d0167fb,忍不住分享第二次的岛台布局....,2024-08-19 21:00,video,107.0,CREATOR_PERFORMANCE_PRESENT,451.0,0.0,0.0,0.0,2.0,1,2,2,NOTE_PAID_METRIC_PRESENT,1,M2026-04,M2026-04,0.0,1.0,0.0,0.0,UNALIGNED (creator snapshot window vs paid Apr-Aug closed months)
66c459aa000000001d01974a,"朋友说这是岛台收纳💯模版,你不抄吗?",2024-08-20 17:00,video,70.0,CREATOR_PERFORMANCE_PRESENT,631.0,1.0,4.0,0.0,1.0,1,2,2,NOTE_PAID_METRIC_PRESENT,3,M2026-04,M2026-08,0.0,7.0,0.0,0.0,UNALIGNED (creator snapshot window vs paid Apr-Aug closed months)
66c45a9c000000001d01b1c1,装修反骨!不按套路装修真的很省钱,2024-08-20 19:01,video,40.0,CREATOR_PERFORMANCE_PRESENT,458.0,0.0,0.0,0.0,0.0,1,2,2,PAID_ASSOCIATED_NO_METRIC_RECORD,0,,,,,,,UNALIGNED (creator snapshot window vs paid Apr-Aug closed months)
66c45b75000000001d0147d8,不看后悔系列 🔥岛台尺寸怎么布局!!,2024-08-20 21:00,video,70.0,CREATOR_PERFORMANCE_PRESENT,887.0,1.0,9.0,2.0,6.0,1,2,2,NOTE_PAID_METRIC_PRESENT,5,M2026-04,M2026-08,20.42,631.0,103.0,0.0,UNALIGNED (creator snapshot window vs paid Apr-Aug closed months)
66c59bdc000000001d0398e2,"被邻居问爆了,岛台不要太赞💥",2024-08-21 17:01,video,151.0,CREATOR_PERFORMANCE_PRESENT,576.0,0.0,1.0,0.0,1.0,1,2,2,NOTE_PAID_METRIC_PRESENT,4,M2026-04,M2026-07,0.15,10.0,1.0,0.0,UNALIGNED (creator snapshot window vs paid Apr-Aug closed months)
66c59cb1000000001d0178f9,岛台插座用电如何布局呢❓,2024-08-21 19:01,video,102.0,CREATOR_PERFORMANCE_PRESENT,2403.0,1.0,3.0,0.0,1.0,0,0,0,NO_PAID_ASSOCIATION_OBSERVED,0,,,,,,,UNALIGNED (creator snapshot window vs paid Apr-Aug closed months)
66c59dfb000000001d015b5f,我都不敢想❗️小户型也适合岛台餐桌,2024-08-21 21:00,video,51.0,CREATOR_PERFORMANCE_PRESENT,448.0,0.0,1.0,0.0,1.0,1,2,2,NOTE_PAID_METRIC_PRESENT,4,M2026-04,M2026-08,0.02,91.0,2.0,0.0,UNALIGNED (creator snapshot window vs paid Apr-Aug closed months)
66c6e990000000001d01afe0,为什么年轻人都想做这样的分离式岛台?,2024-08-22 17:01,video,31.0,CREATOR_PERFORMANCE_PRESENT,24707.0,281.0,329.0,79.0,523.0,1,2,2,NOTE_PAID_METRIC_PRESENT,5,M2026-04,M2026-08,27.3,696.0,135.0,1.0,UNALIGNED (creator snapshot window vs paid Apr-Aug closed months)
66c6eabf000000001d0146d6,装修时你不说🔥入住后后悔的10件事!!,2024-08-22 19:01,video,111.0,CREATOR_PERFORMANCE_PRESENT,443.0,1.0,0.0,0.0,0.0,1,2,2,NOTE_PAID_METRIC_PRESENT,2,M2026-04,M2026-05,0.0,3.0,0.0,0.0,UNALIGNED (creator snapshot window vs paid Apr-Aug closed months)
66c6ec1a000000001d01b2c9,岛台餐桌是真鸡肋还是真好用?,2024-08-22 21:00,video,37.0,CREATOR_PERFORMANCE_PRESENT,442.0,0.0,0.0,0.0,0.0,1,2,2,PAID_ASSOCIATED_NO_METRIC_RECORD,0,,,,,,,UNALIGNED (creator snapshot window vs paid Apr-Aug closed months)
66c6f32f000000001d0165f6,岛台入户半年后....,2024-08-23 17:01,video,59.0,CREATOR_PERFORMANCE_PRESENT,653.0,0.0,0.0,0.0,1.0,1,2,2,PAID_ASSOCIATED_NO_METRIC_RECORD,0,,,,,,,UNALIGNED (creator snapshot window vs paid Apr-Aug closed months)
66c6f389000000001d01b960,谁能拒绝一个高颜值又实用的岛台呢❓,2024-08-23 19:01,video,44.0,CREATOR_PERFORMANCE_PRESENT,208.0,0.0,0.0,0.0,0.0,1,2,2,PAID_ASSOCIATED_NO_METRIC_RECORD,0,,,,,,,UNALIGNED (creator snapshot window vs paid Apr-Aug closed months)
66c6f449000000001d018d92,谁说小户型不能做岛台?80m2伸缩岛台真香!,2024-08-22 21:00,video,65.0,CREATOR_PERFORMANCE_PRESENT,470.0,0.0,1.0,0.0,0.0,1,2,2,NOTE_PAID_METRIC_PRESENT,4,M2026-04,M2026-08,0.58,17.0,1.0,0.0,UNALIGNED (creator snapshot window vs paid Apr-Aug closed months)
66c99171000000001d017728,岛台餐桌一体为什么流行?,2024-08-24 17:01,video,47.0,CREATOR_PERFORMANCE_PRESENT,491.0,0.0,0.0,0.0,1.0,1,2,2,NOTE_PAID_METRIC_PRESENT,2,M2026-04,M2026-05,0.0,3.0,0.0,0.0,UNALIGNED (creator snapshot window vs paid Apr-Aug closed months)
66c99238000000001d019762,血泪教训😭😭给选岛台水槽朋友一个劝告,2024-08-24 19:01,video,90.0,CREATOR_PERFORMANCE_PRESENT,680.0,3.0,4.0,2.0,0.0,1,2,2,NOTE_PAID_METRIC_PRESENT,5,M2026-04,M2026-08,25.35,728.0,105.0,0.0,UNALIGNED (creator snapshot window vs paid Apr-Aug closed months)
66c9935b000000001d01b28a,为啥要做岛台?,2024-08-24 21:00,video,54.0,CREATOR_PERFORMANCE_PRESENT,434.0,0.0,0.0,0.0,0.0,1,2,2,NOTE_PAID_METRIC_PRESENT,2,M2026-05,M2026-07,0.0,2.0,0.0,0.0,UNALIGNED (creator snapshot window vs paid Apr-Aug closed months)
66cae5f6000000001d0175f6,岛台装修避坑指南送上❗️12个点要注意❗️,2024-08-25 17:00,video,97.0,CREATOR_PERFORMANCE_PRESENT,445.0,1.0,2.0,0.0,1.0,1,2,2,NOTE_PAID_METRIC_PRESENT,1,M2026-07,M2026-07,0.1,1.0,1.0,0.0,UNALIGNED (creator snapshot window vs paid Apr-Aug closed months)
66cae672000000001d038e6e,谁懂啊🔥小户型做了岛台后...,2024-08-25 19:01,video,71.0,CREATOR_PERFORMANCE_PRESENT,482.0,2.0,0.0,0.0,0.0,1,2,2,PAID_ASSOCIATED_NO_METRIC_RECORD,0,,,,,,,UNALIGNED (creator snapshot window vs paid Apr-Aug closed months)
66cae75a000000001d01983f,早知道早点做岛台....,2024-08-25 21:00,video,114.0,CREATOR_PERFORMANCE_PRESENT,478.0,2.0,1.0,0.0,0.0,1,2,2,PAID_ASSOCIATED_NO_METRIC_RECORD,0,,,,,,,UNALIGNED (creator snapshot window vs paid Apr-Aug closed months)
66cc341e000000001d0184c1,不废话🙅🏻岛台装修避坑指南✅建议收藏,2024-08-26 17:01,video,97.0,CREATOR_PERFORMANCE_PRESENT,398.0,0.0,0.0,0.0,0.0,1,2,2,PAID_ASSOCIATED_NO_METRIC_RECORD,0,,,,,,,UNALIGNED (creator snapshot window vs paid Apr-Aug closed months)
66cc34fa000000001d01465c,做岛台你不知道的坑...,2024-08-26 19:01,video,65.0,CREATOR_PERFORMANCE_PRESENT,464.0,0.0,1.0,0.0,0.0,1,2,2,NOTE_PAID_METRIC_PRESENT,4,M2026-04,M2026-08,0.04,11.0,4.0,0.0,UNALIGNED (creator snapshot window vs paid Apr-Aug closed months)
66cc35a9000000001d03afe1,家人们🔥岛台和餐桌选哪个呢👀,2024-08-26 21:00,video,49.0,CREATOR_PERFORMANCE_PRESENT,486.0,2.0,2.0,0.0,2.0,1,2,2,PAID_ASSOCIATED_NO_METRIC_RECORD,0,,,,,,,UNALIGNED (creator snapshot window vs paid Apr-Aug closed months)
66cd874b000000001d039372,邻居都眼红的岛台....,2024-08-27 17:01,video,41.0,CREATOR_PERFORMANCE_PRESENT,446.0,0.0,0.0,2.0,2.0,1,2,2,NOTE_PAID_METRIC_PRESENT,3,M2026-04,M2026-08,0.0,4.0,0.0,0.0,UNALIGNED (creator snapshot window vs paid Apr-Aug closed months)
66cd8a8a000000001d015356,"定制伸缩岛台,大翻车😭",2024-08-27 19:01,video,41.0,CREATOR_PERFORMANCE_PRESENT,443.0,0.0,0.0,0.0,1.0,1,2,2,NOTE_PAID_METRIC_PRESENT,5,M2026-04,M2026-08,0.75,13.0,2.0,0.0,UNALIGNED (creator snapshot window vs paid Apr-Aug closed months)
66cd8b5c000000001d03be18,"厨房这个岛台收纳柜,简直帮了我大忙😭",2024-08-27 21:00,video,107.0,CREATOR_PERFORMANCE_PRESENT,497.0,1.0,1.0,0.0,0.0,1,2,2,NOTE_PAID_METRIC_PRESENT,4,M2026-04,M2026-07,2.0,23.0,4.0,0.0,UNALIGNED (creator snapshot window vs paid Apr-Aug closed months)
66ced78e000000001d01a548,翻遍全网!90%的人岛台收纳都做错了,2024-08-28 17:01,video,54.0,CREATOR_PERFORMANCE_PRESENT,442.0,0.0,0.0,0.0,2.0,1,2,2,NOTE_PAID_METRIC_PRESENT,5,M2026-04,M2026-08,1.63,11.0,4.0,0.0,UNALIGNED (creator snapshot window vs paid Apr-Aug closed months)
66ced86c000000001d01bb86,"都给我劝退😡这6处,装修完指定后悔!!️",2024-08-28 19:01,video,78.0,CREATOR_PERFORMANCE_PRESENT,430.0,0.0,0.0,0.0,1.0,1,2,2,NOTE_PAID_METRIC_PRESENT,3,M2026-04,M2026-06,0.01,6.0,1.0,0.0,UNALIGNED (creator snapshot window vs paid Apr-Aug closed months)
66ceda25000000001d01592d,"入住一年后,我遇到的那些奇葩坑!",2024-08-28 21:00,video,150.0,CREATOR_PERFORMANCE_PRESENT,485.0,3.0,5.0,0.0,2.0,1,2,2,PAID_ASSOCIATED_NO_METRIC_RECORD,0,,,,,,,UNALIGNED (creator snapshot window vs paid Apr-Aug closed months)
66d02953000000001d03a5bc,"装修不后悔的决定,做开放式厨房太实用了!",2024-08-29 17:02,video,109.0,CREATOR_PERFORMANCE_PRESENT,510.0,1.0,2.0,0.0,0.0,1,2,2,NOTE_PAID_METRIC_PRESENT,4,M2026-04,M2026-08,0.0,7.0,0.0,0.0,UNALIGNED (creator snapshot window vs paid Apr-Aug closed months)
66d02c33000000001d01bc85,在线发疯🆘这个岛台我不想要了😭,2024-08-29 19:02,video,133.0,CREATOR_PERFORMANCE_PRESENT,448.0,4.0,3.0,0.0,1.0,1,2,2,PAID_ASSOCIATED_NO_METRIC_RECORD,0,,,,,,,UNALIGNED (creator snapshot window vs paid Apr-Aug closed months)
66d02d2c000000001d014499,岛台到底有多鸡肋❌,2024-08-29 21:01,video,78.0,CREATOR_PERFORMANCE_PRESENT,444.0,1.0,0.0,0.0,0.0,1,2,2,PAID_ASSOCIATED_NO_METRIC_RECORD,0,,,,,,,UNALIGNED (creator snapshot window vs paid Apr-Aug closed months)
66d179e2000000001d01b84b,装修重灾区🚥岛台又又又翻车了😭,2024-08-30 17:02,video,61.0,CREATOR_PERFORMANCE_PRESENT,436.0,1.0,1.0,0.0,1.0,1,2,2,NOTE_PAID_METRIC_PRESENT,4,M2026-04,M2026-07,0.01,14.0,1.0,0.0,UNALIGNED (creator snapshot window vs paid Apr-Aug closed months)
66d17b8f000000001d01591f,"BBQ!出这么多厨房避坑,居然还是会翻车",2024-08-30 19:02,video,199.0,CREATOR_PERFORMANCE_PRESENT,439.0,1.0,0.0,0.0,1.0,1,2,2,NOTE_PAID_METRIC_PRESENT,2,M2026-05,M2026-06,0.0,3.0,0.0,0.0,UNALIGNED (creator snapshot window vs paid Apr-Aug closed months)
66d17bd8000000001d03a2c5,家里做了岛台之后...,2024-08-30 21:01,video,58.0,CREATOR_PERFORMANCE_PRESENT,476.0,0.0,0.0,0.0,1.0,1,2,2,NOTE_PAID_METRIC_PRESENT,2,M2026-07,M2026-08,0.0,2.0,0.0,0.0,UNALIGNED (creator snapshot window vs paid Apr-Aug closed months)
66d2c828000000001d0155b9,当初我为啥选了岛台....,2024-08-31 17:02,video,112.0,CREATOR_PERFORMANCE_PRESENT,505.0,2.0,2.0,0.0,1.0,1,2,2,NOTE_PAID_METRIC_PRESENT,1,M2026-05,M2026-05,0.0,2.0,0.0,0.0,UNALIGNED (creator snapshot window vs paid Apr-Aug closed months)
66d2c8de000000001d016630,"真香😍这尊嘟是我60m2的家,只因我做对...",2024-08-31 19:02,video,59.0,CREATOR_PERFORMANCE_PRESENT,441.0,0.0,0.0,0.0,0.0,1,2,2,NOTE_PAID_METRIC_PRESENT,1,M2026-05,M2026-05,0.0,1.0,0.0,0.0,UNALIGNED (creator snapshot window vs paid Apr-Aug closed months)
66d2c9dc000000001d0384ab,"邻居说,想砸掉餐桌复刻我家的岛台🔥",2024-08-31 21:01,video,53.0,CREATOR_PERFORMANCE_PRESENT,550.0,3.0,0.0,0.0,2.0,1,2,2,NOTE_PAID_METRIC_PRESENT,4,M2026-04,M2026-08,0.01,18.0,1.0,0.0,UNALIGNED (creator snapshot window vs paid Apr-Aug closed months)
66d2edd7000000001d01678f,真心奉劝那些想做岛台的人....,2024-09-01 17:01,video,99.0,CREATOR_PERFORMANCE_PRESENT,553.0,3.0,4.0,0.0,4.0,1,2,2,NOTE_PAID_METRIC_PRESENT,1,M2026-05,M2026-05,0.1,5.0,1.0,0.0,UNALIGNED (creator snapshot window vs paid Apr-Aug closed months)
66d2ee62000000001f018845,我偏不信偏要做岛台!!️,2024-09-01 19:01,video,44.0,CREATOR_PERFORMANCE_PRESENT,418.0,1.0,1.0,2.0,0.0,1,2,2,NOTE_PAID_METRIC_PRESENT,4,M2026-04,M2026-08,0.45,33.0,2.0,0.0,UNALIGNED (creator snapshot window vs paid Apr-Aug closed months)
66d2ef0f000000001f03d5d9,藏不住了🔥颜值与功能并列的岛台😍,2024-09-01 21:00,video,52.0,CREATOR_PERFORMANCE_PRESENT,336.0,1.0,0.0,0.0,0.0,1,2,2,NOTE_PAID_METRIC_PRESENT,2,M2026-04,M2026-05,0.0,10.0,0.0,0.0,UNALIGNED (creator snapshot window vs paid Apr-Aug closed months)
66d56c05000000001d017b4d,也没人告诉我岛台要这样做啊😭入户丑爆了,2024-09-02 17:01,video,118.0,CREATOR_PERFORMANCE_PRESENT,506.0,1.0,3.0,0.0,3.0,1,2,2,NOTE_PAID_METRIC_PRESENT,4,M2026-04,M2026-07,0.0,4.0,0.0,0.0,UNALIGNED (creator snapshot window vs paid Apr-Aug closed months)
66d56c67000000001d0380db,我为啥要做岛台...,2024-09-02 19:01,video,181.0,CREATOR_PERFORMANCE_PRESENT,447.0,0.0,0.0,0.0,0.0,1,2,2,PAID_ASSOCIATED_NO_METRIC_RECORD,0,,,,,,,UNALIGNED (creator snapshot window vs paid Apr-Aug closed months)
66d56d39000000001d039306,岛台为难我❗️卡家门口😱,2024-09-02 21:00,video,62.0,CREATOR_PERFORMANCE_PRESENT,440.0,0.0,0.0,0.0,0.0,1,2,2,NOTE_PAID_METRIC_PRESENT,2,M2026-05,M2026-08,0.0,2.0,0.0,0.0,UNALIGNED (creator snapshot window vs paid Apr-Aug closed months)
66d6af4e000000001d01729e,餐厅做了岛台 low爆了😭😭😭,2024-09-03 17:01,video,101.0,CREATOR_PERFORMANCE_PRESENT,468.0,3.0,3.0,0.0,1.0,1,2,2,NOTE_PAID_METRIC_PRESENT,1,M2026-05,M2026-05,0.0,1.0,0.0,0.0,UNALIGNED (creator snapshot window vs paid Apr-Aug closed months)
66d6afcc000000001d017d2c,千万别内嵌电器😭😭😭,2024-09-03 19:01,video,49.0,CREATOR_PERFORMANCE_PRESENT,647.0,2.0,3.0,0.0,2.0,0,0,0,NO_PAID_ASSOCIATION_OBSERVED,0,,,,,,,UNALIGNED (creator snapshot window vs paid Apr-Aug closed months)
66d6b022000000001d014494,超多人问的L型岛台!!️空间利用率UP❗,2024-09-03 21:00,video,60.0,CREATOR_PERFORMANCE_PRESENT,466.0,1.0,0.0,1.0,0.0,1,2,2,NOTE_PAID_METRIC_PRESENT,3,M2026-04,M2026-06,0.6,11.0,2.0,0.0,UNALIGNED (creator snapshot window vs paid Apr-Aug closed months)
66d6b449000000001d015e58,我宣布🔥这是我在小红书坠喜欢的一款岛台,2024-09-04 17:00,video,146.0,CREATOR_PERFORMANCE_PRESENT,332.0,0.0,0.0,1.0,1.0,1,2,2,NOTE_PAID_METRIC_PRESENT,4,M2026-04,M2026-08,0.0,7.0,0.0,0.0,UNALIGNED (creator snapshot window vs paid Apr-Aug closed months)
66d6b57e000000001d0179a3,我心心念念的岛台居然翻车了!,2024-09-04 19:01,video,152.0,CREATOR_PERFORMANCE_PRESENT,184.0,1.0,1.0,1.0,1.0,0,0,0,NO_PAID_ASSOCIATION_OBSERVED,0,,,,,,,UNALIGNED (creator snapshot window vs paid Apr-Aug closed months)
66d6b5e7000000001d014294,为什么我家岛台这么受欢迎❓,2024-09-04 21:00,video,37.0,CREATOR_PERFORMANCE_PRESENT,422.0,0.0,0.0,1.0,1.0,1,2,2,NOTE_PAID_METRIC_PRESENT,5,M2026-04,M2026-08,1.07,20.0,2.0,0.0,UNALIGNED (creator snapshot window vs paid Apr-Aug closed months)
66d7c509000000000c018964,岛台水电布局不想返工❌一定要看👀,2024-09-05 17:00,video,51.0,CREATOR_PERFORMANCE_PRESENT,366.0,1.0,1.0,1.0,0.0,0,0,0,NO_PAID_ASSOCIATION_OBSERVED,0,,,,,,,UNALIGNED (creator snapshot window vs paid Apr-Aug closed months)
66d7c5a9000000001e0195f5,我家的岛台餐桌椅被问爆啦🌟🌟,2024-09-05 19:01,video,34.0,CREATOR_PERFORMANCE_PRESENT,70.0,0.0,0.0,1.0,0.0,0,0,0,NO_PAID_ASSOCIATION_OBSERVED,0,,,,,,,UNALIGNED (creator snapshot window vs paid Apr-Aug closed months)
66d7c610000000000c01a012,这岛台灯光都来看......能救一个是一个😥,2024-09-05 21:00,video,67.0,CREATOR_PERFORMANCE_PRESENT,175.0,1.0,1.0,1.0,0.0,0,0,0,NO_PAID_ASSOCIATION_OBSERVED,0,,,,,,,UNALIGNED (creator snapshot window vs paid Apr-Aug closed months)
66d7f607000000001e0195bb,沙发后岛台🤯看起来像180平🔥,2024-09-06 17:01,video,30.0,CREATOR_PERFORMANCE_PRESENT,170.0,0.0,0.0,0.0,0.0,0,0,0,NO_PAID_ASSOCIATION_OBSERVED,0,,,,,,,UNALIGNED (creator snapshot window vs paid Apr-Aug closed months)
66d7f8f20000000012012e9b,听说你们都在找我家这个美爆的岛台💥,2024-09-06 19:01,video,33.0,CREATOR_PERFORMANCE_PRESENT,103.0,0.0,0.0,0.0,0.0,0,0,0,NO_PAID_ASSOCIATION_OBSERVED,0,,,,,,,UNALIGNED (creator snapshot window vs paid Apr-Aug closed months)
66d7f970000000001201390b,家里有了岛台之后....,2024-09-06 21:00,video,60.0,CREATOR_PERFORMANCE_PRESENT,155.0,0.0,1.0,0.0,0.0,0,0,0,NO_PAID_ASSOCIATION_OBSERVED,0,,,,,,,UNALIGNED (creator snapshot window vs paid Apr-Aug closed months)
66d91bd5000000001e018db7,"麻了,装修人的苦只能咽下去",2024-09-07 21:00,video,81.0,CREATOR_PERFORMANCE_PRESENT,472.0,2.0,3.0,0.0,1.0,1,2,2,NOTE_PAID_METRIC_PRESENT,5,M2026-04,M2026-08,0.28,36.0,5.0,0.0,UNALIGNED (creator snapshot window vs paid Apr-Aug closed months)
66dba4db000000001e018314,入住一年后反馈🔥岛台真的很上分!!,2024-09-07 17:01,video,49.0,CREATOR_PERFORMANCE_PRESENT,519.0,1.0,0.0,0.0,2.0,1,2,2,PAID_ASSOCIATED_NO_METRIC_RECORD,0,,,,,,,UNALIGNED (creator snapshot window vs paid Apr-Aug closed months)
66dba50b000000001201274e,为什么越来越多人开始去餐桌化?,2024-09-07 19:01,video,92.0,CREATOR_PERFORMANCE_PRESENT,560.0,1.0,3.0,0.0,1.0,1,2,2,NOTE_PAID_METRIC_PRESENT,5,M2026-04,M2026-08,0.12,35.0,7.0,0.0,UNALIGNED (creator snapshot window vs paid Apr-Aug closed months)
66dd55c300000000120105cd,"😭😭伸缩岛台翻车,我快哭死了",2024-09-08 17:01,video,72.0,CREATOR_PERFORMANCE_PRESENT,463.0,1.0,0.0,0.0,0.0,1,2,2,NOTE_PAID_METRIC_PRESENT,4,M2026-04,M2026-08,0.0,10.0,0.0,0.0,UNALIGNED (creator snapshot window vs paid Apr-Aug closed months)
66dd561b000000001e01ae53,我发现小户型🥂客厅也能拥有岛台餐桌一体,2024-09-08 19:01,video,37.0,CREATOR_PERFORMANCE_PRESENT,488.0,1.0,4.0,2.0,0.0,1,2,2,NOTE_PAID_METRIC_PRESENT,5,M2026-04,M2026-08,4.67,123.0,6.0,0.0,UNALIGNED (creator snapshot window vs paid Apr-Aug closed months)
66dd5665000000001e01b419,"岛台收纳没做好,简直就是石墩子啊🧱",2024-09-08 21:00,video,62.0,CREATOR_PERFORMANCE_PRESENT,452.0,0.0,1.0,0.0,2.0,1,2,2,NOTE_PAID_METRIC_PRESENT,5,M2026-04,M2026-08,0.01,23.0,1.0,0.0,UNALIGNED (creator snapshot window vs paid Apr-Aug closed months)
66de9050000000001e01addd,"婆婆说飘窗太鸡肋了,我说我来改造...",2024-09-09 17:01,video,75.0,CREATOR_PERFORMANCE_PRESENT,2892.0,25.0,28.0,7.0,27.0,1,2,2,NOTE_PAID_METRIC_PRESENT,5,M2026-04,M2026-08,68.85,1215.0,196.0,1.0,UNALIGNED (creator snapshot window vs paid Apr-Aug closed months)
66de90b3000000000c01a935,岛台餐椅咋配😭,2024-09-09 19:01,video,44.0,CREATOR_PERFORMANCE_PRESENT,926.0,1.0,2.0,1.0,0.0,1,2,2,NOTE_PAID_METRIC_PRESENT,5,M2026-04,M2026-08,57.61,1135.0,155.0,0.0,UNALIGNED (creator snapshot window vs paid Apr-Aug closed months)
66de915b0000000012012811,80平小户型跟风做了岛台...,2024-09-09 21:00,video,69.0,CREATOR_PERFORMANCE_PRESENT,428.0,0.0,0.0,1.0,1.0,1,2,2,NOTE_PAID_METRIC_PRESENT,4,M2026-04,M2026-08,0.0,4.0,0.0,0.0,UNALIGNED (creator snapshot window vs paid Apr-Aug closed months)
66de9455000000000c01b4d2,吐血整理🔥岛台不会翻车的六大设计!!,2024-09-11 17:00,video,80.0,CREATOR_PERFORMANCE_PRESENT,78.0,0.0,1.0,1.0,0.0,0,0,0,NO_PAID_ASSOCIATION_OBSERVED,0,,,,,,,UNALIGNED (creator snapshot window vs paid Apr-Aug closed months)
66de94b9000000000c01bcc0,完了 岛台动线没做好🤯好局促,2024-09-11 19:01,video,56.0,CREATOR_PERFORMANCE_PRESENT,383.0,0.0,0.0,1.0,1.0,1,2,2,NOTE_PAID_METRIC_PRESENT,4,M2026-04,M2026-07,0.49,49.0,7.0,0.0,UNALIGNED (creator snapshot window vs paid Apr-Aug closed months)
66de95b2000000000c01919e,岛台验收🔥内行人说点真话,2024-09-11 21:00,video,67.0,CREATOR_PERFORMANCE_PRESENT,147.0,1.0,0.0,1.0,0.0,0,0,0,NO_PAID_ASSOCIATION_OBSERVED,0,,,,,,,UNALIGNED (creator snapshot window vs paid Apr-Aug closed months)
66dfef7b000000001e019645,岛台入户翻车了!给大家整理的6个大坑❌,2024-09-10 17:01,video,75.0,CREATOR_PERFORMANCE_PRESENT,442.0,3.0,0.0,0.0,0.0,1,2,2,NOTE_PAID_METRIC_PRESENT,1,M2026-04,M2026-04,0.0,1.0,0.0,0.0,UNALIGNED (creator snapshot window vs paid Apr-Aug closed months)
66dfefd8000000000c0185ed,救命❗️❗️❗️厨房这些坑怎么没人提❓❓,2024-09-10 19:01,video,227.0,CREATOR_PERFORMANCE_PRESENT,574.0,3.0,3.0,0.0,0.0,1,2,2,NOTE_PAID_METRIC_PRESENT,5,M2026-04,M2026-08,0.15,40.0,7.0,0.0,UNALIGNED (creator snapshot window vs paid Apr-Aug closed months)
66dff03b0000000012013fe9,小户型用岛台代替餐桌后...,2024-09-10 21:00,video,51.0,CREATOR_PERFORMANCE_PRESENT,463.0,1.0,0.0,0.0,0.0,1,2,2,NOTE_PAID_METRIC_PRESENT,4,M2026-04,M2026-08,0.01,15.0,1.0,0.0,UNALIGNED (creator snapshot window vs paid Apr-Aug closed months)
66e14951000000000c019af9,居然没人提岛台这些避坑要点!,2024-09-12 17:01,video,52.0,CREATOR_PERFORMANCE_PRESENT,41.0,0.0,0.0,0.0,0.0,0,0,0,NO_PAID_ASSOCIATION_OBSERVED,0,,,,,,,UNALIGNED (creator snapshot window vs paid Apr-Aug closed months)
66e1498c0000000012011a52,已崩溃🤯伸缩岛台翻车...,2024-09-12 19:01,video,127.0,CREATOR_PERFORMANCE_PRESENT,463.0,0.0,3.0,0.0,0.0,1,2,2,NOTE_PAID_METRIC_PRESENT,4,M2026-04,M2026-08,0.4,21.0,5.0,0.0,UNALIGNED (creator snapshot window vs paid Apr-Aug closed months)
66e149c3000000000c01a4a8,为啥要做岛台?传统餐桌没有的6大功能性✅,2024-09-12 21:00,video,119.0,CREATOR_PERFORMANCE_PRESENT,271.0,0.0,0.0,0.0,0.0,1,2,2,NOTE_PAID_METRIC_PRESENT,1,M2026-07,M2026-07,0.0,1.0,0.0,0.0,UNALIGNED (creator snapshot window vs paid Apr-Aug closed months)
66e2a0a3000000000c01831f,岛台真的不实用吗❓到底有多鸡肋❓,2024-09-13 17:01,video,39.0,CREATOR_PERFORMANCE_PRESENT,298.0,0.0,0.0,0.0,0.0,1,2,2,NOTE_PAID_METRIC_PRESENT,4,M2026-04,M2026-08,0.04,7.0,1.0,0.0,UNALIGNED (creator snapshot window vs paid Apr-Aug closed months)
66e2a0eb000000000c0189cb,岛台vs传统餐桌🔥该选哪个❓,2024-09-13 19:01,video,67.0,CREATOR_PERFORMANCE_PRESENT,401.0,0.0,0.0,0.0,0.0,1,2,2,NOTE_PAID_METRIC_PRESENT,4,M2026-04,M2026-07,0.06,21.0,3.0,0.0,UNALIGNED (creator snapshot window vs paid Apr-Aug closed months)
66e2a12c000000001e01aaa7,小户型真的不能做岛台吗?,2024-09-13 21:00,video,44.0,CREATOR_PERFORMANCE_PRESENT,643.0,2.0,1.0,0.0,0.0,1,2,2,NOTE_PAID_METRIC_PRESENT,5,M2026-04,M2026-08,23.37,594.0,76.0,0.0,UNALIGNED (creator snapshot window vs paid Apr-Aug closed months)
66e3ed44000000000c018c30,"岛台尺寸翻车后,我崩溃了🤬",2024-09-14 17:01,video,118.0,CREATOR_PERFORMANCE_PRESENT,136.0,0.0,0.0,0.0,0.0,0,0,0,NO_PAID_ASSOCIATION_OBSERVED,0,,,,,,,UNALIGNED (creator snapshot window vs paid Apr-Aug closed months)
66e3edb8000000000c019691,做伸缩岛台没人说的实话....,2024-09-14 19:01,video,105.0,CREATOR_PERFORMANCE_PRESENT,495.0,2.0,3.0,2.0,4.0,1,2,2,NOTE_PAID_METRIC_PRESENT,5,M2026-04,M2026-08,0.27,64.0,3.0,0.0,UNALIGNED (creator snapshot window vs paid Apr-Aug closed months)
66e3edef000000001e01b43f,内嵌电器翻车⚠️这个坑一定要避免🤯,2024-09-14 21:00,video,45.0,CREATOR_PERFORMANCE_PRESENT,469.0,1.0,1.0,0.0,2.0,0,0,0,NO_PAID_ASSOCIATION_OBSERVED,0,,,,,,,UNALIGNED (creator snapshot window vs paid Apr-Aug closed months)
66e5379c000000000c0185c5,岛台的坑我踩了😭,2024-09-15 17:01,video,101.0,CREATOR_PERFORMANCE_PRESENT,110.0,1.0,0.0,0.0,0.0,0,0,0,NO_PAID_ASSOCIATION_OBSERVED,0,,,,,,,UNALIGNED (creator snapshot window vs paid Apr-Aug closed months)
66e537d20000000012013dd5,入住一年后反馈🔥岛台真的很上分!!,2024-09-15 19:01,video,49.0,CREATOR_PERFORMANCE_PRESENT,296.0,2.0,1.0,0.0,0.0,1,2,2,NOTE_PAID_METRIC_PRESENT,1,M2026-05,M2026-05,0.0,1.0,0.0,0.0,UNALIGNED (creator snapshot window vs paid Apr-Aug closed months)
66e538170000000012010428,"岛台过时,变成廉价岛台?",2024-09-15 21:00,video,63.0,CREATOR_PERFORMANCE_PRESENT,372.0,0.0,3.0,0.0,0.0,1,2,2,NOTE_PAID_METRIC_PRESENT,4,M2026-04,M2026-08,0.05,11.0,2.0,0.0,UNALIGNED (creator snapshot window vs paid Apr-Aug closed months)
66e53e6b000000001e01bdeb,装修翻车...廉价感的根源!!️好想把岛台拆掉,2024-09-16 17:01,video,66.0,CREATOR_PERFORMANCE_PRESENT,256.0,0.0,0.0,0.0,0.0,1,2,2,NOTE_PAID_METRIC_PRESENT,2,M2026-04,M2026-05,0.0,4.0,0.0,0.0,UNALIGNED (creator snapshot window vs paid Apr-Aug closed months)
66e53eb40000000012011cc1,小红📖上定的岛台翻车了吗?,2024-09-16 19:01,video,86.0,CREATOR_PERFORMANCE_PRESENT,106.0,0.0,0.0,0.0,0.0,0,0,0,NO_PAID_ASSOCIATION_OBSERVED,0,,,,,,,UNALIGNED (creator snapshot window vs paid Apr-Aug closed months)
66e541ba0000000012012389,大无语❗️不是开放式厨房不能做岛台?💧,2024-09-16 21:00,video,48.0,CREATOR_PERFORMANCE_PRESENT,480.0,0.0,1.0,0.0,0.0,1,2,2,NOTE_PAID_METRIC_PRESENT,2,M2026-05,M2026-08,0.0,4.0,0.0,0.0,UNALIGNED (creator snapshot window vs paid Apr-Aug closed months)
66e7dbe3000000001e018b5b,你们随便笑😭我看开了❗装修坑到你发疯❗,2024-09-17 17:01,video,177.0,CREATOR_PERFORMANCE_PRESENT,256.0,0.0,0.0,0.0,1.0,1,2,2,PAID_ASSOCIATED_NO_METRIC_RECORD,0,,,,,,,UNALIGNED (creator snapshot window vs paid Apr-Aug closed months)
66e7dc75000000000c01bc86,岛台只能吃饭?太鸡肋了!,2024-09-17 19:01,video,53.0,CREATOR_PERFORMANCE_PRESENT,277.0,1.0,0.0,0.0,0.0,1,2,2,PAID_ASSOCIATED_NO_METRIC_RECORD,0,,,,,,,UNALIGNED (creator snapshot window vs paid Apr-Aug closed months)
66e7de70000000001e01bf72,"求求了!!️复制我家吧,真的太敢抄作业了",2024-09-17 21:00,video,56.0,CREATOR_PERFORMANCE_PRESENT,268.0,0.0,0.0,0.0,0.0,1,2,2,PAID_ASSOCIATED_NO_METRIC_RECORD,0,,,,,,,UNALIGNED (creator snapshot window vs paid Apr-Aug closed months)
66e93453000000000c01af8d,拒绝廉价感🔥这款岛台真的让人班都不想上,2024-09-18 17:00,video,61.0,CREATOR_PERFORMANCE_PRESENT,313.0,0.0,0.0,0.0,0.0,1,2,2,NOTE_PAID_METRIC_PRESENT,3,M2026-04,M2026-08,0.0,7.0,0.0,0.0,UNALIGNED (creator snapshot window vs paid Apr-Aug closed months)
66e9349d0000000012011ec9,小户型为啥不做餐桌❓,2024-09-18 19:01,video,42.0,CREATOR_PERFORMANCE_PRESENT,498.0,1.0,0.0,0.0,1.0,1,2,2,NOTE_PAID_METRIC_PRESENT,5,M2026-04,M2026-08,0.27,91.0,9.0,0.0,UNALIGNED (creator snapshot window vs paid Apr-Aug closed months)
66e934da000000000c01b98f,岛台是大别墅的专属❓,2024-09-18 21:00,video,37.0,CREATOR_PERFORMANCE_PRESENT,288.0,0.0,0.0,2.0,0.0,1,2,2,PAID_ASSOCIATED_NO_METRIC_RECORD,0,,,,,,,UNALIGNED (creator snapshot window vs paid Apr-Aug closed months)
66ea7f51000000000c018282,岛台装修一定要注意这几点⚠️不然肯定踩坑,2024-09-19 17:01,video,45.0,CREATOR_PERFORMANCE_PRESENT,215.0,0.0,0.0,2.0,0.0,1,2,2,NOTE_PAID_METRIC_PRESENT,1,M2026-06,M2026-06,0.0,1.0,0.0,0.0,UNALIGNED (creator snapshot window vs paid Apr-Aug closed months)
66ea7fd0000000001201308d,开放式厨房踩雷了😭救救孩子吧🆘,2024-09-19 19:01,video,199.0,CREATOR_PERFORMANCE_PRESENT,600.0,2.0,0.0,0.0,1.0,1,2,2,NOTE_PAID_METRIC_PRESENT,5,M2026-04,M2026-08,0.29,86.0,12.0,0.0,UNALIGNED (creator snapshot window vs paid Apr-Aug closed months)
66ea8035000000000c0195be,"网购了伸缩岛台,结果......",2024-09-19 21:00,video,102.0,CREATOR_PERFORMANCE_PRESENT,299.0,1.0,0.0,0.0,1.0,1,2,2,NOTE_PAID_METRIC_PRESENT,3,M2026-04,M2026-06,0.0,6.0,0.0,0.0,UNALIGNED (creator snapshot window vs paid Apr-Aug closed months)
66ebbf3f000000000c019efc,被邻居问爆的开放式厨房布局🔥,2024-09-20 17:01,video,106.0,CREATOR_PERFORMANCE_PRESENT,278.0,0.0,0.0,0.0,0.0,1,2,2,PAID_ASSOCIATED_NO_METRIC_RECORD,0,,,,,,,UNALIGNED (creator snapshot window vs paid Apr-Aug closed months)
66ebbfe20000000012011994,什么!?岛台很鸡肋吗?,2024-09-20 19:01,video,67.0,CREATOR_PERFORMANCE_PRESENT,395.0,1.0,1.0,0.0,1.0,1,2,2,NOTE_PAID_METRIC_PRESENT,2,M2026-04,M2026-05,0.0,3.0,0.0,0.0,UNALIGNED (creator snapshot window vs paid Apr-Aug closed months)
66ebc041000000000c01b331,对天发誓 这个沙发后岛台真的....,2024-09-20 21:00,video,37.0,CREATOR_PERFORMANCE_PRESENT,338.0,0.0,1.0,0.0,1.0,1,2,2,NOTE_PAID_METRIC_PRESENT,5,M2026-04,M2026-08,4.06,89.0,6.0,0.0,UNALIGNED (creator snapshot window vs paid Apr-Aug closed months)
66ebd7ac000000001e01937e,是谁说小户型不能有岛台?我偏不,2024-09-21 17:00,video,92.0,CREATOR_PERFORMANCE_PRESENT,316.0,0.0,0.0,0.0,0.0,1,2,2,NOTE_PAID_METRIC_PRESENT,3,M2026-04,M2026-06,0.0,4.0,0.0,0.0,UNALIGNED (creator snapshot window vs paid Apr-Aug closed months)
66ebd8ac000000001e01aad6,岛台vs传统餐桌🔥该选哪个❓,2024-09-21 19:00,video,50.0,CREATOR_PERFORMANCE_PRESENT,278.0,0.0,0.0,0.0,0.0,1,2,2,NOTE_PAID_METRIC_PRESENT,1,M2026-05,M2026-05,0.06,2.0,2.0,0.0,UNALIGNED (creator snapshot window vs paid Apr-Aug closed months)
66ebd991000000000c01a701,"做了岛台后,我家被围观了👀",2024-09-21 21:00,video,87.0,CREATOR_PERFORMANCE_PRESENT,299.0,0.0,0.0,0.0,0.0,1,2,2,PAID_ASSOCIATED_NO_METRIC_RECORD,0,,,,,,,UNALIGNED (creator snapshot window vs paid Apr-Aug closed months)
66ee765100000000120136f9,"翻遍小红书,最爱的还是这个岛台餐桌!!",2024-09-22 17:01,video,106.0,CREATOR_PERFORMANCE_PRESENT,327.0,1.0,0.0,0.0,0.0,1,2,2,PAID_ASSOCIATED_NO_METRIC_RECORD,0,,,,,,,UNALIGNED (creator snapshot window vs paid Apr-Aug closed months)
66ee7769000000001e01bc1a,我家的岛台餐桌被问爆了🔥,2024-09-22 19:00,video,67.0,CREATOR_PERFORMANCE_PRESENT,248.0,1.0,0.0,0.0,0.0,1,2,2,NOTE_PAID_METRIC_PRESENT,3,M2026-05,M2026-08,0.0,4.0,0.0,0.0,UNALIGNED (creator snapshot window vs paid Apr-Aug closed months)
66ee77af0000000012011770,造孽...岛台翻车了,2024-09-22 21:00,video,151.0,CREATOR_PERFORMANCE_PRESENT,516.0,1.0,6.0,0.0,6.0,1,2,2,NOTE_PAID_METRIC_PRESENT,4,M2026-04,M2026-07,10.37,15.0,5.0,0.0,UNALIGNED (creator snapshot window vs paid Apr-Aug closed months)
66efcc6f000000001e019094,🤧想做岛台收纳但是双面都靠墙了...,2024-09-23 17:00,video,43.0,CREATOR_PERFORMANCE_PRESENT,393.0,0.0,2.0,0.0,1.0,1,2,2,NOTE_PAID_METRIC_PRESENT,3,M2026-04,M2026-06,0.15,16.0,3.0,0.0,UNALIGNED (creator snapshot window vs paid Apr-Aug closed months)
66efccc3000000001201292c,真香警告⚠️别做餐桌啦!岛台是真香,2024-09-23 19:01,video,166.0,CREATOR_PERFORMANCE_PRESENT,272.0,0.0,1.0,0.0,0.0,1,2,2,PAID_ASSOCIATED_NO_METRIC_RECORD,0,,,,,,,UNALIGNED (creator snapshot window vs paid Apr-Aug closed months)
66efcced0000000012012c96,"网购岛台没翻车,我家客厅又又又高级了!",2024-09-23 21:00,video,39.0,CREATOR_PERFORMANCE_PRESENT,297.0,0.0,0.0,0.0,0.0,1,2,2,NOTE_PAID_METRIC_PRESENT,2,M2026-04,M2026-05,0.0,3.0,0.0,0.0,UNALIGNED (creator snapshot window vs paid Apr-Aug closed months)
66f11cb0000000001902c988,把餐桌换掉后...,2024-09-24 17:01,video,45.0,CREATOR_PERFORMANCE_PRESENT,273.0,1.0,1.0,0.0,0.0,1,2,2,NOTE_PAID_METRIC_PRESENT,3,M2026-05,M2026-08,0.0,7.0,0.0,0.0,UNALIGNED (creator snapshot window vs paid Apr-Aug closed months)
66f11d2b000000001b021750,开放式厨房千万别这样装❗️❗️,2024-09-24 19:01,video,58.0,CREATOR_PERFORMANCE_PRESENT,315.0,0.0,0.0,0.0,0.0,1,2,2,NOTE_PAID_METRIC_PRESENT,5,M2026-04,M2026-08,0.01,15.0,1.0,0.0,UNALIGNED (creator snapshot window vs paid Apr-Aug closed months)
66f11dca000000001b02255c,岛台配色避雷 千万别只顾喜欢🤬...,2024-09-24 21:00,video,47.0,CREATOR_PERFORMANCE_PRESENT,299.0,0.0,0.0,0.0,0.0,1,2,2,NOTE_PAID_METRIC_PRESENT,3,M2026-04,M2026-07,0.01,5.0,1.0,0.0,UNALIGNED (creator snapshot window vs paid Apr-Aug closed months)
66f287b3000000001b0211f4,听劝!千万别让岛台信息差害惨你!,2024-09-25 17:01,video,74.0,CREATOR_PERFORMANCE_PRESENT,237.0,1.0,2.0,0.0,0.0,1,2,2,NOTE_PAID_METRIC_PRESENT,1,M2026-04,M2026-04,0.01,1.0,1.0,0.0,UNALIGNED (creator snapshot window vs paid Apr-Aug closed months)
66f28805000000001a020840,岛台入户半年....,2024-09-25 19:01,video,78.0,CREATOR_PERFORMANCE_PRESENT,355.0,1.0,0.0,0.0,2.0,1,2,2,NOTE_PAID_METRIC_PRESENT,1,M2026-06,M2026-06,0.0,1.0,0.0,0.0,UNALIGNED (creator snapshot window vs paid Apr-Aug closed months)
66f2883a000000001a020d9f,完了🤯岛台没留取电位怎么办....,2024-09-25 21:00,video,35.0,CREATOR_PERFORMANCE_PRESENT,740.0,0.0,0.0,0.0,0.0,0,0,0,NO_PAID_ASSOCIATION_OBSERVED,0,,,,,,,UNALIGNED (creator snapshot window vs paid Apr-Aug closed months)
66f3bb39000000001b0232bf,邻居看了我的岛台说想砸了自己家的重装!!,2024-09-26 17:01,video,52.0,CREATOR_PERFORMANCE_PRESENT,43.0,0.0,1.0,0.0,0.0,1,2,2,PAID_ASSOCIATED_NO_METRIC_RECORD,0,,,,,,,UNALIGNED (creator snapshot window vs paid Apr-Aug closed months)
66f3bc31000000001a023cee,"岛台收纳这块,确实没输过!!️抄作业吧😎",2024-09-26 19:02,video,50.0,CREATOR_PERFORMANCE_PRESENT,381.0,5.0,5.0,0.0,3.0,1,2,2,NOTE_PAID_METRIC_PRESENT,5,M2026-04,M2026-08,6.84,471.0,56.0,0.0,UNALIGNED (creator snapshot window vs paid Apr-Aug closed months)
66f3bc6b000000001b020eb5,谁用谁夸🔥为什么这个岛台这么受欢迎❓,2024-09-26 21:00,video,52.0,CREATOR_PERFORMANCE_PRESENT,67.0,4.0,0.0,0.0,0.0,1,2,2,NOTE_PAID_METRIC_PRESENT,1,M2026-08,M2026-08,0.0,1.0,0.0,0.0,UNALIGNED (creator snapshot window vs paid Apr-Aug closed months)
66f5175f000000001902c804,装修哪有不疯的!这些坑一定要避!,2024-09-27 17:01,video,104.0,CREATOR_PERFORMANCE_PRESENT,65.0,0.0,2.0,0.0,1.0,1,2,2,PAID_ASSOCIATED_NO_METRIC_RECORD,0,,,,,,,UNALIGNED (creator snapshot window vs paid Apr-Aug closed months)
66f517f8000000001902d5d7,啊啊啊没想到没做这个细节居然受伤了🤯..,2024-09-27 19:01,video,37.0,CREATOR_PERFORMANCE_PRESENT,51.0,0.0,0.0,0.0,0.0,1,2,2,NOTE_PAID_METRIC_PRESENT,1,M2026-05,M2026-05,0.0,1.0,0.0,0.0,UNALIGNED (creator snapshot window vs paid Apr-Aug closed months)
66f51859000000001b022419,"听我一句劝,岛台灯光不要随便选!干货避坑",2024-09-27 21:00,video,49.0,CREATOR_PERFORMANCE_PRESENT,157.0,3.0,0.0,0.0,1.0,1,2,2,NOTE_PAID_METRIC_PRESENT,5,M2026-04,M2026-08,5.04,315.0,43.0,0.0,UNALIGNED (creator snapshot window vs paid Apr-Aug closed months)
66f530bd000000001902dada,救命!岛台入户踩坑后给你们总结的15大坑,2024-09-28 17:00,video,173.0,CREATOR_PERFORMANCE_PRESENT,60.0,0.0,1.0,2.0,0.0,1,2,2,NOTE_PAID_METRIC_PRESENT,5,M2026-04,M2026-08,3.82,56.0,8.0,0.0,UNALIGNED (creator snapshot window vs paid Apr-Aug closed months)
66f53123000000001a021621,"入住半年,厨房踩到的坑是真不少!",2024-09-28 19:00,video,96.0,CREATOR_PERFORMANCE_PRESENT,30.0,0.0,1.0,0.0,0.0,1,2,2,NOTE_PAID_METRIC_PRESENT,4,M2026-04,M2026-08,0.0,10.0,0.0,0.0,UNALIGNED (creator snapshot window vs paid Apr-Aug closed months)
66f5318c000000001902f0de,邻居看了我家都把餐桌换成岛台了!!,2024-09-28 21:00,video,70.0,CREATOR_PERFORMANCE_PRESENT,34.0,1.0,0.0,0.0,0.0,1,2,2,NOTE_PAID_METRIC_PRESENT,3,M2026-05,M2026-08,0.0,3.0,0.0,0.0,UNALIGNED (creator snapshot window vs paid Apr-Aug closed months)
66f671ec000000001902d81f,"活爹...伸缩岛台你就买吧,谁能买得过你",2024-09-29 17:01,video,81.0,CREATOR_PERFORMANCE_PRESENT,104.0,0.0,1.0,0.0,0.0,1,2,2,NOTE_PAID_METRIC_PRESENT,5,M2026-04,M2026-08,1.47,57.0,7.0,0.0,UNALIGNED (creator snapshot window vs paid Apr-Aug closed months)
66f6725e000000001902e38a,岛台怎么预留水电呢?,2024-09-29 19:01,video,78.0,CREATOR_PERFORMANCE_PRESENT,517.0,4.0,7.0,0.0,8.0,0,0,0,NO_PAID_ASSOCIATION_OBSERVED,0,,,,,,,UNALIGNED (creator snapshot window vs paid Apr-Aug closed months)
66f672d6000000001902efbb,造孽啊🤯岛台内嵌烤箱翻倒到地上!?️,2024-09-29 21:00,video,49.0,CREATOR_PERFORMANCE_PRESENT,15404.0,285.0,339.0,28.0,166.0,0,0,0,NO_PAID_ASSOCIATION_OBSERVED,0,,,,,,,UNALIGNED (creator snapshot window vs paid Apr-Aug closed months)
66f682cd000000001b022b20,OMG❗️岛台定制还踩坑呢❓,2024-09-30 17:01,video,53.0,CREATOR_PERFORMANCE_PRESENT,28.0,0.0,0.0,0.0,0.0,1,2,2,NOTE_PAID_METRIC_PRESENT,3,M2026-04,M2026-08,0.0,3.0,0.0,0.0,UNALIGNED (creator snapshot window vs paid Apr-Aug closed months)
66f6837c000000001b023d70,她说:这简直就是我梦想中的岛台啊❗ ❗,2024-09-30 19:01,video,66.0,CREATOR_PERFORMANCE_PRESENT,20.0,0.0,1.0,0.0,0.0,1,2,2,NOTE_PAID_METRIC_PRESENT,1,M2026-05,M2026-05,0.0,2.0,0.0,0.0,UNALIGNED (creator snapshot window vs paid Apr-Aug closed months)
66f68438000000001b021101,"精装房的岛台餐桌,电源线怎么留?",2024-09-30 21:00,video,60.0,CREATOR_PERFORMANCE_PRESENT,64.0,0.0,0.0,0.0,0.0,0,0,0,NO_PAID_ASSOCIATION_OBSERVED,0,,,,,,,UNALIGNED (creator snapshot window vs paid Apr-Aug closed months)
66f902e0000000001b021b1b,"😭😭岛台踩中15大坑,我快哭死了",2024-10-01 17:01,video,129.0,CREATOR_PERFORMANCE_PRESENT,40.0,0.0,0.0,0.0,0.0,1,2,2,NOTE_PAID_METRIC_PRESENT,2,M2026-05,M2026-06,0.0,3.0,0.0,0.0,UNALIGNED (creator snapshot window vs paid Apr-Aug closed months)
66f90338000000001a0216cf,户型看过来!巨巨巨巨省空间的岛台餐桌,2024-10-01 19:00,video,49.0,CREATOR_PERFORMANCE_PRESENT,30.0,1.0,0.0,3.0,1.0,1,2,2,NOTE_PAID_METRIC_PRESENT,4,M2026-05,M2026-08,1.44,6.0,1.0,1.0,UNALIGNED (creator snapshot window vs paid Apr-Aug closed months)
66f90392000000001902f75b,"不被看好的小户型,做了岛台才发现真香......",2024-10-01 21:00,video,51.0,CREATOR_PERFORMANCE_PRESENT,35.0,0.0,0.0,0.0,0.0,1,2,2,NOTE_PAID_METRIC_PRESENT,2,M2026-04,M2026-05,0.0,8.0,0.0,0.0,UNALIGNED (creator snapshot window vs paid Apr-Aug closed months)
66fba4e0000000001a02394c,姐妹们听我一句劝|岛台这样装太香了!,2024-10-02 17:01,video,58.0,CREATOR_PERFORMANCE_PRESENT,29.0,1.0,0.0,0.0,0.0,1,2,2,PAID_ASSOCIATED_NO_METRIC_RECORD,0,,,,,,,UNALIGNED (creator snapshot window vs paid Apr-Aug closed months)
66fba574000000001902dff4,"老婆学网红装岛台,一踩一个坑!",2024-10-02 19:01,video,56.0,CREATOR_PERFORMANCE_PRESENT,38.0,0.0,0.0,1.0,0.0,1,2,2,PAID_ASSOCIATED_NO_METRIC_RECORD,0,,,,,,,UNALIGNED (creator snapshot window vs paid Apr-Aug closed months)
66fba5e7000000001902e8f9,没人告诉你的岛台灯光挑选指南🔥,2024-10-02 21:00,video,74.0,CREATOR_PERFORMANCE_PRESENT,52.0,1.0,1.0,0.0,0.0,0,0,0,NO_PAID_ASSOCIATION_OBSERVED,0,,,,,,,UNALIGNED (creator snapshot window vs paid Apr-Aug closed months)
66fbb9d8000000001a0220dc,离谱!做岛台哪有不疯的...被气笑了,2024-10-03 17:01,video,150.0,CREATOR_PERFORMANCE_PRESENT,36.0,0.0,1.0,0.0,0.0,1,2,2,PAID_ASSOCIATED_NO_METRIC_RECORD,0,,,,,,,UNALIGNED (creator snapshot window vs paid Apr-Aug closed months)
66fbba48000000001a022a56,狠心改造开放式厨房结果...,2024-10-03 19:01,video,49.0,CREATOR_PERFORMANCE_PRESENT,55.0,1.0,0.0,0.0,0.0,1,2,2,NOTE_PAID_METRIC_PRESENT,4,M2026-04,M2026-08,0.03,14.0,3.0,0.0,UNALIGNED (creator snapshot window vs paid Apr-Aug closed months)
66fbbad9000000001a023652,放弃餐桌做了岛台!没想到岛台竟然这么实用,2024-10-03 21:00,video,66.0,CREATOR_PERFORMANCE_PRESENT,98.0,0.0,1.0,0.0,0.0,1,2,2,NOTE_PAID_METRIC_PRESENT,3,M2026-04,M2026-06,0.04,29.0,2.0,0.0,UNALIGNED (creator snapshot window vs paid Apr-Aug closed months)
66fcf909000000001a020735,很多人都不知道的厨房设计❗,2024-10-04 17:01,video,36.0,CREATOR_PERFORMANCE_PRESENT,45.0,0.0,0.0,0.0,0.0,1,2,2,NOTE_PAID_METRIC_PRESENT,2,M2026-04,M2026-05,0.0,2.0,0.0,0.0,UNALIGNED (creator snapshot window vs paid Apr-Aug closed months)
66fcf98f000000001a0211be,这就是老婆偏要做岛台的原因!真的太实用了,2024-10-04 19:01,video,59.0,CREATOR_PERFORMANCE_PRESENT,48.0,0.0,1.0,0.0,0.0,1,2,2,NOTE_PAID_METRIC_PRESENT,2,M2026-04,M2026-05,0.0,9.0,0.0,0.0,UNALIGNED (creator snapshot window vs paid Apr-Aug closed months)
66fcfa13000000001b023957,你一定不知道进门就是岛台能有多好用😍,2024-10-04 21:00,video,44.0,CREATOR_PERFORMANCE_PRESENT,88.0,2.0,2.0,0.0,0.0,1,2,2,NOTE_PAID_METRIC_PRESENT,5,M2026-04,M2026-08,0.02,28.0,2.0,0.0,UNALIGNED (creator snapshot window vs paid Apr-Aug closed months)
66fd0de6000000001b020a7e,不听劝跟风做了岛台....,2024-10-05 17:01,video,77.0,CREATOR_PERFORMANCE_PRESENT,38.0,0.0,0.0,0.0,3.0,1,2,2,NOTE_PAID_METRIC_PRESENT,1,M2026-05,M2026-05,0.0,1.0,0.0,0.0,UNALIGNED (creator snapshot window vs paid Apr-Aug closed months)
66fd0e4d000000001a0235f6,装修不后悔的厨房设计...,2024-10-05 19:01,video,107.0,CREATOR_PERFORMANCE_PRESENT,37.0,0.0,0.0,0.0,0.0,1,2,2,NOTE_PAID_METRIC_PRESENT,4,M2026-04,M2026-08,0.0,10.0,0.0,0.0,UNALIGNED (creator snapshot window vs paid Apr-Aug closed months)
66fd0eab000000001902e45b,岛台尺寸7大坑!一不小心就做错🤬,2024-10-05 21:00,video,95.0,CREATOR_PERFORMANCE_PRESENT,66.0,0.0,1.0,0.0,1.0,1,2,2,NOTE_PAID_METRIC_PRESENT,3,M2026-04,M2026-08,0.15,21.0,1.0,0.0,UNALIGNED (creator snapshot window vs paid Apr-Aug closed months)
66fe4669000000001b023237,伸缩岛台隐患要注意🚥不然😭...,2024-10-06 17:01,video,101.0,CREATOR_PERFORMANCE_PRESENT,202.0,2.0,3.0,0.0,0.0,1,2,2,NOTE_PAID_METRIC_PRESENT,5,M2026-04,M2026-08,3.36,240.0,34.0,0.0,UNALIGNED (creator snapshot window vs paid Apr-Aug closed months)
66fe47b0000000001902ceae,岛台为啥越做越好❓,2024-10-06 19:00,video,182.0,CREATOR_PERFORMANCE_PRESENT,72.0,1.0,1.0,0.0,0.0,1,2,2,PAID_ASSOCIATED_NO_METRIC_RECORD,0,,,,,,,UNALIGNED (creator snapshot window vs paid Apr-Aug closed months)
66fe4817000000001b021423,伸缩岛台的坑我替大家踩了😭你们就别踩了,2024-10-06 21:00,video,79.0,CREATOR_PERFORMANCE_PRESENT,41.0,0.0,0.0,0.0,0.0,1,2,2,NOTE_PAID_METRIC_PRESENT,2,M2026-05,M2026-08,0.0,3.0,0.0,0.0,UNALIGNED (creator snapshot window vs paid Apr-Aug closed months)
66fe58b0000000001a020753,为什么越来越多人开始去餐桌化?,2024-10-07 17:00,video,79.0,CREATOR_PERFORMANCE_PRESENT,40.0,0.0,1.0,0.0,0.0,1,2,2,NOTE_PAID_METRIC_PRESENT,3,M2026-04,M2026-07,0.0,6.0,0.0,0.0,UNALIGNED (creator snapshot window vs paid Apr-Aug closed months)
66fe5979000000001902f72c,小户型做岛台有必要吗❓,2024-10-07 19:00,video,55.0,CREATOR_PERFORMANCE_PRESENT,58.0,0.0,1.0,0.0,1.0,1,2,2,NOTE_PAID_METRIC_PRESENT,2,M2026-05,M2026-08,0.0,2.0,0.0,0.0,UNALIGNED (creator snapshot window vs paid Apr-Aug closed months)
66fe5b00000000001b02147c,这类岛台再便宜也别买!!,2024-10-07 21:00,video,62.0,CREATOR_PERFORMANCE_PRESENT,57.0,1.0,1.0,0.0,1.0,1,2,2,NOTE_PAID_METRIC_PRESENT,4,M2026-04,M2026-08,0.04,8.0,1.0,0.0,UNALIGNED (creator snapshot window vs paid Apr-Aug closed months)
6703948b000000001a02350c,没做餐桌我后悔了吗?,2024-10-08 17:00,video,114.0,CREATOR_PERFORMANCE_PRESENT,37.0,0.0,0.0,0.0,2.0,1,2,2,PAID_ASSOCIATED_NO_METRIC_RECORD,0,,,,,,,UNALIGNED (creator snapshot window vs paid Apr-Aug closed months)
670394ef000000001a023e78,全网就没人提岛台这些避坑要点!,2024-10-08 19:01,video,68.0,CREATOR_PERFORMANCE_PRESENT,30.0,0.0,0.0,0.0,0.0,1,2,2,NOTE_PAID_METRIC_PRESENT,2,M2026-04,M2026-06,0.0,3.0,0.0,0.0,UNALIGNED (creator snapshot window vs paid Apr-Aug closed months)
6703954a000000001902e7a0,好用真的说累了😫岛台真是我的心头好!!,2024-10-08 21:00,video,30.0,CREATOR_PERFORMANCE_PRESENT,46.0,0.0,0.0,0.0,0.0,1,2,2,NOTE_PAID_METRIC_PRESENT,2,M2026-04,M2026-05,0.03,2.0,1.0,0.0,UNALIGNED (creator snapshot window vs paid Apr-Aug closed months)
6704e070000000001a020f5a,"岛台弄成这样,已经不想要了😭",2024-10-09 17:00,video,119.0,CREATOR_PERFORMANCE_PRESENT,86.0,0.0,0.0,2.0,2.0,1,2,2,NOTE_PAID_METRIC_PRESENT,3,M2026-04,M2026-06,0.84,35.0,5.0,0.0,UNALIGNED (creator snapshot window vs paid Apr-Aug closed months)
6704e10b000000001a021c84,"装修完才知道,但是已经踩坑了...",2024-10-09 19:01,video,159.0,CREATOR_PERFORMANCE_PRESENT,43.0,0.0,0.0,0.0,1.0,1,2,2,NOTE_PAID_METRIC_PRESENT,3,M2026-04,M2026-06,0.0,6.0,0.0,0.0,UNALIGNED (creator snapshot window vs paid Apr-Aug closed months)
6704e182000000001a02279d,为啥不做岛台?,2024-10-09 21:00,video,95.0,CREATOR_PERFORMANCE_PRESENT,62.0,2.0,0.0,0.0,1.0,1,2,2,NOTE_PAID_METRIC_PRESENT,1,M2026-04,M2026-04,0.0,2.0,0.0,0.0,UNALIGNED (creator snapshot window vs paid Apr-Aug closed months)
6704f6cf000000001902c0b1,小户型就不要做岛台了!否则用起来太香了,2024-10-10 17:00,video,54.0,CREATOR_PERFORMANCE_PRESENT,64.0,0.0,0.0,0.0,0.0,1,2,2,NOTE_PAID_METRIC_PRESENT,2,M2026-04,M2026-05,0.0,4.0,0.0,0.0,UNALIGNED (creator snapshot window vs paid Apr-Aug closed months)
6704f71a000000001902c846,不愧是我熬夜刷小红书抄的岛台🔥,2024-10-10 19:01,video,27.0,CREATOR_PERFORMANCE_PRESENT,54.0,1.0,1.0,0.0,0.0,1,2,2,NOTE_PAID_METRIC_PRESENT,2,M2026-04,M2026-05,0.0,3.0,0.0,0.0,UNALIGNED (creator snapshot window vs paid Apr-Aug closed months)
6704f799000000001902d4ed,被朋友夸爆的岛台还能这样设计😱,2024-10-10 21:00,video,60.0,CREATOR_PERFORMANCE_PRESENT,81.0,0.0,0.0,0.0,0.0,1,2,2,NOTE_PAID_METRIC_PRESENT,4,M2026-04,M2026-07,0.01,17.0,1.0,0.0,UNALIGNED (creator snapshot window vs paid Apr-Aug closed months)
670630e9000000001a023e3f,有了这款餐椅🪑终于实现梦想的岛台氛围,2024-10-11 17:00,video,34.0,CREATOR_PERFORMANCE_PRESENT,277.0,1.0,0.0,2.0,0.0,1,2,2,NOTE_PAID_METRIC_PRESENT,5,M2026-04,M2026-08,45.76,900.0,95.0,0.0,UNALIGNED (creator snapshot window vs paid Apr-Aug closed months)
670631aa000000001b02348f,90%小白都躲不掉的装修雷区!,2024-10-11 19:01,video,83.0,CREATOR_PERFORMANCE_PRESENT,29.0,0.0,0.0,0.0,0.0,1,2,2,PAID_ASSOCIATED_NO_METRIC_RECORD,0,,,,,,,UNALIGNED (creator snapshot window vs paid Apr-Aug closed months)
67063284000000001902cbff,"平平无奇的厨房,居然藏着收纳小秘密?!",2024-10-11 21:00,video,107.0,CREATOR_PERFORMANCE_PRESENT,36.0,0.0,0.0,0.0,0.0,1,2,2,NOTE_PAID_METRIC_PRESENT,2,M2026-04,M2026-05,0.01,2.0,1.0,0.0,UNALIGNED (creator snapshot window vs paid Apr-Aug closed months)
6707a3ea000000001902db4a,传统餐桌和岛台餐桌怎么选呢?,2024-10-12 17:00,video,78.0,CREATOR_PERFORMANCE_PRESENT,54.0,0.0,0.0,0.0,0.0,1,2,2,NOTE_PAID_METRIC_PRESENT,2,M2026-04,M2026-05,0.01,9.0,1.0,0.0,UNALIGNED (creator snapshot window vs paid Apr-Aug closed months)
6707a6c4000000001902e5bf,我家真的只有80平!!️小户型显大干货❗️,2024-10-12 19:00,video,32.0,CREATOR_PERFORMANCE_PRESENT,58.0,1.0,0.0,0.0,0.0,1,2,2,NOTE_PAID_METRIC_PRESENT,2,M2026-04,M2026-06,0.0,4.0,0.0,0.0,UNALIGNED (creator snapshot window vs paid Apr-Aug closed months)
6707a74c000000001b022b72,"装修岛台|小白蕞容易忽略,被忽悠的踩坑点",2024-10-12 21:00,video,48.0,CREATOR_PERFORMANCE_PRESENT,61.0,0.0,1.0,0.0,1.0,1,2,2,NOTE_PAID_METRIC_PRESENT,1,M2026-04,M2026-04,0.01,1.0,1.0,0.0,UNALIGNED (creator snapshot window vs paid Apr-Aug closed months)
6708c2b6000000001a020873,omg! 岛台配色中的王炸选手! !,2024-10-13 17:00,video,42.0,CREATOR_PERFORMANCE_PRESENT,43.0,0.0,0.0,0.0,0.0,1,2,2,NOTE_PAID_METRIC_PRESENT,4,M2026-04,M2026-07,0.0,6.0,0.0,0.0,UNALIGNED (creator snapshot window vs paid Apr-Aug closed months)
6708c366000000001902cba9,敲黑板❗️岛台水槽应该怎么装❓❓❓,2024-10-13 19:00,video,46.0,CREATOR_PERFORMANCE_PRESENT,44.0,0.0,0.0,0.0,0.0,0,0,0,NO_PAID_ASSOCIATION_OBSERVED,0,,,,,,,UNALIGNED (creator snapshot window vs paid Apr-Aug closed months)
6708c545000000001a023f08,你必须提前知道!!️岛台定制的6个细节🔥,2024-10-13 21:00,video,62.0,CREATOR_PERFORMANCE_PRESENT,49.0,1.0,0.0,0.0,0.0,1,2,2,NOTE_PAID_METRIC_PRESENT,1,M2026-05,M2026-05,0.0,2.0,0.0,0.0,UNALIGNED (creator snapshot window vs paid Apr-Aug closed months)
6708dcfb000000001902cdc0,"做完开放式厨房才知道,但是已经踩坑了...",2024-10-14 17:00,video,195.0,CREATOR_PERFORMANCE_PRESENT,111.0,2.0,2.0,0.0,1.0,1,2,2,NOTE_PAID_METRIC_PRESENT,5,M2026-04,M2026-08,6.16,100.0,13.0,0.0,UNALIGNED (creator snapshot window vs paid Apr-Aug closed months)
6708dde4000000001902e388,朋友来我家看到岛台不想走了....,2024-10-14 19:00,video,37.0,CREATOR_PERFORMANCE_PRESENT,72.0,0.0,0.0,0.0,1.0,1,2,2,NOTE_PAID_METRIC_PRESENT,4,M2026-04,M2026-08,0.0,8.0,0.0,0.0,UNALIGNED (creator snapshot window vs paid Apr-Aug closed months)
6708de50000000001b022a3f,"不要再做隔空电磁炉了,真的有风险💥",2024-10-14 21:00,video,66.0,CREATOR_PERFORMANCE_PRESENT,1950.0,5.0,4.0,0.0,8.0,0,0,0,NO_PAID_ASSOCIATION_OBSERVED,0,,,,,,,UNALIGNED (creator snapshot window vs paid Apr-Aug closed months)
670c6f600000000024015ad0,岛台茶桌不实用?,2024-10-15 17:00,video,147.0,CREATOR_PERFORMANCE_PRESENT,44.0,0.0,0.0,0.0,0.0,1,2,2,NOTE_PAID_METRIC_PRESENT,5,M2026-04,M2026-08,0.02,28.0,2.0,0.0,UNALIGNED (creator snapshot window vs paid Apr-Aug closed months)
670c7007000000002100809a,被催了 800 遍的中岛台十做十不做❗️,2024-10-15 19:00,video,134.0,CREATOR_PERFORMANCE_PRESENT,94.0,1.0,1.0,0.0,2.0,1,2,2,NOTE_PAID_METRIC_PRESENT,5,M2026-04,M2026-08,0.44,29.0,1.0,0.0,UNALIGNED (creator snapshot window vs paid Apr-Aug closed months)
670c715e0000000021008949,摊牌了!!️岛台餐桌测量攻略👉,2024-10-15 21:00,video,39.0,CREATOR_PERFORMANCE_PRESENT,57.0,2.0,1.0,0.0,0.0,1,2,2,NOTE_PAID_METRIC_PRESENT,5,M2026-04,M2026-08,1.54,17.0,3.0,0.0,UNALIGNED (creator snapshot window vs paid Apr-Aug closed months)
670ccf4b000000001b03f061,"邻居说别做开放式厨房,我不听劝...",2024-10-16 17:00,video,97.0,CREATOR_PERFORMANCE_PRESENT,92.0,0.0,1.0,0.0,0.0,1,2,2,NOTE_PAID_METRIC_PRESENT,3,M2026-04,M2026-08,0.92,54.0,8.0,0.0,UNALIGNED (creator snapshot window vs paid Apr-Aug closed months)
670ccfa7000000002100b5d5,假如装修内行人给自己装修做岛台...,2024-10-16 19:01,video,156.0,CREATOR_PERFORMANCE_PRESENT,39.0,0.0,2.0,0.0,0.0,1,2,2,NOTE_PAID_METRIC_PRESENT,3,M2026-04,M2026-06,0.17,4.0,1.0,0.0,UNALIGNED (creator snapshot window vs paid Apr-Aug closed months)
670ccfff0000000024015a30,一家三口住进75m2简约风小家也挺快乐的呀,2024-10-16 21:00,video,48.0,CREATOR_PERFORMANCE_PRESENT,44.0,0.0,0.0,0.0,0.0,1,2,2,NOTE_PAID_METRIC_PRESENT,4,M2026-04,M2026-08,0.02,24.0,2.0,0.0,UNALIGNED (creator snapshot window vs paid Apr-Aug closed months)
670e17cb000000001b03eb38,装修做岛台很多人都踩坑了!,2024-10-17 17:00,video,75.0,CREATOR_PERFORMANCE_PRESENT,37.0,0.0,0.0,0.0,0.0,1,2,2,PAID_ASSOCIATED_NO_METRIC_RECORD,0,,,,,,,UNALIGNED (creator snapshot window vs paid Apr-Aug closed months)
670e18c9000000002100569c,小户型岛台要牢记🔘这6点照着做就对了✅,2024-10-17 19:01,video,102.0,CREATOR_PERFORMANCE_PRESENT,59.0,0.0,0.0,0.0,1.0,1,2,2,PAID_ASSOCIATED_NO_METRIC_RECORD,0,,,,,,,UNALIGNED (creator snapshot window vs paid Apr-Aug closed months)
670e198400000000240193e3,Dream house |超舒服的小家🏡,2024-10-17 21:00,video,31.0,CREATOR_PERFORMANCE_PRESENT,38.0,0.0,0.0,0.0,0.0,1,2,2,PAID_ASSOCIATED_NO_METRIC_RECORD,0,,,,,,,UNALIGNED (creator snapshot window vs paid Apr-Aug closed months)
670f7a700000000026034bdf,放弃餐桌做了岛台!没想到岛台这么实用👌,2024-10-18 17:01,video,53.0,CREATOR_PERFORMANCE_PRESENT,52.0,0.0,0.0,2.0,0.0,1,2,2,NOTE_PAID_METRIC_PRESENT,1,M2026-04,M2026-04,0.0,2.0,0.0,0.0,UNALIGNED (creator snapshot window vs paid Apr-Aug closed months)
670f7aec000000001b03d8ba,9命 开放式厨房踩了油烟的坑😭,2024-10-18 19:01,video,59.0,CREATOR_PERFORMANCE_PRESENT,139.0,1.0,0.0,0.0,1.0,1,2,2,NOTE_PAID_METRIC_PRESENT,5,M2026-04,M2026-08,5.66,155.0,23.0,0.0,UNALIGNED (creator snapshot window vs paid Apr-Aug closed months)
670f7b440000000021009b77,"岛台入户后,在我家被围观了.....",2024-10-18 21:00,video,35.0,CREATOR_PERFORMANCE_PRESENT,363.0,0.0,1.0,6.0,1.0,1,2,2,NOTE_PAID_METRIC_PRESENT,5,M2026-04,M2026-08,11.27,434.0,60.0,0.0,UNALIGNED (creator snapshot window vs paid Apr-Aug closed months)
6710dd2a0000000024019e57,"岛台沟通两个月,尺寸还是翻车了😭😭",2024-10-19 17:00,video,111.0,CREATOR_PERFORMANCE_PRESENT,84.0,1.0,1.0,0.0,0.0,1,2,2,NOTE_PAID_METRIC_PRESENT,3,M2026-04,M2026-08,2.01,18.0,3.0,0.0,UNALIGNED (creator snapshot window vs paid Apr-Aug closed months)
6710dd830000000021005a44,谁做旋转岛台谁知道!真香~,2024-10-19 19:00,video,57.0,CREATOR_PERFORMANCE_PRESENT,88.0,0.0,1.0,0.0,0.0,1,2,2,NOTE_PAID_METRIC_PRESENT,3,M2026-04,M2026-06,0.03,17.0,2.0,0.0,UNALIGNED (creator snapshot window vs paid Apr-Aug closed months)
6710de2a000000001b03c629,岛台水电布局翻车了😭,2024-10-19 21:00,video,78.0,CREATOR_PERFORMANCE_PRESENT,86.0,1.0,1.0,0.0,0.0,0,0,0,NO_PAID_ASSOCIATION_OBSERVED,0,,,,,,,UNALIGNED (creator snapshot window vs paid Apr-Aug closed months)
671209d20000000024017f2e,"😭😭伸缩岛台踩坑,我快哭死了",2024-10-20 17:00,video,69.0,CREATOR_PERFORMANCE_PRESENT,34.0,0.0,0.0,0.0,0.0,1,2,2,PAID_ASSOCIATED_NO_METRIC_RECORD,0,,,,,,,UNALIGNED (creator snapshot window vs paid Apr-Aug closed months)
67120a540000000021004c76,怎么没有人告诉我岛台灯光怎么布局啊?,2024-10-20 19:00,video,55.0,CREATOR_PERFORMANCE_PRESENT,48.0,0.0,0.0,0.0,0.0,0,0,0,NO_PAID_ASSOCIATION_OBSERVED,0,,,,,,,UNALIGNED (creator snapshot window vs paid Apr-Aug closed months)
67120ab1000000001b03f5db,小户型岛台入户后...,2024-10-20 21:00,video,76.0,CREATOR_PERFORMANCE_PRESENT,61.0,0.0,0.0,0.0,1.0,1,2,2,NOTE_PAID_METRIC_PRESENT,1,M2026-05,M2026-05,0.0,1.0,0.0,0.0,UNALIGNED (creator snapshot window vs paid Apr-Aug closed months)
671228780000000021000351,岛台岩板选哑光还是亮光呢?,2024-10-21 17:00,video,65.0,CREATOR_PERFORMANCE_PRESENT,367.0,0.0,0.0,0.0,1.0,1,2,2,NOTE_PAID_METRIC_PRESENT,5,M2026-04,M2026-08,5.4,501.0,98.0,0.0,UNALIGNED (creator snapshot window vs paid Apr-Aug closed months)
671228c20000000026036fac,"幸亏没听我妈的,做了岛台...",2024-10-21 19:00,video,87.0,CREATOR_PERFORMANCE_PRESENT,49.0,0.0,0.0,0.0,0.0,1,2,2,NOTE_PAID_METRIC_PRESENT,3,M2026-04,M2026-08,0.04,4.0,1.0,0.0,UNALIGNED (creator snapshot window vs paid Apr-Aug closed months)
6712290d000000001b03f879,小红📖上定的岛台翻车了吗?,2024-10-21 21:00,video,117.0,CREATOR_PERFORMANCE_PRESENT,78.0,3.0,1.0,0.0,0.0,1,2,2,NOTE_PAID_METRIC_PRESENT,1,M2026-04,M2026-04,0.0,1.0,0.0,0.0,UNALIGNED (creator snapshot window vs paid Apr-Aug closed months)
67123f100000000021003d08,"99%的人都会踩的坑,我已中招,希望你不会",2024-10-22 17:00,video,149.0,CREATOR_PERFORMANCE_PRESENT,45.0,2.0,3.0,0.0,1.0,1,2,2,NOTE_PAID_METRIC_PRESENT,3,M2026-04,M2026-07,0.0,5.0,0.0,0.0,UNALIGNED (creator snapshot window vs paid Apr-Aug closed months)
67123f7f0000000024018cc0,小户型也可以拥有梦中岛台❗️附细节尺寸✨,2024-10-22 19:00,video,29.0,CREATOR_PERFORMANCE_PRESENT,87.0,0.0,0.0,0.0,0.0,1,2,2,NOTE_PAID_METRIC_PRESENT,2,M2026-04,M2026-08,0.05,2.0,1.0,0.0,UNALIGNED (creator snapshot window vs paid Apr-Aug closed months)
671240360000000021000888,"岛台不好好选灯,翻车翻岛邻居家😭😭",2024-10-22 21:00,video,60.0,CREATOR_PERFORMANCE_PRESENT,62.0,2.0,0.0,0.0,1.0,0,0,0,NO_PAID_ASSOCIATION_OBSERVED,0,,,,,,,UNALIGNED (creator snapshot window vs paid Apr-Aug closed months)
67175702000000002100023f,装修的坑根本踩不完...坑坑哭晕在厕所...,2024-10-23 17:00,video,158.0,CREATOR_PERFORMANCE_PRESENT,50.0,0.0,0.0,0.0,0.0,1,2,2,NOTE_PAID_METRIC_PRESENT,1,M2026-05,M2026-05,0.0,1.0,0.0,0.0,UNALIGNED (creator snapshot window vs paid Apr-Aug closed months)
6717576700000000260370f7,"不到4平的餐厅,我硬要配岛台餐桌的后果...",2024-10-23 19:01,video,31.0,CREATOR_PERFORMANCE_PRESENT,41.0,0.0,0.0,0.0,0.0,1,2,2,NOTE_PAID_METRIC_PRESENT,2,M2026-04,M2026-05,0.0,3.0,0.0,0.0,UNALIGNED (creator snapshot window vs paid Apr-Aug closed months)
671757e3000000001b03fc15,"😨岛台的坑,比我想象的还要多!🥹",2024-10-23 21:00,video,81.0,CREATOR_PERFORMANCE_PRESENT,70.0,1.0,0.0,0.0,0.0,1,2,2,NOTE_PAID_METRIC_PRESENT,1,M2026-08,M2026-08,0.0,1.0,0.0,0.0,UNALIGNED (creator snapshot window vs paid Apr-Aug closed months)
6718ab00000000002401b0f6,后悔装极简风了💔真的很容易翻车😭,2024-10-24 17:01,video,133.0,CREATOR_PERFORMANCE_PRESENT,73.0,1.0,0.0,0.0,0.0,1,2,2,NOTE_PAID_METRIC_PRESENT,3,M2026-05,M2026-08,0.01,3.0,1.0,0.0,UNALIGNED (creator snapshot window vs paid Apr-Aug closed months)
6718abc70000000021009845,我怎么没早点看到岛台收纳🔥,2024-10-24 19:01,video,65.0,CREATOR_PERFORMANCE_PRESENT,109.0,0.0,1.0,2.0,1.0,1,2,2,NOTE_PAID_METRIC_PRESENT,5,M2026-04,M2026-08,2.63,101.0,8.0,0.0,UNALIGNED (creator snapshot window vs paid Apr-Aug closed months)
6718ac3a0000000021009cbb,岛台内嵌烤箱很鸡肋❓,2024-10-24 21:00,video,44.0,CREATOR_PERFORMANCE_PRESENT,114.0,1.0,0.0,0.0,0.0,0,0,0,NO_PAID_ASSOCIATION_OBSERVED,0,,,,,,,UNALIGNED (creator snapshot window vs paid Apr-Aug closed months)
6718bfc80000000024017edc,没想到厨房zui容易踩坑的居然是....,2024-10-25 12:01,video,60.0,CREATOR_PERFORMANCE_PRESENT,86.0,0.0,0.0,0.0,0.0,1,2,2,NOTE_PAID_METRIC_PRESENT,2,M2026-04,M2026-06,0.01,2.0,1.0,0.0,UNALIGNED (creator snapshot window vs paid Apr-Aug closed months)
6718c00b0000000024018b4e,"岛台动线留不好,空间也太局促了吧🤯....",2024-10-25 15:00,video,70.0,CREATOR_PERFORMANCE_PRESENT,97.0,0.0,0.0,0.0,0.0,1,2,2,NOTE_PAID_METRIC_PRESENT,4,M2026-04,M2026-08,0.02,8.0,2.0,0.0,UNALIGNED (creator snapshot window vs paid Apr-Aug closed months)
6718c0aa0000000021004924,小户型岛台不实用?无法拒绝岛台的理由!,2024-10-25 17:01,video,74.0,CREATOR_PERFORMANCE_PRESENT,55.0,1.0,2.0,0.0,0.0,1,2,2,NOTE_PAID_METRIC_PRESENT,5,M2026-04,M2026-08,0.0,13.0,0.0,0.0,UNALIGNED (creator snapshot window vs paid Apr-Aug closed months)
6719f756000000002100616b,跟风做了个岛台翻车了!避坑攻略收好👉,2024-10-26 11:58,video,163.0,CREATOR_PERFORMANCE_PRESENT,57.0,0.0,0.0,0.0,1.0,1,2,2,PAID_ASSOCIATED_NO_METRIC_RECORD,0,,,,,,,UNALIGNED (creator snapshot window vs paid Apr-Aug closed months)
6719f7eb0000000026034e27,没想到岛台尺寸翻车了😭,2024-10-26 14:58,video,153.0,CREATOR_PERFORMANCE_PRESENT,65.0,0.0,1.0,0.0,0.0,1,2,2,NOTE_PAID_METRIC_PRESENT,3,M2026-04,M2026-06,0.0,33.0,0.0,0.0,UNALIGNED (creator snapshot window vs paid Apr-Aug closed months)
6719f854000000002401b794,"套内只有75平,做了岛台惊呆了😱",2024-10-26 17:00,video,67.0,CREATOR_PERFORMANCE_PRESENT,83.0,0.0,0.0,0.0,1.0,1,2,2,NOTE_PAID_METRIC_PRESENT,5,M2026-04,M2026-08,0.23,13.0,2.0,0.0,UNALIGNED (creator snapshot window vs paid Apr-Aug closed months)
671a1d840000000021007489,放弃餐桌做岛台我后悔了吗?,2024-10-27 12:01,video,49.0,CREATOR_PERFORMANCE_PRESENT,105.0,3.0,2.0,0.0,0.0,1,2,2,NOTE_PAID_METRIC_PRESENT,3,M2026-05,M2026-07,0.0,10.0,0.0,0.0,UNALIGNED (creator snapshot window vs paid Apr-Aug closed months)
671a1e8200000000210035b5,岛台是真鸡肋还是真实用?,2024-10-27 15:00,video,71.0,CREATOR_PERFORMANCE_PRESENT,69.0,0.0,1.0,0.0,0.0,1,2,2,NOTE_PAID_METRIC_PRESENT,4,M2026-04,M2026-07,0.08,7.0,2.0,0.0,UNALIGNED (creator snapshot window vs paid Apr-Aug closed months)
671ae7e4000000001b03d2eb,岛台验收居然翻车了😓,2024-10-27 17:00,video,70.0,CREATOR_PERFORMANCE_PRESENT,100.0,1.0,0.0,0.0,0.0,1,2,2,NOTE_PAID_METRIC_PRESENT,4,M2026-04,M2026-08,0.0,8.0,0.0,0.0,UNALIGNED (creator snapshot window vs paid Apr-Aug closed months)
671b4f78000000002100b648,岛台装修的坑真是防不胜防啊😭,2024-10-28 12:01,video,125.0,CREATOR_PERFORMANCE_PRESENT,89.0,0.0,1.0,0.0,0.0,1,2,2,NOTE_PAID_METRIC_PRESENT,1,M2026-05,M2026-05,0.0,1.0,0.0,0.0,UNALIGNED (creator snapshot window vs paid Apr-Aug closed months)
671b4fb80000000021000b4e,藏不住了🔥小户型横厅飘窗岛台💓,2024-10-28 15:00,video,37.0,CREATOR_PERFORMANCE_PRESENT,637.0,3.0,8.0,0.0,7.0,1,2,2,NOTE_PAID_METRIC_PRESENT,5,M2026-04,M2026-08,17.39,745.0,119.0,0.0,UNALIGNED (creator snapshot window vs paid Apr-Aug closed months)
671b51d000000000210020d9,选岛台必做功课!码住这篇!别花冤枉钱!,2024-10-28 17:00,video,111.0,CREATOR_PERFORMANCE_PRESENT,51.0,0.0,1.0,0.0,0.0,1,2,2,PAID_ASSOCIATED_NO_METRIC_RECORD,0,,,,,,,UNALIGNED (creator snapshot window vs paid Apr-Aug closed months)
671b686800000000210089fc,"听劝!第一次做岛台,后期全是坑!!但是..",2024-10-29 12:01,video,153.0,CREATOR_PERFORMANCE_PRESENT,185.0,8.0,11.0,1.0,2.0,1,2,2,NOTE_PAID_METRIC_PRESENT,3,M2026-04,M2026-06,0.3,20.0,2.0,0.0,UNALIGNED (creator snapshot window vs paid Apr-Aug closed months)
671b68b30000000021006d0e,"做完开放式厨房才知道,但是已经踩坑了...",2024-10-29 15:00,video,83.0,CREATOR_PERFORMANCE_PRESENT,218.0,2.0,1.0,0.0,0.0,1,2,2,NOTE_PAID_METRIC_PRESENT,5,M2026-04,M2026-08,9.58,189.0,33.0,0.0,UNALIGNED (creator snapshot window vs paid Apr-Aug closed months)
671b693c00000000240172e9,小户型坚持要做岛台....,2024-10-29 21:00,video,29.0,CREATOR_PERFORMANCE_PRESENT,82.0,1.0,0.0,0.0,0.0,1,2,2,NOTE_PAID_METRIC_PRESENT,3,M2026-04,M2026-06,0.16,32.0,4.0,0.0,UNALIGNED (creator snapshot window vs paid Apr-Aug closed months)
671c963b00000000260340ee,"岛台坑不坑,入住后说了算😡|装修避坑",2024-10-30 17:00,video,138.0,CREATOR_PERFORMANCE_PRESENT,48.0,0.0,1.0,0.0,0.0,1,2,2,PAID_ASSOCIATED_NO_METRIC_RECORD,0,,,,,,,UNALIGNED (creator snapshot window vs paid Apr-Aug closed months)
671c96b200000000260345a4,超实用岛台收纳❗️小户型也能有大空间,2024-10-30 19:01,video,59.0,CREATOR_PERFORMANCE_PRESENT,714.0,3.0,2.0,2.0,4.0,1,2,2,NOTE_PAID_METRIC_PRESENT,5,M2026-04,M2026-08,17.92,492.0,73.0,0.0,UNALIGNED (creator snapshot window vs paid Apr-Aug closed months)
671c981700000000240179ae,"这6大设计别踩坑,谁踩坑谁后悔😭😭",2024-10-30 17:00,video,83.0,CREATOR_PERFORMANCE_PRESENT,47.0,0.0,0.0,0.0,0.0,1,2,2,NOTE_PAID_METRIC_PRESENT,1,M2026-08,M2026-08,0.0,1.0,0.0,0.0,UNALIGNED (creator snapshot window vs paid Apr-Aug closed months)
671e0f5c0000000021005359,入住三个月后才发现岛台被坑惨了😭,2024-10-31 21:00,video,154.0,CREATOR_PERFORMANCE_PRESENT,194.0,0.0,1.0,0.0,0.0,0,0,0,NO_PAID_ASSOCIATION_OBSERVED,0,,,,,,,UNALIGNED (creator snapshot window vs paid Apr-Aug closed months)
671e1238000000001b03dca9,岛台可以代替餐桌吗?,2024-10-31 19:00,video,88.0,CREATOR_PERFORMANCE_PRESENT,74.0,0.0,0.0,0.0,0.0,1,2,2,NOTE_PAID_METRIC_PRESENT,2,M2026-05,M2026-06,0.0,3.0,0.0,0.0,UNALIGNED (creator snapshot window vs paid Apr-Aug closed months)
671e12ff00000000210076f5,小户型才懂😭进门放个岛台餐桌好用到哭,2024-10-31 17:00,video,41.0,CREATOR_PERFORMANCE_PRESENT,83.0,0.0,1.0,0.0,1.0,1,2,2,NOTE_PAID_METRIC_PRESENT,5,M2026-04,M2026-08,0.01,17.0,1.0,0.0,UNALIGNED (creator snapshot window vs paid Apr-Aug closed months)
6721ad85000000001b02ad96,新房入住一年后!你会发现岛台真的很香,2024-11-01 17:00,video,153.0,CREATOR_PERFORMANCE_PRESENT,54.0,0.0,0.0,0.0,0.0,1,2,2,PAID_ASSOCIATED_NO_METRIC_RECORD,0,,,,,,,UNALIGNED (creator snapshot window vs paid Apr-Aug closed months)
6721ae13000000001b0126c3,好用真的说累了😫岛台真是我的心头好!!,2024-11-01 19:01,video,30.0,CREATOR_PERFORMANCE_PRESENT,68.0,0.0,0.0,0.0,0.0,1,2,2,NOTE_PAID_METRIC_PRESENT,3,M2026-04,M2026-07,0.0,5.0,0.0,0.0,UNALIGNED (creator snapshot window vs paid Apr-Aug closed months)
6721ae8a000000001b02e61d,L 型伸缩岛台真的好实用😍,2024-11-01 21:00,video,54.0,CREATOR_PERFORMANCE_PRESENT,115.0,3.0,1.0,0.0,0.0,1,2,2,NOTE_PAID_METRIC_PRESENT,3,M2026-04,M2026-07,0.0,7.0,0.0,0.0,UNALIGNED (creator snapshot window vs paid Apr-Aug closed months)
6721dc0d0000000019017a30,"等了快两个月做出来的岛台,丑到爆哭😭",2024-11-02 17:00,video,172.0,CREATOR_PERFORMANCE_PRESENT,110.0,2.0,0.0,0.0,1.0,1,2,2,NOTE_PAID_METRIC_PRESENT,3,M2026-04,M2026-06,0.0,16.0,0.0,0.0,UNALIGNED (creator snapshot window vs paid Apr-Aug closed months)
6721dd3700000000190193ac,岛台翻车😫好廉价,2024-11-02 19:00,video,43.0,CREATOR_PERFORMANCE_PRESENT,80.0,0.0,1.0,0.0,0.0,1,2,2,NOTE_PAID_METRIC_PRESENT,3,M2026-04,M2026-06,0.29,6.0,2.0,0.0,UNALIGNED (creator snapshot window vs paid Apr-Aug closed months)
6721dd850000000019014ad3,这几个装修的坑🙄你们避一避❗️,2024-11-02 21:00,video,85.0,CREATOR_PERFORMANCE_PRESENT,89.0,1.0,0.0,0.0,0.0,1,2,2,PAID_ASSOCIATED_NO_METRIC_RECORD,0,,,,,,,UNALIGNED (creator snapshot window vs paid Apr-Aug closed months)
67233adb000000001b02a1cb,没错!这就是全网我最爱的岛台了,2024-11-03 17:00,video,57.0,CREATOR_PERFORMANCE_PRESENT,58.0,0.0,1.0,0.0,0.0,1,2,2,NOTE_PAID_METRIC_PRESENT,4,M2026-04,M2026-08,0.0,5.0,0.0,0.0,UNALIGNED (creator snapshot window vs paid Apr-Aug closed months)
67233b5c000000001b02caaf,再见了传统餐桌👋,2024-11-03 19:00,video,68.0,CREATOR_PERFORMANCE_PRESENT,63.0,1.0,0.0,0.0,0.0,1,2,2,NOTE_PAID_METRIC_PRESENT,1,M2026-05,M2026-05,0.0,3.0,0.0,0.0,UNALIGNED (creator snapshot window vs paid Apr-Aug closed months)
67233baf0000000019016ec3,为什么不做餐桌做岛台?,2024-11-03 21:00,video,68.0,CREATOR_PERFORMANCE_PRESENT,73.0,0.0,0.0,0.0,0.0,1,2,2,NOTE_PAID_METRIC_PRESENT,2,M2026-05,M2026-08,0.01,2.0,1.0,0.0,UNALIGNED (creator snapshot window vs paid Apr-Aug closed months)
67234cc1000000001b028382,"太赞了,很难拒绝这个岛台+茶桌❗️",2024-11-04 17:00,video,143.0,CREATOR_PERFORMANCE_PRESENT,229.0,0.0,0.0,0.0,1.0,1,2,2,NOTE_PAID_METRIC_PRESENT,5,M2026-04,M2026-08,0.65,115.0,16.0,0.0,UNALIGNED (creator snapshot window vs paid Apr-Aug closed months)
67234d6e000000001a01ca79,救命❗️❗️❗️岛台这些坑怎么没人提❓❓,2024-11-04 19:00,video,88.0,CREATOR_PERFORMANCE_PRESENT,169.0,6.0,9.0,0.0,7.0,1,2,2,NOTE_PAID_METRIC_PRESENT,5,M2026-04,M2026-08,0.27,32.0,5.0,0.0,UNALIGNED (creator snapshot window vs paid Apr-Aug closed months)
67234df4000000001b0101ad,跟风做了个岛台...,2024-11-04 21:00,video,49.0,CREATOR_PERFORMANCE_PRESENT,67.0,0.0,0.0,0.0,1.0,1,2,2,NOTE_PAID_METRIC_PRESENT,2,M2026-04,M2026-05,0.0,3.0,0.0,0.0,UNALIGNED (creator snapshot window vs paid Apr-Aug closed months)
6728779c000000001b012d82,岛台餐椅咋配呢?一招搞定搭配😎,2024-11-05 17:00,video,31.0,CREATOR_PERFORMANCE_PRESENT,144.0,2.0,1.0,0.0,1.0,0,0,0,NO_PAID_ASSOCIATION_OBSERVED,0,,,,,,,UNALIGNED (creator snapshot window vs paid Apr-Aug closed months)
67287871000000001a01d18f,做岛台没人敢说的实话秘️....,2024-11-05 19:01,video,91.0,CREATOR_PERFORMANCE_PRESENT,93.0,2.0,3.0,1.0,2.0,1,2,2,NOTE_PAID_METRIC_PRESENT,3,M2026-04,M2026-06,0.66,7.0,1.0,0.0,UNALIGNED (creator snapshot window vs paid Apr-Aug closed months)
67287a4b000000001901afbf,为什么岛台这么流行?,2024-11-05 21:00,video,78.0,CREATOR_PERFORMANCE_PRESENT,62.0,2.0,2.0,0.0,0.0,1,2,2,NOTE_PAID_METRIC_PRESENT,1,M2026-07,M2026-07,0.0,1.0,0.0,0.0,UNALIGNED (creator snapshot window vs paid Apr-Aug closed months)
672889300000000019019cda,做了开放式厨房肠子都悔青了!,2024-11-06 17:00,video,70.0,CREATOR_PERFORMANCE_PRESENT,269.0,1.0,0.0,0.0,1.0,1,2,2,NOTE_PAID_METRIC_PRESENT,5,M2026-04,M2026-08,1.79,52.0,6.0,0.0,UNALIGNED (creator snapshot window vs paid Apr-Aug closed months)
67288a21000000001b028ca8,"听我一句劝,小户型就做岛台",2024-11-06 19:01,video,66.0,CREATOR_PERFORMANCE_PRESENT,83.0,0.0,0.0,0.0,1.0,1,2,2,NOTE_PAID_METRIC_PRESENT,3,M2026-04,M2026-08,0.15,26.0,3.0,0.0,UNALIGNED (creator snapshot window vs paid Apr-Aug closed months)
67288a8b000000001901ad29,"岛台安装水槽, 太容易踩坑了❗",2024-11-06 21:00,video,45.0,CREATOR_PERFORMANCE_PRESENT,1387.0,2.0,10.0,0.0,3.0,0,0,0,NO_PAID_ASSOCIATION_OBSERVED,0,,,,,,,UNALIGNED (creator snapshot window vs paid Apr-Aug closed months)
672add42000000001901b372,答应我!下次装修还要选择岛台餐桌一体😍,2024-11-07 17:00,video,37.0,CREATOR_PERFORMANCE_PRESENT,139.0,0.0,1.0,0.0,3.0,1,2,2,NOTE_PAID_METRIC_PRESENT,5,M2026-04,M2026-08,4.17,118.0,10.0,0.0,UNALIGNED (creator snapshot window vs paid Apr-Aug closed months)
672addc0000000001b011e3e,拒绝空心岛台❌岛台避坑指南🔥,2024-11-07 19:01,video,63.0,CREATOR_PERFORMANCE_PRESENT,61.0,0.0,0.0,0.0,0.0,1,2,2,NOTE_PAID_METRIC_PRESENT,1,M2026-08,M2026-08,0.0,1.0,0.0,0.0,UNALIGNED (creator snapshot window vs paid Apr-Aug closed months)
672ade53000000001b02cd18,岛台入户后悔了😭.....,2024-11-07 21:00,video,115.0,CREATOR_PERFORMANCE_PRESENT,83.0,3.0,2.0,0.0,0.0,1,2,2,NOTE_PAID_METRIC_PRESENT,4,M2026-04,M2026-07,0.04,17.0,2.0,0.0,UNALIGNED (creator snapshot window vs paid Apr-Aug closed months)
672ae9e5000000001901bda0,"做岛台的家人们,听我一句劝!",2024-11-08 17:01,video,152.0,CREATOR_PERFORMANCE_PRESENT,58.0,1.0,2.0,0.0,0.0,1,2,2,PAID_ASSOCIATED_NO_METRIC_RECORD,0,,,,,,,UNALIGNED (creator snapshot window vs paid Apr-Aug closed months)
672aea54000000001b02afc5,年轻人的岛台装修5条干货🔥教你提前避坑,2024-11-08 19:01,video,68.0,CREATOR_PERFORMANCE_PRESENT,74.0,0.0,0.0,0.0,1.0,1,2,2,PAID_ASSOCIATED_NO_METRIC_RECORD,0,,,,,,,UNALIGNED (creator snapshot window vs paid Apr-Aug closed months)
672aeaa2000000001b02b2d0,为什么不做餐桌?,2024-11-08 21:00,video,30.0,CREATOR_PERFORMANCE_PRESENT,79.0,1.0,0.0,0.0,0.0,1,2,2,NOTE_PAID_METRIC_PRESENT,1,M2026-05,M2026-05,0.0,1.0,0.0,0.0,UNALIGNED (creator snapshot window vs paid Apr-Aug closed months)
672c2cfd00000000190176e7,岛台尺寸翻车🚥真不是少数人❗️,2024-11-09 17:00,video,117.0,CREATOR_PERFORMANCE_PRESENT,93.0,1.0,2.0,0.0,5.0,1,2,2,NOTE_PAID_METRIC_PRESENT,5,M2026-04,M2026-08,0.26,10.0,2.0,0.0,UNALIGNED (creator snapshot window vs paid Apr-Aug closed months)
672c3244000000001b02ca09,别忽略岛台灯光的重要性💡,2024-11-09 19:00,video,70.0,CREATOR_PERFORMANCE_PRESENT,60.0,0.0,1.0,0.0,0.0,0,0,0,NO_PAID_ASSOCIATION_OBSERVED,0,,,,,,,UNALIGNED (creator snapshot window vs paid Apr-Aug closed months)
672c32a2000000001b02ce3f,"✨小户型也可以拥有,实用功能非常强大❗️",2024-11-09 21:00,video,25.0,CREATOR_PERFORMANCE_PRESENT,89.0,0.0,0.0,0.0,0.0,1,2,2,NOTE_PAID_METRIC_PRESENT,3,M2026-04,M2026-06,0.0,17.0,0.0,0.0,UNALIGNED (creator snapshot window vs paid Apr-Aug closed months)
672c54d8000000001901413b,开放式厨房的网红设计 太鸡肋了😭,2024-11-10 17:00,video,80.0,CREATOR_PERFORMANCE_PRESENT,759.0,4.0,3.0,0.0,3.0,1,2,2,NOTE_PAID_METRIC_PRESENT,5,M2026-04,M2026-08,17.58,864.0,173.0,1.0,UNALIGNED (creator snapshot window vs paid Apr-Aug closed months)
672c55d2000000001b02bcf3,我家岛台火了🔥,2024-11-10 19:00,video,27.0,CREATOR_PERFORMANCE_PRESENT,87.0,0.0,0.0,0.0,0.0,1,2,2,PAID_ASSOCIATED_NO_METRIC_RECORD,0,,,,,,,UNALIGNED (creator snapshot window vs paid Apr-Aug closed months)
672c566e000000001b02e654,岛台选哑光还是亮光好呢?,2024-11-10 21:00,video,62.0,CREATOR_PERFORMANCE_PRESENT,206.0,0.0,1.0,0.0,1.0,1,2,2,NOTE_PAID_METRIC_PRESENT,5,M2026-04,M2026-08,2.18,50.0,4.0,0.0,UNALIGNED (creator snapshot window vs paid Apr-Aug closed months)
6730802e000000001a01cb7c,装修处处都是坑之岛台尺寸避坑😭,2024-11-11 17:00,video,102.0,CREATOR_PERFORMANCE_PRESENT,88.0,2.0,2.0,0.0,1.0,1,2,2,NOTE_PAID_METRIC_PRESENT,2,M2026-05,M2026-06,0.0,3.0,0.0,0.0,UNALIGNED (creator snapshot window vs paid Apr-Aug closed months)
67308083000000001a01cf2f,普通人装的法式家丨谁能拒绝此刻的幸福感✨,2024-11-11 19:01,video,31.0,CREATOR_PERFORMANCE_PRESENT,71.0,0.0,0.0,0.0,0.0,1,2,2,PAID_ASSOCIATED_NO_METRIC_RECORD,0,,,,,,,UNALIGNED (creator snapshot window vs paid Apr-Aug closed months)
673080f4000000001b013614,这是我翻遍了小红书装出来的奶油风🏠,2024-11-11 21:00,video,114.0,CREATOR_PERFORMANCE_PRESENT,76.0,2.0,0.0,0.0,0.0,1,2,2,NOTE_PAID_METRIC_PRESENT,3,M2026-04,M2026-06,0.0,10.0,0.0,0.0,UNALIGNED (creator snapshot window vs paid Apr-Aug closed months)
6731a15a000000001901ba13,我宣布 装修醉容易翻车的是岛台...,2024-11-12 17:00,video,77.0,CREATOR_PERFORMANCE_PRESENT,50.0,2.0,3.0,0.0,0.0,1,2,2,PAID_ASSOCIATED_NO_METRIC_RECORD,0,,,,,,,UNALIGNED (creator snapshot window vs paid Apr-Aug closed months)
6731a8c40000000019017c0c,不是国外!在广东!好有氛围感啊!!!🥹,2024-11-12 19:01,video,34.0,CREATOR_PERFORMANCE_PRESENT,71.0,0.0,0.0,0.0,2.0,1,2,2,NOTE_PAID_METRIC_PRESENT,1,M2026-06,M2026-06,0.0,2.0,0.0,0.0,UNALIGNED (creator snapshot window vs paid Apr-Aug closed months)
6731a9510000000019018f3f,被问爆的网红奶油风岛台🎊效果真的绝,2024-11-12 21:00,video,26.0,CREATOR_PERFORMANCE_PRESENT,95.0,0.0,0.0,0.0,0.0,1,2,2,NOTE_PAID_METRIC_PRESENT,3,M2026-04,M2026-08,0.04,4.0,1.0,0.0,UNALIGNED (creator snapshot window vs paid Apr-Aug closed months)
67330eb40000000019017f65,圆弧岛台|奶油风都给我冲!,2024-11-13 17:01,video,80.0,CREATOR_PERFORMANCE_PRESENT,96.0,4.0,2.0,0.0,0.0,1,2,2,NOTE_PAID_METRIC_PRESENT,5,M2026-04,M2026-08,0.9,28.0,2.0,0.0,UNALIGNED (creator snapshot window vs paid Apr-Aug closed months)
67330f2b000000001b02d91f,沙发不靠墙🧱做个沙发后的隔断吧岛台,2024-11-15 19:02,video,86.0,CREATOR_PERFORMANCE_PRESENT,458.0,1.0,4.0,0.0,0.0,1,2,2,NOTE_PAID_METRIC_PRESENT,5,M2026-04,M2026-08,2.96,393.0,49.0,1.0,UNALIGNED (creator snapshot window vs paid Apr-Aug closed months)
673310ad000000001b029070,牢记这些尺寸!岛台设计绝对不翻车🔥,2024-11-13 21:00,video,101.0,CREATOR_PERFORMANCE_PRESENT,224.0,3.0,2.0,0.0,0.0,1,2,2,NOTE_PAID_METRIC_PRESENT,4,M2026-04,M2026-08,0.01,9.0,1.0,0.0,UNALIGNED (creator snapshot window vs paid Apr-Aug closed months)
673311a3000000001b029b60,被几万人看过的哇塞岛台!快来抄作业吧📝,2024-11-14 17:00,video,70.0,CREATOR_PERFORMANCE_PRESENT,65.0,0.0,1.0,0.0,0.0,1,2,2,PAID_ASSOCIATED_NO_METRIC_RECORD,0,,,,,,,UNALIGNED (creator snapshot window vs paid Apr-Aug closed months)
67331226000000001b0107e2,"网购岛台,我后悔了!",2024-11-14 19:01,video,50.0,CREATOR_PERFORMANCE_PRESENT,75.0,0.0,0.0,0.0,0.0,1,2,2,NOTE_PAID_METRIC_PRESENT,3,M2026-04,M2026-06,0.0,9.0,0.0,0.0,UNALIGNED (creator snapshot window vs paid Apr-Aug closed months)
673312f9000000001b011208,后悔做了岛台...,2024-11-14 21:00,video,75.0,CREATOR_PERFORMANCE_PRESENT,71.0,0.0,0.0,0.0,0.0,1,2,2,NOTE_PAID_METRIC_PRESENT,3,M2026-04,M2026-06,0.0,4.0,0.0,0.0,UNALIGNED (creator snapshot window vs paid Apr-Aug closed months)
673465a90000000019019a30,有了这款岛台🪑终于实现梦想的岛台氛围,2024-11-15 17:01,video,33.0,CREATOR_PERFORMANCE_PRESENT,76.0,0.0,0.0,0.0,0.0,1,2,2,NOTE_PAID_METRIC_PRESENT,2,M2026-04,M2026-05,0.0,2.0,0.0,0.0,UNALIGNED (creator snapshot window vs paid Apr-Aug closed months)
673465f0000000001b02df86,新家入住半年后....,2024-11-15 19:01,video,62.0,CREATOR_PERFORMANCE_PRESENT,64.0,2.0,1.0,0.0,0.0,1,2,2,PAID_ASSOCIATED_NO_METRIC_RECORD,0,,,,,,,UNALIGNED (creator snapshot window vs paid Apr-Aug closed months)
67346646000000001901a207,小户型放岛台餐桌简直不要太好看呀🔥,2024-11-15 21:00,video,23.0,CREATOR_PERFORMANCE_PRESENT,71.0,0.0,0.0,0.0,0.0,1,2,2,NOTE_PAID_METRIC_PRESENT,4,M2026-04,M2026-07,0.0,15.0,0.0,0.0,UNALIGNED (creator snapshot window vs paid Apr-Aug closed months)
6734668d000000001901a58c,❗️小户型不用砸墙🧱也可以做岛台,2024-11-16 17:00,video,71.0,CREATOR_PERFORMANCE_PRESENT,101.0,0.0,1.0,0.0,0.0,1,2,2,NOTE_PAID_METRIC_PRESENT,5,M2026-04,M2026-08,0.2,45.0,1.0,0.0,UNALIGNED (creator snapshot window vs paid Apr-Aug closed months)
67346709000000001901ab3c,餐厅放个南洋风岛台餐桌好用到哭😭,2024-11-16 19:00,video,59.0,CREATOR_PERFORMANCE_PRESENT,84.0,0.0,1.0,0.0,0.0,1,2,2,NOTE_PAID_METRIC_PRESENT,2,M2026-04,M2026-06,0.0,5.0,0.0,0.0,UNALIGNED (creator snapshot window vs paid Apr-Aug closed months)
673467640000000019016516,岛台是开放式厨房的专属?,2024-11-16 21:00,video,55.0,CREATOR_PERFORMANCE_PRESENT,105.0,0.0,0.0,0.0,0.0,1,2,2,NOTE_PAID_METRIC_PRESENT,2,M2026-04,M2026-05,0.5,8.0,1.0,0.0,UNALIGNED (creator snapshot window vs paid Apr-Aug closed months)
6735bd4b000000001901780f,嘴真严啊💔岛台这5大设计你做对了吗?,2024-11-17 17:00,video,59.0,CREATOR_PERFORMANCE_PRESENT,41.0,1.0,1.0,0.0,1.0,1,2,2,NOTE_PAID_METRIC_PRESENT,3,M2026-04,M2026-08,0.0,4.0,0.0,0.0,UNALIGNED (creator snapshot window vs paid Apr-Aug closed months)
6735bd8b000000001b010ca0,岛台水电布局怎么做❓别等踩坑才后悔❌,2024-11-17 19:00,video,52.0,CREATOR_PERFORMANCE_PRESENT,70.0,1.0,0.0,0.0,0.0,0,0,0,NO_PAID_ASSOCIATION_OBSERVED,0,,,,,,,UNALIGNED (creator snapshot window vs paid Apr-Aug closed months)
6735bdfa000000001b011277,我天😱原来小户型更适合岛台....,2024-11-17 21:00,video,54.0,CREATOR_PERFORMANCE_PRESENT,102.0,1.0,0.0,0.0,0.0,1,2,2,NOTE_PAID_METRIC_PRESENT,3,M2026-04,M2026-06,0.0,5.0,0.0,0.0,UNALIGNED (creator snapshot window vs paid Apr-Aug closed months)
6735be5c000000001b011792,岛台心机设计?不注意这个点受伤了才知道,2024-11-18 17:00,video,51.0,CREATOR_PERFORMANCE_PRESENT,48.0,0.0,0.0,0.0,0.0,1,2,2,NOTE_PAID_METRIC_PRESENT,1,M2026-06,M2026-06,0.0,1.0,0.0,0.0,UNALIGNED (creator snapshot window vs paid Apr-Aug closed months)
6735beb7000000001b011c67,"♠ 看花眼的岛台合集,每一组都想抄回家",2024-11-18 19:01,video,33.0,CREATOR_PERFORMANCE_PRESENT,66.0,0.0,0.0,0.0,1.0,1,2,2,NOTE_PAID_METRIC_PRESENT,1,M2026-05,M2026-05,0.0,1.0,0.0,0.0,UNALIGNED (creator snapshot window vs paid Apr-Aug closed months)
6735bf010000000019014e82,做岛台没人敢说的实话....,2024-11-18 21:00,video,71.0,CREATOR_PERFORMANCE_PRESENT,63.0,0.0,0.0,0.0,0.0,1,2,2,PAID_ASSOCIATED_NO_METRIC_RECORD,0,,,,,,,UNALIGNED (creator snapshot window vs paid Apr-Aug closed months)
6736e628000000001b02ee72,心心念念的岛台终于安好了!,2024-11-19 17:00,video,75.0,CREATOR_PERFORMANCE_PRESENT,50.0,0.0,0.0,0.0,0.0,1,2,2,NOTE_PAID_METRIC_PRESENT,1,M2026-04,M2026-04,0.0,1.0,0.0,0.0,UNALIGNED (creator snapshot window vs paid Apr-Aug closed months)
6736e66c000000001b012f8e,入住三个月后才发现岛台这么香.....,2024-11-19 19:01,video,81.0,CREATOR_PERFORMANCE_PRESENT,50.0,0.0,0.0,0.0,0.0,1,2,2,PAID_ASSOCIATED_NO_METRIC_RECORD,0,,,,,,,UNALIGNED (creator snapshot window vs paid Apr-Aug closed months)
6736e6c1000000001a01e891,被追着问的灯光布局来啦!小白直接闭眼抄,2024-11-19 21:00,video,52.0,CREATOR_PERFORMANCE_PRESENT,50.0,0.0,0.0,0.0,1.0,0,0,0,NO_PAID_ASSOCIATION_OBSERVED,0,,,,,,,UNALIGNED (creator snapshot window vs paid Apr-Aug closed months)
6739afde000000001b02f77c,"邻居说,我家的岛台设计的太巧妙啦❗️🥰",2024-11-20 17:00,video,60.0,CREATOR_PERFORMANCE_PRESENT,78.0,1.0,0.0,2.0,2.0,1,2,2,NOTE_PAID_METRIC_PRESENT,3,M2026-04,M2026-07,0.13,29.0,3.0,0.0,UNALIGNED (creator snapshot window vs paid Apr-Aug closed months)
6739b019000000001a01e71c,吐血整理🩸岛台餐桌腿怎么选❓,2024-11-20 19:01,video,47.0,CREATOR_PERFORMANCE_PRESENT,90.0,0.0,0.0,0.0,0.0,1,2,2,NOTE_PAID_METRIC_PRESENT,5,M2026-04,M2026-08,0.41,45.0,5.0,0.0,UNALIGNED (creator snapshot window vs paid Apr-Aug closed months)
6739b08e000000001b02fef2,小户型装修最满意的家具出现了...,2024-11-20 21:00,video,27.0,CREATOR_PERFORMANCE_PRESENT,61.0,0.0,0.0,0.0,0.0,1,2,2,NOTE_PAID_METRIC_PRESENT,3,M2026-04,M2026-07,0.0,6.0,0.0,0.0,UNALIGNED (creator snapshot window vs paid Apr-Aug closed months)
673c65e600000000070302fa,吐血总结!岛台这样装才不踩雷!!️,2024-11-21 17:00,video,71.0,CREATOR_PERFORMANCE_PRESENT,78.0,0.0,0.0,0.0,0.0,1,2,2,PAID_ASSOCIATED_NO_METRIC_RECORD,0,,,,,,,UNALIGNED (creator snapshot window vs paid Apr-Aug closed months)
673c662b0000000007026608,因为岛台我爱上奶油原木风了.....,2024-11-21 19:01,video,42.0,CREATOR_PERFORMANCE_PRESENT,72.0,0.0,0.0,0.0,0.0,1,2,2,NOTE_PAID_METRIC_PRESENT,5,M2026-04,M2026-08,0.18,43.0,3.0,0.0,UNALIGNED (creator snapshot window vs paid Apr-Aug closed months)
673c666600000000070268ce,岛台实用吗?,2024-11-21 21:00,video,31.0,CREATOR_PERFORMANCE_PRESENT,52.0,0.0,0.0,0.0,0.0,1,2,2,NOTE_PAID_METRIC_PRESENT,1,M2026-04,M2026-04,0.0,1.0,0.0,0.0,UNALIGNED (creator snapshot window vs paid Apr-Aug closed months)
673c67660000000007027445,岛台做足了攻略还是踩雷了😭,2024-11-22 17:01,video,145.0,CREATOR_PERFORMANCE_PRESENT,348.0,2.0,6.0,4.0,8.0,1,2,2,NOTE_PAID_METRIC_PRESENT,5,M2026-04,M2026-08,10.16,188.0,16.0,0.0,UNALIGNED (creator snapshot window vs paid Apr-Aug closed months)
673c67a5000000000703171e,听说你们都在找我搭配岛台的椅子😍,2024-11-22 19:01,video,49.0,CREATOR_PERFORMANCE_PRESENT,1060.0,4.0,1.0,0.0,9.0,1,2,2,NOTE_PAID_METRIC_PRESENT,5,M2026-04,M2026-08,36.87,950.0,123.0,0.0,UNALIGNED (creator snapshot window vs paid Apr-Aug closed months)
673c67eb000000000800548f,极繁人的牛劲全用在岛台收纳了!!️,2024-11-22 21:00,video,61.0,CREATOR_PERFORMANCE_PRESENT,107.0,1.0,0.0,0.0,0.0,1,2,2,NOTE_PAID_METRIC_PRESENT,5,M2026-04,M2026-08,2.94,49.0,5.0,0.0,UNALIGNED (creator snapshot window vs paid Apr-Aug closed months)
673dc0260000000007034e63,巨坑😭岛台十做十不做...,2024-11-23 17:00,video,105.0,CREATOR_PERFORMANCE_PRESENT,62.0,0.0,0.0,0.0,0.0,1,2,2,NOTE_PAID_METRIC_PRESENT,3,M2026-05,M2026-07,0.0,4.0,0.0,0.0,UNALIGNED (creator snapshot window vs paid Apr-Aug closed months)
673dc06c0000000007033b2e,岛台餐桌怎么接电源....,2024-11-24 19:00,video,41.0,CREATOR_PERFORMANCE_PRESENT,979.0,4.0,2.0,0.0,0.0,1,2,2,NOTE_PAID_METRIC_PRESENT,5,M2026-04,M2026-08,23.6,814.0,139.0,0.0,UNALIGNED (creator snapshot window vs paid Apr-Aug closed months)
673dc13800000000070303da,婆婆见了都夸的岛台😍竟然能装下这么多,2024-11-23 21:00,video,26.0,CREATOR_PERFORMANCE_PRESENT,51.0,0.0,0.0,0.0,0.0,1,2,2,NOTE_PAID_METRIC_PRESENT,3,M2026-04,M2026-08,0.0,3.0,0.0,0.0,UNALIGNED (creator snapshot window vs paid Apr-Aug closed months)
673dc19700000000070294b0,第一次做岛台翻车了 崩溃😭😭,2024-11-24 17:00,video,150.0,CREATOR_PERFORMANCE_PRESENT,58.0,1.0,0.0,0.0,0.0,1,2,2,NOTE_PAID_METRIC_PRESENT,3,M2026-04,M2026-06,0.0,9.0,0.0,0.0,UNALIGNED (creator snapshot window vs paid Apr-Aug closed months)
673dc1d500000000080040bb,后悔没早点做岛台....,2024-11-24 19:00,video,29.0,CREATOR_PERFORMANCE_PRESENT,100.0,0.0,1.0,0.0,0.0,1,2,2,NOTE_PAID_METRIC_PRESENT,2,M2026-04,M2026-05,0.0,2.0,0.0,0.0,UNALIGNED (creator snapshot window vs paid Apr-Aug closed months)
673dc21a0000000007027227,"超流行的岛台,真的比传统餐桌实用太多了!",2024-11-24 21:00,video,32.0,CREATOR_PERFORMANCE_PRESENT,87.0,0.0,2.0,0.0,0.0,1,2,2,NOTE_PAID_METRIC_PRESENT,2,M2026-04,M2026-05,0.0,5.0,0.0,0.0,UNALIGNED (creator snapshot window vs paid Apr-Aug closed months)
673ff6dc000000000203b062,"这个极简奶油➕原木的小家,令我反复心动",2024-11-25 17:00,video,52.0,CREATOR_PERFORMANCE_PRESENT,53.0,0.0,0.0,2.0,2.0,1,2,2,NOTE_PAID_METRIC_PRESENT,3,M2026-04,M2026-06,0.01,5.0,1.0,0.0,UNALIGNED (creator snapshot window vs paid Apr-Aug closed months)
673ff72c000000000203b3fe,开放式厨房怎么解决油烟满天飞的问题❓,2024-11-25 19:01,video,77.0,CREATOR_PERFORMANCE_PRESENT,526.0,1.0,1.0,0.0,1.0,1,2,2,NOTE_PAID_METRIC_PRESENT,5,M2026-04,M2026-08,12.71,104.0,14.0,0.0,UNALIGNED (creator snapshot window vs paid Apr-Aug closed months)
673ff8f1000000000202dabc,伸缩岛台的坑一个都逃不掉😭,2024-11-25 21:00,video,72.0,CREATOR_PERFORMANCE_PRESENT,132.0,1.0,1.0,0.0,0.0,1,2,2,NOTE_PAID_METRIC_PRESENT,5,M2026-04,M2026-08,0.16,55.0,5.0,0.0,UNALIGNED (creator snapshot window vs paid Apr-Aug closed months)
673ff963000000000201838b,装修真的要听劝!买到教训了......,2024-11-26 17:00,video,104.0,CREATOR_PERFORMANCE_PRESENT,72.0,1.0,3.0,0.0,0.0,1,2,2,NOTE_PAID_METRIC_PRESENT,1,M2026-04,M2026-04,0.0,1.0,0.0,0.0,UNALIGNED (creator snapshot window vs paid Apr-Aug closed months)
673ffa21000000000202e855,你一定不知道进门就是岛台能有多好用😍,2024-11-26 19:01,video,30.0,CREATOR_PERFORMANCE_PRESENT,125.0,0.0,0.0,0.0,0.0,1,2,2,NOTE_PAID_METRIC_PRESENT,5,M2026-04,M2026-08,0.02,20.0,2.0,0.0,UNALIGNED (creator snapshot window vs paid Apr-Aug closed months)
673ffa76000000000202a6a8,飘窗岛台就是小户型的救星!,2024-11-26 21:00,video,91.0,CREATOR_PERFORMANCE_PRESENT,106.0,0.0,0.0,0.0,0.0,1,2,2,NOTE_PAID_METRIC_PRESENT,5,M2026-04,M2026-08,1.1,71.0,7.0,0.0,UNALIGNED (creator snapshot window vs paid Apr-Aug closed months)
6745652c000000000202fde8,岛台定制!我真的有很多话要吐槽......,2024-11-27 17:01,video,63.0,CREATOR_PERFORMANCE_PRESENT,70.0,1.0,1.0,0.0,1.0,1,2,2,NOTE_PAID_METRIC_PRESENT,5,M2026-04,M2026-08,16.05,126.0,11.0,2.0,UNALIGNED (creator snapshot window vs paid Apr-Aug closed months)
67456a720000000006015edc,答应我!下次装修还要选择餐岛一体😍,2024-11-27 19:01,video,38.0,CREATOR_PERFORMANCE_PRESENT,49.0,0.0,0.0,0.0,0.0,1,2,2,PAID_ASSOCIATED_NO_METRIC_RECORD,0,,,,,,,UNALIGNED (creator snapshot window vs paid Apr-Aug closed months)
67456ae0000000000203af51,又能吃饭又能办公 岛台不香吗??,2024-11-27 21:00,video,87.0,CREATOR_PERFORMANCE_PRESENT,61.0,0.0,0.0,0.0,0.0,1,2,2,NOTE_PAID_METRIC_PRESENT,3,M2026-04,M2026-06,0.0,9.0,0.0,0.0,UNALIGNED (creator snapshot window vs paid Apr-Aug closed months)
67456be40000000002028bae,怎么岛台收纳也能翻车啊....,2024-11-28 17:00,video,60.0,CREATOR_PERFORMANCE_PRESENT,49.0,0.0,0.0,0.0,0.0,1,2,2,NOTE_PAID_METRIC_PRESENT,1,M2026-05,M2026-05,0.0,2.0,0.0,0.0,UNALIGNED (creator snapshot window vs paid Apr-Aug closed months)
67456d16000000000201b5e0,岛台定制细节🔥一定注意这一点👀,2024-11-28 19:01,video,41.0,CREATOR_PERFORMANCE_PRESENT,86.0,0.0,0.0,0.0,0.0,1,2,2,NOTE_PAID_METRIC_PRESENT,4,M2026-04,M2026-07,0.0,4.0,0.0,0.0,UNALIGNED (creator snapshot window vs paid Apr-Aug closed months)
67457104000000000601682d,伸缩岛台怎么做才不翻车呢?,2024-11-28 21:00,video,53.0,CREATOR_PERFORMANCE_PRESENT,67.0,0.0,2.0,0.0,0.0,1,2,2,NOTE_PAID_METRIC_PRESENT,5,M2026-04,M2026-08,0.03,10.0,1.0,0.0,UNALIGNED (creator snapshot window vs paid Apr-Aug closed months)
6746997b000000000201a834,小户型岛台应该怎么做?,2024-11-29 17:01,video,82.0,CREATOR_PERFORMANCE_PRESENT,52.0,0.0,0.0,0.0,0.0,1,2,2,NOTE_PAID_METRIC_PRESENT,3,M2026-04,M2026-08,0.0,5.0,0.0,0.0,UNALIGNED (creator snapshot window vs paid Apr-Aug closed months)
674699b2000000000201aa8e,做岛台的6个理由....,2024-11-29 19:01,video,75.0,CREATOR_PERFORMANCE_PRESENT,41.0,1.0,0.0,0.0,0.0,1,2,2,NOTE_PAID_METRIC_PRESENT,1,M2026-08,M2026-08,0.0,1.0,0.0,0.0,UNALIGNED (creator snapshot window vs paid Apr-Aug closed months)
674699fc000000000201ad65,不听父母劝做了岛台....,2024-11-29 21:00,video,50.0,CREATOR_PERFORMANCE_PRESENT,62.0,0.0,0.0,0.0,0.0,1,2,2,NOTE_PAID_METRIC_PRESENT,2,M2026-05,M2026-08,0.0,2.0,0.0,0.0,UNALIGNED (creator snapshot window vs paid Apr-Aug closed months)
67469a3a000000000201aff2,岛台vs餐桌 还是餐桌更胜一筹🔥,2024-11-30 17:00,video,31.0,CREATOR_PERFORMANCE_PRESENT,55.0,1.0,0.0,0.0,2.0,1,2,2,NOTE_PAID_METRIC_PRESENT,3,M2026-04,M2026-07,0.0,8.0,0.0,0.0,UNALIGNED (creator snapshot window vs paid Apr-Aug closed months)
67469a8e000000000202d093,岛台装修可千万盯紧这几点!!不翻车建议,2024-11-30 19:00,video,113.0,CREATOR_PERFORMANCE_PRESENT,72.0,2.0,6.0,0.0,2.0,1,2,2,PAID_ASSOCIATED_NO_METRIC_RECORD,0,,,,,,,UNALIGNED (creator snapshot window vs paid Apr-Aug closed months)
67469ae4000000000202d3eb,小户型做旋转伸缩岛台🔥直接好用到爆!!,2024-11-30 21:00,video,58.0,CREATOR_PERFORMANCE_PRESENT,63.0,1.0,1.0,0.0,0.0,1,2,2,NOTE_PAID_METRIC_PRESENT,5,M2026-04,M2026-08,0.0,22.0,0.0,0.0,UNALIGNED (creator snapshot window vs paid Apr-Aug closed months)
674aadee0000000007025e3a,小户型做岛台很鸡肋?,2024-12-01 17:00,video,51.0,CREATOR_PERFORMANCE_PRESENT,55.0,0.0,2.0,0.0,0.0,1,2,2,NOTE_PAID_METRIC_PRESENT,2,M2026-04,M2026-05,0.0,3.0,0.0,0.0,UNALIGNED (creator snapshot window vs paid Apr-Aug closed months)
674aaeab00000000070265ec,2024爆火🔥岛台合集,2024-12-01 19:00,video,30.0,CREATOR_PERFORMANCE_PRESENT,64.0,0.0,0.0,0.0,0.0,1,2,2,PAID_ASSOCIATED_NO_METRIC_RECORD,0,,,,,,,UNALIGNED (creator snapshot window vs paid Apr-Aug closed months)
674aaf0a000000000800733c,伸缩岛台翻车我破防了😭😭,2024-12-01 21:00,video,70.0,CREATOR_PERFORMANCE_PRESENT,72.0,0.0,1.0,0.0,0.0,1,2,2,NOTE_PAID_METRIC_PRESENT,4,M2026-04,M2026-07,0.0,15.0,0.0,0.0,UNALIGNED (creator snapshot window vs paid Apr-Aug closed months)
674aaf6b000000000703086d,岛台不是开放式厨房的专属🔥看沙发后岛台,2024-12-02 17:00,video,53.0,CREATOR_PERFORMANCE_PRESENT,122.0,0.0,2.0,0.0,0.0,1,2,2,NOTE_PAID_METRIC_PRESENT,3,M2026-04,M2026-06,0.0,8.0,0.0,0.0,UNALIGNED (creator snapshot window vs paid Apr-Aug closed months)
674aafab0000000007029853,"6个月后,我的岛台依旧很香✌🏻✌🏻",2024-12-02 19:01,video,67.0,CREATOR_PERFORMANCE_PRESENT,77.0,0.0,0.0,0.0,0.0,1,2,2,NOTE_PAID_METRIC_PRESENT,5,M2026-04,M2026-08,0.64,15.0,1.0,0.0,UNALIGNED (creator snapshot window vs paid Apr-Aug closed months)
674aaff50000000007038eb4,岛台有啥好的?为啥都喜欢岛台?,2024-12-02 21:00,video,73.0,CREATOR_PERFORMANCE_PRESENT,50.0,1.0,0.0,0.0,0.0,1,2,2,NOTE_PAID_METRIC_PRESENT,1,M2026-05,M2026-05,0.0,1.0,0.0,0.0,UNALIGNED (creator snapshot window vs paid Apr-Aug closed months)
674aea94000000000702700f,"进门就是岛台,小孩巨喜欢的岛台🔥",2024-12-03 17:00,video,51.0,CREATOR_PERFORMANCE_PRESENT,50.0,1.0,0.0,0.0,0.0,1,2,2,NOTE_PAID_METRIC_PRESENT,3,M2026-04,M2026-07,0.0,6.0,0.0,0.0,UNALIGNED (creator snapshot window vs paid Apr-Aug closed months)
674aeac40000000007029d27,姐妹们!!️网购岛台尺寸翻车了😭,2024-12-03 19:01,video,92.0,CREATOR_PERFORMANCE_PRESENT,43.0,1.0,1.0,2.0,1.0,1,2,2,NOTE_PAID_METRIC_PRESENT,5,M2026-04,M2026-08,1.75,32.0,4.0,0.0,UNALIGNED (creator snapshot window vs paid Apr-Aug closed months)
674aeaec0000000008004004,被整个小区抄作业的岛台布局🔥,2024-12-03 21:00,video,64.0,CREATOR_PERFORMANCE_PRESENT,52.0,0.0,0.0,1.0,0.0,1,2,2,NOTE_PAID_METRIC_PRESENT,1,M2026-04,M2026-04,0.0,3.0,0.0,0.0,UNALIGNED (creator snapshot window vs paid Apr-Aug closed months)
674aeb280000000008004264,做了岛台后踩了13个坑😭老实了🤬,2024-12-04 17:00,video,124.0,CREATOR_PERFORMANCE_PRESENT,81.0,3.0,1.0,0.0,2.0,1,2,2,NOTE_PAID_METRIC_PRESENT,3,M2026-04,M2026-08,0.0,4.0,0.0,0.0,UNALIGNED (creator snapshot window vs paid Apr-Aug closed months)
674aeb8a0000000007036348,跟风做了岛台半年后....,2024-12-04 19:01,video,83.0,CREATOR_PERFORMANCE_PRESENT,72.0,0.0,0.0,0.0,0.0,1,2,2,NOTE_PAID_METRIC_PRESENT,2,M2026-04,M2026-05,0.0,3.0,0.0,0.0,UNALIGNED (creator snapshot window vs paid Apr-Aug closed months)
674aebc200000000070396ff,谁能拒绝不同风格岛台带来的高级浪漫💕,2024-12-04 21:00,video,30.0,CREATOR_PERFORMANCE_PRESENT,41.0,0.0,0.0,0.0,0.0,1,2,2,NOTE_PAID_METRIC_PRESENT,1,M2026-06,M2026-06,0.0,1.0,0.0,0.0,UNALIGNED (creator snapshot window vs paid Apr-Aug closed months)
674ee6b20000000002039640,空心岛台的坑太可怕了....,2024-12-05 17:01,video,63.0,CREATOR_PERFORMANCE_PRESENT,43.0,0.0,0.0,0.0,0.0,1,2,2,NOTE_PAID_METRIC_PRESENT,1,M2026-08,M2026-08,0.0,1.0,0.0,0.0,UNALIGNED (creator snapshot window vs paid Apr-Aug closed months)
674ee731000000000201992f,75m2秒变100m2🔥这个岛台布局赢麻了,2024-12-05 19:01,video,70.0,CREATOR_PERFORMANCE_PRESENT,64.0,0.0,0.0,4.0,1.0,1,2,2,NOTE_PAID_METRIC_PRESENT,5,M2026-04,M2026-08,0.67,82.0,6.0,0.0,UNALIGNED (creator snapshot window vs paid Apr-Aug closed months)
674ee7740000000002039f62,差点因为岛台灯光哭了一晚上😭,2024-12-05 21:00,video,49.0,CREATOR_PERFORMANCE_PRESENT,47.0,1.0,0.0,0.0,0.0,0,0,0,NO_PAID_ASSOCIATION_OBSERVED,0,,,,,,,UNALIGNED (creator snapshot window vs paid Apr-Aug closed months)
674ee7d1000000000202800f,"原本以为餐桌是青铜,没想到岛台才是王者",2024-12-06 17:01,video,60.0,CREATOR_PERFORMANCE_PRESENT,63.0,0.0,0.0,0.0,0.0,1,2,2,NOTE_PAID_METRIC_PRESENT,1,M2026-04,M2026-04,0.0,1.0,0.0,0.0,UNALIGNED (creator snapshot window vs paid Apr-Aug closed months)
674ee832000000000203a86d,假如买岛台不做攻略😭...,2024-12-06 19:01,video,69.0,CREATOR_PERFORMANCE_PRESENT,40.0,0.0,0.0,0.0,0.0,1,2,2,PAID_ASSOCIATED_NO_METRIC_RECORD,0,,,,,,,UNALIGNED (creator snapshot window vs paid Apr-Aug closed months)
674ee864000000000201a856,别墅餐厅|一个岛台拯救整个餐厅🍽️,2024-12-06 21:00,video,53.0,CREATOR_PERFORMANCE_PRESENT,93.0,1.0,0.0,0.0,0.0,1,2,2,NOTE_PAID_METRIC_PRESENT,4,M2026-04,M2026-07,0.01,11.0,1.0,0.0,UNALIGNED (creator snapshot window vs paid Apr-Aug closed months)
67516c7d000000000203bab2,精装房改造🔥岛台可以这样做,2024-12-07 17:00,video,52.0,CREATOR_PERFORMANCE_PRESENT,45.0,0.0,0.0,0.0,0.0,1,2,2,NOTE_PAID_METRIC_PRESENT,3,M2026-04,M2026-06,0.0,6.0,0.0,0.0,UNALIGNED (creator snapshot window vs paid Apr-Aug closed months)
67516ce8000000000202c7bb,"无人能敌的岛台收纳,鸡肋空间瞬间盘活🔥",2024-12-07 19:01,video,70.0,CREATOR_PERFORMANCE_PRESENT,52.0,1.0,0.0,0.0,0.0,1,2,2,NOTE_PAID_METRIC_PRESENT,5,M2026-04,M2026-08,0.0,11.0,0.0,0.0,UNALIGNED (creator snapshot window vs paid Apr-Aug closed months)
67516d4c00000000060175a3,"人见人夸的客厅设计,装岛台后更香了😍",2024-12-07 21:00,video,25.0,CREATOR_PERFORMANCE_PRESENT,170.0,0.0,1.0,0.0,0.0,1,2,2,NOTE_PAID_METRIC_PRESENT,4,M2026-04,M2026-07,0.01,9.0,1.0,0.0,UNALIGNED (creator snapshot window vs paid Apr-Aug closed months)
67516da40000000002038a90,你怎么知道闺蜜看上了我这个小户型岛台🤣,2024-12-08 17:00,video,47.0,CREATOR_PERFORMANCE_PRESENT,67.0,0.0,1.0,0.0,1.0,1,2,2,NOTE_PAID_METRIC_PRESENT,1,M2026-05,M2026-05,0.0,4.0,0.0,0.0,UNALIGNED (creator snapshot window vs paid Apr-Aug closed months)
67516df5000000000202d63b,"5平米理想厨房,当然少不了岛台~",2024-12-08 19:00,video,38.0,CREATOR_PERFORMANCE_PRESENT,108.0,0.0,0.0,0.0,1.0,1,2,2,NOTE_PAID_METRIC_PRESENT,5,M2026-04,M2026-08,0.1,15.0,2.0,0.0,UNALIGNED (creator snapshot window vs paid Apr-Aug closed months)
67516e370000000002018c42,岛台动线怎么设计才不局促呢?,2024-12-08 21:00,video,70.0,CREATOR_PERFORMANCE_PRESENT,55.0,1.0,0.0,0.0,0.0,1,2,2,NOTE_PAID_METRIC_PRESENT,2,M2026-04,M2026-05,0.0,12.0,0.0,0.0,UNALIGNED (creator snapshot window vs paid Apr-Aug closed months)
6752b855000000000201bc73,"装修复盘|这6个大坑,希望你们不会踩❗️",2024-12-09 17:00,video,77.0,CREATOR_PERFORMANCE_PRESENT,50.0,1.0,1.0,0.0,0.0,1,2,2,PAID_ASSOCIATED_NO_METRIC_RECORD,0,,,,,,,UNALIGNED (creator snapshot window vs paid Apr-Aug closed months)
6752b8fb000000000202987d,"每次朋友们来家里,都对我们家岛台赞口不绝",2024-12-09 19:01,video,29.0,CREATOR_PERFORMANCE_PRESENT,53.0,0.0,2.0,0.0,1.0,1,2,2,PAID_ASSOCIATED_NO_METRIC_RECORD,0,,,,,,,UNALIGNED (creator snapshot window vs paid Apr-Aug closed months)
6752bbb4000000000202bd09,开放式厨房油烟怎么解决呢?,2024-12-09 21:00,video,59.0,CREATOR_PERFORMANCE_PRESENT,329.0,1.0,0.0,0.0,0.0,0,0,0,NO_PAID_ASSOCIATION_OBSERVED,0,,,,,,,UNALIGNED (creator snapshot window vs paid Apr-Aug closed months)
6752bc11000000000202f53c,"岛台内嵌烤箱翻车了,烤箱翻倒出来?!",2024-12-10 17:00,video,49.0,CREATOR_PERFORMANCE_PRESENT,129.0,0.0,3.0,0.0,1.0,0,0,0,NO_PAID_ASSOCIATION_OBSERVED,0,,,,,,,UNALIGNED (creator snapshot window vs paid Apr-Aug closed months)
6752bc3b000000000601630b,姐妹们听我一句劝|岛台这样装太香了!,2024-12-10 19:01,video,38.0,CREATOR_PERFORMANCE_PRESENT,49.0,0.0,0.0,0.0,0.0,1,2,2,NOTE_PAID_METRIC_PRESENT,2,M2026-04,M2026-07,0.0,2.0,0.0,0.0,UNALIGNED (creator snapshot window vs paid Apr-Aug closed months)
6752bfca000000000601573d,伸缩岛台怎么做❓跟着内行人不踩雷,2024-12-10 21:00,video,102.0,CREATOR_PERFORMANCE_PRESENT,69.0,1.0,0.0,0.0,0.0,1,2,2,NOTE_PAID_METRIC_PRESENT,5,M2026-04,M2026-08,1.7,16.0,3.0,0.0,UNALIGNED (creator snapshot window vs paid Apr-Aug closed months)
675827c800000000020346b8,我家岛台火了🔥,2024-12-11 17:01,video,56.0,CREATOR_PERFORMANCE_PRESENT,59.0,1.0,0.0,0.0,0.0,1,2,2,NOTE_PAID_METRIC_PRESENT,1,M2026-05,M2026-05,0.0,2.0,0.0,0.0,UNALIGNED (creator snapshot window vs paid Apr-Aug closed months)
6758281a00000000020163f7,岛台布局居然翻车了....,2024-12-11 19:01,video,81.0,CREATOR_PERFORMANCE_PRESENT,90.0,1.0,2.0,0.0,2.0,1,2,2,NOTE_PAID_METRIC_PRESENT,4,M2026-04,M2026-07,0.75,10.0,1.0,0.0,UNALIGNED (creator snapshot window vs paid Apr-Aug closed months)
6758289700000000020256b3,替你们试了 岛台收纳真香 交作业啦~,2024-12-11 21:00,video,60.0,CREATOR_PERFORMANCE_PRESENT,51.0,0.0,1.0,0.0,0.0,1,2,2,NOTE_PAID_METRIC_PRESENT,4,M2026-04,M2026-08,0.0,4.0,0.0,0.0,UNALIGNED (creator snapshot window vs paid Apr-Aug closed months)
675828d50000000002016d2a,套内36平|小户型也能做个收纳王炸岛台🔥,2024-12-12 17:00,video,33.0,CREATOR_PERFORMANCE_PRESENT,227.0,0.0,0.0,0.0,0.0,1,2,2,NOTE_PAID_METRIC_PRESENT,4,M2026-04,M2026-08,0.02,6.0,2.0,0.0,UNALIGNED (creator snapshot window vs paid Apr-Aug closed months)
6758290a0000000002016fd5,"大胆一点,餐厅不要买餐桌!!",2024-12-12 19:01,video,49.0,CREATOR_PERFORMANCE_PRESENT,138.0,1.0,1.0,2.0,0.0,1,2,2,NOTE_PAID_METRIC_PRESENT,5,M2026-04,M2026-08,0.41,50.0,2.0,0.0,UNALIGNED (creator snapshot window vs paid Apr-Aug closed months)
6758294c0000000002035a8a,想做岛台收纳但双面靠墙怎么办?,2024-12-12 21:00,video,42.0,CREATOR_PERFORMANCE_PRESENT,563.0,2.0,2.0,0.0,7.0,1,2,2,NOTE_PAID_METRIC_PRESENT,4,M2026-04,M2026-07,0.03,11.0,2.0,0.0,UNALIGNED (creator snapshot window vs paid Apr-Aug closed months)
67594fb00000000002015dff,入住三个月之后才发现开放式厨房....,2024-12-13 17:01,video,200.0,CREATOR_PERFORMANCE_PRESENT,348.0,4.0,2.0,0.0,0.0,1,2,2,NOTE_PAID_METRIC_PRESENT,5,M2026-04,M2026-08,0.01,24.0,1.0,0.0,UNALIGNED (creator snapshot window vs paid Apr-Aug closed months)
6759504b000000000103d787,我不做餐桌的原因....,2024-12-13 19:01,video,87.0,CREATOR_PERFORMANCE_PRESENT,60.0,0.0,0.0,0.0,0.0,1,2,2,NOTE_PAID_METRIC_PRESENT,2,M2026-04,M2026-05,0.01,6.0,1.0,0.0,UNALIGNED (creator snapshot window vs paid Apr-Aug closed months)
675950b700000000020355bf,天呐 我的岛台上长猫了😱,2024-12-13 21:00,video,62.0,CREATOR_PERFORMANCE_PRESENT,66.0,1.0,1.0,0.0,1.0,1,2,2,NOTE_PAID_METRIC_PRESENT,3,M2026-04,M2026-06,0.14,12.0,1.0,0.0,UNALIGNED (creator snapshot window vs paid Apr-Aug closed months)
6759516100000000010290c4,入住新家一年 zui不后悔的决定🔥🔥,2024-12-14 17:00,video,56.0,CREATOR_PERFORMANCE_PRESENT,75.0,0.0,0.0,0.0,0.0,1,2,2,NOTE_PAID_METRIC_PRESENT,1,M2026-05,M2026-05,0.0,1.0,0.0,0.0,UNALIGNED (creator snapshot window vs paid Apr-Aug closed months)
675951d6000000000203640f,"厨房改造这块,确实没输过💁‍♀️",2024-12-14 19:00,video,36.0,CREATOR_PERFORMANCE_PRESENT,71.0,0.0,0.0,0.0,0.0,1,2,2,NOTE_PAID_METRIC_PRESENT,4,M2026-04,M2026-07,3.98,16.0,5.0,0.0,UNALIGNED (creator snapshot window vs paid Apr-Aug closed months)
67595510000000000103d739,"不被看好的小户型,做了岛台才发现真香......",2024-12-14 21:00,video,89.0,CREATOR_PERFORMANCE_PRESENT,223.0,0.0,2.0,0.0,4.0,1,2,2,NOTE_PAID_METRIC_PRESENT,5,M2026-04,M2026-08,0.46,33.0,3.0,0.0,UNALIGNED (creator snapshot window vs paid Apr-Aug closed months)
675d4c73000000000103db07,空间利用小窍门🤗不再让岛台成为石墩🔥,2024-12-15 17:01,video,37.0,CREATOR_PERFORMANCE_PRESENT,89.0,2.0,1.0,0.0,0.0,1,2,2,NOTE_PAID_METRIC_PRESENT,1,M2026-04,M2026-04,0.0,1.0,0.0,0.0,UNALIGNED (creator snapshot window vs paid Apr-Aug closed months)
675d4cd900000000020262bb,阳台打通做岛台🔥邻居说你太会装了!!,2024-12-15 19:01,video,39.0,CREATOR_PERFORMANCE_PRESENT,159.0,3.0,2.0,2.0,0.0,1,2,2,NOTE_PAID_METRIC_PRESENT,5,M2026-04,M2026-08,9.54,179.0,16.0,0.0,UNALIGNED (creator snapshot window vs paid Apr-Aug closed months)
675d4d1100000000020358b0,自从家里做了岛台我再也离不开岛台了...,2024-12-15 21:00,video,34.0,CREATOR_PERFORMANCE_PRESENT,58.0,0.0,0.0,0.0,0.0,1,2,2,NOTE_PAID_METRIC_PRESENT,4,M2026-05,M2026-08,0.0,8.0,0.0,0.0,UNALIGNED (creator snapshot window vs paid Apr-Aug closed months)
675d4d94000000000103ea64,好用真的说累了😫岛台真是我的心头好!!,2024-12-16 17:00,video,58.0,CREATOR_PERFORMANCE_PRESENT,44.0,1.0,0.0,0.0,2.0,1,2,2,NOTE_PAID_METRIC_PRESENT,4,M2026-04,M2026-07,0.0,18.0,0.0,0.0,UNALIGNED (creator snapshot window vs paid Apr-Aug closed months)
675d4de00000000002036372,谁懂!?️做的L型岛台真的很实用...,2024-12-16 19:01,video,53.0,CREATOR_PERFORMANCE_PRESENT,200.0,0.0,1.0,0.0,2.0,1,2,2,NOTE_PAID_METRIC_PRESENT,5,M2026-04,M2026-08,0.49,32.0,3.0,0.0,UNALIGNED (creator snapshot window vs paid Apr-Aug closed months)
675d4e140000000001029d31,"岛台收纳,已经卷到这种程度啦?!",2024-12-16 21:00,video,43.0,CREATOR_PERFORMANCE_PRESENT,500.0,3.0,2.0,2.0,0.0,1,2,2,NOTE_PAID_METRIC_PRESENT,5,M2026-04,M2026-08,2.08,212.0,24.0,0.0,UNALIGNED (creator snapshot window vs paid Apr-Aug closed months)
675ffb3b000000000800d621,岛台布局居然翻车了😱,2024-12-17 17:01,video,50.0,CREATOR_PERFORMANCE_PRESENT,71.0,0.0,3.0,0.0,0.0,1,2,2,NOTE_PAID_METRIC_PRESENT,2,M2026-05,M2026-07,0.0,2.0,0.0,0.0,UNALIGNED (creator snapshot window vs paid Apr-Aug closed months)
675ffb77000000000900f40b,千算万算😭没算到居然在这踩坑了...,2024-12-17 19:01,video,42.0,CREATOR_PERFORMANCE_PRESENT,49.0,1.0,0.0,0.0,0.0,1,2,2,NOTE_PAID_METRIC_PRESENT,2,M2026-04,M2026-05,0.01,3.0,1.0,0.0,UNALIGNED (creator snapshot window vs paid Apr-Aug closed months)
675ffbcb000000000b0147a3,万人围观的餐岛设计来啦!!️小户型冲鸭,2024-12-17 21:00,video,29.0,CREATOR_PERFORMANCE_PRESENT,55.0,1.0,1.0,0.0,0.0,1,2,2,NOTE_PAID_METRIC_PRESENT,3,M2026-05,M2026-08,0.18,3.0,1.0,0.0,UNALIGNED (creator snapshot window vs paid Apr-Aug closed months)
675ffc26000000000b00e631,我家岛台入户了.....,2024-12-18 17:01,video,52.0,CREATOR_PERFORMANCE_PRESENT,60.0,1.0,0.0,0.0,1.0,1,2,2,PAID_ASSOCIATED_NO_METRIC_RECORD,0,,,,,,,UNALIGNED (creator snapshot window vs paid Apr-Aug closed months)
675ffc66000000000800e54d,"放弃餐桌,我得到了更喜欢的岛台🔥",2024-12-18 19:01,video,53.0,CREATOR_PERFORMANCE_PRESENT,311.0,2.0,2.0,0.0,1.0,1,2,2,NOTE_PAID_METRIC_PRESENT,3,M2026-04,M2026-08,0.0,12.0,0.0,0.0,UNALIGNED (creator snapshot window vs paid Apr-Aug closed months)
675ffca8000000000800e8d8,岛台水电预留翻车!?️,2024-12-18 21:00,video,28.0,CREATOR_PERFORMANCE_PRESENT,143.0,0.0,0.0,0.0,1.0,0,0,0,NO_PAID_ASSOCIATION_OBSERVED,0,,,,,,,UNALIGNED (creator snapshot window vs paid Apr-Aug closed months)
67613936000000000900e5ff,"沙发旁边放吧台,绝绝子!",2024-12-19 17:01,video,29.0,CREATOR_PERFORMANCE_PRESENT,61.0,0.0,0.0,0.0,0.0,1,2,2,NOTE_PAID_METRIC_PRESENT,5,M2026-04,M2026-08,0.51,51.0,5.0,0.0,UNALIGNED (creator snapshot window vs paid Apr-Aug closed months)
676139f9000000000800da9f,气死!?️费牛劲装修岛台尺寸还是踩坑了,2024-12-19 19:01,video,56.0,CREATOR_PERFORMANCE_PRESENT,61.0,1.0,1.0,0.0,0.0,1,2,2,NOTE_PAID_METRIC_PRESENT,2,M2026-04,M2026-05,0.0,2.0,0.0,0.0,UNALIGNED (creator snapshot window vs paid Apr-Aug closed months)
67613bd3000000000b00f6b1,岛台餐桌脚怎么选呢?,2024-12-19 21:00,video,69.0,CREATOR_PERFORMANCE_PRESENT,519.0,0.0,1.0,0.0,3.0,0,0,0,NO_PAID_ASSOCIATION_OBSERVED,0,,,,,,,UNALIGNED (creator snapshot window vs paid Apr-Aug closed months)
67613c39000000000800f745,为啥要做岛台?,2024-12-20 17:01,video,40.0,CREATOR_PERFORMANCE_PRESENT,112.0,1.0,0.0,0.0,0.0,1,2,2,NOTE_PAID_METRIC_PRESENT,4,M2026-04,M2026-08,4.35,22.0,3.0,0.0,UNALIGNED (creator snapshot window vs paid Apr-Aug closed months)
67613cc1000000000800fe61,"都在问的岛台电源预留方案,快收藏吧🔥",2024-12-20 19:01,video,31.0,CREATOR_PERFORMANCE_PRESENT,776.0,3.0,3.0,0.0,0.0,0,0,0,NO_PAID_ASSOCIATION_OBSERVED,0,,,,,,,UNALIGNED (creator snapshot window vs paid Apr-Aug closed months)
67613cf5000000000b01652d,家里一定要装个岛台✔,2024-12-20 21:00,video,27.0,CREATOR_PERFORMANCE_PRESENT,28.0,0.0,0.0,0.0,0.0,1,2,2,PAID_ASSOCIATED_NO_METRIC_RECORD,0,,,,,,,UNALIGNED (creator snapshot window vs paid Apr-Aug closed months)
67627fad000000000800ca0c,我怎么没早发现岛台这么好用!!,2024-12-21 17:00,video,36.0,CREATOR_PERFORMANCE_PRESENT,26.0,0.0,0.0,0.0,0.0,1,2,2,PAID_ASSOCIATED_NO_METRIC_RECORD,0,,,,,,,UNALIGNED (creator snapshot window vs paid Apr-Aug closed months)
67627fe7000000000b0219b7,为啥都爱做岛台?,2024-12-21 19:00,video,53.0,CREATOR_PERFORMANCE_PRESENT,33.0,1.0,0.0,0.0,0.0,1,2,2,PAID_ASSOCIATED_NO_METRIC_RECORD,0,,,,,,,UNALIGNED (creator snapshot window vs paid Apr-Aug closed months)
67628020000000000b00d8c6,小户型岛台这样做真的绝!!,2024-12-21 21:00,video,31.0,CREATOR_PERFORMANCE_PRESENT,61.0,0.0,0.0,0.0,0.0,1,2,2,NOTE_PAID_METRIC_PRESENT,1,M2026-08,M2026-08,0.0,1.0,0.0,0.0,UNALIGNED (creator snapshot window vs paid Apr-Aug closed months)
6762805d000000000800d2bd,做了岛台后才知道动线布局有多重要🔥,2024-12-22 17:00,video,55.0,CREATOR_PERFORMANCE_PRESENT,135.0,1.0,0.0,0.0,0.0,1,2,2,NOTE_PAID_METRIC_PRESENT,5,M2026-04,M2026-08,0.32,34.0,9.0,0.0,UNALIGNED (creator snapshot window vs paid Apr-Aug closed months)
6762809b000000000b02223b,被全小区围观的岛台灯光布局设计🔥,2024-12-22 19:00,video,67.0,CREATOR_PERFORMANCE_PRESENT,80.0,1.0,2.0,0.0,0.0,0,0,0,NO_PAID_ASSOCIATION_OBSERVED,0,,,,,,,UNALIGNED (creator snapshot window vs paid Apr-Aug closed months)
676280e1000000000b017da5,"邻居都拒绝不了的岛台餐桌,你还不做吗?",2024-12-22 21:00,video,28.0,CREATOR_PERFORMANCE_PRESENT,48.0,2.0,0.0,0.0,0.0,1,2,2,NOTE_PAID_METRIC_PRESENT,1,M2026-04,M2026-04,0.0,1.0,0.0,0.0,UNALIGNED (creator snapshot window vs paid Apr-Aug closed months)
67668f10000000000b0167e0,岛台装修13个核心❗️第二次千万不要装错了,2024-12-23 17:00,video,126.0,CREATOR_PERFORMANCE_PRESENT,36.0,1.0,1.0,0.0,0.0,1,2,2,PAID_ASSOCIATED_NO_METRIC_RECORD,0,,,,,,,UNALIGNED (creator snapshot window vs paid Apr-Aug closed months)
67668f3d000000000b016a32,踩过的坑都在这里了😭都是🩸血泪的教训,2024-12-23 19:01,video,77.0,CREATOR_PERFORMANCE_PRESENT,45.0,1.0,0.0,0.0,0.0,1,2,2,NOTE_PAID_METRIC_PRESENT,1,M2026-05,M2026-05,0.0,1.0,0.0,0.0,UNALIGNED (creator snapshot window vs paid Apr-Aug closed months)
67668f78000000000b016d2b,"不听劝做的岛台,🤔用着到底怎么样?",2024-12-23 21:00,video,45.0,CREATOR_PERFORMANCE_PRESENT,65.0,3.0,1.0,1.0,0.0,1,2,2,NOTE_PAID_METRIC_PRESENT,2,M2026-05,M2026-06,0.0,2.0,0.0,0.0,UNALIGNED (creator snapshot window vs paid Apr-Aug closed months)
67668fcb000000000900e34d,"这也没人告诉我,岛台不能这样做啊😓",2024-12-24 17:00,video,38.0,CREATOR_PERFORMANCE_PRESENT,36.0,0.0,0.0,0.0,0.0,1,2,2,NOTE_PAID_METRIC_PRESENT,1,M2026-06,M2026-06,0.0,1.0,0.0,0.0,UNALIGNED (creator snapshot window vs paid Apr-Aug closed months)
67669008000000000800d0e5,假如买岛台不做攻略😭...,2024-12-24 19:00,video,59.0,CREATOR_PERFORMANCE_PRESENT,36.0,0.0,0.0,0.0,0.0,1,2,2,PAID_ASSOCIATED_NO_METRIC_RECORD,0,,,,,,,UNALIGNED (creator snapshot window vs paid Apr-Aug closed months)
6766903d000000000b00cbc1,岛台收纳分享|我真是个收纳小天才,2024-12-24 21:00,video,85.0,CREATOR_PERFORMANCE_PRESENT,71.0,0.0,1.0,0.0,0.0,1,2,2,NOTE_PAID_METRIC_PRESENT,3,M2026-04,M2026-06,0.14,7.0,2.0,0.0,UNALIGNED (creator snapshot window vs paid Apr-Aug closed months)
6767e10a000000000b00fd11,"岛台定制,这4个设计千万别做错了!",2024-12-25 17:00,video,61.0,CREATOR_PERFORMANCE_PRESENT,269.0,4.0,5.0,0.0,1.0,1,2,2,NOTE_PAID_METRIC_PRESENT,2,M2026-05,M2026-08,0.0,3.0,0.0,0.0,UNALIGNED (creator snapshot window vs paid Apr-Aug closed months)
6767e14c000000000b020065,谁懂啊!网购岛台居然这么好看❗,2024-12-25 19:00,video,28.0,CREATOR_PERFORMANCE_PRESENT,83.0,0.0,0.0,0.0,1.0,1,2,2,PAID_ASSOCIATED_NO_METRIC_RECORD,0,,,,,,,UNALIGNED (creator snapshot window vs paid Apr-Aug closed months)
6767e1b0000000000800c820,岛台踩坑之后...已老实,2024-12-25 21:00,video,94.0,CREATOR_PERFORMANCE_PRESENT,64.0,1.0,0.0,0.0,0.0,1,2,2,NOTE_PAID_METRIC_PRESENT,1,M2026-08,M2026-08,0.0,1.0,0.0,0.0,UNALIGNED (creator snapshot window vs paid Apr-Aug closed months)
6767e22c000000000900e235,"美哭❗️心心念念的岛台落地,氛围感太绝了",2024-12-26 17:00,video,30.0,CREATOR_PERFORMANCE_PRESENT,36.0,0.0,0.0,0.0,0.0,1,2,2,NOTE_PAID_METRIC_PRESENT,1,M2026-05,M2026-05,0.01,1.0,1.0,0.0,UNALIGNED (creator snapshot window vs paid Apr-Aug closed months)
6767e30a000000000800d940,分享岛台安装的全过程❗️,2024-12-26 19:00,video,30.0,CREATOR_PERFORMANCE_PRESENT,69.0,0.0,0.0,0.0,0.0,1,2,2,NOTE_PAID_METRIC_PRESENT,4,M2026-04,M2026-07,0.16,11.0,3.0,0.0,UNALIGNED (creator snapshot window vs paid Apr-Aug closed months)
6767e32d000000000b00d6fd,分享岛台安装的全过程❗️,2024-12-26 21:00,video,60.0,CREATOR_PERFORMANCE_PRESENT,74.0,0.0,0.0,0.0,0.0,1,2,2,NOTE_PAID_METRIC_PRESENT,5,M2026-04,M2026-08,0.49,20.0,4.0,0.0,UNALIGNED (creator snapshot window vs paid Apr-Aug closed months)
676d2964000000001300b4c8,别再做传统餐桌了!!,2024-12-27 17:01,video,49.0,CREATOR_PERFORMANCE_PRESENT,103.0,0.0,0.0,0.0,0.0,1,2,2,NOTE_PAID_METRIC_PRESENT,1,M2026-05,M2026-05,0.0,3.0,0.0,0.0,UNALIGNED (creator snapshot window vs paid Apr-Aug closed months)
676d299f00000000140244d9,餐椅乱配❌岛台浪费啊!!,2024-12-27 19:01,video,45.0,CREATOR_PERFORMANCE_PRESENT,128.0,0.0,0.0,0.0,0.0,0,0,0,NO_PAID_ASSOCIATION_OBSERVED,0,,,,,,,UNALIGNED (creator snapshot window vs paid Apr-Aug closed months)
676d29d10000000013001dcb,定制岛台🔥坑死了😭😭😭,2024-12-27 21:00,video,111.0,CREATOR_PERFORMANCE_PRESENT,169.0,3.0,2.0,0.0,4.0,1,2,2,NOTE_PAID_METRIC_PRESENT,4,M2026-04,M2026-07,0.0,7.0,0.0,0.0,UNALIGNED (creator snapshot window vs paid Apr-Aug closed months)
676d2a41000000001300bc31,岛台的惨痛教训...,2024-12-28 17:00,video,132.0,CREATOR_PERFORMANCE_PRESENT,31.0,0.0,1.0,0.0,0.0,1,2,2,NOTE_PAID_METRIC_PRESENT,5,M2026-04,M2026-08,0.0,13.0,0.0,0.0,UNALIGNED (creator snapshot window vs paid Apr-Aug closed months)
676d2a7300000000090158b1,内嵌电器🚫别忘了注意这几点...,2024-12-28 19:00,video,48.0,CREATOR_PERFORMANCE_PRESENT,99.0,0.0,0.0,0.0,2.0,0,0,0,NO_PAID_ASSOCIATION_OBSERVED,0,,,,,,,UNALIGNED (creator snapshot window vs paid Apr-Aug closed months)
676d2ace0000000014024f1c,我家奶油原木风岛台火了🔥,2024-12-28 21:00,video,92.0,CREATOR_PERFORMANCE_PRESENT,69.0,0.0,1.0,0.0,0.0,1,2,2,NOTE_PAID_METRIC_PRESENT,3,M2026-04,M2026-08,0.15,11.0,1.0,0.0,UNALIGNED (creator snapshot window vs paid Apr-Aug closed months)
676e6cf7000000001300de4a,我家岛台被围观了🔥,2024-12-29 17:00,video,6.0,CREATOR_PERFORMANCE_PRESENT,39.0,0.0,0.0,0.0,0.0,1,2,2,NOTE_PAID_METRIC_PRESENT,1,M2026-05,M2026-05,0.0,1.0,0.0,0.0,UNALIGNED (creator snapshot window vs paid Apr-Aug closed months)
676e6d40000000000902cb3c,答应我!小户型一定要做岛台(附尺寸,2024-12-29 19:00,video,49.0,CREATOR_PERFORMANCE_PRESENT,70.0,0.0,0.0,0.0,0.0,1,2,2,NOTE_PAID_METRIC_PRESENT,5,M2026-04,M2026-08,1.31,18.0,2.0,0.0,UNALIGNED (creator snapshot window vs paid Apr-Aug closed months)
676e6d83000000001300e2fb,做岛台是大冤种吗?,2024-12-29 21:00,video,35.0,CREATOR_PERFORMANCE_PRESENT,59.0,0.0,0.0,0.0,0.0,1,2,2,PAID_ASSOCIATED_NO_METRIC_RECORD,0,,,,,,,UNALIGNED (creator snapshot window vs paid Apr-Aug closed months)
676e6dc50000000009014b36,为啥要坚持做岛台?,2024-12-30 17:00,video,29.0,CREATOR_PERFORMANCE_PRESENT,27.0,0.0,0.0,0.0,0.0,1,2,2,PAID_ASSOCIATED_NO_METRIC_RECORD,0,,,,,,,UNALIGNED (creator snapshot window vs paid Apr-Aug closed months)
676e6dff000000001300e752,内行人才知道的岛台信息差...,2024-12-30 19:00,video,80.0,CREATOR_PERFORMANCE_PRESENT,32.0,0.0,0.0,0.0,0.0,1,2,2,PAID_ASSOCIATED_NO_METRIC_RECORD,0,,,,,,,UNALIGNED (creator snapshot window vs paid Apr-Aug closed months)
676e6e49000000001300e9d1,小户型餐厅|一个岛台拯救整个餐厅🍽️,2024-12-31 21:00,video,65.0,CREATOR_PERFORMANCE_PRESENT,48.0,0.0,0.0,0.0,0.0,1,2,2,NOTE_PAID_METRIC_PRESENT,3,M2026-04,M2026-07,0.07,17.0,4.0,0.0,UNALIGNED (creator snapshot window vs paid Apr-Aug closed months)
677105cb000000000800dba3,被客户疯狂夸赞我家岛台的4个细节总结📝,2024-12-31 17:00,video,49.0,CREATOR_PERFORMANCE_PRESENT,25.0,0.0,0.0,0.0,0.0,1,2,2,PAID_ASSOCIATED_NO_METRIC_RECORD,0,,,,,,,UNALIGNED (creator snapshot window vs paid Apr-Aug closed months)
677105fe000000000900fbd5,做岛台我踩的坑😭...,2024-12-31 19:01,video,82.0,CREATOR_PERFORMANCE_PRESENT,39.0,0.0,0.0,0.0,0.0,1,2,2,NOTE_PAID_METRIC_PRESENT,2,M2026-06,M2026-07,0.0,2.0,0.0,0.0,UNALIGNED (creator snapshot window vs paid Apr-Aug closed months)
6771066a000000000b0153df,做岛台太鸡肋了😭...,2024-12-31 21:00,video,69.0,CREATOR_PERFORMANCE_PRESENT,42.0,0.0,0.0,0.0,0.0,1,2,2,NOTE_PAID_METRIC_PRESENT,2,M2026-04,M2026-08,0.0,3.0,0.0,0.0,UNALIGNED (creator snapshot window vs paid Apr-Aug closed months)
67710712000000000b015b9e,岛台成为网红装修的5个细节...,2025-01-01 17:00,video,52.0,CREATOR_PERFORMANCE_PRESENT,32.0,0.0,1.0,0.0,1.0,0,0,0,NO_PAID_ASSOCIATION_OBSERVED,0,,,,,,,UNALIGNED (creator snapshot window vs paid Apr-Aug closed months)
6771073c000000000b0200bc,为啥要做岛台?,2025-01-01 19:00,video,14.0,CREATOR_PERFORMANCE_PRESENT,34.0,0.0,0.0,0.0,0.0,1,2,2,PAID_ASSOCIATED_NO_METRIC_RECORD,0,,,,,,,UNALIGNED (creator snapshot window vs paid Apr-Aug closed months)
67710782000000000800ef13,做岛台我踩过的坑 给你们总结了!附攻略,2025-01-01 21:00,video,50.0,CREATOR_PERFORMANCE_PRESENT,42.0,0.0,1.0,0.0,0.0,0,0,0,NO_PAID_ASSOCIATION_OBSERVED,0,,,,,,,UNALIGNED (creator snapshot window vs paid Apr-Aug closed months)
67727133000000000b00dcc5,请欣赏开放式厨房的坑...,2025-01-02 17:00,video,71.0,CREATOR_PERFORMANCE_PRESENT,85.0,0.0,1.0,0.0,0.0,0,0,0,NO_PAID_ASSOCIATION_OBSERVED,0,,,,,,,UNALIGNED (creator snapshot window vs paid Apr-Aug closed months)
6772719a000000000800d884,岛台到家后...,2025-01-02 19:00,video,85.0,CREATOR_PERFORMANCE_PRESENT,43.0,0.0,0.0,0.0,0.0,0,0,0,NO_PAID_ASSOCIATION_OBSERVED,0,,,,,,,UNALIGNED (creator snapshot window vs paid Apr-Aug closed months)
677271e3000000000b00e55b,任何人错过这个L型飘窗岛台我都会伤心的,2025-01-02 21:00,video,37.0,CREATOR_PERFORMANCE_PRESENT,56.0,0.0,0.0,0.0,0.0,0,0,0,NO_PAID_ASSOCIATION_OBSERVED,0,,,,,,,UNALIGNED (creator snapshot window vs paid Apr-Aug closed months)
67727255000000000b022f05,不想装完就崩溃的!赶紧看...,2025-01-03 17:00,video,79.0,CREATOR_PERFORMANCE_PRESENT,47.0,0.0,1.0,0.0,0.0,0,0,0,NO_PAID_ASSOCIATION_OBSERVED,0,,,,,,,UNALIGNED (creator snapshot window vs paid Apr-Aug closed months)
677272a5000000000b0232a9,为什么岛台这么流行?,2025-01-03 19:00,video,74.0,CREATOR_PERFORMANCE_PRESENT,36.0,1.0,0.0,0.0,0.0,1,2,2,PAID_ASSOCIATED_NO_METRIC_RECORD,0,,,,,,,UNALIGNED (creator snapshot window vs paid Apr-Aug closed months)
6772730a000000000800ea07,纠结做岛台还是餐桌呢?,2025-01-03 21:00,video,6.0,CREATOR_PERFORMANCE_PRESENT,32.0,0.0,0.0,0.0,0.0,1,2,2,NOTE_PAID_METRIC_PRESENT,2,M2026-04,M2026-07,0.0,2.0,0.0,0.0,UNALIGNED (creator snapshot window vs paid Apr-Aug closed months)
6777b850000000001300d69b,过来人的忠告❗第一次做岛台后避开的坑,2025-01-04 17:00,video,75.0,CREATOR_PERFORMANCE_PRESENT,112.0,1.0,2.0,2.0,1.0,0,0,0,NO_PAID_ASSOCIATION_OBSERVED,0,,,,,,,UNALIGNED (creator snapshot window vs paid Apr-Aug closed months)
6777b8830000000009017689,为啥不做餐桌?,2025-01-04 19:00,video,14.0,CREATOR_PERFORMANCE_PRESENT,65.0,0.0,0.0,0.0,0.0,1,2,2,PAID_ASSOCIATED_NO_METRIC_RECORD,0,,,,,,,UNALIGNED (creator snapshot window vs paid Apr-Aug closed months)
6777b8ab000000001300d9d8,做了岛台之后我离不开岛台了...,2025-01-04 21:00,video,14.0,CREATOR_PERFORMANCE_PRESENT,71.0,0.0,0.0,0.0,0.0,1,2,2,PAID_ASSOCIATED_NO_METRIC_RECORD,0,,,,,,,UNALIGNED (creator snapshot window vs paid Apr-Aug closed months)
6777b944000000001300b5ba,第一次做岛台交的智商税...,2025-01-05 17:00,video,30.0,CREATOR_PERFORMANCE_PRESENT,51.0,1.0,0.0,0.0,0.0,0,0,0,NO_PAID_ASSOCIATION_OBSERVED,0,,,,,,,UNALIGNED (creator snapshot window vs paid Apr-Aug closed months)
6777b99b000000000902c554,摊牌了❗这就是我想要的黑白简约风岛台🔥,2025-01-05 19:00,video,51.0,CREATOR_PERFORMANCE_PRESENT,27.0,0.0,0.0,0.0,0.0,1,2,2,NOTE_PAID_METRIC_PRESENT,2,M2026-04,M2026-05,0.0,2.0,0.0,0.0,UNALIGNED (creator snapshot window vs paid Apr-Aug closed months)
6777b9cf000000000902c6e7,沙发后岛台简直神布局🔥岛台真香~,2025-01-05 21:00,video,30.0,CREATOR_PERFORMANCE_PRESENT,45.0,0.0,0.0,0.0,0.0,1,2,2,NOTE_PAID_METRIC_PRESENT,3,M2026-04,M2026-07,0.0,6.0,0.0,0.0,UNALIGNED (creator snapshot window vs paid Apr-Aug closed months)
6779045d0000000013001fc4,岛台尺寸翻车了!丑死全村人啊!!,2025-01-06 17:00,video,73.0,CREATOR_PERFORMANCE_PRESENT,52.0,1.0,2.0,0.0,3.0,0,0,0,NO_PAID_ASSOCIATION_OBSERVED,0,,,,,,,UNALIGNED (creator snapshot window vs paid Apr-Aug closed months)
6779049600000000090150ad,家里有个岛台真的太香了吧!越看越喜欢,2025-01-06 19:00,video,107.0,CREATOR_PERFORMANCE_PRESENT,55.0,0.0,0.0,0.0,0.0,1,2,2,PAID_ASSOCIATED_NO_METRIC_RECORD,0,,,,,,,UNALIGNED (creator snapshot window vs paid Apr-Aug closed months)
677904f80000000013008ea1,岛台收纳太牛了!一个岛台能顶半个厨房......,2025-01-06 21:00,video,54.0,CREATOR_PERFORMANCE_PRESENT,118.0,1.0,0.0,0.0,0.0,1,2,2,NOTE_PAID_METRIC_PRESENT,4,M2026-04,M2026-07,0.05,18.0,2.0,0.0,UNALIGNED (creator snapshot window vs paid Apr-Aug closed months)
67790536000000000902db5a,岛台不实用?很鸡肋?,2025-01-07 17:00,video,78.0,CREATOR_PERFORMANCE_PRESENT,38.0,0.0,0.0,0.0,0.0,1,2,2,NOTE_PAID_METRIC_PRESENT,3,M2026-04,M2026-08,0.0,8.0,0.0,0.0,UNALIGNED (creator snapshot window vs paid Apr-Aug closed months)
6779057e000000001300ffc7,"跟风买了个岛台,这15个大坑真是把我坑惨了",2025-01-07 19:00,video,126.0,CREATOR_PERFORMANCE_PRESENT,60.0,0.0,0.0,0.0,2.0,0,0,0,NO_PAID_ASSOCIATION_OBSERVED,0,,,,,,,UNALIGNED (creator snapshot window vs paid Apr-Aug closed months)
677905ba000000000902dfe3,婆婆见了都夸的岛台😍超实用!!,2025-01-07 21:00,video,75.0,CREATOR_PERFORMANCE_PRESENT,49.0,1.0,3.0,0.0,0.0,1,2,2,NOTE_PAID_METRIC_PRESENT,3,M2026-04,M2026-06,0.07,8.0,1.0,0.0,UNALIGNED (creator snapshot window vs paid Apr-Aug closed months)
677ba103000000001a034ee4,要是早知道🔥少踩10086个坑!!,2025-01-08 17:00,video,66.0,CREATOR_PERFORMANCE_PRESENT,60.0,1.0,2.0,0.0,0.0,0,0,0,NO_PAID_ASSOCIATION_OBSERVED,0,,,,,,,UNALIGNED (creator snapshot window vs paid Apr-Aug closed months)
677ba158000000001a01f54f,我不允许还有人没做岛台!!,2025-01-08 19:00,video,5.0,CREATOR_PERFORMANCE_PRESENT,34.0,0.0,0.0,0.0,0.0,1,2,2,PAID_ASSOCIATED_NO_METRIC_RECORD,0,,,,,,,UNALIGNED (creator snapshot window vs paid Apr-Aug closed months)
677ba1d4000000001a01f830,岛台这6大坑我全踩了😭😭,2025-01-08 21:00,video,135.0,CREATOR_PERFORMANCE_PRESENT,57.0,1.0,0.0,0.0,0.0,1,2,2,NOTE_PAID_METRIC_PRESENT,1,M2026-06,M2026-06,0.0,1.0,0.0,0.0,UNALIGNED (creator snapshot window vs paid Apr-Aug closed months)
677ba31e000000001a035c17,内行人不会告诉你的岛台避坑指南!!,2025-01-09 17:00,video,70.0,CREATOR_PERFORMANCE_PRESENT,28.0,0.0,0.0,0.0,0.0,0,0,0,NO_PAID_ASSOCIATION_OBSERVED,0,,,,,,,UNALIGNED (creator snapshot window vs paid Apr-Aug closed months)
677bab35000000001a034d3d,"不是餐桌买不起,而且岛台更有性价比!!",2025-01-09 19:00,video,39.0,CREATOR_PERFORMANCE_PRESENT,62.0,0.0,1.0,0.0,0.0,0,0,0,NO_PAID_ASSOCIATION_OBSERVED,0,,,,,,,UNALIGNED (creator snapshot window vs paid Apr-Aug closed months)
677babcb000000000b00c641,岛台收纳的坑一踩一个坑😭,2025-01-09 21:00,video,95.0,CREATOR_PERFORMANCE_PRESENT,45.0,2.0,1.0,0.0,1.0,0,0,0,NO_PAID_ASSOCIATION_OBSERVED,0,,,,,,,UNALIGNED (creator snapshot window vs paid Apr-Aug closed months)
677e3184000000000b0200f6,"多看一分钟岛台攻略,少避一万块的坑",2025-01-10 17:00,video,45.0,CREATOR_PERFORMANCE_PRESENT,52.0,1.0,0.0,0.0,0.0,0,0,0,NO_PAID_ASSOCIATION_OBSERVED,0,,,,,,,UNALIGNED (creator snapshot window vs paid Apr-Aug closed months)
677e31ba0000000001008357,我选岛台的原因....,2025-01-10 19:01,video,6.0,CREATOR_PERFORMANCE_PRESENT,54.0,0.0,0.0,0.0,0.0,1,2,2,PAID_ASSOCIATED_NO_METRIC_RECORD,0,,,,,,,UNALIGNED (creator snapshot window vs paid Apr-Aug closed months)
677e31f7000000000b020496,不愧是我熬夜刷小红书抄的岛台🔥,2025-01-10 21:00,video,64.0,CREATOR_PERFORMANCE_PRESENT,67.0,2.0,2.0,0.0,2.0,0,0,0,NO_PAID_ASSOCIATION_OBSERVED,0,,,,,,,UNALIGNED (creator snapshot window vs paid Apr-Aug closed months)
677e323e000000000b0206dc,我的梦中情岛终于落地了💓,2025-01-11 17:00,video,14.0,CREATOR_PERFORMANCE_PRESENT,59.0,1.0,0.0,0.0,2.0,1,2,2,NOTE_PAID_METRIC_PRESENT,1,M2026-05,M2026-05,0.0,1.0,0.0,0.0,UNALIGNED (creator snapshot window vs paid Apr-Aug closed months)
677e32a80000000001001a89,岛台桌腿都能踩坑😭,2025-01-11 19:00,video,57.0,CREATOR_PERFORMANCE_PRESENT,2982.0,21.0,24.0,3.0,24.0,0,0,0,NO_PAID_ASSOCIATION_OBSERVED,0,,,,,,,UNALIGNED (creator snapshot window vs paid Apr-Aug closed months)
677e33230000000017038286,纠结🤔你会选岛台还是餐桌呢❓,2025-01-11 21:00,video,49.0,CREATOR_PERFORMANCE_PRESENT,65.0,0.0,1.0,0.0,0.0,0,0,0,NO_PAID_ASSOCIATION_OBSERVED,0,,,,,,,UNALIGNED (creator snapshot window vs paid Apr-Aug closed months)
677f7b5f000000000100a3c5,"假如装修第二套房子,这12个坑我再也不踩!",2025-01-12 17:00,video,101.0,CREATOR_PERFORMANCE_PRESENT,70.0,2.0,0.0,0.0,2.0,0,0,0,NO_PAID_ASSOCIATION_OBSERVED,0,,,,,,,UNALIGNED (creator snapshot window vs paid Apr-Aug closed months)
677f7ba8000000001800c881,保姆级教程🔥岛台水槽应该怎么选❓,2025-01-12 19:00,video,38.0,CREATOR_PERFORMANCE_PRESENT,51.0,0.0,0.0,0.0,0.0,0,0,0,NO_PAID_ASSOCIATION_OBSERVED,0,,,,,,,UNALIGNED (creator snapshot window vs paid Apr-Aug closed months)
677f7bd9000000000100a77d,谁说小户型只能做餐桌!?️,2025-01-12 21:00,video,46.0,CREATOR_PERFORMANCE_PRESENT,35.0,0.0,1.0,0.0,0.0,1,2,2,NOTE_PAID_METRIC_PRESENT,2,M2026-04,M2026-05,0.0,6.0,0.0,0.0,UNALIGNED (creator snapshot window vs paid Apr-Aug closed months)
677f7c5b000000000100ab81,"岛台定制中你不说,就一定会踩的坑🔥",2025-01-13 17:00,video,48.0,CREATOR_PERFORMANCE_PRESENT,39.0,0.0,1.0,0.0,0.0,0,0,0,NO_PAID_ASSOCIATION_OBSERVED,0,,,,,,,UNALIGNED (creator snapshot window vs paid Apr-Aug closed months)
677f7d2b0000000001000078,为啥岛台这么流行?,2025-01-13 17:00,video,14.0,CREATOR_PERFORMANCE_PRESENT,42.0,0.0,0.0,0.0,0.0,1,2,2,NOTE_PAID_METRIC_PRESENT,1,M2026-04,M2026-04,0.0,1.0,0.0,0.0,UNALIGNED (creator snapshot window vs paid Apr-Aug closed months)
677f7e71000000001703f7bb,好用真的说累了😫岛台真是我的心头好!!,2025-01-13 21:00,video,5.0,CREATOR_PERFORMANCE_PRESENT,48.0,0.0,0.0,0.0,0.0,1,2,2,NOTE_PAID_METRIC_PRESENT,1,M2026-05,M2026-05,0.0,1.0,0.0,0.0,UNALIGNED (creator snapshot window vs paid Apr-Aug closed months)
678098ce0000000001001fde,岛台水电位如何预留呢❓,2025-01-14 17:00,video,46.0,CREATOR_PERFORMANCE_PRESENT,456.0,0.0,1.0,0.0,0.0,0,0,0,NO_PAID_ASSOCIATION_OBSERVED,0,,,,,,,UNALIGNED (creator snapshot window vs paid Apr-Aug closed months)
678098fe000000000b020f17,小户型装了岛台之后...,2025-01-14 19:00,video,44.0,CREATOR_PERFORMANCE_PRESENT,65.0,2.0,1.0,1.0,3.0,1,2,2,NOTE_PAID_METRIC_PRESENT,3,M2026-04,M2026-06,0.0,5.0,0.0,0.0,UNALIGNED (creator snapshot window vs paid Apr-Aug closed months)
6780993d000000000b02112d,岛台避坑了!😭早知道我就提前做攻略了,2025-01-14 21:00,video,72.0,CREATOR_PERFORMANCE_PRESENT,33.0,0.0,0.0,0.0,0.0,0,0,0,NO_PAID_ASSOCIATION_OBSERVED,0,,,,,,,UNALIGNED (creator snapshot window vs paid Apr-Aug closed months)
67809a82000000001703d8eb,岛台抽屉一拉就掉!?️,2025-01-15 17:00,video,40.0,CREATOR_PERFORMANCE_PRESENT,58.0,1.0,0.0,0.0,0.0,0,0,0,NO_PAID_ASSOCIATION_OBSERVED,0,,,,,,,UNALIGNED (creator snapshot window vs paid Apr-Aug closed months)
67809ac9000000000203f1ef,开放式厨房踩坑 肠子都悔青了😭,2025-01-15 19:01,video,69.0,CREATOR_PERFORMANCE_PRESENT,40.0,0.0,0.0,0.0,0.0,0,0,0,NO_PAID_ASSOCIATION_OBSERVED,0,,,,,,,UNALIGNED (creator snapshot window vs paid Apr-Aug closed months)
67809b13000000000203f41c,岛台这6大设计🔥你错过会后悔!!,2025-01-15 21:00,video,69.0,CREATOR_PERFORMANCE_PRESENT,45.0,0.0,0.0,0.0,0.0,0,0,0,NO_PAID_ASSOCIATION_OBSERVED,0,,,,,,,UNALIGNED (creator snapshot window vs paid Apr-Aug closed months)
678372a1000000001703fbd2,岛台居然还能这样做?,2025-01-16 17:00,video,54.0,CREATOR_PERFORMANCE_PRESENT,140.0,0.0,2.0,4.0,0.0,1,2,2,NOTE_PAID_METRIC_PRESENT,2,M2026-04,M2026-06,0.0,4.0,0.0,0.0,UNALIGNED (creator snapshot window vs paid Apr-Aug closed months)
6783730f000000001703b7c2,"大胆点,放弃之前流行的餐桌吧~",2025-01-16 19:01,video,61.0,CREATOR_PERFORMANCE_PRESENT,77.0,0.0,0.0,2.0,0.0,1,2,2,NOTE_PAID_METRIC_PRESENT,3,M2026-04,M2026-07,0.01,27.0,1.0,0.0,UNALIGNED (creator snapshot window vs paid Apr-Aug closed months)
6783734500000000010080aa,压箱底的厨房岛台设计思路秘️,2025-01-16 21:00,video,80.0,CREATOR_PERFORMANCE_PRESENT,62.0,1.0,0.0,0.0,0.0,0,0,0,NO_PAID_ASSOCIATION_OBSERVED,0,,,,,,,UNALIGNED (creator snapshot window vs paid Apr-Aug closed months)
6783738800000000010082a4,岛台始于颜值 忠于功能🥰,2025-01-17 17:01,video,14.0,CREATOR_PERFORMANCE_PRESENT,66.0,1.0,0.0,2.0,0.0,1,2,2,NOTE_PAID_METRIC_PRESENT,1,M2026-04,M2026-04,0.0,2.0,0.0,0.0,UNALIGNED (creator snapshot window vs paid Apr-Aug closed months)
67837417000000001703c6a6,做了空心岛台 坑死你😡,2025-01-17 19:02,video,128.0,CREATOR_PERFORMANCE_PRESENT,90.0,0.0,0.0,0.0,0.0,0,0,0,NO_PAID_ASSOCIATION_OBSERVED,0,,,,,,,UNALIGNED (creator snapshot window vs paid Apr-Aug closed months)
678375b9000000000b021acd,我愿称之为装修踩坑王😡,2025-01-17 21:00,video,53.0,CREATOR_PERFORMANCE_PRESENT,33.0,0.0,0.0,0.0,0.0,0,0,0,NO_PAID_ASSOCIATION_OBSERVED,0,,,,,,,UNALIGNED (creator snapshot window vs paid Apr-Aug closed months)
678603f30000000020019bb4,精装房岛台 没做水电布局....,2025-01-18 17:01,video,39.0,CREATOR_PERFORMANCE_PRESENT,76.0,0.0,0.0,0.0,0.0,0,0,0,NO_PAID_ASSOCIATION_OBSERVED,0,,,,,,,UNALIGNED (creator snapshot window vs paid Apr-Aug closed months)
67860464000000000900ecdb,做了岛台后...,2025-01-18 19:01,video,14.0,CREATOR_PERFORMANCE_PRESENT,81.0,0.0,0.0,0.0,0.0,1,2,2,PAID_ASSOCIATED_NO_METRIC_RECORD,0,,,,,,,UNALIGNED (creator snapshot window vs paid Apr-Aug closed months)
678604b2000000000b03280f,为啥不做餐桌要做岛台?,2025-01-18 21:00,video,14.0,CREATOR_PERFORMANCE_PRESENT,47.0,1.0,0.0,0.0,0.0,1,2,2,PAID_ASSOCIATED_NO_METRIC_RECORD,0,,,,,,,UNALIGNED (creator snapshot window vs paid Apr-Aug closed months)
67860545000000000b016e16,治愈强迫症🔥这个小户型岛台不得了,2025-01-19 17:01,video,6.0,CREATOR_PERFORMANCE_PRESENT,49.0,0.0,0.0,0.0,0.0,1,2,2,PAID_ASSOCIATED_NO_METRIC_RECORD,0,,,,,,,UNALIGNED (creator snapshot window vs paid Apr-Aug closed months)
6786059c0000000020021ef2,听我一句劝!!️一定要做的高颜值岛台,2025-01-19 19:02,video,14.0,CREATOR_PERFORMANCE_PRESENT,62.0,0.0,0.0,0.0,0.0,1,2,2,NOTE_PAID_METRIC_PRESENT,2,M2026-04,M2026-05,0.0,2.0,0.0,0.0,UNALIGNED (creator snapshot window vs paid Apr-Aug closed months)
678605f0000000000b03acdc,回头率飙升的岛台🔥100%拿捏氛围感,2025-01-19 21:00,video,37.0,CREATOR_PERFORMANCE_PRESENT,61.0,0.0,0.0,0.0,0.0,1,2,2,NOTE_PAID_METRIC_PRESENT,4,M2026-04,M2026-07,0.0,7.0,0.0,0.0,UNALIGNED (creator snapshot window vs paid Apr-Aug closed months)
67860640000000000800cf19,岛台水电布局的坑来了🤬....,2025-01-20 17:01,video,66.0,CREATOR_PERFORMANCE_PRESENT,79.0,0.0,0.0,0.0,0.0,0,0,0,NO_PAID_ASSOCIATION_OBSERVED,0,,,,,,,UNALIGNED (creator snapshot window vs paid Apr-Aug closed months)
678606e0000000000b03b024,岛台真的是房子的灵魂❗️,2025-01-20 19:01,video,83.0,CREATOR_PERFORMANCE_PRESENT,53.0,0.0,0.0,0.0,0.0,1,2,2,PAID_ASSOCIATED_NO_METRIC_RECORD,0,,,,,,,UNALIGNED (creator snapshot window vs paid Apr-Aug closed months)
6786074a000000000b01754f,网购岛台为啥翻车越来越多?原因是,2025-01-20 21:00,video,66.0,CREATOR_PERFORMANCE_PRESENT,56.0,1.0,0.0,0.0,0.0,0,0,0,NO_PAID_ASSOCIATION_OBSERVED,0,,,,,,,UNALIGNED (creator snapshot window vs paid Apr-Aug closed months)
6788c8bb000000001802911b,第二次装修才会避开的坑....,2025-01-21 17:01,video,48.0,CREATOR_PERFORMANCE_PRESENT,40.0,0.0,0.0,0.0,0.0,0,0,0,NO_PAID_ASSOCIATION_OBSERVED,0,,,,,,,UNALIGNED (creator snapshot window vs paid Apr-Aug closed months)
6788c95b0000000016035fab,可旋转岛台餐桌一体丨竟然这么好用!!!,2025-01-21 19:01,video,59.0,CREATOR_PERFORMANCE_PRESENT,61.0,0.0,0.0,0.0,0.0,1,2,2,NOTE_PAID_METRIC_PRESENT,3,M2026-04,M2026-06,0.0,10.0,0.0,0.0,UNALIGNED (creator snapshot window vs paid Apr-Aug closed months)
6788c98f00000000170024f9,小户型更需要岛台🔥,2025-01-21 21:00,video,56.0,CREATOR_PERFORMANCE_PRESENT,73.0,1.0,1.0,0.0,0.0,1,2,2,NOTE_PAID_METRIC_PRESENT,3,M2026-04,M2026-08,0.0,3.0,0.0,0.0,UNALIGNED (creator snapshot window vs paid Apr-Aug closed months)
6788c9d3000000001602d3dd,买岛台一定要避开的坑!!c,2025-01-22 17:01,video,48.0,CREATOR_PERFORMANCE_PRESENT,41.0,0.0,0.0,0.0,0.0,0,0,0,NO_PAID_ASSOCIATION_OBSERVED,0,,,,,,,UNALIGNED (creator snapshot window vs paid Apr-Aug closed months)
6788ca00000000001803d32e,我为啥要坚持做岛台?,2025-01-22 19:02,video,6.0,CREATOR_PERFORMANCE_PRESENT,65.0,0.0,1.0,0.0,1.0,1,2,2,PAID_ASSOCIATED_NO_METRIC_RECORD,0,,,,,,,UNALIGNED (creator snapshot window vs paid Apr-Aug closed months)
6788cb8300000000190162c9,"大胆一点,餐厅不要买餐桌!!",2025-01-22 21:00,video,71.0,CREATOR_PERFORMANCE_PRESENT,61.0,0.0,0.0,0.0,0.0,0,0,0,NO_PAID_ASSOCIATION_OBSERVED,0,,,,,,,UNALIGNED (creator snapshot window vs paid Apr-Aug closed months)
6788cc3c000000001801ebde,岛台选灯细节大公开🔥,2025-01-23 17:01,video,66.0,CREATOR_PERFORMANCE_PRESENT,39.0,0.0,1.0,0.0,0.0,0,0,0,NO_PAID_ASSOCIATION_OBSERVED,0,,,,,,,UNALIGNED (creator snapshot window vs paid Apr-Aug closed months)
6788cc78000000001801ecd9,挖到宝了!餐椅跟我的岛台太搭了吧!,2025-01-23 19:01,video,25.0,CREATOR_PERFORMANCE_PRESENT,83.0,0.0,0.0,0.0,0.0,1,2,2,NOTE_PAID_METRIC_PRESENT,5,M2026-04,M2026-08,3.85,60.0,6.0,0.0,UNALIGNED (creator snapshot window vs paid Apr-Aug closed months)
6788cce900000000180340e3,岛台是智商税?,2025-01-23 21:00,video,85.0,CREATOR_PERFORMANCE_PRESENT,46.0,0.0,0.0,0.0,0.0,0,0,0,NO_PAID_ASSOCIATION_OBSERVED,0,,,,,,,UNALIGNED (creator snapshot window vs paid Apr-Aug closed months)
6789ce4d0000000018037540,岛台揭秘秘️千万不要这样做!!,2025-01-24 17:02,video,76.0,CREATOR_PERFORMANCE_PRESENT,57.0,1.0,1.0,0.0,0.0,0,0,0,NO_PAID_ASSOCIATION_OBSERVED,0,,,,,,,UNALIGNED (creator snapshot window vs paid Apr-Aug closed months)
6789cea30000000003020dcd,被邻居夸爆的岛台还能这样设计🔥,2025-01-25 17:01,video,53.0,CREATOR_PERFORMANCE_PRESENT,90.0,2.0,2.0,0.0,0.0,1,2,2,NOTE_PAID_METRIC_PRESENT,2,M2026-04,M2026-06,0.0,3.0,0.0,0.0,UNALIGNED (creator snapshot window vs paid Apr-Aug closed months)
6789ceed00000000180377b7,千万别内嵌电器❗️❗️,2025-01-26 17:01,video,42.0,CREATOR_PERFORMANCE_PRESENT,144.0,4.0,1.0,0.0,0.0,0,0,0,NO_PAID_ASSOCIATION_OBSERVED,0,,,,,,,UNALIGNED (creator snapshot window vs paid Apr-Aug closed months)
6789cf3f0000000016033827,心心念念的岛台还是踩坑了😭😭,2025-01-24 19:01,video,27.0,CREATOR_PERFORMANCE_PRESENT,54.0,0.0,0.0,0.0,0.0,0,0,0,NO_PAID_ASSOCIATION_OBSERVED,0,,,,,,,UNALIGNED (creator snapshot window vs paid Apr-Aug closed months)
6789cfa7000000001802a019,岛台不会布局摆放真不是少数人❌快抄作业!,2025-01-24 21:00,video,53.0,CREATOR_PERFORMANCE_PRESENT,101.0,0.0,0.0,0.0,0.0,0,0,0,NO_PAID_ASSOCIATION_OBSERVED,0,,,,,,,UNALIGNED (creator snapshot window vs paid Apr-Aug closed months)
678a2dfb00000000170009a5,"注意⚠️,装修里千万不能忽视的岛台尺寸!!",2025-01-27 17:01,video,50.0,CREATOR_PERFORMANCE_PRESENT,58.0,0.0,0.0,0.0,0.0,0,0,0,NO_PAID_ASSOCIATION_OBSERVED,0,,,,,,,UNALIGNED (creator snapshot window vs paid Apr-Aug closed months)
678a2e8800000000180176ef,被邻居夸了800遍的黑白岛台🔥,2025-01-28 17:01,video,83.0,CREATOR_PERFORMANCE_PRESENT,136.0,1.0,2.0,0.0,2.0,1,2,2,NOTE_PAID_METRIC_PRESENT,5,M2026-04,M2026-08,0.36,25.0,4.0,0.0,UNALIGNED (creator snapshot window vs paid Apr-Aug closed months)
678a2f5d000000001901b4ba,岛台收纳🔥收纳达人福音❗️❗️,2025-01-29 17:00,video,62.0,CREATOR_PERFORMANCE_PRESENT,102.0,3.0,0.0,0.0,0.0,1,2,2,NOTE_PAID_METRIC_PRESENT,3,M2026-04,M2026-06,0.08,24.0,2.0,0.0,UNALIGNED (creator snapshot window vs paid Apr-Aug closed months)
678cd6e7000000000a006a3c,码住!小户型客餐厅的天菜——岛台,2025-01-30 17:00,video,37.0,CREATOR_PERFORMANCE_PRESENT,77.0,1.0,0.0,0.0,0.0,1,2,2,NOTE_PAID_METRIC_PRESENT,1,M2026-04,M2026-04,0.0,1.0,0.0,0.0,UNALIGNED (creator snapshot window vs paid Apr-Aug closed months)
678cd7ad0000000016020981,"小户型餐厅,邻居说你太会装了!!",2025-01-31 17:00,video,57.0,CREATOR_PERFORMANCE_PRESENT,111.0,1.0,0.0,0.0,0.0,1,2,2,NOTE_PAID_METRIC_PRESENT,3,M2026-04,M2026-06,0.05,13.0,3.0,0.0,UNALIGNED (creator snapshot window vs paid Apr-Aug closed months)
678cd8210000000016019eac,我为啥要坚持做岛台?,2025-02-01 17:00,video,184.0,CREATOR_PERFORMANCE_PRESENT,81.0,1.0,0.0,0.0,0.0,0,0,0,NO_PAID_ASSOCIATION_OBSERVED,0,,,,,,,UNALIGNED (creator snapshot window vs paid Apr-Aug closed months)
678dfbc0000000000a005888,"做岛台没注意,结果...",2025-02-02 17:00,video,76.0,CREATOR_PERFORMANCE_PRESENT,58.0,0.0,0.0,0.0,0.0,0,0,0,NO_PAID_ASSOCIATION_OBSERVED,0,,,,,,,UNALIGNED (creator snapshot window vs paid Apr-Aug closed months)
678dfd2f0000000019031fac,装修设计不要再踩坑啦❗️这几个慎做⚠️,2025-02-03 17:00,video,77.0,CREATOR_PERFORMANCE_PRESENT,84.0,2.0,0.0,0.0,0.0,0,0,0,NO_PAID_ASSOCIATION_OBSERVED,0,,,,,,,UNALIGNED (creator snapshot window vs paid Apr-Aug closed months)
678dff020000000021002ef3,套内60平做岛台在小区火了🔥,2025-02-04 17:00,video,90.0,CREATOR_PERFORMANCE_PRESENT,111.0,0.0,1.0,0.0,2.0,1,2,2,NOTE_PAID_METRIC_PRESENT,4,M2026-04,M2026-08,0.04,28.0,3.0,0.0,UNALIGNED (creator snapshot window vs paid Apr-Aug closed months)
678f270a000000002900f29d,"花小钱办大事,做好功课再也不怕翻车",2025-02-05 17:00,video,152.0,CREATOR_PERFORMANCE_PRESENT,111.0,3.0,7.0,0.0,1.0,0,0,0,NO_PAID_ASSOCIATION_OBSERVED,0,,,,,,,UNALIGNED (creator snapshot window vs paid Apr-Aug closed months)
678f2752000000002902e261,岛台vs传统餐桌🏠哪个更好用呢?,2025-02-06 17:00,video,50.0,CREATOR_PERFORMANCE_PRESENT,117.0,6.0,0.0,0.0,2.0,0,0,0,NO_PAID_ASSOCIATION_OBSERVED,0,,,,,,,UNALIGNED (creator snapshot window vs paid Apr-Aug closed months)
678f27be000000002a0039c4,苍天😭岛台尺寸居然翻车了😭,2025-02-07 17:01,video,72.0,CREATOR_PERFORMANCE_PRESENT,78.0,0.0,2.0,0.0,0.0,0,0,0,NO_PAID_ASSOCIATION_OBSERVED,0,,,,,,,UNALIGNED (creator snapshot window vs paid Apr-Aug closed months)
67a42045000000002900dbd2,做了伸缩岛台才知道....,2025-02-08 17:01,video,96.0,CREATOR_PERFORMANCE_PRESENT,91.0,0.0,0.0,0.0,0.0,0,0,0,NO_PAID_ASSOCIATION_OBSERVED,0,,,,,,,UNALIGNED (creator snapshot window vs paid Apr-Aug closed months)
67a5ba59000000002802abbd,为啥这么多人开始去餐桌化?,2025-02-09 17:01,video,78.0,CREATOR_PERFORMANCE_PRESENT,98.0,1.0,0.0,0.0,1.0,0,0,0,NO_PAID_ASSOCIATION_OBSERVED,0,,,,,,,UNALIGNED (creator snapshot window vs paid Apr-Aug closed months)
67a5baee00000000290398e5,网购岛台居然是摆拍岛台....,2025-02-10 17:01,video,131.0,CREATOR_PERFORMANCE_PRESENT,93.0,1.0,1.0,0.0,0.0,0,0,0,NO_PAID_ASSOCIATION_OBSERVED,0,,,,,,,UNALIGNED (creator snapshot window vs paid Apr-Aug closed months)
67a5d0a5000000002503d614,"岛台做伸缩后,又翻车了....",2025-02-11 19:01,video,69.0,CREATOR_PERFORMANCE_PRESENT,96.0,1.0,0.0,0.0,1.0,0,0,0,NO_PAID_ASSOCIATION_OBSERVED,0,,,,,,,UNALIGNED (creator snapshot window vs paid Apr-Aug closed months)
67a9a72c000000001801b956,岛台灯光搭配技巧🔥干货满满💯,2025-02-12 17:01,video,47.0,CREATOR_PERFORMANCE_PRESENT,256.0,0.0,1.0,0.0,0.0,1,2,2,NOTE_PAID_METRIC_PRESENT,5,M2026-04,M2026-08,3.44,242.0,35.0,0.0,UNALIGNED (creator snapshot window vs paid Apr-Aug closed months)
67a9a76f000000001902fa90,收纳狂魔怎么做岛台!?️,2025-02-13 21:00,video,66.0,CREATOR_PERFORMANCE_PRESENT,60.0,0.0,0.0,0.0,0.0,1,2,2,NOTE_PAID_METRIC_PRESENT,3,M2026-05,M2026-07,0.0,9.0,0.0,0.0,UNALIGNED (creator snapshot window vs paid Apr-Aug closed months)
67aafd04000000001801b699,"都说小户型不合适岛台,我这不是安排上了",2025-02-14 17:01,video,86.0,CREATOR_PERFORMANCE_PRESENT,81.0,1.0,2.0,0.0,0.0,1,2,2,NOTE_PAID_METRIC_PRESENT,4,M2026-04,M2026-07,0.0,9.0,0.0,0.0,UNALIGNED (creator snapshot window vs paid Apr-Aug closed months)
67aafd650000000018008794,岛台定制踩坑!3大坑千万别踩🕳️,2025-02-15 17:01,video,43.0,CREATOR_PERFORMANCE_PRESENT,59.0,0.0,1.0,0.0,0.0,0,0,0,NO_PAID_ASSOCIATION_OBSERVED,0,,,,,,,UNALIGNED (creator snapshot window vs paid Apr-Aug closed months)
67aafda9000000001800f2d2,"同样的岛台,为啥我家岛台翻车了🤯",2025-02-15 19:01,video,50.0,CREATOR_PERFORMANCE_PRESENT,55.0,0.0,0.0,0.0,0.0,0,0,0,NO_PAID_ASSOCIATION_OBSERVED,0,,,,,,,UNALIGNED (creator snapshot window vs paid Apr-Aug closed months)
67aafdda000000001701c0b2,我绝不允许空间白白浪费🤣全都给我用上!,2025-02-15 21:00,video,49.0,CREATOR_PERFORMANCE_PRESENT,46.0,0.0,0.0,0.0,0.0,0,0,0,NO_PAID_ASSOCIATION_OBSERVED,0,,,,,,,UNALIGNED (creator snapshot window vs paid Apr-Aug closed months)
67ad9eaf000000002802b30b,做了旋转岛台之后...,2025-02-17 17:01,video,56.0,CREATOR_PERFORMANCE_PRESENT,174.0,0.0,1.0,0.0,0.0,1,2,2,NOTE_PAID_METRIC_PRESENT,5,M2026-04,M2026-08,14.38,179.0,15.0,0.0,UNALIGNED (creator snapshot window vs paid Apr-Aug closed months)
67ad9ee6000000002901f2f6,请欣赏空心岛台的坑😭😭😭,2025-02-17 19:01,video,64.0,CREATOR_PERFORMANCE_PRESENT,57.0,0.0,0.0,0.0,1.0,0,0,0,NO_PAID_ASSOCIATION_OBSERVED,0,,,,,,,UNALIGNED (creator snapshot window vs paid Apr-Aug closed months)
67ad9f1a000000002903d131,"老公说小户型不能做岛台,我偏偏反骨!!",2025-02-17 21:00,video,37.0,CREATOR_PERFORMANCE_PRESENT,76.0,0.0,0.0,0.0,0.0,1,2,2,NOTE_PAID_METRIC_PRESENT,4,M2026-04,M2026-08,0.0,4.0,0.0,0.0,UNALIGNED (creator snapshot window vs paid Apr-Aug closed months)
67ad9f5d000000002902ee40,"入住两年后,爆改厨房....",2025-02-16 17:01,video,75.0,CREATOR_PERFORMANCE_PRESENT,40.0,0.0,1.0,0.0,0.0,0,0,0,NO_PAID_ASSOCIATION_OBSERVED,0,,,,,,,UNALIGNED (creator snapshot window vs paid Apr-Aug closed months)
67ad9fa900000000290271ca,装修踩坑❕最爱的厨房也没幸免,2025-02-16 19:01,video,195.0,CREATOR_PERFORMANCE_PRESENT,53.0,0.0,0.0,0.0,0.0,0,0,0,NO_PAID_ASSOCIATION_OBSERVED,0,,,,,,,UNALIGNED (creator snapshot window vs paid Apr-Aug closed months)
67ada00c000000002602ec80,"入门就是岛台,80平小户型就复制这个!",2025-02-16 21:00,video,64.0,CREATOR_PERFORMANCE_PRESENT,112.0,0.0,1.0,0.0,1.0,1,2,2,NOTE_PAID_METRIC_PRESENT,3,M2026-04,M2026-07,13.04,8.0,1.0,1.0,UNALIGNED (creator snapshot window vs paid Apr-Aug closed months)
67aef888000000001701c70d,"99%的人都踩过的装修雷区,你中招没?",2025-02-18 17:01,video,53.0,CREATOR_PERFORMANCE_PRESENT,39.0,1.0,0.0,0.0,0.0,0,0,0,NO_PAID_ASSOCIATION_OBSERVED,0,,,,,,,UNALIGNED (creator snapshot window vs paid Apr-Aug closed months)
67aef9080000000018012e69,装修拒绝信息茧房😡一定要警惕这九个设计,2025-02-18 19:01,video,71.0,CREATOR_PERFORMANCE_PRESENT,53.0,0.0,1.0,0.0,0.0,0,0,0,NO_PAID_ASSOCIATION_OBSERVED,0,,,,,,,UNALIGNED (creator snapshot window vs paid Apr-Aug closed months)
67aef9620000000018007e4f,为啥不做餐桌?做了岛台才知道岛台的好!,2025-02-18 21:00,video,67.0,CREATOR_PERFORMANCE_PRESENT,47.0,0.0,2.0,2.0,0.0,0,0,0,NO_PAID_ASSOCIATION_OBSERVED,0,,,,,,,UNALIGNED (creator snapshot window vs paid Apr-Aug closed months)
67aef9f50000000017039696,"还好没听劝,做了个岛台是真的香啊🥹",2025-02-19 17:01,video,27.0,CREATOR_PERFORMANCE_PRESENT,26.0,0.0,0.0,0.0,0.0,1,2,2,PAID_ASSOCIATED_NO_METRIC_RECORD,0,,,,,,,UNALIGNED (creator snapshot window vs paid Apr-Aug closed months)
67aefabe0000000018013d4f,宝妈放心的圆弧岛台🔥家有神兽也不怕!,2025-02-19 19:01,video,34.0,CREATOR_PERFORMANCE_PRESENT,66.0,1.0,0.0,2.0,0.0,1,2,2,NOTE_PAID_METRIC_PRESENT,3,M2026-04,M2026-06,6.68,18.0,3.0,0.0,UNALIGNED (creator snapshot window vs paid Apr-Aug closed months)
67aefb210000000018004e33,岛台餐桌这样做省钱省心!抄作业!,2025-02-19 21:00,video,87.0,CREATOR_PERFORMANCE_PRESENT,42.0,1.0,0.0,0.0,0.0,1,2,2,NOTE_PAID_METRIC_PRESENT,1,M2026-05,M2026-05,0.0,2.0,0.0,0.0,UNALIGNED (creator snapshot window vs paid Apr-Aug closed months)
67b2e1a9000000001800bd57,岛台避坑了!😭早知道我就提前做攻略了,2025-02-20 17:02,video,28.0,CREATOR_PERFORMANCE_PRESENT,34.0,0.0,1.0,0.0,0.0,0,0,0,NO_PAID_ASSOCIATION_OBSERVED,0,,,,,,,UNALIGNED (creator snapshot window vs paid Apr-Aug closed months)
67b2e20f000000001701f31c,老公说我是懂岛台的🔥七个细节教你不踩坑,2025-02-20 19:03,video,72.0,CREATOR_PERFORMANCE_PRESENT,43.0,1.0,1.0,0.0,0.0,0,0,0,NO_PAID_ASSOCIATION_OBSERVED,0,,,,,,,UNALIGNED (creator snapshot window vs paid Apr-Aug closed months)
67b2e2630000000018006e0d,"装修避坑✅岛台3条黄金小技巧,教你不踩坑",2025-02-20 21:01,video,50.0,CREATOR_PERFORMANCE_PRESENT,38.0,1.0,1.0,0.0,0.0,0,0,0,NO_PAID_ASSOCIATION_OBSERVED,0,,,,,,,UNALIGNED (creator snapshot window vs paid Apr-Aug closed months)
67b2e2a4000000001902eba3,"小户型做岛台,朋友看了都想搬走...",2025-02-21 17:00,video,57.0,CREATOR_PERFORMANCE_PRESENT,36.0,0.0,0.0,0.0,0.0,1,2,2,NOTE_PAID_METRIC_PRESENT,3,M2026-04,M2026-08,0.0,4.0,0.0,0.0,UNALIGNED (creator snapshot window vs paid Apr-Aug closed months)
67b2e39b000000001800c46e,"新家入住一年半了,岛台越用越觉得....",2025-02-21 19:01,video,81.0,CREATOR_PERFORMANCE_PRESENT,57.0,0.0,0.0,0.0,0.0,0,0,0,NO_PAID_ASSOCIATION_OBSERVED,0,,,,,,,UNALIGNED (creator snapshot window vs paid Apr-Aug closed months)
67b2e3d4000000001902f507,岛台代替餐桌好用吗?,2025-02-21 21:00,video,43.0,CREATOR_PERFORMANCE_PRESENT,71.0,0.0,0.0,0.0,0.0,1,2,2,NOTE_PAID_METRIC_PRESENT,2,M2026-04,M2026-05,0.05,8.0,1.0,0.0,UNALIGNED (creator snapshot window vs paid Apr-Aug closed months)
67b43a4b00000000280298c5,"🌞🌿巧妙利用餐厅飘窗设计,设计成岛台",2025-02-22 17:00,video,79.0,CREATOR_PERFORMANCE_PRESENT,310.0,3.0,3.0,0.0,2.0,1,2,2,NOTE_PAID_METRIC_PRESENT,5,M2026-04,M2026-08,7.29,93.0,17.0,0.0,UNALIGNED (creator snapshot window vs paid Apr-Aug closed months)
67b43bee000000002602d8c3,"大胆一点,餐厅不要买餐桌!!",2025-02-22 19:00,video,28.0,CREATOR_PERFORMANCE_PRESENT,46.0,0.0,0.0,0.0,0.0,0,0,0,NO_PAID_ASSOCIATION_OBSERVED,0,,,,,,,UNALIGNED (creator snapshot window vs paid Apr-Aug closed months)
67b43c820000000029029d75,谁懂啊🔥一眼就爱上的奶油风岛台,2025-02-22 21:00,video,72.0,CREATOR_PERFORMANCE_PRESENT,37.0,0.0,1.0,0.0,0.0,1,2,2,NOTE_PAID_METRIC_PRESENT,1,M2026-05,M2026-05,0.0,1.0,0.0,0.0,UNALIGNED (creator snapshot window vs paid Apr-Aug closed months)
67b43cf0000000002a003699,精装房不听劝做了岛台...,2025-02-23 17:00,video,80.0,CREATOR_PERFORMANCE_PRESENT,88.0,0.0,3.0,0.0,0.0,0,0,0,NO_PAID_ASSOCIATION_OBSERVED,0,,,,,,,UNALIGNED (creator snapshot window vs paid Apr-Aug closed months)
67b43d3e000000002900a5f8,有了这款餐椅🪑终于实现梦想的岛台氛围,2025-02-23 19:00,video,31.0,CREATOR_PERFORMANCE_PRESENT,66.0,1.0,0.0,0.0,0.0,1,2,2,NOTE_PAID_METRIC_PRESENT,5,M2026-04,M2026-08,1.53,35.0,3.0,0.0,UNALIGNED (creator snapshot window vs paid Apr-Aug closed months)
67b43d87000000002900de58,"❗岛台尺寸不翻车,一定要注意这4点❗❗❗",2025-02-23 21:00,video,33.0,CREATOR_PERFORMANCE_PRESENT,50.0,0.0,0.0,0.0,0.0,0,0,0,NO_PAID_ASSOCIATION_OBSERVED,0,,,,,,,UNALIGNED (creator snapshot window vs paid Apr-Aug closed months)
67b58b820000000029029858,岛台太香了!后悔没早点做!,2025-02-24 17:00,video,83.0,CREATOR_PERFORMANCE_PRESENT,47.0,1.0,0.0,0.0,0.0,1,2,2,NOTE_PAID_METRIC_PRESENT,2,M2026-05,M2026-07,0.0,2.0,0.0,0.0,UNALIGNED (creator snapshot window vs paid Apr-Aug closed months)
67b58bf80000000029009d6d,为什么餐桌脚会翻车...,2025-02-24 19:01,video,43.0,CREATOR_PERFORMANCE_PRESENT,54.0,1.0,0.0,2.0,0.0,0,0,0,NO_PAID_ASSOCIATION_OBSERVED,0,,,,,,,UNALIGNED (creator snapshot window vs paid Apr-Aug closed months)
67b58c410000000029010854,餐桌|我的评价是不如岛台,2025-02-24 21:00,video,28.0,CREATOR_PERFORMANCE_PRESENT,53.0,0.0,0.0,0.0,0.0,0,0,0,NO_PAID_ASSOCIATION_OBSERVED,0,,,,,,,UNALIGNED (creator snapshot window vs paid Apr-Aug closed months)
67b58e3b000000002900dfc8,岛台脚条🔥90%的人都会忽略⚠️,2025-02-25 17:00,video,49.0,CREATOR_PERFORMANCE_PRESENT,40.0,0.0,0.0,0.0,0.0,0,0,0,NO_PAID_ASSOCIATION_OBSERVED,0,,,,,,,UNALIGNED (creator snapshot window vs paid Apr-Aug closed months)
67b58e8b000000002602e00d,大无语事件❗️水电布局翻车了,2025-02-25 19:01,video,51.0,CREATOR_PERFORMANCE_PRESENT,48.0,0.0,1.0,0.0,0.0,0,0,0,NO_PAID_ASSOCIATION_OBSERVED,0,,,,,,,UNALIGNED (creator snapshot window vs paid Apr-Aug closed months)
67b58ed4000000002900e1f2,谁说餐厅小就不能拥有岛台了🔥🔥,2025-02-25 21:00,video,68.0,CREATOR_PERFORMANCE_PRESENT,56.0,1.0,1.0,0.0,0.0,1,2,2,NOTE_PAID_METRIC_PRESENT,1,M2026-05,M2026-05,0.0,3.0,0.0,0.0,UNALIGNED (creator snapshot window vs paid Apr-Aug closed months)
67bc220000000000290264f8,岛台要想不踩坑!把这些尺寸记你对象脑门上,2025-02-26 17:01,video,64.0,CREATOR_PERFORMANCE_PRESENT,36.0,1.0,1.0,0.0,0.0,0,0,0,NO_PAID_ASSOCIATION_OBSERVED,0,,,,,,,UNALIGNED (creator snapshot window vs paid Apr-Aug closed months)
67bc22fd000000002803d459,自己摸爬滚打总结的岛台定制经验📕真心话,2025-02-26 17:01,video,62.0,CREATOR_PERFORMANCE_PRESENT,36.0,1.0,0.0,0.0,0.0,1,2,2,NOTE_PAID_METRIC_PRESENT,2,M2026-04,M2026-08,0.0,2.0,0.0,0.0,UNALIGNED (creator snapshot window vs paid Apr-Aug closed months)
67bc2355000000002901a829,为啥不做餐桌要做岛台?,2025-02-26 21:00,video,51.0,CREATOR_PERFORMANCE_PRESENT,56.0,0.0,0.0,0.0,1.0,1,2,2,NOTE_PAID_METRIC_PRESENT,1,M2026-05,M2026-05,0.0,1.0,0.0,0.0,UNALIGNED (creator snapshot window vs paid Apr-Aug closed months)
67bc23bb000000002902a445,这几个装修尺寸的坑🙄你们避一避❗️,2025-02-27 17:00,video,51.0,CREATOR_PERFORMANCE_PRESENT,57.0,0.0,0.0,0.0,0.0,0,0,0,NO_PAID_ASSOCIATION_OBSERVED,0,,,,,,,UNALIGNED (creator snapshot window vs paid Apr-Aug closed months)
67bc240f000000002602e7df,"岛台8大避坑细节,照着做,不踩坑!",2025-02-27 19:01,video,63.0,CREATOR_PERFORMANCE_PRESENT,54.0,0.0,1.0,0.0,0.0,0,0,0,NO_PAID_ASSOCIATION_OBSERVED,0,,,,,,,UNALIGNED (creator snapshot window vs paid Apr-Aug closed months)
67bc268400000000290166bf,装修灯光!4个容易翻车的细节!,2025-02-27 21:00,video,46.0,CREATOR_PERFORMANCE_PRESENT,49.0,1.0,0.0,0.0,1.0,0,0,0,NO_PAID_ASSOCIATION_OBSERVED,0,,,,,,,UNALIGNED (creator snapshot window vs paid Apr-Aug closed months)
67bd70b40000000029034cdd,治愈强迫症🔥这个小户型岛台不得了,2025-02-28 17:01,video,72.0,CREATOR_PERFORMANCE_PRESENT,63.0,0.0,1.0,0.0,0.0,1,2,2,NOTE_PAID_METRIC_PRESENT,3,M2026-05,M2026-07,0.0,3.0,0.0,0.0,UNALIGNED (creator snapshot window vs paid Apr-Aug closed months)
67bd71a5000000002a001592,"我妈说有这样的岛台,难怪我不爱出门了🔥",2025-02-28 19:01,video,69.0,CREATOR_PERFORMANCE_PRESENT,62.0,1.0,0.0,0.0,0.0,1,2,2,NOTE_PAID_METRIC_PRESENT,4,M2026-04,M2026-07,0.0,5.0,0.0,0.0,UNALIGNED (creator snapshot window vs paid Apr-Aug closed months)
67bd7224000000002602c76d,被催改800遍的奶油风岛台❗️终于落地了,2025-02-28 21:00,video,47.0,CREATOR_PERFORMANCE_PRESENT,71.0,0.0,1.0,0.0,0.0,1,2,2,NOTE_PAID_METRIC_PRESENT,3,M2026-04,M2026-06,0.1,27.0,2.0,0.0,UNALIGNED (creator snapshot window vs paid Apr-Aug closed months)
67bd74a5000000002903f9c7,装修的倒霉蛋——岛台收纳翻车😭,2025-03-01 17:00,video,51.0,CREATOR_PERFORMANCE_PRESENT,72.0,0.0,0.0,0.0,0.0,0,0,0,NO_PAID_ASSOCIATION_OBSERVED,0,,,,,,,UNALIGNED (creator snapshot window vs paid Apr-Aug closed months)
67bd74ea000000002602d0d2,坦白局秘️9个岛台尺寸细节大公开!!,2025-03-01 19:00,video,66.0,CREATOR_PERFORMANCE_PRESENT,67.0,0.0,0.0,0.0,0.0,0,0,0,NO_PAID_ASSOCIATION_OBSERVED,0,,,,,,,UNALIGNED (creator snapshot window vs paid Apr-Aug closed months)
67bd75210000000029014b09,为啥不做亮光岛台?,2025-03-01 21:00,video,36.0,CREATOR_PERFORMANCE_PRESENT,65.0,1.0,0.0,0.0,0.0,0,0,0,NO_PAID_ASSOCIATION_OBSERVED,0,,,,,,,UNALIGNED (creator snapshot window vs paid Apr-Aug closed months)
67c01e47000000002902d302,我家餐厅的显眼包之翻车岛台🔥,2025-03-02 19:00,video,56.0,CREATOR_PERFORMANCE_PRESENT,72.0,0.0,1.0,0.0,0.0,0,0,0,NO_PAID_ASSOCIATION_OBSERVED,0,,,,,,,UNALIGNED (creator snapshot window vs paid Apr-Aug closed months)
67c01e9a000000002503ebd4,岛台是开放式厨房的专属!?️,2025-03-02 19:00,video,51.0,CREATOR_PERFORMANCE_PRESENT,58.0,0.0,0.0,0.0,0.0,1,2,2,NOTE_PAID_METRIC_PRESENT,1,M2026-06,M2026-06,0.0,1.0,0.0,0.0,UNALIGNED (creator snapshot window vs paid Apr-Aug closed months)
67c01fd30000000028037698,餐岛台要如何装修?记住以下5点🔥,2025-03-02 21:00,video,36.0,CREATOR_PERFORMANCE_PRESENT,45.0,0.0,0.0,2.0,0.0,0,0,0,NO_PAID_ASSOCIATION_OBSERVED,0,,,,,,,UNALIGNED (creator snapshot window vs paid Apr-Aug closed months)
67c020280000000029025df0,听说岛台内嵌电器翻车率90%....,2025-03-03 17:00,video,43.0,CREATOR_PERFORMANCE_PRESENT,59.0,1.0,0.0,2.0,0.0,0,0,0,NO_PAID_ASSOCIATION_OBSERVED,0,,,,,,,UNALIGNED (creator snapshot window vs paid Apr-Aug closed months)
67c0209d000000002901e29e,岛台这样装!餐椅配色绝了!,2025-03-03 19:01,video,35.0,CREATOR_PERFORMANCE_PRESENT,48.0,0.0,0.0,0.0,0.0,0,0,0,NO_PAID_ASSOCIATION_OBSERVED,0,,,,,,,UNALIGNED (creator snapshot window vs paid Apr-Aug closed months)
67c020e500000000290152a2,谁用谁夸🔥为什么这个岛台这么受欢迎❓,2025-03-03 21:00,video,39.0,CREATOR_PERFORMANCE_PRESENT,45.0,0.0,0.0,0.0,0.0,0,0,0,NO_PAID_ASSOCIATION_OBSERVED,0,,,,,,,UNALIGNED (creator snapshot window vs paid Apr-Aug closed months)
67c16936000000002503d1ba,过来人的忠告❗第一次做岛台后避开的坑,2025-03-04 17:00,video,65.0,CREATOR_PERFORMANCE_PRESENT,42.0,0.0,0.0,0.0,1.0,0,0,0,NO_PAID_ASSOCIATION_OBSERVED,0,,,,,,,UNALIGNED (creator snapshot window vs paid Apr-Aug closed months)
67c1699d0000000029012ab5,传统餐桌还是岛台呢?,2025-03-04 19:01,video,55.0,CREATOR_PERFORMANCE_PRESENT,55.0,0.0,0.0,0.0,0.0,0,0,0,NO_PAID_ASSOCIATION_OBSERVED,0,,,,,,,UNALIGNED (creator snapshot window vs paid Apr-Aug closed months)
67c16a1f000000002903abf7,苍天😱开放式厨房油烟...,2025-03-04 21:00,video,47.0,CREATOR_PERFORMANCE_PRESENT,26.0,0.0,0.0,0.0,0.0,0,0,0,NO_PAID_ASSOCIATION_OBSERVED,0,,,,,,,UNALIGNED (creator snapshot window vs paid Apr-Aug closed months)
67c16ac9000000002802bcbc,岛台翻车预警⚠️这5个细节都给我记牢了!,2025-03-05 17:00,video,42.0,CREATOR_PERFORMANCE_PRESENT,35.0,0.0,0.0,0.0,0.0,0,0,0,NO_PAID_ASSOCIATION_OBSERVED,0,,,,,,,UNALIGNED (creator snapshot window vs paid Apr-Aug closed months)
67c16b2800000000290248b0,岛台定制✔️一定不能妥协的6个细节❗,2025-03-05 19:01,video,68.0,CREATOR_PERFORMANCE_PRESENT,51.0,0.0,0.0,0.0,0.0,0,0,0,NO_PAID_ASSOCIATION_OBSERVED,0,,,,,,,UNALIGNED (creator snapshot window vs paid Apr-Aug closed months)
67c16b680000000029034a9a,小户型做了岛台之后...,2025-03-05 21:00,video,74.0,CREATOR_PERFORMANCE_PRESENT,58.0,0.0,0.0,0.0,0.0,0,0,0,NO_PAID_ASSOCIATION_OBSERVED,0,,,,,,,UNALIGNED (creator snapshot window vs paid Apr-Aug closed months)
67c2bacc000000002902dc19,千万别错过这7类岛台!!️,2025-03-06 17:00,video,83.0,CREATOR_PERFORMANCE_PRESENT,46.0,1.0,1.0,0.0,1.0,0,0,0,NO_PAID_ASSOCIATION_OBSERVED,0,,,,,,,UNALIGNED (creator snapshot window vs paid Apr-Aug closed months)
67c2bb1e000000002903272f,套内206平选岛台还是餐桌!?️,2025-03-06 19:01,video,54.0,CREATOR_PERFORMANCE_PRESENT,50.0,0.0,0.0,0.0,0.0,1,2,2,NOTE_PAID_METRIC_PRESENT,2,M2026-04,M2026-05,0.0,3.0,0.0,0.0,UNALIGNED (creator snapshot window vs paid Apr-Aug closed months)
67c2bb87000000002503f643,强迫症做岛台🔥被治愈了💯,2025-03-06 21:00,video,38.0,CREATOR_PERFORMANCE_PRESENT,41.0,0.0,1.0,0.0,0.0,1,2,2,NOTE_PAID_METRIC_PRESENT,1,M2026-08,M2026-08,0.0,1.0,0.0,0.0,UNALIGNED (creator snapshot window vs paid Apr-Aug closed months)
67c2bbdf000000002a00ebee,请大数据推给套内80平的小户型!,2025-03-07 17:01,video,49.0,CREATOR_PERFORMANCE_PRESENT,74.0,0.0,0.0,0.0,0.0,1,2,2,NOTE_PAID_METRIC_PRESENT,4,M2026-04,M2026-07,0.02,17.0,2.0,0.0,UNALIGNED (creator snapshot window vs paid Apr-Aug closed months)
67c2bc7f000000002a00ee16,"后悔没有早点做岛台,这不比餐桌香多了",2025-03-07 19:01,video,46.0,CREATOR_PERFORMANCE_PRESENT,77.0,1.0,0.0,0.0,0.0,1,2,2,PAID_ASSOCIATED_NO_METRIC_RECORD,0,,,,,,,UNALIGNED (creator snapshot window vs paid Apr-Aug closed months)
67c2bcec0000000029015994,为了做个岛台我也是拼了....,2025-03-07 21:00,video,57.0,CREATOR_PERFORMANCE_PRESENT,63.0,1.0,0.0,0.0,0.0,1,2,2,NOTE_PAID_METRIC_PRESENT,1,M2026-04,M2026-04,0.0,2.0,0.0,0.0,UNALIGNED (creator snapshot window vs paid Apr-Aug closed months)
67c952e0000000000b017bc1,灯都选不对!怪不得没有氛围感!,2025-03-08 17:00,video,54.0,CREATOR_PERFORMANCE_PRESENT,74.0,2.0,0.0,0.0,1.0,0,0,0,NO_PAID_ASSOCIATION_OBSERVED,0,,,,,,,UNALIGNED (creator snapshot window vs paid Apr-Aug closed months)
67c95355000000000b017e47,岛台桌腿🔥别被“坑”了还不知道!,2025-03-08 19:01,video,58.0,CREATOR_PERFORMANCE_PRESENT,66.0,1.0,0.0,0.0,0.0,0,0,0,NO_PAID_ASSOCIATION_OBSERVED,0,,,,,,,UNALIGNED (creator snapshot window vs paid Apr-Aug closed months)
67c953c10000000009039eac,开放式厨房做了岛台真的好用吗?,2025-03-08 21:00,video,46.0,CREATOR_PERFORMANCE_PRESENT,76.0,1.0,0.0,0.0,0.0,0,0,0,NO_PAID_ASSOCIATION_OBSERVED,0,,,,,,,UNALIGNED (creator snapshot window vs paid Apr-Aug closed months)
67c9548f000000001201f669,餐岛衔接要注意🔥别怪我没提醒你,2025-03-09 17:00,video,31.0,CREATOR_PERFORMANCE_PRESENT,56.0,0.0,0.0,0.0,0.0,0,0,0,NO_PAID_ASSOCIATION_OBSERVED,0,,,,,,,UNALIGNED (creator snapshot window vs paid Apr-Aug closed months)
67c95512000000001203d8b4,伸缩岛台轮子丑爆了🤯....,2025-03-09 19:00,video,70.0,CREATOR_PERFORMANCE_PRESENT,253.0,0.0,0.0,1.0,6.0,0,0,0,NO_PAID_ASSOCIATION_OBSERVED,0,,,,,,,UNALIGNED (creator snapshot window vs paid Apr-Aug closed months)
67c9557d0000000029032797,"引起极度舒适丨岛台收纳,直接抄作业吧🔥",2025-03-09 21:00,video,50.0,CREATOR_PERFORMANCE_PRESENT,67.0,1.0,0.0,0.0,0.0,0,0,0,NO_PAID_ASSOCIATION_OBSERVED,0,,,,,,,UNALIGNED (creator snapshot window vs paid Apr-Aug closed months)
67cbab08000000002902c87f,"被朋友们夸了100遍得岛台,原来长这样!",2025-03-10 17:00,video,71.0,CREATOR_PERFORMANCE_PRESENT,47.0,0.0,0.0,0.0,0.0,0,0,0,NO_PAID_ASSOCIATION_OBSERVED,0,,,,,,,UNALIGNED (creator snapshot window vs paid Apr-Aug closed months)
67cbab34000000002a00dd7a,岛台真的不实用吗?,2025-03-10 19:01,video,56.0,CREATOR_PERFORMANCE_PRESENT,46.0,0.0,0.0,0.0,0.0,1,2,2,NOTE_PAID_METRIC_PRESENT,3,M2026-05,M2026-08,0.0,3.0,0.0,0.0,UNALIGNED (creator snapshot window vs paid Apr-Aug closed months)
67cbab9800000000290310d4,伸缩岛台6大设计巧思🔥都给我去抄❗️,2025-03-10 21:00,video,68.0,CREATOR_PERFORMANCE_PRESENT,40.0,0.0,0.0,0.0,0.0,0,0,0,NO_PAID_ASSOCIATION_OBSERVED,0,,,,,,,UNALIGNED (creator snapshot window vs paid Apr-Aug closed months)
67cbabe1000000002803c4b9,终于找到了适配原木奶油风装修的岛台💯,2025-03-11 17:01,video,49.0,CREATOR_PERFORMANCE_PRESENT,79.0,0.0,0.0,0.0,0.0,1,2,2,NOTE_PAID_METRIC_PRESENT,2,M2026-04,M2026-05,0.06,6.0,2.0,0.0,UNALIGNED (creator snapshot window vs paid Apr-Aug closed months)
67cbac210000000029029a35,岛台亚克力脚怎么做才实用!?️,2025-03-11 19:01,video,54.0,CREATOR_PERFORMANCE_PRESENT,53.0,0.0,0.0,2.0,0.0,0,0,0,NO_PAID_ASSOCIATION_OBSERVED,0,,,,,,,UNALIGNED (creator snapshot window vs paid Apr-Aug closed months)
67cbac610000000028037005,小厨房的合理规划 ~岛台实在太好用了!,2025-03-11 21:00,video,44.0,CREATOR_PERFORMANCE_PRESENT,46.0,0.0,0.0,0.0,0.0,0,0,0,NO_PAID_ASSOCIATION_OBSERVED,0,,,,,,,UNALIGNED (creator snapshot window vs paid Apr-Aug closed months)
67cc0c7400000000290148f8,"灯光布局很重要,氛围感立马上升!!",2025-03-12 17:01,video,63.0,CREATOR_PERFORMANCE_PRESENT,52.0,0.0,0.0,0.0,0.0,0,0,0,NO_PAID_ASSOCIATION_OBSERVED,0,,,,,,,UNALIGNED (creator snapshot window vs paid Apr-Aug closed months)
67cc0cad00000000290149e2,后悔没早知道这个坑....,2025-03-12 19:01,video,47.0,CREATOR_PERFORMANCE_PRESENT,34.0,0.0,0.0,0.0,0.0,0,0,0,NO_PAID_ASSOCIATION_OBSERVED,0,,,,,,,UNALIGNED (creator snapshot window vs paid Apr-Aug closed months)
67cc0d32000000002902c6f2,别再做传统布局了!这家空间利用率翻倍❗️,2025-03-12 21:00,video,59.0,CREATOR_PERFORMANCE_PRESENT,41.0,0.0,0.0,0.0,0.0,1,2,2,NOTE_PAID_METRIC_PRESENT,1,M2026-07,M2026-07,0.0,1.0,0.0,0.0,UNALIGNED (creator snapshot window vs paid Apr-Aug closed months)
67cc0da5000000002903b878,网购岛台后....,2025-03-13 17:00,video,47.0,CREATOR_PERFORMANCE_PRESENT,35.0,0.0,0.0,0.0,0.0,0,0,0,NO_PAID_ASSOCIATION_OBSERVED,0,,,,,,,UNALIGNED (creator snapshot window vs paid Apr-Aug closed months)
67cc0df300000000290134ae,✨小厨房装修~实用收纳被亲妈夸了!,2025-03-13 19:01,video,46.0,CREATOR_PERFORMANCE_PRESENT,36.0,0.0,0.0,0.0,0.0,1,2,2,NOTE_PAID_METRIC_PRESENT,1,M2026-06,M2026-06,0.01,2.0,1.0,0.0,UNALIGNED (creator snapshot window vs paid Apr-Aug closed months)
67cc0e2a000000002a00e11f,网购岛台到了...,2025-03-13 21:00,video,39.0,CREATOR_PERFORMANCE_PRESENT,50.0,0.0,0.0,0.0,0.0,1,2,2,NOTE_PAID_METRIC_PRESENT,2,M2026-04,M2026-05,0.0,5.0,0.0,0.0,UNALIGNED (creator snapshot window vs paid Apr-Aug closed months)
67cd461b000000002902819e,"""🙉装修小白避坑记:岛台定制省钱指南!",2025-03-14 17:01,video,36.0,CREATOR_PERFORMANCE_PRESENT,46.0,1.0,0.0,0.0,0.0,0,0,0,NO_PAID_ASSOCIATION_OBSERVED,0,,,,,,,UNALIGNED (creator snapshot window vs paid Apr-Aug closed months)
67cd466c0000000029027a12,"都给我劝退😡这15处,装修完指定后悔!!",2025-03-14 19:01,video,105.0,CREATOR_PERFORMANCE_PRESENT,56.0,0.0,1.0,0.0,0.0,0,0,0,NO_PAID_ASSOCIATION_OBSERVED,0,,,,,,,UNALIGNED (creator snapshot window vs paid Apr-Aug closed months)
67cd46b6000000002900f970,婆婆说小户型没必要做岛台...,2025-03-15 17:00,video,39.0,CREATOR_PERFORMANCE_PRESENT,68.0,0.0,0.0,0.0,0.0,1,2,2,NOTE_PAID_METRIC_PRESENT,2,M2026-05,M2026-07,0.0,4.0,0.0,0.0,UNALIGNED (creator snapshot window vs paid Apr-Aug closed months)
67cd47000000000029027c4b,岛台真的很香吗❓,2025-03-14 21:00,video,88.0,CREATOR_PERFORMANCE_PRESENT,72.0,0.0,1.0,0.0,1.0,1,2,2,NOTE_PAID_METRIC_PRESENT,5,M2026-04,M2026-08,0.0,8.0,0.0,0.0,UNALIGNED (creator snapshot window vs paid Apr-Aug closed months)
67cd4740000000002903a3b8,岛台尺寸大翻车!我崩溃了......,2025-03-15 19:01,video,53.0,CREATOR_PERFORMANCE_PRESENT,61.0,0.0,1.0,0.0,0.0,0,0,0,NO_PAID_ASSOCIATION_OBSERVED,0,,,,,,,UNALIGNED (creator snapshot window vs paid Apr-Aug closed months)
67cd48010000000029017afe,"小户型不用砸墙🧱一进门就是岛台餐桌,绝",2025-03-15 21:00,video,38.0,CREATOR_PERFORMANCE_PRESENT,79.0,1.0,0.0,0.0,0.0,1,2,2,NOTE_PAID_METRIC_PRESENT,5,M2026-04,M2026-08,1.63,74.0,8.0,0.0,UNALIGNED (creator snapshot window vs paid Apr-Aug closed months)
67ce623a0000000029031b1b,"第二次买岛台,才知道款式也那么重要🔥",2025-03-16 17:00,video,47.0,CREATOR_PERFORMANCE_PRESENT,50.0,0.0,0.0,0.0,0.0,0,0,0,NO_PAID_ASSOCIATION_OBSERVED,0,,,,,,,UNALIGNED (creator snapshot window vs paid Apr-Aug closed months)
67ce6282000000002901036f,"岛台到家后,老公说这岛台做的值👍",2025-03-16 19:00,video,64.0,CREATOR_PERFORMANCE_PRESENT,53.0,0.0,1.0,0.0,0.0,1,2,2,PAID_ASSOCIATED_NO_METRIC_RECORD,0,,,,,,,UNALIGNED (creator snapshot window vs paid Apr-Aug closed months)
67ce62cf00000000290364e9,跟风做的岛台后悔了吗🔥朋友都想搬回家,2025-03-16 21:00,video,75.0,CREATOR_PERFORMANCE_PRESENT,87.0,0.0,0.0,0.0,0.0,1,2,2,NOTE_PAID_METRIC_PRESENT,2,M2026-04,M2026-07,0.24,2.0,1.0,0.0,UNALIGNED (creator snapshot window vs paid Apr-Aug closed months)
67ce630f0000000028037949,客厅新宠❄️沙发后面的隔断中岛台,2025-03-17 21:00,video,53.0,CREATOR_PERFORMANCE_PRESENT,217.0,2.0,0.0,0.0,1.0,1,2,2,NOTE_PAID_METRIC_PRESENT,5,M2026-04,M2026-08,0.88,194.0,19.0,0.0,UNALIGNED (creator snapshot window vs paid Apr-Aug closed months)
67ce63d300000000290107ee,极简厨房真好抄!不枉我日夜不停翻烂小红书,2025-03-17 19:01,video,60.0,CREATOR_PERFORMANCE_PRESENT,57.0,0.0,1.0,0.0,0.0,0,0,0,NO_PAID_ASSOCIATION_OBSERVED,0,,,,,,,UNALIGNED (creator snapshot window vs paid Apr-Aug closed months)
67ce6411000000002902de45,餐岛分离更适合小户型!!,2025-03-17 21:00,video,30.0,CREATOR_PERFORMANCE_PRESENT,248.0,3.0,4.0,0.0,3.0,1,2,2,NOTE_PAID_METRIC_PRESENT,5,M2026-04,M2026-08,11.79,270.0,36.0,0.0,UNALIGNED (creator snapshot window vs paid Apr-Aug closed months)
67d5268d000000001b03e868,做了这款圆弧岛台🔥老婆终于夸我了!!️,2025-03-18 17:01,video,61.0,CREATOR_PERFORMANCE_PRESENT,199.0,0.0,2.0,3.0,2.0,1,2,2,NOTE_PAID_METRIC_PRESENT,5,M2026-04,M2026-08,15.14,272.0,26.0,0.0,UNALIGNED (creator snapshot window vs paid Apr-Aug closed months)
67d52709000000001b03ea1a,感谢!奶油风岛台拯救了我4.8平米小厨房,2025-03-18 19:02,video,73.0,CREATOR_PERFORMANCE_PRESENT,73.0,0.0,2.0,0.0,0.0,0,0,0,NO_PAID_ASSOCIATION_OBSERVED,0,,,,,,,UNALIGNED (creator snapshot window vs paid Apr-Aug closed months)
67d52765000000001d02365a,"岛台尺寸翻车真不是少数人,比如我😭",2025-03-18 21:00,video,99.0,CREATOR_PERFORMANCE_PRESENT,59.0,0.0,0.0,2.0,0.0,0,0,0,NO_PAID_ASSOCIATION_OBSERVED,0,,,,,,,UNALIGNED (creator snapshot window vs paid Apr-Aug closed months)
67d5286c000000001d014a7e,岛台尺寸翻车后......,2025-03-19 17:01,video,78.0,CREATOR_PERFORMANCE_PRESENT,51.0,1.0,1.0,0.0,0.0,1,2,2,NOTE_PAID_METRIC_PRESENT,1,M2026-06,M2026-06,0.0,1.0,0.0,0.0,UNALIGNED (creator snapshot window vs paid Apr-Aug closed months)
67d5289d000000001d01ce1f,小户型空间有限怎么做收纳❓,2025-03-19 19:02,video,43.0,CREATOR_PERFORMANCE_PRESENT,42.0,0.0,1.0,0.0,0.0,0,0,0,NO_PAID_ASSOCIATION_OBSERVED,0,,,,,,,UNALIGNED (creator snapshot window vs paid Apr-Aug closed months)
67d528df000000001c00940f,"听劝!沙发后放岛台,幸福感翻倍!!",2025-03-19 21:00,video,60.0,CREATOR_PERFORMANCE_PRESENT,129.0,0.0,0.0,0.0,0.0,1,2,2,NOTE_PAID_METRIC_PRESENT,2,M2026-04,M2026-05,0.03,5.0,3.0,0.0,UNALIGNED (creator snapshot window vs paid Apr-Aug closed months)
67d69d25000000001d01d35a,"岛台这块,没有对手🔥",2025-03-20 17:01,video,124.0,CREATOR_PERFORMANCE_PRESENT,75.0,2.0,1.0,0.0,0.0,0,0,0,NO_PAID_ASSOCIATION_OBSERVED,0,,,,,,,UNALIGNED (creator snapshot window vs paid Apr-Aug closed months)
67d69d6b000000001e004308,"我妈说有这样的岛台,难怪我不爱出门了",2025-03-20 19:01,video,38.0,CREATOR_PERFORMANCE_PRESENT,68.0,0.0,0.0,0.0,0.0,1,2,2,NOTE_PAID_METRIC_PRESENT,3,M2026-04,M2026-08,0.28,9.0,1.0,0.0,UNALIGNED (creator snapshot window vs paid Apr-Aug closed months)
67d69dad000000001c0005da,天塌了😱岛台水电布局翻车了...,2025-03-20 21:00,video,68.0,CREATOR_PERFORMANCE_PRESENT,59.0,0.0,0.0,0.0,0.0,0,0,0,NO_PAID_ASSOCIATION_OBSERVED,0,,,,,,,UNALIGNED (creator snapshot window vs paid Apr-Aug closed months)
67d69e7b000000001c009c94,为啥要做岛台?传统餐桌没有的十大功能性✅,2025-03-21 17:01,video,75.0,CREATOR_PERFORMANCE_PRESENT,44.0,0.0,1.0,0.0,0.0,1,2,2,NOTE_PAID_METRIC_PRESENT,3,M2026-04,M2026-07,0.0,6.0,0.0,0.0,UNALIGNED (creator snapshot window vs paid Apr-Aug closed months)
67d69eb9000000001b03ba85,岛台六做六不做 后悔当初没早点知道😤,2025-03-21 19:01,video,74.0,CREATOR_PERFORMANCE_PRESENT,41.0,0.0,0.0,0.0,0.0,0,0,0,NO_PAID_ASSOCIATION_OBSERVED,0,,,,,,,UNALIGNED (creator snapshot window vs paid Apr-Aug closed months)
67d69ee7000000001d01acaf,"正在挑椅子的朋友,听我句劝👀",2025-03-21 21:00,video,50.0,CREATOR_PERFORMANCE_PRESENT,94.0,0.0,0.0,0.0,0.0,0,0,0,NO_PAID_ASSOCIATION_OBSERVED,0,,,,,,,UNALIGNED (creator snapshot window vs paid Apr-Aug closed months)
67d91f33000000001d02e54f,"✨小户型也可以拥有,实用功能非常强大❗️",2025-03-22 17:00,video,81.0,CREATOR_PERFORMANCE_PRESENT,61.0,0.0,0.0,0.0,0.0,0,0,0,NO_PAID_ASSOCIATION_OBSERVED,0,,,,,,,UNALIGNED (creator snapshot window vs paid Apr-Aug closed months)
67d91f78000000001d0045fe,"被老婆骂了,岛台动线到底怎么留啊🤯",2025-03-22 19:01,video,56.0,CREATOR_PERFORMANCE_PRESENT,74.0,1.0,0.0,0.0,0.0,0,0,0,NO_PAID_ASSOCIATION_OBSERVED,0,,,,,,,UNALIGNED (creator snapshot window vs paid Apr-Aug closed months)
67d91fa6000000001b03a9dc,岛台真的比餐桌好用多了~,2025-03-22 21:00,video,81.0,CREATOR_PERFORMANCE_PRESENT,66.0,2.0,1.0,0.0,0.0,1,2,2,NOTE_PAID_METRIC_PRESENT,1,M2026-06,M2026-06,0.0,1.0,0.0,0.0,UNALIGNED (creator snapshot window vs paid Apr-Aug closed months)
67d920fa000000001b026b3d,新手小白做岛台被坑惨了😭❗,2025-03-23 17:00,video,147.0,CREATOR_PERFORMANCE_PRESENT,96.0,3.0,1.0,0.0,0.0,0,0,0,NO_PAID_ASSOCIATION_OBSERVED,0,,,,,,,UNALIGNED (creator snapshot window vs paid Apr-Aug closed months)
67d92212000000001b026f53,"岛台尺寸的坑,你踩了几个?",2025-03-23 19:00,video,95.0,CREATOR_PERFORMANCE_PRESENT,128.0,1.0,0.0,0.0,1.0,0,0,0,NO_PAID_ASSOCIATION_OBSERVED,0,,,,,,,UNALIGNED (creator snapshot window vs paid Apr-Aug closed months)
67d9227f000000001d027a43,岛台真香~,2025-03-23 21:00,video,29.0,CREATOR_PERFORMANCE_PRESENT,80.0,1.0,0.0,0.0,0.0,1,2,2,PAID_ASSOCIATED_NO_METRIC_RECORD,0,,,,,,,UNALIGNED (creator snapshot window vs paid Apr-Aug closed months)
67d93f62000000001c004d05,差点因为没做岛台后悔...,2025-03-24 17:00,video,15.0,CREATOR_PERFORMANCE_PRESENT,84.0,0.0,0.0,0.0,0.0,1,2,2,PAID_ASSOCIATED_NO_METRIC_RECORD,0,,,,,,,UNALIGNED (creator snapshot window vs paid Apr-Aug closed months)
67d93fa9000000001c03de48,进门就是好处费 餐厨空间应该如何设计❓,2025-03-24 19:01,video,58.0,CREATOR_PERFORMANCE_PRESENT,103.0,0.0,0.0,0.0,0.0,1,2,2,NOTE_PAID_METRIC_PRESENT,3,M2026-04,M2026-07,0.03,5.0,1.0,0.0,UNALIGNED (creator snapshot window vs paid Apr-Aug closed months)
67d93fe8000000001c004f2f,太好了是岛台避雷🙃我们有救了,2025-03-24 21:00,video,98.0,CREATOR_PERFORMANCE_PRESENT,109.0,1.0,1.0,0.0,0.0,0,0,0,NO_PAID_ASSOCIATION_OBSERVED,0,,,,,,,UNALIGNED (creator snapshot window vs paid Apr-Aug closed months)
67dfcb2a000000000603cf39,跟风做岛台好用吗?,2025-03-25 17:01,video,107.0,CREATOR_PERFORMANCE_PRESENT,164.0,3.0,0.0,0.0,1.0,1,2,2,NOTE_PAID_METRIC_PRESENT,4,M2026-04,M2026-08,3.19,44.0,5.0,0.0,UNALIGNED (creator snapshot window vs paid Apr-Aug closed months)
67dfcc810000000006029a75,"千算万算,没想到岛台尺寸翻车了😭",2025-03-26 17:01,video,54.0,CREATOR_PERFORMANCE_PRESENT,76.0,1.0,4.0,0.0,2.0,0,0,0,NO_PAID_ASSOCIATION_OBSERVED,0,,,,,,,UNALIGNED (creator snapshot window vs paid Apr-Aug closed months)
67dfccf30000000007036f92,我离不开岛台的原因...,2025-03-27 17:01,video,82.0,CREATOR_PERFORMANCE_PRESENT,86.0,1.0,3.0,0.0,0.0,0,0,0,NO_PAID_ASSOCIATION_OBSERVED,0,,,,,,,UNALIGNED (creator snapshot window vs paid Apr-Aug closed months)
67dfcd6a000000001203fd83,一不小心就踩坑的网红岛台!,2025-03-28 17:01,video,60.0,CREATOR_PERFORMANCE_PRESENT,78.0,0.0,1.0,0.0,1.0,0,0,0,NO_PAID_ASSOCIATION_OBSERVED,0,,,,,,,UNALIGNED (creator snapshot window vs paid Apr-Aug closed months)
67e1147c0000000006039bf0,太香啦❗️谁说小户型不能拥有岛台餐桌?,2025-03-29 17:00,video,61.0,CREATOR_PERFORMANCE_PRESENT,74.0,2.0,0.0,0.0,0.0,0,0,0,NO_PAID_ASSOCIATION_OBSERVED,0,,,,,,,UNALIGNED (creator snapshot window vs paid Apr-Aug closed months)
67e114f1000000001203ece5,"拯救小户型,利用客厅飘窗改造岛台餐桌",2025-03-30 17:00,video,33.0,CREATOR_PERFORMANCE_PRESENT,93.0,1.0,1.0,0.0,0.0,0,0,0,NO_PAID_ASSOCIATION_OBSERVED,0,,,,,,,UNALIGNED (creator snapshot window vs paid Apr-Aug closed months)
67e11541000000000e004e7a,"""🙉装修小白避坑记:岛台定制省钱指南!",2025-03-31 17:00,video,32.0,CREATOR_PERFORMANCE_PRESENT,103.0,0.0,0.0,0.0,0.0,1,2,2,NOTE_PAID_METRIC_PRESENT,3,M2026-04,M2026-08,0.0,3.0,0.0,0.0,UNALIGNED (creator snapshot window vs paid Apr-Aug closed months)
67e1159e000000000603a2bd,小户型救星!不得不说岛台+餐桌一体太香了,2025-04-01 17:00,video,59.0,CREATOR_PERFORMANCE_PRESENT,148.0,0.0,2.0,0.0,0.0,1,2,2,NOTE_PAID_METRIC_PRESENT,4,M2026-04,M2026-07,4.71,112.0,9.0,0.0,UNALIGNED (creator snapshot window vs paid Apr-Aug closed months)
67ecfcd8000000001d004cfc,岛台避坑攻略🚥内嵌电器翻车⚠️,2025-04-02 17:01,video,48.0,CREATOR_PERFORMANCE_PRESENT,219.0,0.0,2.0,0.0,1.0,0,0,0,NO_PAID_ASSOCIATION_OBSERVED,0,,,,,,,UNALIGNED (creator snapshot window vs paid Apr-Aug closed months)
67ee4e55000000001c00fe73,岛台避坑指南✅看完能省不少💰!!,2025-04-03 17:01,video,48.0,CREATOR_PERFORMANCE_PRESENT,126.0,0.0,0.0,0.0,0.0,0,0,0,NO_PAID_ASSOCIATION_OBSERVED,0,,,,,,,UNALIGNED (creator snapshot window vs paid Apr-Aug closed months)
67ee4fe0000000001a006ef2,小户型家里人多才懂 岛台餐桌真的好用到哭,2025-04-04 17:01,video,26.0,CREATOR_PERFORMANCE_PRESENT,91.0,0.0,0.0,0.0,1.0,1,2,2,NOTE_PAID_METRIC_PRESENT,4,M2026-04,M2026-08,0.0,17.0,0.0,0.0,UNALIGNED (creator snapshot window vs paid Apr-Aug closed months)
67f0f942000000000b02f588,"关于岛台,我不说你一定会踩的15个大坑❗",2025-04-05 17:34,video,128.0,CREATOR_PERFORMANCE_PRESENT,190.0,0.0,1.0,0.0,2.0,0,0,0,NO_PAID_ASSOCIATION_OBSERVED,0,,,,,,,UNALIGNED (creator snapshot window vs paid Apr-Aug closed months)
67f34969000000001e000191,吃过大亏才总结出来的岛台九做九不做禁,2025-04-07 11:41,video,108.0,CREATOR_PERFORMANCE_PRESENT,155.0,0.0,1.0,0.0,2.0,0,0,0,NO_PAID_ASSOCIATION_OBSERVED,0,,,,,,,UNALIGNED (creator snapshot window vs paid Apr-Aug closed months)
67f396e0000000001d02709e,套内60平|岛台怎么做❓餐厅显大还实用❗️,2025-04-07 17:12,video,89.0,CREATOR_PERFORMANCE_PRESENT,196.0,1.0,0.0,0.0,0.0,0,0,0,NO_PAID_ASSOCIATION_OBSERVED,0,,,,,,,UNALIGNED (creator snapshot window vs paid Apr-Aug closed months)
67f39713000000001c0054df,为什么越来越多人开始去餐桌化?,2025-04-08 17:01,video,76.0,CREATOR_PERFORMANCE_PRESENT,101.0,0.0,0.0,0.0,0.0,0,0,0,NO_PAID_ASSOCIATION_OBSERVED,0,,,,,,,UNALIGNED (creator snapshot window vs paid Apr-Aug closed months)
67f397a3000000001c03dbe4,岛台水电布局大揭秘秘️不要再花冤枉钱了!!,2025-04-09 17:01,video,91.0,CREATOR_PERFORMANCE_PRESENT,208.0,5.0,4.0,0.0,0.0,0,0,0,NO_PAID_ASSOCIATION_OBSERVED,0,,,,,,,UNALIGNED (creator snapshot window vs paid Apr-Aug closed months)
67f39a88000000001e00579a,这伸缩岛台也太丑了吧...,2025-04-10 17:01,video,115.0,CREATOR_PERFORMANCE_PRESENT,173.0,1.0,2.0,0.0,2.0,0,0,0,NO_PAID_ASSOCIATION_OBSERVED,0,,,,,,,UNALIGNED (creator snapshot window vs paid Apr-Aug closed months)
67f39bf8000000001d01d4d6,岛台太香了!4大设计诚不欺人🔥,2025-04-11 17:02,video,59.0,CREATOR_PERFORMANCE_PRESENT,105.0,0.0,1.0,0.0,0.0,0,0,0,NO_PAID_ASSOCIATION_OBSERVED,0,,,,,,,UNALIGNED (creator snapshot window vs paid Apr-Aug closed months)
67f39ce9000000001b03848d,"这6大设计别踩坑,谁踩坑谁后悔😭😭",2025-04-12 17:01,video,70.0,CREATOR_PERFORMANCE_PRESENT,112.0,0.0,0.0,0.0,0.0,0,0,0,NO_PAID_ASSOCIATION_OBSERVED,0,,,,,,,UNALIGNED (creator snapshot window vs paid Apr-Aug closed months)
67f39da1000000001c00ccfe,我发现了岛台灯光的秘密秘️...,2025-04-13 17:01,video,48.0,CREATOR_PERFORMANCE_PRESENT,219.0,0.0,0.0,0.0,1.0,0,0,0,NO_PAID_ASSOCIATION_OBSERVED,0,,,,,,,UNALIGNED (creator snapshot window vs paid Apr-Aug closed months)
67f4d39d000000000d016447,邻居说我好像有那个...改造厨房的超能力😄,2025-04-14 17:01,video,44.0,CREATOR_PERFORMANCE_PRESENT,59.0,0.0,0.0,0.0,0.0,0,0,0,NO_PAID_ASSOCIATION_OBSERVED,0,,,,,,,UNALIGNED (creator snapshot window vs paid Apr-Aug closed months)
67f4d3d5000000000900ddc1,请欣赏我家的十个坑😭,2025-04-15 17:01,video,86.0,CREATOR_PERFORMANCE_PRESENT,86.0,0.0,0.0,0.0,0.0,0,0,0,NO_PAID_ASSOCIATION_OBSERVED,0,,,,,,,UNALIGNED (creator snapshot window vs paid Apr-Aug closed months)
67f4d4b1000000000b02eb5c,"敲黑板!岛台尺寸这七个重点,好好做笔记!",2025-04-17 17:01,video,73.0,CREATOR_PERFORMANCE_PRESENT,71.0,0.0,0.0,0.0,0.0,0,0,0,NO_PAID_ASSOCIATION_OBSERVED,0,,,,,,,UNALIGNED (creator snapshot window vs paid Apr-Aug closed months)
67f5d9f7000000000e006240,岛台收纳很鸡肋?,2025-04-16 17:01,video,53.0,CREATOR_PERFORMANCE_PRESENT,61.0,1.0,0.0,0.0,0.0,0,0,0,NO_PAID_ASSOCIATION_OBSERVED,0,,,,,,,UNALIGNED (creator snapshot window vs paid Apr-Aug closed months)
67fccbb9000000000f032f1e,🏠岛台避雷指南:别被“坑”了还不知道!,2025-04-21 17:01,video,64.0,CREATOR_PERFORMANCE_PRESENT,67.0,0.0,0.0,0.0,0.0,0,0,0,NO_PAID_ASSOCIATION_OBSERVED,0,,,,,,,UNALIGNED (creator snapshot window vs paid Apr-Aug closed months)
67fccc06000000000b014320,好恶毒的岛台尺寸🚥血泪史我好后悔🔥,2025-04-20 17:01,video,61.0,CREATOR_PERFORMANCE_PRESENT,101.0,0.0,2.0,0.0,0.0,0,0,0,NO_PAID_ASSOCIATION_OBSERVED,0,,,,,,,UNALIGNED (creator snapshot window vs paid Apr-Aug closed months)
67fccc4e000000000b014418,新手装修:这13个装修雷区要避开!建议听劝,2025-04-19 17:01,video,75.0,CREATOR_PERFORMANCE_PRESENT,74.0,0.0,0.0,0.0,0.0,0,0,0,NO_PAID_ASSOCIATION_OBSERVED,0,,,,,,,UNALIGNED (creator snapshot window vs paid Apr-Aug closed months)
67fccc7f000000000900fc79,为啥一定要做岛台!?️,2025-04-18 17:01,video,57.0,CREATOR_PERFORMANCE_PRESENT,58.0,1.0,0.0,0.0,0.0,0,0,0,NO_PAID_ASSOCIATION_OBSERVED,0,,,,,,,UNALIGNED (creator snapshot window vs paid Apr-Aug closed months)
67fe0865000000001200f83f,岛台定制差点翻大车了😭,2025-04-22 21:00,video,83.0,CREATOR_PERFORMANCE_PRESENT,101.0,1.0,1.0,0.0,0.0,0,0,0,NO_PAID_ASSOCIATION_OBSERVED,0,,,,,,,UNALIGNED (creator snapshot window vs paid Apr-Aug closed months)
67fe0975000000000b015d0e,孤陋寡闻😭做了岛台才知道的收纳思路!!,2025-04-23 21:00,video,49.0,CREATOR_PERFORMANCE_PRESENT,96.0,1.0,5.0,0.0,0.0,0,0,0,NO_PAID_ASSOCIATION_OBSERVED,0,,,,,,,UNALIGNED (creator snapshot window vs paid Apr-Aug closed months)
67fe0a41000000000b02f00e,"岛台的坑我替你们踩了,你们要听劝!",2025-04-24 21:00,video,86.0,CREATOR_PERFORMANCE_PRESENT,57.0,0.0,0.0,0.0,0.0,0,0,0,NO_PAID_ASSOCIATION_OBSERVED,0,,,,,,,UNALIGNED (creator snapshot window vs paid Apr-Aug closed months)
67fe0a96000000000f03bf0d,再见了传统餐桌👋,2025-04-25 21:00,video,14.0,CREATOR_PERFORMANCE_PRESENT,47.0,0.0,0.0,0.0,0.0,1,2,2,NOTE_PAID_METRIC_PRESENT,1,M2026-05,M2026-05,0.0,1.0,0.0,0.0,UNALIGNED (creator snapshot window vs paid Apr-Aug closed months)
6804a0f4000000000b01ebe4,第一次做岛台交的智商税...,2025-04-26 17:01,video,79.0,CREATOR_PERFORMANCE_PRESENT,86.0,0.0,0.0,0.0,0.0,0,0,0,NO_PAID_ASSOCIATION_OBSERVED,0,,,,,,,UNALIGNED (creator snapshot window vs paid Apr-Aug closed months)
6804a180000000000b016086,怎么什么坑都被我踩中了😫,2025-04-27 17:01,video,141.0,CREATOR_PERFORMANCE_PRESENT,90.0,1.0,0.0,0.0,0.0,0,0,0,NO_PAID_ASSOCIATION_OBSERVED,0,,,,,,,UNALIGNED (creator snapshot window vs paid Apr-Aug closed months)
6804a212000000000b016280,岛台弄成这样 已经不想要了😭,2025-04-28 17:01,video,93.0,CREATOR_PERFORMANCE_PRESENT,63.0,0.0,1.0,0.0,0.0,0,0,0,NO_PAID_ASSOCIATION_OBSERVED,0,,,,,,,UNALIGNED (creator snapshot window vs paid Apr-Aug closed months)
6804a24b000000000d015cd3,假如买岛台不做攻略😭...,2025-04-29 17:01,video,133.0,CREATOR_PERFORMANCE_PRESENT,93.0,1.0,0.0,0.0,0.0,0,0,0,NO_PAID_ASSOCIATION_OBSERVED,0,,,,,,,UNALIGNED (creator snapshot window vs paid Apr-Aug closed months)
6805fac4000000001200c36c,不要再买餐桌了🔥岛台+收纳更香!!,2025-04-30 17:01,video,37.0,CREATOR_PERFORMANCE_PRESENT,63.0,0.0,0.0,0.0,0.0,0,0,0,NO_PAID_ASSOCIATION_OBSERVED,0,,,,,,,UNALIGNED (creator snapshot window vs paid Apr-Aug closed months)
6805fb0c000000000f030f2f,岛台代替餐桌后...,2025-05-01 17:00,video,25.0,CREATOR_PERFORMANCE_PRESENT,90.0,0.0,0.0,0.0,2.0,1,2,2,NOTE_PAID_METRIC_PRESENT,3,M2026-04,M2026-06,0.0,3.0,0.0,0.0,UNALIGNED (creator snapshot window vs paid Apr-Aug closed months)
6805fb90000000000d0161b1,请欣赏我家的灯光💡,2025-05-02 17:00,video,50.0,CREATOR_PERFORMANCE_PRESENT,65.0,1.0,0.0,0.0,0.0,0,0,0,NO_PAID_ASSOCIATION_OBSERVED,0,,,,,,,UNALIGNED (creator snapshot window vs paid Apr-Aug closed months)
6805fbbe000000000e0075b0,有些坑...不住进来根本发现不了😫,2025-05-03 17:00,video,92.0,CREATOR_PERFORMANCE_PRESENT,87.0,2.0,2.0,0.0,0.0,0,0,0,NO_PAID_ASSOCIATION_OBSERVED,0,,,,,,,UNALIGNED (creator snapshot window vs paid Apr-Aug closed months)
6811d18b0000000022006cc0,"做岛台悔不当初的坑,做完后才幡然醒悟!",2025-05-04 17:01,video,75.0,CREATOR_PERFORMANCE_PRESENT,129.0,1.0,1.0,0.0,1.0,0,0,0,NO_PAID_ASSOCIATION_OBSERVED,0,,,,,,,UNALIGNED (creator snapshot window vs paid Apr-Aug closed months)
6811d1bc000000002100055e,年轻人的岛台装修7条干货🔥教你提前避坑,2025-05-05 17:01,video,76.0,CREATOR_PERFORMANCE_PRESENT,86.0,0.0,1.0,0.0,0.0,0,0,0,NO_PAID_ASSOCIATION_OBSERVED,0,,,,,,,UNALIGNED (creator snapshot window vs paid Apr-Aug closed months)
6811d203000000002001d3ba,岛台装修不交智商税❗️一定要注意这些细节,2025-05-06 17:00,video,53.0,CREATOR_PERFORMANCE_PRESENT,103.0,0.0,0.0,0.0,2.0,0,0,0,NO_PAID_ASSOCIATION_OBSERVED,0,,,,,,,UNALIGNED (creator snapshot window vs paid Apr-Aug closed months)
6811d2af0000000022007458,别再被忽悠了!买岛台记住这六点!,2025-05-07 17:00,video,57.0,CREATOR_PERFORMANCE_PRESENT,59.0,0.0,1.0,0.0,0.0,0,0,0,NO_PAID_ASSOCIATION_OBSERVED,0,,,,,,,UNALIGNED (creator snapshot window vs paid Apr-Aug closed months)
68131f08000000002102ead5,买岛台一定要避的11个坑🔥,2025-05-08 17:01,video,115.0,CREATOR_PERFORMANCE_PRESENT,110.0,0.0,0.0,0.0,1.0,0,0,0,NO_PAID_ASSOCIATION_OBSERVED,0,,,,,,,UNALIGNED (creator snapshot window vs paid Apr-Aug closed months)
68131f74000000002102ed49,岛台到家后....,2025-05-09 17:02,video,14.0,CREATOR_PERFORMANCE_PRESENT,93.0,0.0,0.0,0.0,0.0,1,2,2,NOTE_PAID_METRIC_PRESENT,2,M2026-05,M2026-08,0.0,6.0,0.0,0.0,UNALIGNED (creator snapshot window vs paid Apr-Aug closed months)
68131fcc0000000022007a33,岛台翻车9大坑!避坑攻略请收好✅,2025-05-10 17:00,video,102.0,CREATOR_PERFORMANCE_PRESENT,153.0,0.0,0.0,0.0,0.0,0,0,0,NO_PAID_ASSOCIATION_OBSERVED,0,,,,,,,UNALIGNED (creator snapshot window vs paid Apr-Aug closed months)
6813201a000000002001dd65,后悔没早点做岛台...,2025-05-11 17:00,video,14.0,CREATOR_PERFORMANCE_PRESENT,76.0,0.0,0.0,0.0,0.0,1,2,2,NOTE_PAID_METRIC_PRESENT,1,M2026-04,M2026-04,0.0,2.0,0.0,0.0,UNALIGNED (creator snapshot window vs paid Apr-Aug closed months)
6815b9a6000000000d017409,岛台到底有多香❗️❗️❗️没想到,2025-05-12 17:00,video,28.0,CREATOR_PERFORMANCE_PRESENT,65.0,0.0,0.0,0.0,0.0,1,2,2,PAID_ASSOCIATED_NO_METRIC_RECORD,0,,,,,,,UNALIGNED (creator snapshot window vs paid Apr-Aug closed months)
6815ba18000000000903af39,石墩子岛台实用吗?,2025-05-13 17:01,video,48.0,CREATOR_PERFORMANCE_PRESENT,80.0,0.0,0.0,0.0,0.0,0,0,0,NO_PAID_ASSOCIATION_OBSERVED,0,,,,,,,UNALIGNED (creator snapshot window vs paid Apr-Aug closed months)
6815ba66000000000e007f23,姐妹们听我一句劝|岛台这样装太香了!,2025-05-14 17:01,video,50.0,CREATOR_PERFORMANCE_PRESENT,87.0,0.0,0.0,2.0,0.0,1,2,2,NOTE_PAID_METRIC_PRESENT,3,M2026-04,M2026-06,0.01,3.0,1.0,0.0,UNALIGNED (creator snapshot window vs paid Apr-Aug closed months)
6815bb02000000000d017b28,"岛台定制的7大坑,坑坑花大钱!",2025-05-15 17:00,video,58.0,CREATOR_PERFORMANCE_PRESENT,105.0,1.0,1.0,0.0,0.0,1,2,2,NOTE_PAID_METRIC_PRESENT,1,M2026-05,M2026-05,0.0,1.0,0.0,0.0,UNALIGNED (creator snapshot window vs paid Apr-Aug closed months)
68170dbd000000002300c01c,"✨小户型也可以拥有,实用功能非常强大❗️",2025-05-16 17:01,video,71.0,CREATOR_PERFORMANCE_PRESENT,81.0,0.0,0.0,0.0,2.0,1,2,2,NOTE_PAID_METRIC_PRESENT,3,M2026-04,M2026-08,0.0,6.0,0.0,0.0,UNALIGNED (creator snapshot window vs paid Apr-Aug closed months)
68170e39000000002202bbb4,终于选对餐厅灯了!,2025-05-17 17:00,video,44.0,CREATOR_PERFORMANCE_PRESENT,121.0,0.0,0.0,0.0,0.0,0,0,0,NO_PAID_ASSOCIATION_OBSERVED,0,,,,,,,UNALIGNED (creator snapshot window vs paid Apr-Aug closed months)
68170e850000000023002506,80平岛台怎么设计才有利用率呢🔥,2025-05-18 17:00,video,65.0,CREATOR_PERFORMANCE_PRESENT,139.0,1.0,1.0,0.0,2.0,1,2,2,NOTE_PAID_METRIC_PRESENT,4,M2026-04,M2026-08,0.19,25.0,3.0,0.0,UNALIGNED (creator snapshot window vs paid Apr-Aug closed months)
6818783300000000230113bf,有些装修的坑啊🫠只有住进来了才能发现!,2025-05-19 17:00,video,94.0,CREATOR_PERFORMANCE_PRESENT,70.0,1.0,1.0,4.0,0.0,0,0,0,NO_PAID_ASSOCIATION_OBSERVED,0,,,,,,,UNALIGNED (creator snapshot window vs paid Apr-Aug closed months)
681da95f0000000022026872,厨房油烟|开放式厨房干净清爽的秘诀🔥,2025-05-20 17:00,video,46.0,CREATOR_PERFORMANCE_PRESENT,62.0,0.0,0.0,0.0,0.0,0,0,0,NO_PAID_ASSOCIATION_OBSERVED,0,,,,,,,UNALIGNED (creator snapshot window vs paid Apr-Aug closed months)
681da9dc000000002001e634,没想到沙发边放吧台这么好看😭一眼沦陷,2025-05-21 17:00,video,56.0,CREATOR_PERFORMANCE_PRESENT,542.0,2.0,1.0,1.0,0.0,1,2,2,NOTE_PAID_METRIC_PRESENT,5,M2026-04,M2026-08,20.27,519.0,61.0,1.0,UNALIGNED (creator snapshot window vs paid Apr-Aug closed months)
681daa300000000021001968,"套内只有80平,做了岛台惊呆了",2025-05-22 17:00,video,24.0,CREATOR_PERFORMANCE_PRESENT,108.0,1.0,1.0,1.0,1.0,1,2,2,NOTE_PAID_METRIC_PRESENT,3,M2026-04,M2026-06,0.13,32.0,3.0,0.0,UNALIGNED (creator snapshot window vs paid Apr-Aug closed months)
681daa7f000000002001ea2f,太后悔了!!这15个坑千万别踩😭,2025-05-23 17:01,video,162.0,CREATOR_PERFORMANCE_PRESENT,99.0,1.0,2.0,1.0,3.0,0,0,0,NO_PAID_ASSOCIATION_OBSERVED,0,,,,,,,UNALIGNED (creator snapshot window vs paid Apr-Aug closed months)
6822feb7000000000303b131,小户型进|被我妈夸爆的伸缩岛台!!,2025-05-24 17:00,video,39.0,CREATOR_PERFORMANCE_PRESENT,128.0,0.0,0.0,1.0,0.0,1,2,2,NOTE_PAID_METRIC_PRESENT,5,M2026-04,M2026-08,7.03,93.0,7.0,0.0,UNALIGNED (creator snapshot window vs paid Apr-Aug closed months)
6822ff69000000001101c6fe,"小户型奶油风餐厅,邻居说你太会装了!!",2025-05-25 17:00,video,34.0,CREATOR_PERFORMANCE_PRESENT,48.0,1.0,0.0,3.0,0.0,1,2,2,NOTE_PAID_METRIC_PRESENT,3,M2026-04,M2026-06,0.0,18.0,0.0,0.0,UNALIGNED (creator snapshot window vs paid Apr-Aug closed months)
6822ffcf000000000303b801,"被几千人围观的L型岛台,尺寸来啦❗️",2025-05-26 17:01,video,48.0,CREATOR_PERFORMANCE_PRESENT,505.0,3.0,4.0,1.0,4.0,1,2,2,NOTE_PAID_METRIC_PRESENT,5,M2026-04,M2026-08,22.28,418.0,49.0,0.0,UNALIGNED (creator snapshot window vs paid Apr-Aug closed months)
6823004e0000000012002456,装修前一定要看!!6个天才设计太好抄了,2025-05-27 17:00,video,68.0,CREATOR_PERFORMANCE_PRESENT,53.0,1.0,1.0,3.0,1.0,0,0,0,NO_PAID_ASSOCIATION_OBSERVED,0,,,,,,,UNALIGNED (creator snapshot window vs paid Apr-Aug closed months)
68299ca50000000023000e3f,沙发后千万别做岛台否则用起来太香了🤣,2025-05-28 17:01,video,50.0,CREATOR_PERFORMANCE_PRESENT,199.0,0.0,3.0,5.0,1.0,1,2,2,NOTE_PAID_METRIC_PRESENT,5,M2026-04,M2026-08,14.39,308.0,31.0,0.0,UNALIGNED (creator snapshot window vs paid Apr-Aug closed months)
68299d25000000002301d4c6,抄作业啦|茶空间?太哇塞了吧!!,2025-05-29 17:01,video,30.0,CREATOR_PERFORMANCE_PRESENT,94.0,0.0,0.0,1.0,0.0,1,2,2,NOTE_PAID_METRIC_PRESENT,5,M2026-04,M2026-08,2.5,80.0,7.0,0.0,UNALIGNED (creator snapshot window vs paid Apr-Aug closed months)
68299dc90000000023012fb6,"进门就是厨房竖厅做了个岛台,真的很实用✅",2025-05-30 17:02,video,43.0,CREATOR_PERFORMANCE_PRESENT,135.0,2.0,1.0,1.0,1.0,1,2,2,NOTE_PAID_METRIC_PRESENT,5,M2026-04,M2026-08,0.35,41.0,8.0,0.0,UNALIGNED (creator snapshot window vs paid Apr-Aug closed months)
68299ea50000000022035551,被催了800遍的中岛台九做九不做2.0来了!,2025-05-31 17:01,video,130.0,CREATOR_PERFORMANCE_PRESENT,77.0,0.0,0.0,1.0,0.0,0,0,0,NO_PAID_ASSOCIATION_OBSERVED,0,,,,,,,UNALIGNED (creator snapshot window vs paid Apr-Aug closed months)
682ed937000000001200288c,"岛台装修八装八不装,准备装修的火速收藏!",2025-06-04 17:00,video,83.0,CREATOR_PERFORMANCE_PRESENT,65.0,0.0,0.0,1.0,0.0,0,0,0,NO_PAID_ASSOCIATION_OBSERVED,0,,,,,,,UNALIGNED (creator snapshot window vs paid Apr-Aug closed months)
682ed9f5000000000c03b969,岛台应该怎么做!?️,2025-06-03 17:00,video,19.0,CREATOR_PERFORMANCE_PRESENT,71.0,0.0,0.0,1.0,0.0,0,0,0,NO_PAID_ASSOCIATION_OBSERVED,0,,,,,,,UNALIGNED (creator snapshot window vs paid Apr-Aug closed months)
682edb7f000000000f033905,被问爆的奶油风装修攻略!,2025-06-02 17:00,video,48.0,CREATOR_PERFORMANCE_PRESENT,65.0,1.0,1.0,1.0,0.0,1,2,2,NOTE_PAID_METRIC_PRESENT,3,M2026-04,M2026-06,0.0,8.0,0.0,0.0,UNALIGNED (creator snapshot window vs paid Apr-Aug closed months)
682edce4000000001101e878,岛台水电如何预留布局?才合理不翻车?,2025-06-01 17:00,video,38.0,CREATOR_PERFORMANCE_PRESENT,367.0,0.0,0.0,1.0,0.0,0,0,0,NO_PAID_ASSOCIATION_OBSERVED,0,,,,,,,UNALIGNED (creator snapshot window vs paid Apr-Aug closed months)
68340d0d0000000012003fec,岛台翻车了😭😭😭,2025-06-05 17:00,video,65.0,CREATOR_PERFORMANCE_PRESENT,91.0,2.0,1.0,1.0,0.0,1,2,2,NOTE_PAID_METRIC_PRESENT,1,M2026-05,M2026-05,0.0,2.0,0.0,0.0,UNALIGNED (creator snapshot window vs paid Apr-Aug closed months)
68340e86000000000f031627,"连灯都没选对,你的岛台怎么可能不翻车🔥",2025-06-06 17:01,video,33.0,CREATOR_PERFORMANCE_PRESENT,93.0,0.0,0.0,1.0,0.0,0,0,0,NO_PAID_ASSOCIATION_OBSERVED,0,,,,,,,UNALIGNED (creator snapshot window vs paid Apr-Aug closed months)
68340f86000000000c03a431,不要再买餐桌了🔥岛台+收纳更香!!,2025-06-07 17:00,video,34.0,CREATOR_PERFORMANCE_PRESENT,57.0,0.0,0.0,1.0,0.0,1,2,2,NOTE_PAID_METRIC_PRESENT,2,M2026-04,M2026-05,0.0,2.0,0.0,0.0,UNALIGNED (creator snapshot window vs paid Apr-Aug closed months)
68341027000000000f038992,把餐桌换成了岛台之后....,2025-06-08 17:00,video,56.0,CREATOR_PERFORMANCE_PRESENT,104.0,2.0,1.0,1.0,0.0,1,2,2,NOTE_PAID_METRIC_PRESENT,5,M2026-04,M2026-08,1.34,83.0,8.0,0.0,UNALIGNED (creator snapshot window vs paid Apr-Aug closed months)
6839594e000000002102c949,岛台很鸡肋❓,2025-06-09 17:00,video,133.0,CREATOR_PERFORMANCE_PRESENT,114.0,1.0,3.0,3.0,3.0,0,0,0,NO_PAID_ASSOCIATION_OBSERVED,0,,,,,,,UNALIGNED (creator snapshot window vs paid Apr-Aug closed months)
68395a24000000002100c53d,小户型岛台收纳💯不走弯路直接抄作业🤩,2025-06-10 17:00,video,55.0,CREATOR_PERFORMANCE_PRESENT,787.0,9.0,9.0,7.0,4.0,1,2,2,NOTE_PAID_METRIC_PRESENT,5,M2026-04,M2026-08,46.8,1301.0,208.0,1.0,UNALIGNED (creator snapshot window vs paid Apr-Aug closed months)
68395c45000000002100d29a,关于岛台你必须知道的15个细节!!️,2025-06-11 17:00,video,114.0,CREATOR_PERFORMANCE_PRESENT,66.0,0.0,2.0,1.0,0.0,0,0,0,NO_PAID_ASSOCIATION_OBSERVED,0,,,,,,,UNALIGNED (creator snapshot window vs paid Apr-Aug closed months)
68395c9c000000002002b826,买岛台别看颜值❣️这5个细节才是关键❗️,2025-06-12 17:01,video,44.0,CREATOR_PERFORMANCE_PRESENT,53.0,0.0,0.0,1.0,0.0,0,0,0,NO_PAID_ASSOCIATION_OBSERVED,0,,,,,,,UNALIGNED (creator snapshot window vs paid Apr-Aug closed months)
683d633500000000210059fe,厨房为啥要做岛台❓岛台实用吗❓,2025-06-13 17:01,video,5.0,CREATOR_PERFORMANCE_PRESENT,74.0,0.0,0.0,1.0,0.0,1,2,2,NOTE_PAID_METRIC_PRESENT,3,M2026-05,M2026-08,0.56,3.0,1.0,0.0,UNALIGNED (creator snapshot window vs paid Apr-Aug closed months)
683d63ea000000002001eb65,"好喜欢我家的岛台餐桌,奶油色真的太好看了",2025-06-14 17:00,video,52.0,CREATOR_PERFORMANCE_PRESENT,84.0,0.0,0.0,1.0,0.0,1,2,2,NOTE_PAID_METRIC_PRESENT,4,M2026-04,M2026-08,0.68,67.0,4.0,0.0,UNALIGNED (creator snapshot window vs paid Apr-Aug closed months)
683d649900000000210085bc,意式轻奢厨房怎么做岛台👀,2025-06-15 17:00,video,44.0,CREATOR_PERFORMANCE_PRESENT,121.0,1.0,0.0,1.0,0.0,1,2,2,NOTE_PAID_METRIC_PRESENT,4,M2026-04,M2026-07,0.19,33.0,7.0,0.0,UNALIGNED (creator snapshot window vs paid Apr-Aug closed months)
683d64fe000000002102dbeb,伸缩岛台居然是美丽废物😱!?️,2025-06-16 17:00,video,103.0,CREATOR_PERFORMANCE_PRESENT,122.0,1.0,0.0,1.0,2.0,0,0,0,NO_PAID_ASSOCIATION_OBSERVED,0,,,,,,,UNALIGNED (creator snapshot window vs paid Apr-Aug closed months)
6843e1d0000000000f03b615,"入户就是餐厅设计,岛台香不香,用了才知道",2025-06-17 17:01,video,58.0,CREATOR_PERFORMANCE_PRESENT,571.0,1.0,2.0,3.0,1.0,1,2,2,NOTE_PAID_METRIC_PRESENT,5,M2026-04,M2026-08,10.09,269.0,37.0,0.0,UNALIGNED (creator snapshot window vs paid Apr-Aug closed months)
6843e2390000000012003552,终于有人把圆弧岛台做明白了...,2025-06-18 17:01,video,85.0,CREATOR_PERFORMANCE_PRESENT,140.0,0.0,1.0,1.0,0.0,1,2,2,NOTE_PAID_METRIC_PRESENT,5,M2026-04,M2026-08,1.03,165.0,14.0,0.0,UNALIGNED (creator snapshot window vs paid Apr-Aug closed months)
6843e39f0000000012004d39,"替大家试过了,🟤中古风餐厅真的很高级!",2025-06-19 17:01,video,48.0,CREATOR_PERFORMANCE_PRESENT,135.0,1.0,1.0,1.0,2.0,1,2,2,NOTE_PAID_METRIC_PRESENT,5,M2026-04,M2026-08,2.79,127.0,11.0,0.0,UNALIGNED (creator snapshot window vs paid Apr-Aug closed months)
6843e3d5000000000f030828,岛台有必要吗?,2025-06-20 17:01,video,47.0,CREATOR_PERFORMANCE_PRESENT,74.0,0.0,1.0,1.0,0.0,1,2,2,NOTE_PAID_METRIC_PRESENT,1,M2026-05,M2026-05,0.0,1.0,0.0,0.0,UNALIGNED (creator snapshot window vs paid Apr-Aug closed months)
6847fdbf000000002100bfd0,岛台内嵌电器这个坑你不知道不行🔥,2025-06-21 17:00,video,44.0,CREATOR_PERFORMANCE_PRESENT,207.0,1.0,3.0,1.0,3.0,0,0,0,NO_PAID_ASSOCIATION_OBSERVED,0,,,,,,,UNALIGNED (creator snapshot window vs paid Apr-Aug closed months)
6847fe4c000000002101b1b4,"听劝!做奶油风岛台,幸福感翻倍!!",2025-06-22 17:00,video,17.0,CREATOR_PERFORMANCE_PRESENT,88.0,0.0,0.0,1.0,0.0,1,2,2,NOTE_PAID_METRIC_PRESENT,3,M2026-04,M2026-08,0.38,12.0,2.0,0.0,UNALIGNED (creator snapshot window vs paid Apr-Aug closed months)
6847ff070000000022006223,"岛台装修攻略,9做9不做让你少走弯路💯",2025-06-23 17:00,video,71.0,CREATOR_PERFORMANCE_PRESENT,149.0,2.0,2.0,1.0,1.0,0,0,0,NO_PAID_ASSOCIATION_OBSERVED,0,,,,,,,UNALIGNED (creator snapshot window vs paid Apr-Aug closed months)
68480097000000002102e6b5,🌟 岛台避坑指南❌|跟风前必看!,2025-06-24 17:01,video,88.0,CREATOR_PERFORMANCE_PRESENT,76.0,1.0,1.0,1.0,0.0,0,0,0,NO_PAID_ASSOCIATION_OBSERVED,0,,,,,,,UNALIGNED (creator snapshot window vs paid Apr-Aug closed months)
684d34520000000022035b9f,岛台很鸡肋?,2025-06-25 17:01,video,59.0,CREATOR_PERFORMANCE_PRESENT,103.0,1.0,1.0,1.0,0.0,0,0,0,NO_PAID_ASSOCIATION_OBSERVED,0,,,,,,,UNALIGNED (creator snapshot window vs paid Apr-Aug closed months)
684d34a800000000220298ac,"大大的岛台就做两个抽屉,超后悔!",2025-06-26 17:01,video,53.0,CREATOR_PERFORMANCE_PRESENT,1564.0,13.0,5.0,1.0,16.0,0,0,0,NO_PAID_ASSOCIATION_OBSERVED,0,,,,,,,UNALIGNED (creator snapshot window vs paid Apr-Aug closed months)
684d3532000000002301cfa5,守护好自己的能量,2025-06-27 17:01,video,90.0,CREATOR_PERFORMANCE_PRESENT,40.0,0.0,0.0,2.0,0.0,0,0,0,NO_PAID_ASSOCIATION_OBSERVED,0,,,,,,,UNALIGNED (creator snapshot window vs paid Apr-Aug closed months)
684d35ef00000000220365d9,你家岛台为啥会翻车?,2025-06-28 17:00,video,82.0,CREATOR_PERFORMANCE_PRESENT,109.0,1.0,0.0,1.0,0.0,0,0,0,NO_PAID_ASSOCIATION_OBSERVED,0,,,,,,,UNALIGNED (creator snapshot window vs paid Apr-Aug closed months)
6856700e000000000d0253e5,谁说岛台不好看? 成功上车 👀,2025-06-29 17:00,video,16.0,CREATOR_PERFORMANCE_PRESENT,70.0,0.0,1.0,1.0,0.0,1,2,2,NOTE_PAID_METRIC_PRESENT,4,M2026-04,M2026-08,13.04,13.0,2.0,0.0,UNALIGNED (creator snapshot window vs paid Apr-Aug closed months)
685670bb000000000b01fc31,"潘多拉岛台太惊艳啦,难怪人见人夸🥰",2025-06-30 17:00,video,81.0,CREATOR_PERFORMANCE_PRESENT,115.0,1.0,1.0,3.0,0.0,1,2,2,NOTE_PAID_METRIC_PRESENT,5,M2026-04,M2026-08,5.34,147.0,10.0,0.0,UNALIGNED (creator snapshot window vs paid Apr-Aug closed months)
68567116000000000d025a77,岛台茶桌一体|简直不要太高级🥰,2025-07-01 17:00,video,38.0,CREATOR_PERFORMANCE_PRESENT,371.0,1.0,4.0,1.0,0.0,1,2,2,NOTE_PAID_METRIC_PRESENT,5,M2026-04,M2026-08,22.85,616.0,62.0,0.0,UNALIGNED (creator snapshot window vs paid Apr-Aug closed months)
685671490000000011001aa1,被岛台尺寸折磨的睡不着.....,2025-07-02 17:01,video,59.0,CREATOR_PERFORMANCE_PRESENT,111.0,0.0,1.0,1.0,0.0,0,0,0,NO_PAID_ASSOCIATION_OBSERVED,0,,,,,,,UNALIGNED (creator snapshot window vs paid Apr-Aug closed months)
6857ba35000000000b02d266,岛台尺寸又翻车❓真的不要太离谱!!,2025-07-03 17:01,video,80.0,CREATOR_PERFORMANCE_PRESENT,102.0,1.0,2.0,1.0,0.0,0,0,0,NO_PAID_ASSOCIATION_OBSERVED,0,,,,,,,UNALIGNED (creator snapshot window vs paid Apr-Aug closed months)
6857bad4000000000d01967e,L 型伸缩岛台真的好实用😍,2025-07-04 17:01,video,38.0,CREATOR_PERFORMANCE_PRESENT,118.0,0.0,0.0,1.0,0.0,1,2,2,NOTE_PAID_METRIC_PRESENT,4,M2026-04,M2026-08,0.03,16.0,1.0,0.0,UNALIGNED (creator snapshot window vs paid Apr-Aug closed months)
6857bb380000000012014a3b,普通人家装修就复制我家吧🔥,2025-07-05 17:01,video,62.0,CREATOR_PERFORMANCE_PRESENT,50.0,0.0,1.0,1.0,0.0,1,2,2,PAID_ASSOCIATED_NO_METRIC_RECORD,0,,,,,,,UNALIGNED (creator snapshot window vs paid Apr-Aug closed months)
6857bc1d0000000010026310,五做无不做:看准这五点准没错✓,2025-07-06 17:00,video,41.0,CREATOR_PERFORMANCE_PRESENT,68.0,1.0,0.0,1.0,0.0,0,0,0,NO_PAID_ASSOCIATION_OBSERVED,0,,,,,,,UNALIGNED (creator snapshot window vs paid Apr-Aug closed months)
685e5c470000000017031886,"每日一感叹,是我理想中的岛台了!",2025-07-07 17:00,video,80.0,CREATOR_PERFORMANCE_PRESENT,62.0,0.0,1.0,1.0,0.0,1,2,2,NOTE_PAID_METRIC_PRESENT,1,M2026-04,M2026-04,0.0,2.0,0.0,0.0,UNALIGNED (creator snapshot window vs paid Apr-Aug closed months)
685e5cb200000000120317a7,谁说岛台不能实用与设计兼得?!,2025-07-08 17:01,video,40.0,CREATOR_PERFORMANCE_PRESENT,76.0,0.0,0.0,1.0,1.0,1,2,2,NOTE_PAID_METRIC_PRESENT,1,M2026-06,M2026-06,0.0,1.0,0.0,0.0,UNALIGNED (creator snapshot window vs paid Apr-Aug closed months)
685e5de000000000150216f9,终于把心心念念的岩板罗马洞石岛台安排上了,2025-07-09 17:01,video,55.0,CREATOR_PERFORMANCE_PRESENT,156.0,1.0,4.0,3.0,1.0,1,2,2,NOTE_PAID_METRIC_PRESENT,5,M2026-04,M2026-08,14.24,393.0,23.0,0.0,UNALIGNED (creator snapshot window vs paid Apr-Aug closed months)
685f40cd0000000010026787,岛台怎么做才有高级感❓,2025-07-10 17:01,video,72.0,CREATOR_PERFORMANCE_PRESENT,101.0,1.0,2.0,1.0,0.0,0,0,0,NO_PAID_ASSOCIATION_OBSERVED,0,,,,,,,UNALIGNED (creator snapshot window vs paid Apr-Aug closed months)
68679a7f0000000023006fb7,听句劝啊!伸缩岛台太合适小户型了❗️,2025-07-11 17:02,video,38.0,CREATOR_PERFORMANCE_PRESENT,211.0,2.0,2.0,1.0,2.0,1,2,2,NOTE_PAID_METRIC_PRESENT,5,M2026-04,M2026-08,8.28,269.0,21.0,0.0,UNALIGNED (creator snapshot window vs paid Apr-Aug closed months)
68679b02000000002201ecb5,岛台是智商税?,2025-07-12 17:01,video,80.0,CREATOR_PERFORMANCE_PRESENT,71.0,0.0,0.0,1.0,0.0,0,0,0,NO_PAID_ASSOCIATION_OBSERVED,0,,,,,,,UNALIGNED (creator snapshot window vs paid Apr-Aug closed months)
68679caf000000002400e602,崩溃😭第一次装修被坑惨了...,2025-07-13 17:01,video,154.0,CREATOR_PERFORMANCE_PRESENT,83.0,0.0,1.0,1.0,0.0,0,0,0,NO_PAID_ASSOCIATION_OBSERVED,0,,,,,,,UNALIGNED (creator snapshot window vs paid Apr-Aug closed months)
68679d65000000002203c9dd,写给未做岛台的朋友...,2025-07-14 17:01,video,77.0,CREATOR_PERFORMANCE_PRESENT,109.0,2.0,3.0,3.0,0.0,0,0,0,NO_PAID_ASSOCIATION_OBSERVED,0,,,,,,,UNALIGNED (creator snapshot window vs paid Apr-Aug closed months)
687087cd0000000012017726,再见了传统餐桌👋,2025-07-18 17:01,video,14.0,CREATOR_PERFORMANCE_PRESENT,47.0,0.0,0.0,1.0,0.0,0,0,0,NO_PAID_ASSOCIATION_OBSERVED,0,,,,,,,UNALIGNED (creator snapshot window vs paid Apr-Aug closed months)
68708884000000000d0185be,选岛台的血泪教训 别怪我没提醒你😭,2025-07-17 17:01,video,105.0,CREATOR_PERFORMANCE_PRESENT,87.0,2.0,2.0,3.0,0.0,0,0,0,NO_PAID_ASSOCIATION_OBSERVED,0,,,,,,,UNALIGNED (creator snapshot window vs paid Apr-Aug closed months)
68708956000000000d018b9b,装修醉不后悔的5个决定 🐮🍺!,2025-07-16 17:01,video,88.0,CREATOR_PERFORMANCE_PRESENT,53.0,0.0,0.0,1.0,0.0,0,0,0,NO_PAID_ASSOCIATION_OBSERVED,0,,,,,,,UNALIGNED (creator snapshot window vs paid Apr-Aug closed months)
68708b3d000000001001295f,藏不住了🔥小户型横厅飘窗岛台尺寸分享,2025-07-15 17:01,video,36.0,CREATOR_PERFORMANCE_PRESENT,247.0,4.0,3.0,1.0,5.0,0,0,0,NO_PAID_ASSOCIATION_OBSERVED,0,,,,,,,UNALIGNED (creator snapshot window vs paid Apr-Aug closed months)
68746441000000001c03208b,差点离不开岛台了....,2025-07-19 19:01,video,27.0,CREATOR_PERFORMANCE_PRESENT,68.0,0.0,0.0,1.0,0.0,1,2,2,PAID_ASSOCIATED_NO_METRIC_RECORD,0,,,,,,,UNALIGNED (creator snapshot window vs paid Apr-Aug closed months)
6874649c000000002201d8f7,"圆弧岛台的秘密,算是给我做明白了😎",2025-07-20 17:01,video,88.0,CREATOR_PERFORMANCE_PRESENT,51.0,0.0,0.0,1.0,0.0,0,0,0,NO_PAID_ASSOCIATION_OBSERVED,0,,,,,,,UNALIGNED (creator snapshot window vs paid Apr-Aug closed months)
687464f20000000023006189,"岛台验收不认真,钱花了都找不到地方哭😭",2025-07-21 17:01,video,69.0,CREATOR_PERFORMANCE_PRESENT,51.0,0.0,0.0,1.0,1.0,0,0,0,NO_PAID_ASSOCIATION_OBSERVED,0,,,,,,,UNALIGNED (creator snapshot window vs paid Apr-Aug closed months)
68746530000000002400d087,买到摆拍岛台之后...😭😭😭,2025-07-22 17:01,video,86.0,CREATOR_PERFORMANCE_PRESENT,182.0,3.0,1.0,1.0,2.0,0,0,0,NO_PAID_ASSOCIATION_OBSERVED,0,,,,,,,UNALIGNED (creator snapshot window vs paid Apr-Aug closed months)
687890df000000001c0361c2,改造小厨房|用一个技巧就能显大10平米!!️,2025-07-23 17:01,video,34.0,CREATOR_PERFORMANCE_PRESENT,177.0,2.0,2.0,1.0,1.0,1,2,2,NOTE_PAID_METRIC_PRESENT,5,M2026-04,M2026-08,0.72,152.0,16.0,0.0,UNALIGNED (creator snapshot window vs paid Apr-Aug closed months)
687891a700000000200180a3,87m2极简客厅❗小户型做岛台超显大,2025-07-24 17:02,video,55.0,CREATOR_PERFORMANCE_PRESENT,121.0,0.0,0.0,1.0,0.0,0,0,0,NO_PAID_ASSOCIATION_OBSERVED,0,,,,,,,UNALIGNED (creator snapshot window vs paid Apr-Aug closed months)
6878924b000000001c03093d,小户型终于也可以拥有岛台餐桌了🥹,2025-07-25 17:01,video,38.0,CREATOR_PERFORMANCE_PRESENT,112.0,1.0,0.0,3.0,0.0,1,2,2,NOTE_PAID_METRIC_PRESENT,5,M2026-04,M2026-08,0.94,94.0,7.0,0.0,UNALIGNED (creator snapshot window vs paid Apr-Aug closed months)
687892b80000000020018846,想要岛台不翻车?先看懂这6大设计要素🔥,2025-07-26 17:01,video,73.0,CREATOR_PERFORMANCE_PRESENT,92.0,1.0,0.0,2.0,1.0,0,0,0,NO_PAID_ASSOCIATION_OBSERVED,0,,,,,,,UNALIGNED (creator snapshot window vs paid Apr-Aug closed months)
687f2804000000001c0311ac,岛台很鸡肋?,2025-07-27 17:01,video,73.0,CREATOR_PERFORMANCE_PRESENT,65.0,1.0,0.0,1.0,0.0,1,2,2,NOTE_PAID_METRIC_PRESENT,1,M2026-08,M2026-08,0.0,1.0,0.0,0.0,UNALIGNED (creator snapshot window vs paid Apr-Aug closed months)
687f29380000000022032f09,开放式厨房🔥怎么解决油烟问题💔,2025-07-28 17:01,video,38.0,CREATOR_PERFORMANCE_PRESENT,174.0,4.0,3.0,1.0,1.0,0,0,0,NO_PAID_ASSOCIATION_OBSERVED,0,,,,,,,UNALIGNED (creator snapshot window vs paid Apr-Aug closed months)
687f2d82000000002203ed08,100w+人围观的意式风岛台!落地效果更美,2025-07-29 17:01,video,62.0,CREATOR_PERFORMANCE_PRESENT,46.0,0.0,0.0,1.0,0.0,1,2,2,NOTE_PAID_METRIC_PRESENT,1,M2026-04,M2026-04,0.0,2.0,0.0,0.0,UNALIGNED (creator snapshot window vs paid Apr-Aug closed months)
687f2f20000000002203f8ab,"岛台尺寸翻车后,我崩溃了🤬",2025-07-30 17:01,video,133.0,CREATOR_PERFORMANCE_PRESENT,47.0,0.0,0.0,1.0,1.0,1,2,2,NOTE_PAID_METRIC_PRESENT,1,M2026-04,M2026-04,0.0,3.0,0.0,0.0,UNALIGNED (creator snapshot window vs paid Apr-Aug closed months)
68873b690000000013013abe,"我宣布,大岛台真的既好看又实用❗️",2025-07-31 17:01,video,39.0,CREATOR_PERFORMANCE_PRESENT,65.0,0.0,2.0,3.0,0.0,1,2,2,NOTE_PAID_METRIC_PRESENT,2,M2026-06,M2026-07,0.0,3.0,0.0,0.0,UNALIGNED (creator snapshot window vs paid Apr-Aug closed months)
68873cb70000000015021ff1,岛台不实用?,2025-08-01 17:01,video,36.0,CREATOR_PERFORMANCE_PRESENT,61.0,0.0,1.0,0.0,0.0,1,2,2,NOTE_PAID_METRIC_PRESENT,2,M2026-04,M2026-05,0.0,4.0,0.0,0.0,UNALIGNED (creator snapshot window vs paid Apr-Aug closed months)
68873dff0000000017037728,被问爆的网红拼色岛台🎊效果真的绝,2025-08-02 17:01,video,46.0,CREATOR_PERFORMANCE_PRESENT,64.0,0.0,0.0,1.0,1.0,1,2,2,NOTE_PAID_METRIC_PRESENT,3,M2026-04,M2026-06,0.0,16.0,0.0,0.0,UNALIGNED (creator snapshot window vs paid Apr-Aug closed months)
68874111000000001502024c,岛台的坑根本踩不完...,2025-08-03 17:00,video,65.0,CREATOR_PERFORMANCE_PRESENT,59.0,1.0,1.0,1.0,1.0,0,0,0,NO_PAID_ASSOCIATION_OBSERVED,0,,,,,,,UNALIGNED (creator snapshot window vs paid Apr-Aug closed months)
688b3145000000002501aed8,岛台这个配色是真敢做呀!巨好看,2025-08-04 17:01,video,49.0,CREATOR_PERFORMANCE_PRESENT,54.0,1.0,2.0,1.0,0.0,1,2,2,NOTE_PAID_METRIC_PRESENT,3,M2026-04,M2026-07,0.0,7.0,0.0,0.0,UNALIGNED (creator snapshot window vs paid Apr-Aug closed months)
688b331a000000002502a180,谁说中古风不能配岛台!?,2025-08-05 17:01,video,56.0,CREATOR_PERFORMANCE_PRESENT,45.0,0.0,0.0,1.0,0.0,1,2,2,NOTE_PAID_METRIC_PRESENT,4,M2026-04,M2026-08,0.41,20.0,2.0,0.0,UNALIGNED (creator snapshot window vs paid Apr-Aug closed months)
688b347d0000000025011892,岛台为啥越做越好❓,2025-08-06 17:01,video,171.0,CREATOR_PERFORMANCE_PRESENT,106.0,1.0,1.0,1.0,0.0,0,0,0,NO_PAID_ASSOCIATION_OBSERVED,0,,,,,,,UNALIGNED (creator snapshot window vs paid Apr-Aug closed months)
688b34d10000000025021d87,装修不听父母言做了岛台...,2025-08-07 17:01,video,58.0,CREATOR_PERFORMANCE_PRESENT,50.0,0.0,0.0,1.0,0.0,0,0,0,NO_PAID_ASSOCIATION_OBSERVED,0,,,,,,,UNALIGNED (creator snapshot window vs paid Apr-Aug closed months)
6890572c0000000003031416,岛台电源怎么留❓,2025-08-08 17:01,video,37.0,CREATOR_PERFORMANCE_PRESENT,631.0,2.0,1.0,2.0,3.0,0,0,0,NO_PAID_ASSOCIATION_OBSERVED,0,,,,,,,UNALIGNED (creator snapshot window vs paid Apr-Aug closed months)
689057d10000000002001d43,为什么要做岛台?,2025-08-09 17:01,video,61.0,CREATOR_PERFORMANCE_PRESENT,43.0,0.0,0.0,0.0,0.0,1,2,2,NOTE_PAID_METRIC_PRESENT,2,M2026-04,M2026-07,0.0,3.0,0.0,0.0,UNALIGNED (creator snapshot window vs paid Apr-Aug closed months)
689059a50000000005009cfe,谁说岛台是美丽废物!?️,2025-08-10 17:00,video,46.0,CREATOR_PERFORMANCE_PRESENT,73.0,1.0,0.0,2.0,2.0,0,0,0,NO_PAID_ASSOCIATION_OBSERVED,0,,,,,,,UNALIGNED (creator snapshot window vs paid Apr-Aug closed months)
68905bf700000000020039f5,谁能拒绝奶油风岛台🏠 附尺寸,2025-08-11 17:01,video,30.0,CREATOR_PERFORMANCE_PRESENT,54.0,0.0,0.0,2.0,0.0,1,2,2,NOTE_PAID_METRIC_PRESENT,1,M2026-05,M2026-05,0.0,2.0,0.0,0.0,UNALIGNED (creator snapshot window vs paid Apr-Aug closed months)
6895a47700000000230382eb,装修必备尺寸|厨房岛台人体工程学尺寸!!️,2025-08-12 17:02,video,56.0,CREATOR_PERFORMANCE_PRESENT,51.0,0.0,0.0,0.0,0.0,1,2,2,NOTE_PAID_METRIC_PRESENT,3,M2026-04,M2026-06,0.01,24.0,1.0,0.0,UNALIGNED (creator snapshot window vs paid Apr-Aug closed months)
6895a53e00000000230321d8,"套内60平,岛台怎么做才实用?",2025-08-13 17:01,video,95.0,CREATOR_PERFORMANCE_PRESENT,181.0,0.0,2.0,2.0,0.0,1,2,2,NOTE_PAID_METRIC_PRESENT,5,M2026-04,M2026-08,24.53,319.0,56.0,0.0,UNALIGNED (creator snapshot window vs paid Apr-Aug closed months)
6895a7850000000023028f7a,替大家试过了 奶油风岛台真的很哇塞,2025-08-14 17:01,video,66.0,CREATOR_PERFORMANCE_PRESENT,37.0,1.0,0.0,0.0,0.0,1,2,2,PAID_ASSOCIATED_NO_METRIC_RECORD,0,,,,,,,UNALIGNED (creator snapshot window vs paid Apr-Aug closed months)
6895a8330000000023033a03,差点以为没做岛台后悔...,2025-08-15 17:01,video,57.0,CREATOR_PERFORMANCE_PRESENT,69.0,0.0,1.0,0.0,0.0,1,2,2,NOTE_PAID_METRIC_PRESENT,1,M2026-07,M2026-07,0.0,1.0,0.0,0.0,UNALIGNED (creator snapshot window vs paid Apr-Aug closed months)
689ab90b0000000023037c0d,最期待的岛台翻车了......,2025-08-19 17:01,video,77.0,CREATOR_PERFORMANCE_PRESENT,56.0,3.0,2.0,0.0,0.0,0,0,0,NO_PAID_ASSOCIATION_OBSERVED,0,,,,,,,UNALIGNED (creator snapshot window vs paid Apr-Aug closed months)
689ab98e0000000023021c3c,进门就是厨房怎么做岛台才实用呢❓,2025-08-18 17:01,video,32.0,CREATOR_PERFORMANCE_PRESENT,196.0,0.0,1.0,0.0,0.0,1,2,2,NOTE_PAID_METRIC_PRESENT,5,M2026-04,M2026-08,6.84,333.0,50.0,0.0,UNALIGNED (creator snapshot window vs paid Apr-Aug closed months)
689ab9f50000000022039b48,为什么年轻人都想做这样的岛台?,2025-08-17 17:01,video,62.0,CREATOR_PERFORMANCE_PRESENT,44.0,0.0,1.0,0.0,0.0,1,2,2,NOTE_PAID_METRIC_PRESENT,1,M2026-06,M2026-06,0.0,1.0,0.0,0.0,UNALIGNED (creator snapshot window vs paid Apr-Aug closed months)
689aba910000000023038a7c,别怀疑了❗️35平小公寓真的能做岛台餐桌!,2025-08-16 17:02,video,31.0,CREATOR_PERFORMANCE_PRESENT,61.0,0.0,1.0,0.0,0.0,1,2,2,NOTE_PAID_METRIC_PRESENT,2,M2026-05,M2026-06,0.0,5.0,0.0,0.0,UNALIGNED (creator snapshot window vs paid Apr-Aug closed months)
689ed658000000001d018273,听我一句劝!岛台这样设计真的很好用,2025-08-23 17:01,video,52.0,CREATOR_PERFORMANCE_PRESENT,71.0,2.0,1.0,0.0,0.0,0,0,0,NO_PAID_ASSOCIATION_OBSERVED,0,,,,,,,UNALIGNED (creator snapshot window vs paid Apr-Aug closed months)
689ed823000000001d0224b3,这个岛台带给我的幸福感已经溢出屏幕了,2025-08-22 17:01,video,44.0,CREATOR_PERFORMANCE_PRESENT,47.0,1.0,0.0,0.0,0.0,1,2,2,NOTE_PAID_METRIC_PRESENT,1,M2026-08,M2026-08,0.0,1.0,0.0,0.0,UNALIGNED (creator snapshot window vs paid Apr-Aug closed months)
689ed93f000000001d02c579,第一次做岛台?这10个坑千万别踩!,2025-08-21 17:01,video,70.0,CREATOR_PERFORMANCE_PRESENT,42.0,1.0,1.0,2.0,0.0,0,0,0,NO_PAID_ASSOCIATION_OBSERVED,0,,,,,,,UNALIGNED (creator snapshot window vs paid Apr-Aug closed months)
689ed9a1000000001d02c804,婆婆说岛台不实用.....,2025-08-20 17:01,video,33.0,CREATOR_PERFORMANCE_PRESENT,84.0,1.0,0.0,2.0,0.0,1,2,2,NOTE_PAID_METRIC_PRESENT,4,M2026-04,M2026-07,0.98,21.0,1.0,0.0,UNALIGNED (creator snapshot window vs paid Apr-Aug closed months)
68a5713c000000001d00d7e0,我家小户型显大大大的秘诀 就是它🔥,2025-08-24 17:01,video,56.0,CREATOR_PERFORMANCE_PRESENT,47.0,0.0,0.0,0.0,0.0,1,2,2,PAID_ASSOCIATED_NO_METRIC_RECORD,0,,,,,,,UNALIGNED (creator snapshot window vs paid Apr-Aug closed months)
68a57197000000001d013760,我怕你后悔没早点做🔥,2025-08-25 17:01,video,48.0,CREATOR_PERFORMANCE_PRESENT,65.0,0.0,0.0,0.0,2.0,1,2,2,NOTE_PAID_METRIC_PRESENT,4,M2026-04,M2026-08,0.04,41.0,1.0,0.0,UNALIGNED (creator snapshot window vs paid Apr-Aug closed months)
68a57274000000001c034a91,小红书抄作业|心心念念的中古风岛台到噜,2025-08-26 17:01,video,64.0,CREATOR_PERFORMANCE_PRESENT,81.0,0.0,1.0,0.0,0.0,1,2,2,NOTE_PAID_METRIC_PRESENT,5,M2026-04,M2026-08,3.29,104.0,11.0,0.0,UNALIGNED (creator snapshot window vs paid Apr-Aug closed months)
68a572e6000000001d010075,岛台怎么选不踩雷 这都是过来人的血泪教训,2025-08-27 17:01,video,61.0,CREATOR_PERFORMANCE_PRESENT,46.0,0.0,0.0,0.0,0.0,0,0,0,NO_PAID_ASSOCIATION_OBSERVED,0,,,,,,,UNALIGNED (creator snapshot window vs paid Apr-Aug closed months)
68a831d8000000001d024d2f,这才是年轻人的梦中情岛🔥,2025-08-31 17:00,video,67.0,CREATOR_PERFORMANCE_PRESENT,49.0,1.0,1.0,0.0,0.0,1,2,2,NOTE_PAID_METRIC_PRESENT,1,M2026-04,M2026-04,0.0,1.0,0.0,0.0,UNALIGNED (creator snapshot window vs paid Apr-Aug closed months)
68a833d8000000001d025d85,今天被家里的复古风岛台美哭了!,2025-08-30 17:00,video,50.0,CREATOR_PERFORMANCE_PRESENT,47.0,0.0,1.0,0.0,0.0,1,2,2,PAID_ASSOCIATED_NO_METRIC_RECORD,0,,,,,,,UNALIGNED (creator snapshot window vs paid Apr-Aug closed months)
68a83a56000000001d034a0b,"被邻居问爆,极简原木岛台,真的不要太好看",2025-08-29 17:01,video,55.0,CREATOR_PERFORMANCE_PRESENT,40.0,0.0,0.0,0.0,0.0,1,2,2,NOTE_PAID_METRIC_PRESENT,1,M2026-08,M2026-08,0.36,1.0,1.0,0.0,UNALIGNED (creator snapshot window vs paid Apr-Aug closed months)
68a83b3b000000001d021877,被如此漂亮的岛台治愈了心情🫧,2025-08-28 17:00,video,44.0,CREATOR_PERFORMANCE_PRESENT,38.0,0.0,0.0,0.0,0.0,1,2,2,PAID_ASSOCIATED_NO_METRIC_RECORD,0,,,,,,,UNALIGNED (creator snapshot window vs paid Apr-Aug closed months)
68ad61bc000000001b02256d,谁懂!黑白岛台的含金量!?️,2025-09-01 17:00,video,61.0,CREATOR_PERFORMANCE_PRESENT,47.0,0.0,0.0,0.0,1.0,1,2,2,NOTE_PAID_METRIC_PRESENT,3,M2026-04,M2026-06,0.02,10.0,1.0,0.0,UNALIGNED (creator snapshot window vs paid Apr-Aug closed months)
68ad64bb000000001c00fb29,把它带回家🧲再也不用羡慕别人家的岛台了,2025-09-02 17:00,video,55.0,CREATOR_PERFORMANCE_PRESENT,87.0,0.0,1.0,0.0,0.0,1,2,2,NOTE_PAID_METRIC_PRESENT,3,M2026-04,M2026-06,0.0,3.0,0.0,0.0,UNALIGNED (creator snapshot window vs paid Apr-Aug closed months)
68ad6599000000001b035541,"岛台设计10大雷区,拒当大冤种❌",2025-09-03 17:00,video,76.0,CREATOR_PERFORMANCE_PRESENT,93.0,0.0,0.0,2.0,1.0,0,0,0,NO_PAID_ASSOCIATION_OBSERVED,0,,,,,,,UNALIGNED (creator snapshot window vs paid Apr-Aug closed months)
68ad65fc000000001c00c43b,放弃餐桌之后...,2025-09-04 17:01,video,65.0,CREATOR_PERFORMANCE_PRESENT,102.0,2.0,0.0,0.0,0.0,1,2,2,NOTE_PAID_METRIC_PRESENT,3,M2026-04,M2026-06,0.0,4.0,0.0,0.0,UNALIGNED (creator snapshot window vs paid Apr-Aug closed months)
68b29dfa000000001d02ba79,岛台翻车的来集合❌尺寸翻车6大坑🔥,2025-09-08 17:01,video,50.0,CREATOR_PERFORMANCE_PRESENT,58.0,0.0,0.0,0.0,1.0,0,0,0,NO_PAID_ASSOCIATION_OBSERVED,0,,,,,,,UNALIGNED (creator snapshot window vs paid Apr-Aug closed months)
68b29e9d000000001d01f402,同一个岛台的温度差.....,2025-09-07 17:00,video,45.0,CREATOR_PERFORMANCE_PRESENT,69.0,1.0,1.0,0.0,0.0,1,2,2,NOTE_PAID_METRIC_PRESENT,2,M2026-05,M2026-08,0.0,2.0,0.0,0.0,UNALIGNED (creator snapshot window vs paid Apr-Aug closed months)
68b2a012000000001d021469,装修的倒霉蛋——岛台尺寸翻车😭,2025-09-06 17:00,video,94.0,CREATOR_PERFORMANCE_PRESENT,76.0,2.0,0.0,0.0,1.0,0,0,0,NO_PAID_ASSOCIATION_OBSERVED,0,,,,,,,UNALIGNED (creator snapshot window vs paid Apr-Aug closed months)
68b2a0d0000000001d02544b,谁懂一个岛台拉了整个屋颜值的救赎感❗️,2025-09-05 17:01,video,30.0,CREATOR_PERFORMANCE_PRESENT,65.0,1.0,0.0,0.0,0.0,0,0,0,NO_PAID_ASSOCIATION_OBSERVED,0,,,,,,,UNALIGNED (creator snapshot window vs paid Apr-Aug closed months)
68b55c83000000001c035dae,岛台为啥越做越好?,2025-09-09 17:00,video,71.0,CREATOR_PERFORMANCE_PRESENT,51.0,0.0,0.0,0.0,0.0,0,0,0,NO_PAID_ASSOCIATION_OBSERVED,0,,,,,,,UNALIGNED (creator snapshot window vs paid Apr-Aug closed months)
68b55da9000000001d00c602,黑色餐厅干货|岛台要选好吃饭才会香🥰,2025-09-10 17:01,video,50.0,CREATOR_PERFORMANCE_PRESENT,58.0,0.0,0.0,0.0,0.0,1,2,2,NOTE_PAID_METRIC_PRESENT,2,M2026-05,M2026-06,0.0,2.0,0.0,0.0,UNALIGNED (creator snapshot window vs paid Apr-Aug closed months)
68b55e21000000001c036754,"不看这篇,装岛台可能多花冤枉钱秘️",2025-09-11 17:01,video,31.0,CREATOR_PERFORMANCE_PRESENT,337.0,0.0,2.0,0.0,1.0,0,0,0,NO_PAID_ASSOCIATION_OBSERVED,0,,,,,,,UNALIGNED (creator snapshot window vs paid Apr-Aug closed months)
68b55e6f000000001d00caa1,邻居说岛台不实用?看完被打脸了,2025-09-12 17:01,video,32.0,CREATOR_PERFORMANCE_PRESENT,73.0,0.0,1.0,0.0,0.0,1,2,2,NOTE_PAID_METRIC_PRESENT,4,M2026-04,M2026-08,0.0,11.0,0.0,0.0,UNALIGNED (creator snapshot window vs paid Apr-Aug closed months)
68baa179000000001b01d52f,轻奢风装修必备|意式轻奢岛台🪐,2025-09-13 17:02,video,47.0,CREATOR_PERFORMANCE_PRESENT,58.0,1.0,3.0,0.0,0.0,1,2,2,NOTE_PAID_METRIC_PRESENT,1,M2026-08,M2026-08,0.0,1.0,0.0,0.0,UNALIGNED (creator snapshot window vs paid Apr-Aug closed months)
68baa828000000001b033b3f,"砸了阳台做开放式厨房,没人告诉你有多爽❗",2025-09-14 17:00,video,32.0,CREATOR_PERFORMANCE_PRESENT,135.0,1.0,0.0,0.0,0.0,1,2,2,NOTE_PAID_METRIC_PRESENT,5,M2026-04,M2026-08,2.01,58.0,10.0,0.0,UNALIGNED (creator snapshot window vs paid Apr-Aug closed months)
68baaa3d000000001c00baf0,做岛台 这3大坑别踩了❗,2025-09-15 17:00,video,45.0,CREATOR_PERFORMANCE_PRESENT,71.0,0.0,1.0,2.0,0.0,0,0,0,NO_PAID_ASSOCIATION_OBSERVED,0,,,,,,,UNALIGNED (creator snapshot window vs paid Apr-Aug closed months)
68baadd4000000001b01efe3,"新家入住一年后,装修踩的坑都出来了",2025-09-16 17:01,video,63.0,CREATOR_PERFORMANCE_PRESENT,60.0,0.0,0.0,0.0,0.0,0,0,0,NO_PAID_ASSOCIATION_OBSERVED,0,,,,,,,UNALIGNED (creator snapshot window vs paid Apr-Aug closed months)
68bff0ef000000001d019dea,"鸡肋飘窗做了岛台,我老婆夸我是大聪明!",2025-09-17 17:01,video,74.0,CREATOR_PERFORMANCE_PRESENT,218.0,0.0,5.0,0.0,3.0,1,2,2,NOTE_PAID_METRIC_PRESENT,5,M2026-04,M2026-08,14.55,422.0,64.0,0.0,UNALIGNED (creator snapshot window vs paid Apr-Aug closed months)
68bff2ae000000001d01a96e,"入户就是餐厅设计。岛台香不香,用了才知道",2025-09-18 17:01,video,39.0,CREATOR_PERFORMANCE_PRESENT,119.0,1.0,2.0,0.0,3.0,1,2,2,NOTE_PAID_METRIC_PRESENT,5,M2026-04,M2026-08,0.99,83.0,11.0,0.0,UNALIGNED (creator snapshot window vs paid Apr-Aug closed months)
68bff3dc000000001d020916,破防了!原木风岛台让我家厨房美🔥,2025-09-19 17:01,video,56.0,CREATOR_PERFORMANCE_PRESENT,76.0,0.0,1.0,0.0,0.0,1,2,2,NOTE_PAID_METRIC_PRESENT,5,M2026-04,M2026-08,0.84,51.0,5.0,0.0,UNALIGNED (creator snapshot window vs paid Apr-Aug closed months)
68bff48e000000001d020dc2,入住后心态炸裂的坑....,2025-09-20 17:01,video,82.0,CREATOR_PERFORMANCE_PRESENT,70.0,0.0,0.0,0.0,0.0,0,0,0,NO_PAID_ASSOCIATION_OBSERVED,0,,,,,,,UNALIGNED (creator snapshot window vs paid Apr-Aug closed months)
68c529b5000000001d0242b1,跟风做的岛台后悔了吗?,2025-09-24 17:02,video,33.0,CREATOR_PERFORMANCE_PRESENT,61.0,0.0,0.0,0.0,0.0,0,0,0,NO_PAID_ASSOCIATION_OBSERVED,0,,,,,,,UNALIGNED (creator snapshot window vs paid Apr-Aug closed months)
68c52a62000000001d023bb9,装修不后悔清单📝奶油风岛台太戳我心巴,2025-09-23 17:01,video,57.0,CREATOR_PERFORMANCE_PRESENT,48.0,0.0,0.0,0.0,0.0,1,2,2,NOTE_PAID_METRIC_PRESENT,1,M2026-06,M2026-06,0.02,1.0,1.0,0.0,UNALIGNED (creator snapshot window vs paid Apr-Aug closed months)
68c5313a000000001d01ca86,"小户型福音!岛台让空间翻倍的秘诀,赢麻了",2025-09-22 17:01,video,54.0,CREATOR_PERFORMANCE_PRESENT,39.0,0.0,0.0,0.0,0.0,0,0,0,NO_PAID_ASSOCIATION_OBSERVED,0,,,,,,,UNALIGNED (creator snapshot window vs paid Apr-Aug closed months)
68c535fd000000001d037980,家人们避雷!岛台细节要注意....😥,2025-09-21 17:00,video,71.0,CREATOR_PERFORMANCE_PRESENT,85.0,0.0,0.0,0.0,1.0,0,0,0,NO_PAID_ASSOCIATION_OBSERVED,0,,,,,,,UNALIGNED (creator snapshot window vs paid Apr-Aug closed months)
68c7d0c6000000001d03456e,"后悔没早装!岛台+餐桌二合一,省了餐桌钱",2025-09-25 17:01,video,33.0,CREATOR_PERFORMANCE_PRESENT,67.0,0.0,0.0,0.0,0.0,1,2,2,NOTE_PAID_METRIC_PRESENT,2,M2026-05,M2026-06,0.12,3.0,1.0,0.0,UNALIGNED (creator snapshot window vs paid Apr-Aug closed months)
68c7d1fc000000001d0271c8,"奶油原木风岛台,超惬意显空间更温馨🔥",2025-09-26 17:03,video,43.0,CREATOR_PERFORMANCE_PRESENT,109.0,0.0,0.0,0.0,0.0,1,2,2,NOTE_PAID_METRIC_PRESENT,5,M2026-04,M2026-08,2.93,126.0,15.0,0.0,UNALIGNED (creator snapshot window vs paid Apr-Aug closed months)
68c7d2d7000000001d02e20f,"小户型岛台,原木风设计,空间显宽敞不拥挤",2025-09-27 17:02,video,46.0,CREATOR_PERFORMANCE_PRESENT,64.0,0.0,0.0,0.0,1.0,1,2,2,NOTE_PAID_METRIC_PRESENT,1,M2026-05,M2026-05,0.35,5.0,1.0,0.0,UNALIGNED (creator snapshot window vs paid Apr-Aug closed months)
68c7d365000000001d019be4,岛台别乱做!这些设计看似实用实则鸡肋😭,2025-09-28 17:01,video,103.0,CREATOR_PERFORMANCE_PRESENT,124.0,1.0,2.0,0.0,0.0,0,0,0,NO_PAID_ASSOCIATION_OBSERVED,0,,,,,,,UNALIGNED (creator snapshot window vs paid Apr-Aug closed months)
68cbc96a000000001201d771,"装修常踩的坑,全中就亏大了!",2025-10-02 17:01,video,39.0,CREATOR_PERFORMANCE_PRESENT,57.0,0.0,2.0,2.0,1.0,0,0,0,NO_PAID_ASSOCIATION_OBSERVED,0,,,,,,,UNALIGNED (creator snapshot window vs paid Apr-Aug closed months)
68cbcb6e000000001202ffb7,机关算尽全能岛台|厨房收纳空间翻倍✨,2025-10-01 17:01,video,46.0,CREATOR_PERFORMANCE_PRESENT,89.0,0.0,0.0,0.0,0.0,0,0,0,NO_PAID_ASSOCIATION_OBSERVED,0,,,,,,,UNALIGNED (creator snapshot window vs paid Apr-Aug closed months)
68cbcc5800000000120158dc,"黑白配的餐岛台,灯光是岛台的灵魂所在🔥",2025-09-30 17:01,video,51.0,CREATOR_PERFORMANCE_PRESENT,65.0,0.0,0.0,0.0,1.0,0,0,0,NO_PAID_ASSOCIATION_OBSERVED,0,,,,,,,UNALIGNED (creator snapshot window vs paid Apr-Aug closed months)
68cbcca70000000012015ad7,全小区都在问我家的岛台🔥,2025-09-29 17:02,video,36.0,CREATOR_PERFORMANCE_PRESENT,49.0,0.0,0.0,0.0,0.0,1,2,2,PAID_ASSOCIATED_NO_METRIC_RECORD,0,,,,,,,UNALIGNED (creator snapshot window vs paid Apr-Aug closed months)
68d2567f000000001300a96f,"这些岛台的坑,你不问商家就不会说😭",2025-10-06 17:01,video,50.0,CREATOR_PERFORMANCE_PRESENT,116.0,1.0,0.0,0.0,0.0,0,0,0,NO_PAID_ASSOCIATION_OBSERVED,0,,,,,,,UNALIGNED (creator snapshot window vs paid Apr-Aug closed months)
68d25863000000001202f08f,做了岛台才知道....,2025-10-05 17:02,video,58.0,CREATOR_PERFORMANCE_PRESENT,110.0,0.0,0.0,0.0,0.0,1,2,2,NOTE_PAID_METRIC_PRESENT,1,M2026-04,M2026-04,0.0,1.0,0.0,0.0,UNALIGNED (creator snapshot window vs paid Apr-Aug closed months)
68d25925000000001201ce86,没想到一个岛台能装出这么多坑来!,2025-10-04 17:01,video,44.0,CREATOR_PERFORMANCE_PRESENT,66.0,0.0,0.0,0.0,0.0,0,0,0,NO_PAID_ASSOCIATION_OBSERVED,0,,,,,,,UNALIGNED (creator snapshot window vs paid Apr-Aug closed months)
68d25abd0000000013007a8c,😅貌美的岛台背后竟然有那么多坑???,2025-10-03 17:01,video,81.0,CREATOR_PERFORMANCE_PRESENT,281.0,5.0,5.0,0.0,3.0,0,0,0,NO_PAID_ASSOCIATION_OBSERVED,0,,,,,,,UNALIGNED (creator snapshot window vs paid Apr-Aug closed months)
68db94d10000000004000baa,为啥奶油风岛台独得小户型偏爱?,2025-10-07 17:01,video,58.0,CREATOR_PERFORMANCE_PRESENT,42.0,0.0,0.0,0.0,0.0,1,2,2,NOTE_PAID_METRIC_PRESENT,2,M2026-05,M2026-06,0.0,2.0,0.0,0.0,UNALIGNED (creator snapshot window vs paid Apr-Aug closed months)
68db951d0000000004010755,岛台入户后....,2025-10-08 17:01,video,53.0,CREATOR_PERFORMANCE_PRESENT,41.0,0.0,0.0,0.0,1.0,1,2,2,NOTE_PAID_METRIC_PRESENT,1,M2026-07,M2026-07,0.0,1.0,0.0,0.0,UNALIGNED (creator snapshot window vs paid Apr-Aug closed months)
68db958100000000050336cb,法式西厨岛台✨治愈系的家,2025-10-09 17:02,video,58.0,CREATOR_PERFORMANCE_PRESENT,104.0,0.0,0.0,0.0,0.0,1,2,2,NOTE_PAID_METRIC_PRESENT,5,M2026-04,M2026-08,0.93,116.0,17.0,0.0,UNALIGNED (creator snapshot window vs paid Apr-Aug closed months)
68db97da0000000004002036,还没遇到坤宝前的岛台...,2025-10-10 17:01,video,41.0,CREATOR_PERFORMANCE_PRESENT,60.0,0.0,1.0,0.0,0.0,0,0,0,NO_PAID_ASSOCIATION_OBSERVED,0,,,,,,,UNALIGNED (creator snapshot window vs paid Apr-Aug closed months)
68e0e111000000000700fac3,小户型 l 厨房边放岛台餐桌太好用了,2025-10-14 17:00,video,34.0,CREATOR_PERFORMANCE_PRESENT,78.0,0.0,0.0,0.0,0.0,1,2,2,NOTE_PAID_METRIC_PRESENT,3,M2026-05,M2026-07,0.01,5.0,1.0,0.0,UNALIGNED (creator snapshot window vs paid Apr-Aug closed months)
68e0e3eb0000000007003a06,气的我把墙砸了改造成开放式厨房😭,2025-10-13 17:00,video,63.0,CREATOR_PERFORMANCE_PRESENT,58.0,0.0,0.0,0.0,0.0,0,0,0,NO_PAID_ASSOCIATION_OBSERVED,0,,,,,,,UNALIGNED (creator snapshot window vs paid Apr-Aug closed months)
68e0e457000000000700ce1c,谁说这潘多拉显老啊 这潘多拉可太好了🔥,2025-10-12 17:00,video,32.0,CREATOR_PERFORMANCE_PRESENT,40.0,0.0,1.0,0.0,0.0,1,2,2,NOTE_PAID_METRIC_PRESENT,5,M2026-04,M2026-08,0.39,42.0,2.0,0.0,UNALIGNED (creator snapshot window vs paid Apr-Aug closed months)
68e0e4b10000000007003ead,谁再说岛台是美丽废物?!来看这个茶岛一体,2025-10-11 17:00,video,32.0,CREATOR_PERFORMANCE_PRESENT,160.0,1.0,1.0,2.0,0.0,1,2,2,NOTE_PAID_METRIC_PRESENT,5,M2026-04,M2026-08,4.16,230.0,24.0,0.0,UNALIGNED (creator snapshot window vs paid Apr-Aug closed months)
68e388810000000005012ad9,岩板岛台不想踩坑⚠️这些细节要注意!!️,2025-10-18 17:00,video,53.0,CREATOR_PERFORMANCE_PRESENT,48.0,0.0,0.0,0.0,0.0,0,0,0,NO_PAID_ASSOCIATION_OBSERVED,0,,,,,,,UNALIGNED (creator snapshot window vs paid Apr-Aug closed months)
68e38a3b0000000005039b29,不要再买餐桌了🔥岛台+收纳更香!!,2025-10-17 17:00,video,59.0,CREATOR_PERFORMANCE_PRESENT,94.0,1.0,1.0,0.0,0.0,1,2,2,NOTE_PAID_METRIC_PRESENT,1,M2026-04,M2026-04,0.07,4.0,1.0,0.0,UNALIGNED (creator snapshot window vs paid Apr-Aug closed months)
68e38b3a0000000004028927,岛台避坑🙅听劝!岛台挑选攻略👀,2025-10-16 17:00,video,41.0,CREATOR_PERFORMANCE_PRESENT,65.0,0.0,0.0,0.0,0.0,0,0,0,NO_PAID_ASSOCIATION_OBSERVED,0,,,,,,,UNALIGNED (creator snapshot window vs paid Apr-Aug closed months)
68e38f400000000004015879,奶油小家的机智选择🔥奶油原木岛台赢麻了,2025-10-15 17:00,video,30.0,CREATOR_PERFORMANCE_PRESENT,42.0,0.0,0.0,0.0,0.0,1,2,2,NOTE_PAID_METRIC_PRESENT,4,M2026-04,M2026-07,0.0,5.0,0.0,0.0,UNALIGNED (creator snapshot window vs paid Apr-Aug closed months)
68ef646b000000000300f2ec,岛台的本质是什么?选餐桌还是选岛台?,2025-10-22 17:00,video,138.0,CREATOR_PERFORMANCE_PRESENT,94.0,1.0,1.0,0.0,0.0,0,0,0,NO_PAID_ASSOCIATION_OBSERVED,0,,,,,,,UNALIGNED (creator snapshot window vs paid Apr-Aug closed months)
68ef64ee00000000030114d2,有必要放弃餐桌去做岛台吗?,2025-10-21 17:00,video,64.0,CREATOR_PERFORMANCE_PRESENT,97.0,0.0,0.0,0.0,1.0,0,0,0,NO_PAID_ASSOCIATION_OBSERVED,0,,,,,,,UNALIGNED (creator snapshot window vs paid Apr-Aug closed months)
68ef655d00000000030204f7,装修拒绝信息茧房😡一定要警惕这五个细节,2025-10-20 17:00,video,59.0,CREATOR_PERFORMANCE_PRESENT,58.0,0.0,0.0,0.0,0.0,0,0,0,NO_PAID_ASSOCIATION_OBSERVED,0,,,,,,,UNALIGNED (creator snapshot window vs paid Apr-Aug closed months)
68ef6601000000000301a9cb,奶油风小岛台让我爱上我家了~,2025-10-19 17:00,video,59.0,CREATOR_PERFORMANCE_PRESENT,43.0,1.0,0.0,2.0,0.0,1,2,2,NOTE_PAID_METRIC_PRESENT,4,M2026-04,M2026-08,1.32,12.0,1.0,0.0,UNALIGNED (creator snapshot window vs paid Apr-Aug closed months)
68f4a2dc000000000301cb7d,做了很久功课的岛台居然也能翻车😭,2025-10-23 17:00,video,59.0,CREATOR_PERFORMANCE_PRESENT,75.0,0.0,0.0,0.0,0.0,0,0,0,NO_PAID_ASSOCIATION_OBSERVED,0,,,,,,,UNALIGNED (creator snapshot window vs paid Apr-Aug closed months)
68f4a427000000000301d35e,终于有内行人敢说装修这些坑了🤯,2025-10-24 17:00,video,65.0,CREATOR_PERFORMANCE_PRESENT,75.0,1.0,0.0,0.0,0.0,0,0,0,NO_PAID_ASSOCIATION_OBSERVED,0,,,,,,,UNALIGNED (creator snapshot window vs paid Apr-Aug closed months)
68f4a588000000000300d76d,被邻居围观的岛台餐椅!,2025-10-25 17:00,video,35.0,CREATOR_PERFORMANCE_PRESENT,51.0,0.0,0.0,0.0,0.0,0,0,0,NO_PAID_ASSOCIATION_OBSERVED,0,,,,,,,UNALIGNED (creator snapshot window vs paid Apr-Aug closed months)
68f4a7b00000000003010c5c,"邻居说,我好像有那个...改造厨房的超能力",2025-10-26 17:00,video,60.0,CREATOR_PERFORMANCE_PRESENT,75.0,1.0,1.0,2.0,0.0,1,2,2,PAID_ASSOCIATED_NO_METRIC_RECORD,0,,,,,,,UNALIGNED (creator snapshot window vs paid Apr-Aug closed months)
68f88ddc0000000005032cde,麻了😥要是早点看到岛台收纳攻略就好了❗,2025-10-31 17:00,video,79.0,CREATOR_PERFORMANCE_PRESENT,68.0,1.0,0.0,0.0,0.0,1,2,2,NOTE_PAID_METRIC_PRESENT,2,M2026-06,M2026-07,0.0,2.0,0.0,0.0,UNALIGNED (creator snapshot window vs paid Apr-Aug closed months)
68f895380000000004003bc3,好后悔做了张岛台...😭😭😭,2025-10-30 17:00,video,75.0,CREATOR_PERFORMANCE_PRESENT,67.0,0.0,1.0,0.0,1.0,0,0,0,NO_PAID_ASSOCIATION_OBSERVED,0,,,,,,,UNALIGNED (creator snapshot window vs paid Apr-Aug closed months)
68f89a470000000004014768,想做岛台的家人们速看❗别再瞎做了......,2025-10-29 17:00,video,65.0,CREATOR_PERFORMANCE_PRESENT,79.0,0.0,0.0,0.0,0.0,1,2,2,PAID_ASSOCIATED_NO_METRIC_RECORD,0,,,,,,,UNALIGNED (creator snapshot window vs paid Apr-Aug closed months)
68f89b3f000000000503021f,放弃了...😫岛台又翻车了😤,2025-10-28 17:00,video,101.0,CREATOR_PERFORMANCE_PRESENT,115.0,1.0,2.0,0.0,1.0,0,0,0,NO_PAID_ASSOCIATION_OBSERVED,0,,,,,,,UNALIGNED (creator snapshot window vs paid Apr-Aug closed months)
68f8a18700000000040072f7,"岛台选好了,厨房就成功了一半🔥",2025-10-27 17:00,video,66.0,CREATOR_PERFORMANCE_PRESENT,42.0,0.0,0.0,0.0,0.0,1,2,2,PAID_ASSOCIATED_NO_METRIC_RECORD,0,,,,,,,UNALIGNED (creator snapshot window vs paid Apr-Aug closed months)
69201686000000001d03b209,怎么才能高效装修呢?,2025-11-21 17:01,video,109.0,CREATOR_PERFORMANCE_PRESENT,100.0,2.0,1.0,0.0,0.0,0,0,0,NO_PAID_ASSOCIATION_OBSERVED,0,,,,,,,UNALIGNED (creator snapshot window vs paid Apr-Aug closed months)
69201ad0000000001e00a12d,极简风格怎么搭配岛台呢?,2025-11-21 17:01,video,59.0,CREATOR_PERFORMANCE_PRESENT,111.0,1.0,1.0,0.0,0.0,1,2,2,NOTE_PAID_METRIC_PRESENT,1,M2026-07,M2026-07,0.0,1.0,0.0,0.0,UNALIGNED (creator snapshot window vs paid Apr-Aug closed months)
69201d49000000001e00b0be,装修该避开的坑你都知道吗?,2025-11-22 11:00,video,109.0,CREATOR_PERFORMANCE_PRESENT,94.0,1.0,0.0,0.0,1.0,0,0,0,NO_PAID_ASSOCIATION_OBSERVED,0,,,,,,,UNALIGNED (creator snapshot window vs paid Apr-Aug closed months)
69212188000000001b023076,差点放弃装修了...,2025-11-22 19:00,video,43.0,CREATOR_PERFORMANCE_PRESENT,345.0,3.0,2.0,0.0,1.0,0,0,0,NO_PAID_ASSOCIATION_OBSERVED,0,,,,,,,UNALIGNED (creator snapshot window vs paid Apr-Aug closed months)
692124ab000000001b0202d2,意式轻奢也是别样的感觉呢!,2025-11-22 17:00,video,55.0,CREATOR_PERFORMANCE_PRESENT,98.0,0.0,1.0,0.0,0.0,1,2,2,NOTE_PAID_METRIC_PRESENT,2,M2026-04,M2026-07,7.71,2.0,1.0,0.0,UNALIGNED (creator snapshot window vs paid Apr-Aug closed months)
692127860000000019024481,你们都是怎么装修的呢...,2025-11-23 11:00,video,43.0,CREATOR_PERFORMANCE_PRESENT,36.0,0.0,0.0,0.0,0.0,0,0,0,NO_PAID_ASSOCIATION_OBSERVED,0,,,,,,,UNALIGNED (creator snapshot window vs paid Apr-Aug closed months)
692273930000000019024e90,适合家中有小朋友的岛台!,2025-11-23 17:00,video,54.0,CREATOR_PERFORMANCE_PRESENT,46.0,1.0,2.0,0.0,1.0,1,2,2,NOTE_PAID_METRIC_PRESENT,4,M2026-04,M2026-08,0.0,15.0,0.0,0.0,UNALIGNED (creator snapshot window vs paid Apr-Aug closed months)
69227488000000000d037a90,装修需要怎么装才最省呢?,2025-11-23 19:00,video,37.0,CREATOR_PERFORMANCE_PRESENT,139.0,1.0,0.0,0.0,1.0,0,0,0,NO_PAID_ASSOCIATION_OBSERVED,0,,,,,,,UNALIGNED (creator snapshot window vs paid Apr-Aug closed months)
692276a7000000001b022f19,"装修不翻车,必须记住以下几点...",2025-11-24 11:00,video,48.0,CREATOR_PERFORMANCE_PRESENT,69.0,0.0,0.0,0.0,1.0,0,0,0,NO_PAID_ASSOCIATION_OBSERVED,0,,,,,,,UNALIGNED (creator snapshot window vs paid Apr-Aug closed months)
6923ec39000000000d039e51,小户型放岛台家中拥挤?看看这款奶油风岛台,2025-11-24 17:00,video,39.0,CREATOR_PERFORMANCE_PRESENT,100.0,0.0,1.0,0.0,0.0,1,2,2,PAID_ASSOCIATED_NO_METRIC_RECORD,0,,,,,,,UNALIGNED (creator snapshot window vs paid Apr-Aug closed months)
6923edc5000000000d03ed07,"高级感设计,最全攻略来了!",2025-11-24 19:00,video,50.0,CREATOR_PERFORMANCE_PRESENT,186.0,3.0,0.0,0.0,1.0,0,0,0,NO_PAID_ASSOCIATION_OBSERVED,0,,,,,,,UNALIGNED (creator snapshot window vs paid Apr-Aug closed months)
6923efe6000000000d03b115,到底该如何装修呢...坑太多啦!,2025-11-25 11:00,video,50.0,CREATOR_PERFORMANCE_PRESENT,114.0,1.0,1.0,0.0,1.0,0,0,0,NO_PAID_ASSOCIATION_OBSERVED,0,,,,,,,UNALIGNED (creator snapshot window vs paid Apr-Aug closed months)
69250961000000001b022790,关于岛台那点事...,2025-11-25 17:00,video,57.0,CREATOR_PERFORMANCE_PRESENT,110.0,0.0,1.0,0.0,1.0,1,2,2,NOTE_PAID_METRIC_PRESENT,2,M2026-04,M2026-05,0.0,2.0,0.0,0.0,UNALIGNED (creator snapshot window vs paid Apr-Aug closed months)
69250acf000000000d03aa5c,再也不信装修师傅了...,2025-11-25 19:00,video,50.0,CREATOR_PERFORMANCE_PRESENT,192.0,3.0,0.0,0.0,1.0,0,0,0,NO_PAID_ASSOCIATION_OBSERVED,0,,,,,,,UNALIGNED (creator snapshot window vs paid Apr-Aug closed months)
69250c63000000000d03b25a,到底该怎么装修...,2025-11-26 11:00,video,50.0,CREATOR_PERFORMANCE_PRESENT,60.0,2.0,0.0,0.0,1.0,0,0,0,NO_PAID_ASSOCIATION_OBSERVED,0,,,,,,,UNALIGNED (creator snapshot window vs paid Apr-Aug closed months)
69269ad2000000001f00df99,轻奢风岛台真的很哇塞!,2025-11-26 17:00,video,49.0,CREATOR_PERFORMANCE_PRESENT,68.0,2.0,0.0,0.0,0.0,1,2,2,NOTE_PAID_METRIC_PRESENT,2,M2026-04,M2026-06,0.04,5.0,1.0,0.0,UNALIGNED (creator snapshot window vs paid Apr-Aug closed months)
69269c1c000000001f00e75c,装修的坑真的太...整的我都要砸墙了╥_╥,2025-11-27 11:00,video,34.0,CREATOR_PERFORMANCE_PRESENT,440.0,1.0,2.0,0.0,1.0,0,0,0,NO_PAID_ASSOCIATION_OBSERVED,0,,,,,,,UNALIGNED (creator snapshot window vs paid Apr-Aug closed months)
6927e58e000000001f00ee4b,岛台千万要做伸缩!不做的话会...,2025-11-27 17:00,video,101.0,CREATOR_PERFORMANCE_PRESENT,149.0,0.0,0.0,0.0,0.0,1,2,2,NOTE_PAID_METRIC_PRESENT,4,M2026-04,M2026-08,0.24,13.0,3.0,0.0,UNALIGNED (creator snapshot window vs paid Apr-Aug closed months)
6927e751000000001e02e46b,装修千万不要听...,2025-11-27 19:01,video,93.0,CREATOR_PERFORMANCE_PRESENT,541.0,4.0,5.0,0.0,2.0,0,0,0,NO_PAID_ASSOCIATION_OBSERVED,0,,,,,,,UNALIGNED (creator snapshot window vs paid Apr-Aug closed months)
69293a52000000001f00dec5,寒江雪一款意境跟她名字很搭的岛台...,2025-11-28 17:01,video,78.0,CREATOR_PERFORMANCE_PRESENT,226.0,0.0,2.0,2.0,1.0,1,2,2,NOTE_PAID_METRIC_PRESENT,5,M2026-04,M2026-08,9.73,288.0,34.0,0.0,UNALIGNED (creator snapshot window vs paid Apr-Aug closed months)
69293b78000000001e02862b,岛台真的绝的 立省好多!,2025-11-28 19:01,video,17.0,CREATOR_PERFORMANCE_PRESENT,171.0,1.0,0.0,0.0,0.0,1,2,2,NOTE_PAID_METRIC_PRESENT,1,M2026-04,M2026-04,0.0,2.0,0.0,0.0,UNALIGNED (creator snapshot window vs paid Apr-Aug closed months)
69293cd7000000001e030bad,岛台居然有这么多学问 怪不到我踩坑...,2025-11-29 11:00,video,50.0,CREATOR_PERFORMANCE_PRESENT,62.0,2.0,2.0,0.0,0.0,0,0,0,NO_PAID_ASSOCIATION_OBSERVED,0,,,,,,,UNALIGNED (creator snapshot window vs paid Apr-Aug closed months)
692a6de6000000001e03812d,黑白风格真的很百搭!!,2025-11-29 17:00,video,61.0,CREATOR_PERFORMANCE_PRESENT,111.0,2.0,1.0,2.0,1.0,1,2,2,NOTE_PAID_METRIC_PRESENT,5,M2026-04,M2026-08,4.21,164.0,12.0,0.0,UNALIGNED (creator snapshot window vs paid Apr-Aug closed months)
692abda4000000001e02fa14,这款岛台真的可以说...,2025-11-30 11:00,video,53.0,CREATOR_PERFORMANCE_PRESENT,132.0,0.0,0.0,0.0,0.0,1,2,2,PAID_ASSOCIATED_NO_METRIC_RECORD,0,,,,,,,UNALIGNED (creator snapshot window vs paid Apr-Aug closed months)
692c11f5000000000d03a6cf,小户型就一定还得这么做!!!,2025-11-30 19:01,video,51.0,CREATOR_PERFORMANCE_PRESENT,131.0,0.0,0.0,0.0,0.0,1,2,2,NOTE_PAID_METRIC_PRESENT,1,M2026-08,M2026-08,0.0,1.0,0.0,0.0,UNALIGNED (creator snapshot window vs paid Apr-Aug closed months)
692c12e3000000001b0234f6,大户型这样挑空间就不会太空旷了!!,2025-12-01 11:00,video,83.0,CREATOR_PERFORMANCE_PRESENT,95.0,1.0,1.0,0.0,0.0,1,2,2,NOTE_PAID_METRIC_PRESENT,1,M2026-04,M2026-04,0.0,1.0,0.0,0.0,UNALIGNED (creator snapshot window vs paid Apr-Aug closed months)
692d072a000000000d03b03b,小户型一定要这么做岛台!,2025-12-01 18:01,video,78.0,CREATOR_PERFORMANCE_PRESENT,148.0,5.0,2.0,0.0,1.0,1,2,2,NOTE_PAID_METRIC_PRESENT,1,M2026-07,M2026-07,0.0,1.0,0.0,0.0,UNALIGNED (creator snapshot window vs paid Apr-Aug closed months)
692d5bdd000000000d03d5e0,普达拉绿加上胡桃木的岛台好美!!,2025-12-02 11:01,video,82.0,CREATOR_PERFORMANCE_PRESENT,129.0,2.0,1.0,0.0,0.0,1,2,2,NOTE_PAID_METRIC_PRESENT,4,M2026-04,M2026-07,0.53,30.0,5.0,0.0,UNALIGNED (creator snapshot window vs paid Apr-Aug closed months)
692e7fa1000000001e039aa6,黑白极简风真的很漂亮!!,2025-12-02 18:02,video,64.0,CREATOR_PERFORMANCE_PRESENT,55.0,2.0,2.0,0.0,2.0,1,2,2,NOTE_PAID_METRIC_PRESENT,1,M2026-05,M2026-05,0.0,3.0,0.0,0.0,UNALIGNED (creator snapshot window vs paid Apr-Aug closed months)
692e803f000000001e02b904,涂鸦风的岛台真的很漂亮!!,2025-12-03 11:00,video,29.0,CREATOR_PERFORMANCE_PRESENT,45.0,1.0,1.0,0.0,0.0,0,0,0,NO_PAID_ASSOCIATION_OBSERVED,0,,,,,,,UNALIGNED (creator snapshot window vs paid Apr-Aug closed months)
692e8108000000001e026eb2,小户型一定要做这样的岛台~不然真的很...,2025-12-03 18:02,video,79.0,CREATOR_PERFORMANCE_PRESENT,52.0,1.0,0.0,0.0,1.0,1,2,2,NOTE_PAID_METRIC_PRESENT,2,M2026-04,M2026-05,0.0,2.0,0.0,0.0,UNALIGNED (creator snapshot window vs paid Apr-Aug closed months)
6930ecf0000000001f00df06,岛台千万不要这么做!后悔死了...,2025-12-04 11:10,video,70.0,CREATOR_PERFORMANCE_PRESENT,149.0,6.0,4.0,0.0,1.0,0,0,0,NO_PAID_ASSOCIATION_OBSERVED,0,,,,,,,UNALIGNED (creator snapshot window vs paid Apr-Aug closed months)
693136b3000000001e02c40d,岛台做大也不会浪费空间 还能充分运用!,2025-12-04 18:02,video,61.0,CREATOR_PERFORMANCE_PRESENT,57.0,0.0,0.0,0.0,0.0,1,2,2,NOTE_PAID_METRIC_PRESENT,2,M2026-04,M2026-07,0.0,5.0,0.0,0.0,UNALIGNED (creator snapshot window vs paid Apr-Aug closed months)
693137c1000000001e02b703,岛台这些功能很实用!,2025-12-05 11:01,video,95.0,CREATOR_PERFORMANCE_PRESENT,77.0,0.0,0.0,0.0,1.0,1,2,2,NOTE_PAID_METRIC_PRESENT,1,M2026-08,M2026-08,0.0,1.0,0.0,0.0,UNALIGNED (creator snapshot window vs paid Apr-Aug closed months)
69327b87000000001e038224,这样的岛台你了解过吗!!,2025-12-05 18:01,video,93.0,CREATOR_PERFORMANCE_PRESENT,107.0,1.0,1.0,0.0,2.0,1,2,2,NOTE_PAID_METRIC_PRESENT,5,M2026-04,M2026-08,0.0,9.0,0.0,0.0,UNALIGNED (creator snapshot window vs paid Apr-Aug closed months)
69327e83000000001f00ca08,岛台做完真的好鸡肋啊!这些功能都没有!,2025-12-06 11:00,video,67.0,CREATOR_PERFORMANCE_PRESENT,158.0,1.0,0.0,0.0,1.0,1,2,2,NOTE_PAID_METRIC_PRESENT,5,M2026-04,M2026-08,0.02,28.0,2.0,0.0,UNALIGNED (creator snapshot window vs paid Apr-Aug closed months)
6933d508000000001e008232,听说家里空间不够用?那快来看看这款岛台,2025-12-06 18:01,video,19.0,CREATOR_PERFORMANCE_PRESENT,96.0,1.0,0.0,0.0,0.0,1,2,2,NOTE_PAID_METRIC_PRESENT,1,M2026-06,M2026-06,0.0,1.0,0.0,0.0,UNALIGNED (creator snapshot window vs paid Apr-Aug closed months)
6933d69f000000001d03bd97,"岛台买完,都不想要传统餐桌了!",2025-12-07 11:00,video,46.0,CREATOR_PERFORMANCE_PRESENT,87.0,1.0,1.0,0.0,0.0,1,2,2,NOTE_PAID_METRIC_PRESENT,5,M2026-04,M2026-08,0.0,30.0,0.0,0.0,UNALIGNED (creator snapshot window vs paid Apr-Aug closed months)
6933d7c0000000001e01245c,伸缩+收纳 | 空间直接拉满,2025-12-07 18:01,video,41.0,CREATOR_PERFORMANCE_PRESENT,68.0,0.0,0.0,0.0,0.0,1,2,2,NOTE_PAID_METRIC_PRESENT,4,M2026-04,M2026-07,3.42,19.0,2.0,0.0,UNALIGNED (creator snapshot window vs paid Apr-Aug closed months)
69354aa5000000001d03df0f,小户型岛台一定要做这些功能!,2025-12-08 11:00,video,74.0,CREATOR_PERFORMANCE_PRESENT,94.0,0.0,1.0,0.0,0.0,1,2,2,PAID_ASSOCIATED_NO_METRIC_RECORD,0,,,,,,,UNALIGNED (creator snapshot window vs paid Apr-Aug closed months)
69354b60000000001e00aa84,收纳直接拉满|这样的岛台真的爱了!,2025-12-08 18:01,video,41.0,CREATOR_PERFORMANCE_PRESENT,28.0,0.0,0.0,0.0,0.0,1,2,2,NOTE_PAID_METRIC_PRESENT,3,M2026-04,M2026-07,0.0,4.0,0.0,0.0,UNALIGNED (creator snapshot window vs paid Apr-Aug closed months)
6936766c000000001b0237dc,分离式岛台移动起来也太方便了吧!,2025-12-09 11:01,video,50.0,CREATOR_PERFORMANCE_PRESENT,290.0,6.0,8.0,0.0,10.0,1,2,2,NOTE_PAID_METRIC_PRESENT,5,M2026-04,M2026-08,37.6,622.0,63.0,0.0,UNALIGNED (creator snapshot window vs paid Apr-Aug closed months)
69367987000000001b027d8f,还愁电器没地方放?这款岛台真的很实用,2025-12-09 18:01,video,78.0,CREATOR_PERFORMANCE_PRESENT,1234.0,4.0,5.0,0.0,1.0,1,2,2,NOTE_PAID_METRIC_PRESENT,5,M2026-04,M2026-08,38.9,826.0,127.0,0.0,UNALIGNED (creator snapshot window vs paid Apr-Aug closed months)
69367b1f000000000d03cf01,柜体可以高低设置也太方便了吧!,2025-12-10 11:00,video,47.0,CREATOR_PERFORMANCE_PRESENT,34.0,0.0,0.0,0.0,0.0,1,2,2,NOTE_PAID_METRIC_PRESENT,5,M2026-04,M2026-08,0.0,5.0,0.0,0.0,UNALIGNED (creator snapshot window vs paid Apr-Aug closed months)
6937eba70000000019025d07,这抽屉真的太... 入户后气死我了,2025-12-11 11:00,video,52.0,CREATOR_PERFORMANCE_PRESENT,43.0,2.0,0.0,0.0,0.0,1,2,2,NOTE_PAID_METRIC_PRESENT,5,M2026-04,M2026-08,0.0,15.0,0.0,0.0,UNALIGNED (creator snapshot window vs paid Apr-Aug closed months)
6937ecf7000000000d03ecf4,这个岛台效果真不要...,2025-12-11 18:02,video,53.0,CREATOR_PERFORMANCE_PRESENT,32.0,1.0,0.0,2.0,0.0,1,2,2,NOTE_PAID_METRIC_PRESENT,2,M2026-04,M2026-05,0.0,4.0,0.0,0.0,UNALIGNED (creator snapshot window vs paid Apr-Aug closed months)
6937edea000000001b03158a,岛台入户后都没想到...,2025-12-12 11:01,video,39.0,CREATOR_PERFORMANCE_PRESENT,40.0,0.0,1.0,0.0,0.0,1,2,2,NOTE_PAID_METRIC_PRESENT,4,M2026-05,M2026-08,0.0,7.0,0.0,0.0,UNALIGNED (creator snapshot window vs paid Apr-Aug closed months)
693923ff000000001e02dab6,岛台分离功能更多!,2025-12-10 18:01,video,52.0,CREATOR_PERFORMANCE_PRESENT,118.0,1.0,0.0,0.0,1.0,1,2,2,NOTE_PAID_METRIC_PRESENT,5,M2026-04,M2026-08,10.17,164.0,17.0,0.0,UNALIGNED (creator snapshot window vs paid Apr-Aug closed months)
693bbefd000000001d03ffd0,就不该买岛台|累死我了...,2025-12-12 18:01,video,57.0,CREATOR_PERFORMANCE_PRESENT,55.0,0.0,0.0,0.0,0.0,1,2,2,NOTE_PAID_METRIC_PRESENT,3,M2026-04,M2026-07,0.0,8.0,0.0,0.0,UNALIGNED (creator snapshot window vs paid Apr-Aug closed months)
693bc01c000000001d03c663,厨房不用这个真的好后悔|东西也太多了吧!,2025-12-13 11:00,video,48.0,CREATOR_PERFORMANCE_PRESENT,75.0,1.0,0.0,0.0,0.0,1,2,2,NOTE_PAID_METRIC_PRESENT,2,M2026-04,M2026-08,0.0,3.0,0.0,0.0,UNALIGNED (creator snapshot window vs paid Apr-Aug closed months)
693bc13f000000001d03babb,拒绝信息茧房|做岛台你一定要记住!,2025-12-13 18:01,video,44.0,CREATOR_PERFORMANCE_PRESENT,41.0,0.0,0.0,0.0,0.0,1,2,2,NOTE_PAID_METRIC_PRESENT,3,M2026-04,M2026-06,0.0,9.0,0.0,0.0,UNALIGNED (creator snapshot window vs paid Apr-Aug closed months)
693d33ef000000001e0023d9,颜色太多真的太影响家里环境了!,2025-12-14 11:01,video,32.0,CREATOR_PERFORMANCE_PRESENT,43.0,0.0,0.0,0.0,0.0,1,2,2,NOTE_PAID_METRIC_PRESENT,1,M2026-04,M2026-04,0.0,1.0,0.0,0.0,UNALIGNED (creator snapshot window vs paid Apr-Aug closed months)
693d34ce000000001e00e6db,平移大中岛+极致收纳!,2025-12-14 18:00,video,29.0,CREATOR_PERFORMANCE_PRESENT,43.0,2.0,1.0,0.0,0.0,1,2,2,NOTE_PAID_METRIC_PRESENT,5,M2026-04,M2026-08,0.01,17.0,1.0,0.0,UNALIGNED (creator snapshot window vs paid Apr-Aug closed months)
693d3688000000001e00be17,岛台收纳细节一定要记住...,2025-12-15 11:01,video,44.0,CREATOR_PERFORMANCE_PRESENT,36.0,1.0,0.0,0.0,0.0,1,2,2,NOTE_PAID_METRIC_PRESENT,3,M2026-04,M2026-07,0.17,8.0,1.0,0.0,UNALIGNED (creator snapshot window vs paid Apr-Aug closed months)
693fa7a5000000001e00c62e,错位设计 | 增加更多的空间利用,2025-12-15 18:01,video,42.0,CREATOR_PERFORMANCE_PRESENT,51.0,0.0,0.0,0.0,0.0,1,2,2,NOTE_PAID_METRIC_PRESENT,5,M2026-04,M2026-08,0.11,14.0,3.0,0.0,UNALIGNED (creator snapshot window vs paid Apr-Aug closed months)
693fa93b000000001d03d6f0,家里杂乱无章的解决方法来啦!,2025-12-16 11:00,video,51.0,CREATOR_PERFORMANCE_PRESENT,64.0,1.0,1.0,0.0,0.0,1,2,2,NOTE_PAID_METRIC_PRESENT,4,M2026-04,M2026-08,0.0,11.0,0.0,0.0,UNALIGNED (creator snapshot window vs paid Apr-Aug closed months)
693faaaa000000001e015f45,岛台真的有必要做伸缩吗?,2025-12-16 18:03,video,26.0,CREATOR_PERFORMANCE_PRESENT,35.0,1.0,0.0,0.0,0.0,1,2,2,NOTE_PAID_METRIC_PRESENT,1,M2026-07,M2026-07,0.0,1.0,0.0,0.0,UNALIGNED (creator snapshot window vs paid Apr-Aug closed months)
6940b4c1000000001e02c4ec,小户型岛台首选|增加空间收纳,2025-12-17 11:01,video,47.0,CREATOR_PERFORMANCE_PRESENT,42.0,1.0,0.0,0.0,1.0,1,2,2,NOTE_PAID_METRIC_PRESENT,4,M2026-04,M2026-08,0.17,20.0,1.0,0.0,UNALIGNED (creator snapshot window vs paid Apr-Aug closed months)
6940bdce000000001e0209ab,收纳真的太烦人了...,2025-12-17 18:03,video,51.0,CREATOR_PERFORMANCE_PRESENT,50.0,0.0,0.0,0.0,0.0,1,2,2,PAID_ASSOCIATED_NO_METRIC_RECORD,0,,,,,,,UNALIGNED (creator snapshot window vs paid Apr-Aug closed months)
69410133000000001e0374c3,我的天啊!这个岛台颜色居然...,2025-12-18 11:01,video,19.0,CREATOR_PERFORMANCE_PRESENT,31.0,0.0,0.0,0.0,0.0,1,2,2,NOTE_PAID_METRIC_PRESENT,2,M2026-05,M2026-07,0.0,4.0,0.0,0.0,UNALIGNED (creator snapshot window vs paid Apr-Aug closed months)
69410be8000000001e03bb87,大平层一定要看过来...太适合拍照了吧!,2025-12-18 18:02,video,46.0,CREATOR_PERFORMANCE_PRESENT,45.0,1.0,0.0,0.0,0.0,1,2,2,PAID_ASSOCIATED_NO_METRIC_RECORD,0,,,,,,,UNALIGNED (creator snapshot window vs paid Apr-Aug closed months)
69427d40000000001e02257b,再也不用担心家里空间不够了!,2025-12-19 11:01,video,67.0,CREATOR_PERFORMANCE_PRESENT,51.0,1.0,1.0,0.0,0.0,1,2,2,PAID_ASSOCIATED_NO_METRIC_RECORD,0,,,,,,,UNALIGNED (creator snapshot window vs paid Apr-Aug closed months)
6944f0ec000000001f008341,岛台一定要这么做!不然岛台入户后真的鸡肋,2025-12-19 18:02,video,24.0,CREATOR_PERFORMANCE_PRESENT,88.0,2.0,2.0,0.0,0.0,1,2,2,NOTE_PAID_METRIC_PRESENT,3,M2026-04,M2026-08,0.03,4.0,1.0,0.0,UNALIGNED (creator snapshot window vs paid Apr-Aug closed months)
6944f331000000001e024269,为什么一定不要做传统餐桌...,2025-12-20 11:00,video,14.0,CREATOR_PERFORMANCE_PRESENT,57.0,0.0,0.0,0.0,0.0,1,2,2,NOTE_PAID_METRIC_PRESENT,2,M2026-05,M2026-06,0.0,3.0,0.0,0.0,UNALIGNED (creator snapshot window vs paid Apr-Aug closed months)
6944f5f2000000001f00a3d7,鱼肚白+卡德拉浅棕 | 又是一种神仙搭配,2025-12-20 18:01,video,68.0,CREATOR_PERFORMANCE_PRESENT,91.0,3.0,1.0,0.0,0.0,1,2,2,NOTE_PAID_METRIC_PRESENT,5,M2026-04,M2026-08,5.8,93.0,7.0,0.0,UNALIGNED (creator snapshot window vs paid Apr-Aug closed months)
69474c46000000000d00cdd6,家里户型小你们都是怎么做岛台的呢?,2025-12-21 11:00,video,52.0,CREATOR_PERFORMANCE_PRESENT,78.0,1.0,4.0,0.0,0.0,1,2,2,PAID_ASSOCIATED_NO_METRIC_RECORD,0,,,,,,,UNALIGNED (creator snapshot window vs paid Apr-Aug closed months)
69474e28000000001b026885,圆弧桌面+T字形桌脚 | 效果真的绝了!,2025-12-21 18:01,video,23.0,CREATOR_PERFORMANCE_PRESENT,83.0,3.0,0.0,0.0,0.0,1,2,2,NOTE_PAID_METRIC_PRESENT,5,M2026-04,M2026-08,0.0,26.0,0.0,0.0,UNALIGNED (creator snapshot window vs paid Apr-Aug closed months)
6948a444000000001e0244eb,小户型不选好到家真的就是人挤人...,2025-12-22 11:01,video,23.0,CREATOR_PERFORMANCE_PRESENT,77.0,0.0,1.0,0.0,0.0,1,2,2,NOTE_PAID_METRIC_PRESENT,1,M2026-04,M2026-04,0.0,1.0,0.0,0.0,UNALIGNED (creator snapshot window vs paid Apr-Aug closed months)
6948e7ce000000001e03002b,T字型岛台对小户型也太靓眼了吧!,2025-12-22 18:01,video,58.0,CREATOR_PERFORMANCE_PRESENT,64.0,0.0,1.0,0.0,1.0,1,2,2,NOTE_PAID_METRIC_PRESENT,4,M2026-04,M2026-07,0.19,14.0,1.0,0.0,UNALIGNED (creator snapshot window vs paid Apr-Aug closed months)
6949f799000000001e031534,这岛台也太能装了吧!简直就是小户型神器,2025-12-23 11:00,video,70.0,CREATOR_PERFORMANCE_PRESENT,69.0,0.0,0.0,0.0,0.0,1,2,2,NOTE_PAID_METRIC_PRESENT,2,M2026-04,M2026-07,0.0,3.0,0.0,0.0,UNALIGNED (creator snapshot window vs paid Apr-Aug closed months)
694a4b6a000000001e036b23,不管什么风格 这个款式真的很百搭!,2025-12-23 18:01,video,51.0,CREATOR_PERFORMANCE_PRESENT,66.0,0.0,0.0,0.0,0.0,1,2,2,NOTE_PAID_METRIC_PRESENT,2,M2026-05,M2026-07,0.0,2.0,0.0,0.0,UNALIGNED (creator snapshot window vs paid Apr-Aug closed months)
694b48a2000000001e02c5a1,隐形轨道既不影响美观又实用!,2025-12-24 11:01,video,39.0,CREATOR_PERFORMANCE_PRESENT,83.0,2.0,0.0,0.0,0.0,1,2,2,NOTE_PAID_METRIC_PRESENT,4,M2026-04,M2026-07,0.02,9.0,1.0,0.0,UNALIGNED (creator snapshot window vs paid Apr-Aug closed months)
694ba3e1000000001e02e9af,岛台确实有点东西哈!居然这么能收纳,2025-12-24 18:01,video,48.0,CREATOR_PERFORMANCE_PRESENT,77.0,1.0,1.0,0.0,0.0,1,2,2,NOTE_PAID_METRIC_PRESENT,3,M2026-04,M2026-08,0.0,3.0,0.0,0.0,UNALIGNED (creator snapshot window vs paid Apr-Aug closed months)
694de00a000000002202cfe6,岛台居然还可以做这种功能!,2025-12-26 11:01,video,52.0,CREATOR_PERFORMANCE_PRESENT,208.0,0.0,2.0,0.0,1.0,1,2,2,NOTE_PAID_METRIC_PRESENT,2,M2026-04,M2026-05,0.16,6.0,1.0,0.0,UNALIGNED (creator snapshot window vs paid Apr-Aug closed months)
694e3f6e000000002202d821,如果你是意式风快来抄答案吧!,2025-12-26 18:02,video,80.0,CREATOR_PERFORMANCE_PRESENT,116.0,0.0,1.0,2.0,3.0,0,0,0,NO_PAID_ASSOCIATION_OBSERVED,0,,,,,,,UNALIGNED (creator snapshot window vs paid Apr-Aug closed months)
694f3ad60000000022039775,岛台也太丝滑了吧!岛台一定要记住这设计..,2025-12-27 11:00,video,16.0,CREATOR_PERFORMANCE_PRESENT,51.0,1.0,1.0,0.0,0.0,1,2,2,NOTE_PAID_METRIC_PRESENT,2,M2026-04,M2026-07,0.0,4.0,0.0,0.0,UNALIGNED (creator snapshot window vs paid Apr-Aug closed months)
694f933f0000000022032202,家里有小神兽的话快看看这款岛台吧!,2025-12-27 18:01,video,87.0,CREATOR_PERFORMANCE_PRESENT,56.0,1.0,0.0,0.0,1.0,0,0,0,NO_PAID_ASSOCIATION_OBSERVED,0,,,,,,,UNALIGNED (creator snapshot window vs paid Apr-Aug closed months)
69508d0e0000000022033295,岛台怎么这么...坑也太多了吧...,2025-12-28 11:01,video,18.0,CREATOR_PERFORMANCE_PRESENT,118.0,1.0,0.0,0.0,0.0,1,2,2,NOTE_PAID_METRIC_PRESENT,5,M2026-04,M2026-08,0.09,19.0,2.0,0.0,UNALIGNED (creator snapshot window vs paid Apr-Aug closed months)
6950da0e0000000022032b4e,10m2的开放厨房立马坐下十个人!,2025-12-28 18:01,video,41.0,CREATOR_PERFORMANCE_PRESENT,145.0,1.0,1.0,0.0,0.0,1,2,2,NOTE_PAID_METRIC_PRESENT,3,M2026-04,M2026-06,0.0,6.0,0.0,0.0,UNALIGNED (creator snapshot window vs paid Apr-Aug closed months)
6951db13000000002203b51f,但凡少一点做岛台都不好看,2025-12-29 11:01,video,42.0,CREATOR_PERFORMANCE_PRESENT,63.0,1.0,0.0,0.0,0.0,1,2,2,NOTE_PAID_METRIC_PRESENT,2,M2026-04,M2026-05,0.24,12.0,1.0,0.0,UNALIGNED (creator snapshot window vs paid Apr-Aug closed months)
69522fca00000000210314da,岛台做完真的一岛多用!,2025-12-29 18:01,video,44.0,CREATOR_PERFORMANCE_PRESENT,77.0,2.0,2.0,0.0,0.0,1,2,2,NOTE_PAID_METRIC_PRESENT,4,M2026-04,M2026-08,0.0,5.0,0.0,0.0,UNALIGNED (creator snapshot window vs paid Apr-Aug closed months)
69523072000000002203125f,岛台真的是小户型福音啊!!!,2025-12-30 11:00,video,15.0,CREATOR_PERFORMANCE_PRESENT,46.0,2.0,0.0,0.0,0.0,1,2,2,NOTE_PAID_METRIC_PRESENT,1,M2026-07,M2026-07,0.0,1.0,0.0,0.0,UNALIGNED (creator snapshot window vs paid Apr-Aug closed months)
69537e5c000000001e02496c,天老爷!这款岛台氛围感真的太顶了吧!,2025-12-30 18:01,video,81.0,CREATOR_PERFORMANCE_PRESENT,33.0,0.0,0.0,0.0,1.0,0,0,0,NO_PAID_ASSOCIATION_OBSERVED,0,,,,,,,UNALIGNED (creator snapshot window vs paid Apr-Aug closed months)
695480f6000000001e032231,围在一起谈笑风生的快乐谁懂啊!,2025-12-31 11:01,video,44.0,CREATOR_PERFORMANCE_PRESENT,71.0,1.0,0.0,0.0,0.0,1,2,2,NOTE_PAID_METRIC_PRESENT,3,M2026-04,M2026-06,0.01,6.0,1.0,0.0,UNALIGNED (creator snapshot window vs paid Apr-Aug closed months)
69549014000000001e02e0a1,集多种功能于一身的岛台真的不要太爱了!,2025-12-31 18:02,video,46.0,CREATOR_PERFORMANCE_PRESENT,60.0,1.0,0.0,1.0,1.0,1,2,2,NOTE_PAID_METRIC_PRESENT,5,M2026-04,M2026-08,4.67,21.0,2.0,0.0,UNALIGNED (creator snapshot window vs paid Apr-Aug closed months)
6954ad1b000000001e03a06f,这个岛台真的小户型必备!,2026-01-01 11:00,video,53.0,CREATOR_PERFORMANCE_PRESENT,130.0,0.0,1.0,0.0,1.0,1,2,2,NOTE_PAID_METRIC_PRESENT,5,M2026-04,M2026-08,2.66,32.0,3.0,0.0,UNALIGNED (creator snapshot window vs paid Apr-Aug closed months)
6954b6b3000000001e03179c,不用再为收纳烦恼了!,2025-12-31 18:02,video,48.0,CREATOR_PERFORMANCE_PRESENT,86.0,1.0,1.0,0.0,0.0,0,0,0,NO_PAID_ASSOCIATION_OBSERVED,0,,,,,,,UNALIGNED (creator snapshot window vs paid Apr-Aug closed months)
69572257000000001e02879a,传统餐桌真的没有岛台香!再见了传统餐桌!,2026-01-02 11:01,video,14.0,CREATOR_PERFORMANCE_PRESENT,185.0,1.0,0.0,0.0,0.0,1,2,2,NOTE_PAID_METRIC_PRESENT,2,M2026-04,M2026-08,0.0,5.0,0.0,0.0,UNALIGNED (creator snapshot window vs paid Apr-Aug closed months)
69573ae9000000001e02d4fc,大户型还怕餐桌不够大气吗?快来看看这款吧,2026-01-02 18:01,video,54.0,CREATOR_PERFORMANCE_PRESENT,76.0,0.0,0.0,0.0,0.0,1,2,2,NOTE_PAID_METRIC_PRESENT,1,M2026-07,M2026-07,0.0,1.0,0.0,0.0,UNALIGNED (creator snapshot window vs paid Apr-Aug closed months)
695877db000000001e02a155,绝绝子!!这么多收纳位的快乐谁懂啊!,2026-01-03 11:00,video,97.0,CREATOR_PERFORMANCE_PRESENT,83.0,0.0,0.0,2.0,0.0,1,2,2,NOTE_PAID_METRIC_PRESENT,5,M2026-04,M2026-08,0.34,23.0,2.0,0.0,UNALIGNED (creator snapshot window vs paid Apr-Aug closed months)
6958c0e1000000001e035a9a,这个颜色真的太适合颜控们!!,2026-01-03 18:01,video,48.0,CREATOR_PERFORMANCE_PRESENT,71.0,0.0,0.0,0.0,0.0,1,2,2,NOTE_PAID_METRIC_PRESENT,1,M2026-08,M2026-08,0.01,1.0,1.0,0.0,UNALIGNED (creator snapshot window vs paid Apr-Aug closed months)
6959c6f4000000001e028520,还不知道怎么做岛台的话快看过来!,2026-01-04 11:00,video,21.0,CREATOR_PERFORMANCE_PRESENT,87.0,0.0,0.0,0.0,0.0,1,2,2,NOTE_PAID_METRIC_PRESENT,3,M2026-04,M2026-07,1.23,6.0,1.0,0.0,UNALIGNED (creator snapshot window vs paid Apr-Aug closed months)
695a18b8000000001e02350e,餐岛分离设计 | 层次感真的超棒的!,2026-01-04 18:01,video,54.0,CREATOR_PERFORMANCE_PRESENT,74.0,0.0,0.0,0.0,0.0,1,2,2,NOTE_PAID_METRIC_PRESENT,3,M2026-04,M2026-06,0.0,3.0,0.0,0.0,UNALIGNED (creator snapshot window vs paid Apr-Aug closed months)
695a1cc2000000001e020cb3,岛台这样搭配真的太香了!再见了传统餐桌,2026-01-04 18:01,video,49.0,CREATOR_PERFORMANCE_PRESENT,145.0,3.0,0.0,0.0,0.0,1,2,2,NOTE_PAID_METRIC_PRESENT,4,M2026-04,M2026-08,0.02,14.0,2.0,0.0,UNALIGNED (creator snapshot window vs paid Apr-Aug closed months)
695b16e4000000001e033e1c,这款岛台颜值简直太逆天了!,2026-01-05 11:01,video,16.0,CREATOR_PERFORMANCE_PRESENT,85.0,1.0,0.0,0.0,1.0,0,0,0,NO_PAID_ASSOCIATION_OBSERVED,0,,,,,,,UNALIGNED (creator snapshot window vs paid Apr-Aug closed months)
695b71c7000000000d00aa46,听劝!小户型伸缩岛台收纳要这样做!,2026-01-05 18:01,video,44.0,CREATOR_PERFORMANCE_PRESENT,66.0,0.0,0.0,0.0,0.0,1,2,2,NOTE_PAID_METRIC_PRESENT,4,M2026-04,M2026-07,0.0,18.0,0.0,0.0,UNALIGNED (creator snapshot window vs paid Apr-Aug closed months)
695c6cb0000000000e00ee19,岛台如果不做该功能...大电器都放不进去,2026-01-06 11:00,video,50.0,CREATOR_PERFORMANCE_PRESENT,91.0,0.0,0.0,0.0,0.0,1,2,2,NOTE_PAID_METRIC_PRESENT,4,M2026-05,M2026-08,0.0,8.0,0.0,0.0,UNALIGNED (creator snapshot window vs paid Apr-Aug closed months)
695c7868000000001a01ee5a,震惊!原来岛台可以这么用...,2026-01-06 18:01,video,51.0,CREATOR_PERFORMANCE_PRESENT,116.0,0.0,1.0,0.0,1.0,1,2,2,NOTE_PAID_METRIC_PRESENT,4,M2026-04,M2026-08,0.0,5.0,0.0,0.0,UNALIGNED (creator snapshot window vs paid Apr-Aug closed months)
695c8593000000001a0246c8,"天冷了,太喜欢多人打火锅的感觉",2026-01-07 11:01,video,46.0,CREATOR_PERFORMANCE_PRESENT,54.0,0.0,0.0,0.0,0.0,1,2,2,NOTE_PAID_METRIC_PRESENT,5,M2026-04,M2026-08,8.89,18.0,3.0,0.0,UNALIGNED (creator snapshot window vs paid Apr-Aug closed months)
695cb323000000000e00edd2,我妈看到岛台后多年的存货都有地方放了!,2026-01-07 18:01,video,39.0,CREATOR_PERFORMANCE_PRESENT,59.0,0.0,0.0,0.0,0.0,1,2,2,PAID_ASSOCIATED_NO_METRIC_RECORD,0,,,,,,,UNALIGNED (creator snapshot window vs paid Apr-Aug closed months)
695cbadc000000001a026939,谁懂不用翻箱倒柜的快乐!?,2026-01-08 11:00,video,38.0,CREATOR_PERFORMANCE_PRESENT,67.0,0.0,0.0,0.0,0.0,1,2,2,NOTE_PAID_METRIC_PRESENT,1,M2026-04,M2026-04,0.0,1.0,0.0,0.0,UNALIGNED (creator snapshot window vs paid Apr-Aug closed months)
695cbbe4000000001a01e199,小户型如果不做这些功能真的会很鸡肋!?,2026-01-08 18:01,video,50.0,CREATOR_PERFORMANCE_PRESENT,39.0,0.0,0.0,0.0,0.0,1,2,2,PAID_ASSOCIATED_NO_METRIC_RECORD,0,,,,,,,UNALIGNED (creator snapshot window vs paid Apr-Aug closed months)
69605e99000000000b00a172,岛台不做收纳真的就太浪费空间了!!,2026-01-09 11:00,video,55.0,CREATOR_PERFORMANCE_PRESENT,78.0,0.0,0.0,0.0,0.0,1,2,2,NOTE_PAID_METRIC_PRESENT,5,M2026-04,M2026-08,0.0,10.0,0.0,0.0,UNALIGNED (creator snapshot window vs paid Apr-Aug closed months)
6960b0f0000000000b0122b4,小户型实用性才是重要的...,2026-01-09 18:02,video,55.0,CREATOR_PERFORMANCE_PRESENT,65.0,0.0,0.0,0.0,0.0,1,2,2,PAID_ASSOCIATED_NO_METRIC_RECORD,0,,,,,,,UNALIGNED (creator snapshot window vs paid Apr-Aug closed months)
6961afd0000000000a03f3f2,小户型岛台收纳简直也太牛x了吧!!,2026-01-10 11:00,video,58.0,CREATOR_PERFORMANCE_PRESENT,57.0,0.0,0.0,0.0,0.0,1,2,2,NOTE_PAID_METRIC_PRESENT,3,M2026-04,M2026-08,0.03,3.0,1.0,0.0,UNALIGNED (creator snapshot window vs paid Apr-Aug closed months)
6962061f000000000903910d,还有宝子担心家庭杂乱无章吗?!,2026-01-10 18:01,video,64.0,CREATOR_PERFORMANCE_PRESENT,107.0,1.0,0.0,0.0,0.0,0,0,0,NO_PAID_ASSOCIATION_OBSERVED,0,,,,,,,UNALIGNED (creator snapshot window vs paid Apr-Aug closed months)
696360850000000022008b45,小户型要做的岛台!餐桌真的太占地方了!!,2026-01-11 18:00,video,81.0,CREATOR_PERFORMANCE_PRESENT,79.0,0.0,0.0,0.0,0.0,1,2,2,NOTE_PAID_METRIC_PRESENT,3,M2026-04,M2026-07,0.0,3.0,0.0,0.0,UNALIGNED (creator snapshot window vs paid Apr-Aug closed months)
6963622c000000002103e0fc,设计师:别做!别做! 我就偷偷做🤣,2026-01-12 11:00,video,19.0,CREATOR_PERFORMANCE_PRESENT,68.0,0.0,0.0,0.0,0.0,1,2,2,NOTE_PAID_METRIC_PRESENT,2,M2026-04,M2026-05,0.91,11.0,2.0,0.0,UNALIGNED (creator snapshot window vs paid Apr-Aug closed months)
6963652c000000002200a5f4,为什么小户型更需要这样做岛台?!,2026-01-12 18:01,video,95.0,CREATOR_PERFORMANCE_PRESENT,59.0,0.0,0.0,0.0,0.0,1,2,2,NOTE_PAID_METRIC_PRESENT,2,M2026-04,M2026-05,0.0,4.0,0.0,0.0,UNALIGNED (creator snapshot window vs paid Apr-Aug closed months)
6965f72a0000000022008d1f,岛台攻略💥岛台这样的设计才会不翻车!,2026-01-13 18:01,video,52.0,CREATOR_PERFORMANCE_PRESENT,87.0,1.0,2.0,0.0,0.0,1,2,2,NOTE_PAID_METRIC_PRESENT,1,M2026-07,M2026-07,0.0,3.0,0.0,0.0,UNALIGNED (creator snapshot window vs paid Apr-Aug closed months)
6965f8e9000000002203b52e,强迫症专享💥做完后家里再也不像杂货间了,2026-01-14 11:01,video,59.0,CREATOR_PERFORMANCE_PRESENT,69.0,2.0,0.0,0.0,0.0,1,2,2,NOTE_PAID_METRIC_PRESENT,1,M2026-08,M2026-08,0.0,1.0,0.0,0.0,UNALIGNED (creator snapshot window vs paid Apr-Aug closed months)
6965ff2b000000002202d194,在这办公真的太舒服了吧!?,2026-01-14 18:00,video,50.0,CREATOR_PERFORMANCE_PRESENT,75.0,2.0,0.0,0.0,0.0,1,2,2,NOTE_PAID_METRIC_PRESENT,3,M2026-04,M2026-06,0.13,27.0,4.0,0.0,UNALIGNED (creator snapshot window vs paid Apr-Aug closed months)
696755f2000000001a0374f0,聚餐再也不尴尬了 ❗️ 这款岛台真的绝了,2026-01-15 18:01,video,41.0,CREATOR_PERFORMANCE_PRESENT,70.0,1.0,0.0,0.0,0.0,0,0,0,NO_PAID_ASSOCIATION_OBSERVED,0,,,,,,,UNALIGNED (creator snapshot window vs paid Apr-Aug closed months)
69675bdf000000001a02cd50,"岛台做得好,家庭动线才更流畅!",2026-01-15 11:00,video,48.0,CREATOR_PERFORMANCE_PRESENT,43.0,2.0,0.0,0.0,0.0,1,2,2,NOTE_PAID_METRIC_PRESENT,1,M2026-06,M2026-06,0.0,1.0,0.0,0.0,UNALIGNED (creator snapshot window vs paid Apr-Aug closed months)
6968a7e1000000001a032b62,岛台的水太深了❗️收纳都有这么多...,2026-01-16 11:01,video,56.0,CREATOR_PERFORMANCE_PRESENT,76.0,1.0,1.0,0.0,0.0,1,2,2,NOTE_PAID_METRIC_PRESENT,4,M2026-04,M2026-08,0.06,21.0,1.0,0.0,UNALIGNED (creator snapshot window vs paid Apr-Aug closed months)
6968ae97000000000e00c7b4,救命❗️这款岛台真像神兽护法🔥,2026-01-16 18:04,video,53.0,CREATOR_PERFORMANCE_PRESENT,61.0,0.0,0.0,0.0,0.0,1,2,2,NOTE_PAID_METRIC_PRESENT,3,M2026-04,M2026-08,0.0,3.0,0.0,0.0,UNALIGNED (creator snapshot window vs paid Apr-Aug closed months)
696ae6600000000021030946,岛台真不是一张餐桌那么简单!?,2026-01-17 11:00,video,19.0,CREATOR_PERFORMANCE_PRESENT,87.0,2.0,0.0,0.0,0.0,1,2,2,NOTE_PAID_METRIC_PRESENT,4,M2026-05,M2026-08,0.0,8.0,0.0,0.0,UNALIGNED (creator snapshot window vs paid Apr-Aug closed months)
696aefeb0000000022032c06,火速收藏🔥小户型尺寸不规划真的很鸡肋,2026-01-17 18:01,video,70.0,CREATOR_PERFORMANCE_PRESENT,83.0,1.0,0.0,0.0,0.0,1,2,2,NOTE_PAID_METRIC_PRESENT,2,M2026-04,M2026-06,0.0,2.0,0.0,0.0,UNALIGNED (creator snapshot window vs paid Apr-Aug closed months)
696b2fb5000000002202224a,"🔥以前我羡慕别人的岛台,现在我也拥有啦",2026-01-18 11:00,video,88.0,CREATOR_PERFORMANCE_PRESENT,67.0,0.0,1.0,0.0,0.0,1,2,2,NOTE_PAID_METRIC_PRESENT,3,M2026-04,M2026-07,0.0,7.0,0.0,0.0,UNALIGNED (creator snapshot window vs paid Apr-Aug closed months)
696b33f1000000002200b243,传统餐桌真的要说再见了😭,2026-01-18 18:00,video,76.0,CREATOR_PERFORMANCE_PRESENT,81.0,0.0,1.0,0.0,0.0,1,2,2,NOTE_PAID_METRIC_PRESENT,2,M2026-04,M2026-05,0.0,7.0,0.0,0.0,UNALIGNED (creator snapshot window vs paid Apr-Aug closed months)
696e3a94000000002103c80b,伸缩岛台翻车了😭这3个坑千万别踩😭,2026-01-19 23:09,video,71.0,CREATOR_PERFORMANCE_PRESENT,165.0,0.0,0.0,0.0,0.0,0,0,0,NO_PAID_ASSOCIATION_OBSERVED,0,,,,,,,UNALIGNED (creator snapshot window vs paid Apr-Aug closed months)
696f121d00000000220234b8,真心劝那些做岛台的老铁们......,2026-01-20 13:26,video,82.0,CREATOR_PERFORMANCE_PRESENT,271.0,1.0,1.0,2.0,1.0,0,0,0,NO_PAID_ASSOCIATION_OBSERVED,0,,,,,,,UNALIGNED (creator snapshot window vs paid Apr-Aug closed months)
696f13a3000000002203915d,岛台内嵌烤箱超鸡肋???,2026-01-20 17:50,video,48.0,CREATOR_PERFORMANCE_PRESENT,1895.0,16.0,17.0,2.0,4.0,0,0,0,NO_PAID_ASSOCIATION_OBSERVED,0,,,,,,,UNALIGNED (creator snapshot window vs paid Apr-Aug closed months)
696f1a86000000002203b5b3,真的香⚠️谁做谁知道的岛台😍太像了,2026-01-21 11:11,video,84.0,CREATOR_PERFORMANCE_PRESENT,92.0,1.0,0.0,0.0,0.0,0,0,0,NO_PAID_ASSOCIATION_OBSERVED,0,,,,,,,UNALIGNED (creator snapshot window vs paid Apr-Aug closed months)
696f8a1300000000220398ee,这个岛台做成这样了不会还有人不喜欢吧?!,2026-01-21 19:00,video,107.0,CREATOR_PERFORMANCE_PRESENT,34.0,0.0,0.0,0.0,1.0,1,2,2,NOTE_PAID_METRIC_PRESENT,4,M2026-04,M2026-07,0.0,16.0,0.0,0.0,UNALIGNED (creator snapshot window vs paid Apr-Aug closed months)
696f8a8100000000210284c5,没啥本事💧也就只会做出老铁们满意的岛台,2026-01-22 12:00,video,161.0,CREATOR_PERFORMANCE_PRESENT,68.0,0.0,1.0,0.0,0.0,0,0,0,NO_PAID_ASSOCIATION_OBSERVED,0,,,,,,,UNALIGNED (creator snapshot window vs paid Apr-Aug closed months)
6971f5a0000000002102bea9,扎根品质 永远做客户满意的一线品质岛台,2026-01-22 19:01,video,99.0,CREATOR_PERFORMANCE_PRESENT,42.0,0.0,0.0,0.0,0.0,0,0,0,NO_PAID_ASSOCIATION_OBSERVED,0,,,,,,,UNALIGNED (creator snapshot window vs paid Apr-Aug closed months)
697215d3000000002102babe,避坑丨当初有人告诉我岛台这个细节就好😭,2026-01-23 12:00,video,91.0,CREATOR_PERFORMANCE_PRESENT,285.0,1.0,2.0,0.0,0.0,1,2,2,NOTE_PAID_METRIC_PRESENT,5,M2026-04,M2026-08,7.52,155.0,24.0,0.0,UNALIGNED (creator snapshot window vs paid Apr-Aug closed months)
69733219000000002203954a,"一岛多用,极简风厨房的空间大法",2026-01-23 18:01,video,62.0,CREATOR_PERFORMANCE_PRESENT,39.0,0.0,0.0,0.0,0.0,1,2,2,NOTE_PAID_METRIC_PRESENT,3,M2026-04,M2026-06,0.0,3.0,0.0,0.0,UNALIGNED (creator snapshot window vs paid Apr-Aug closed months)
697381260000000022031320,开放式厨房有救了🔥这款岛台设计绝了,2026-01-24 12:01,video,71.0,CREATOR_PERFORMANCE_PRESENT,54.0,0.0,0.0,0.0,0.0,1,2,2,NOTE_PAID_METRIC_PRESENT,3,M2026-05,M2026-08,0.0,3.0,0.0,0.0,UNALIGNED (creator snapshot window vs paid Apr-Aug closed months)
69747a91000000002202e8cb,"小户型就别做餐桌了,旋转岛台了解一下",2026-01-25 12:00,video,43.0,CREATOR_PERFORMANCE_PRESENT,3333.0,50.0,52.0,10.0,62.0,1,2,2,NOTE_PAID_METRIC_PRESENT,5,M2026-04,M2026-08,199.03,3803.0,406.0,1.0,UNALIGNED (creator snapshot window vs paid Apr-Aug closed months)
697483bc0000000021030797,潘多拉奢石岛台还能这样设计?,2026-01-24 19:00,video,61.0,CREATOR_PERFORMANCE_PRESENT,209.0,2.0,1.0,0.0,6.0,1,2,2,NOTE_PAID_METRIC_PRESENT,5,M2026-04,M2026-08,22.89,737.0,75.0,0.0,UNALIGNED (creator snapshot window vs paid Apr-Aug closed months)
6975d464000000002200b412,一眼沦陷!颜值与实用并存的小户型神器🏠,2026-01-25 19:00,video,67.0,CREATOR_PERFORMANCE_PRESENT,61.0,0.0,0.0,0.0,0.0,1,2,2,NOTE_PAID_METRIC_PRESENT,3,M2026-06,M2026-08,0.0,5.0,0.0,0.0,UNALIGNED (creator snapshot window vs paid Apr-Aug closed months)
6975d5030000000022032c1e,原木风居然还能这样做...,2026-01-26 12:00,video,66.0,CREATOR_PERFORMANCE_PRESENT,71.0,0.0,1.0,0.0,0.0,1,2,2,NOTE_PAID_METRIC_PRESENT,5,M2026-04,M2026-08,4.71,44.0,5.0,0.0,UNALIGNED (creator snapshot window vs paid Apr-Aug closed months)
69772f10000000002203adb7,高能预警🔥这个多功能伸缩岛台简直太赞了,2026-01-27 12:00,video,19.0,CREATOR_PERFORMANCE_PRESENT,190.0,1.0,3.0,0.0,0.0,1,2,2,NOTE_PAID_METRIC_PRESENT,5,M2026-04,M2026-08,4.65,71.0,6.0,0.0,UNALIGNED (creator snapshot window vs paid Apr-Aug closed months)
69772f82000000002200827b,精装房能做岛台吗?🔥能做什么样的岛台?,2026-01-26 19:00,video,97.0,CREATOR_PERFORMANCE_PRESENT,85.0,0.0,0.0,0.0,0.0,0,0,0,NO_PAID_ASSOCIATION_OBSERVED,0,,,,,,,UNALIGNED (creator snapshot window vs paid Apr-Aug closed months)
69785736000000002102abe8,坑坑坑坑坑!岛台全是坑!!!!,2026-01-27 19:00,video,77.0,CREATOR_PERFORMANCE_PRESENT,153.0,1.0,1.0,2.0,1.0,0,0,0,NO_PAID_ASSOCIATION_OBSERVED,0,,,,,,,UNALIGNED (creator snapshot window vs paid Apr-Aug closed months)
69785b9800000000210301e7,55平小户型有救了!这款岛台太合适了!,2026-01-28 12:00,video,56.0,CREATOR_PERFORMANCE_PRESENT,77.0,1.0,1.0,0.0,0.0,1,2,2,NOTE_PAID_METRIC_PRESENT,4,M2026-04,M2026-07,2.29,127.0,11.0,0.0,UNALIGNED (creator snapshot window vs paid Apr-Aug closed months)
6979aa20000000002203199c,家里有了岛台餐桌❤️我家就被围观了👀,2026-01-29 12:00,normal,,CREATOR_PERFORMANCE_PRESENT,135.0,0.0,0.0,0.0,0.0,1,2,2,NOTE_PAID_METRIC_PRESENT,5,M2026-04,M2026-08,4.98,248.0,33.0,0.0,UNALIGNED (creator snapshot window vs paid Apr-Aug closed months)
6979d9d0000000002102890e,小户型黑白风极简岛台,2026-01-28 19:00,video,72.0,CREATOR_PERFORMANCE_PRESENT,67.0,0.0,0.0,0.0,0.0,1,2,2,NOTE_PAID_METRIC_PRESENT,5,M2026-04,M2026-08,1.37,75.0,7.0,0.0,UNALIGNED (creator snapshot window vs paid Apr-Aug closed months)
697b3dfe000000002102bfb5,15个岛台细节不翻车的哦~,2026-01-29 19:01,video,110.0,CREATOR_PERFORMANCE_PRESENT,58.0,0.0,1.0,0.0,0.0,0,0,0,NO_PAID_ASSOCIATION_OBSERVED,0,,,,,,,UNALIGNED (creator snapshot window vs paid Apr-Aug closed months)
697b62370000000022008079,小户型一定要做的岛台!!太太😍!,2026-01-30 12:00,video,72.0,CREATOR_PERFORMANCE_PRESENT,106.0,1.0,0.0,0.0,0.0,1,2,2,NOTE_PAID_METRIC_PRESENT,5,M2026-04,M2026-08,0.03,30.0,2.0,0.0,UNALIGNED (creator snapshot window vs paid Apr-Aug closed months)
697c50f600000000210334a7,岛台定制🔥剖析岛台会翻车的原因...,2026-01-31 12:00,video,226.0,CREATOR_PERFORMANCE_PRESENT,79.0,0.0,0.0,0.0,0.0,0,0,0,NO_PAID_ASSOCIATION_OBSERVED,0,,,,,,,UNALIGNED (creator snapshot window vs paid Apr-Aug closed months)
697c80d50000000021032923,原来岛台还能这样设计🧐,2026-01-30 19:01,video,64.0,CREATOR_PERFORMANCE_PRESENT,79.0,2.0,0.0,0.0,0.0,1,2,2,NOTE_PAID_METRIC_PRESENT,1,M2026-04,M2026-04,0.0,1.0,0.0,0.0,UNALIGNED (creator snapshot window vs paid Apr-Aug closed months)
697cb11e00000000210310b7,岛台不翻车15个必学妙招💐,2026-01-31 19:00,video,124.0,CREATOR_PERFORMANCE_PRESENT,5.0,0.0,0.0,0.0,0.0,0,0,0,NO_PAID_ASSOCIATION_OBSERVED,0,,,,,,,UNALIGNED (creator snapshot window vs paid Apr-Aug closed months)
697cb24d000000002203bda3,小户型岛台怎么做🔥注意事项,2026-02-01 12:00,video,78.0,CREATOR_PERFORMANCE_PRESENT,48.0,0.0,0.0,0.0,0.0,1,2,2,NOTE_PAID_METRIC_PRESENT,3,M2026-04,M2026-07,0.0,9.0,0.0,0.0,UNALIGNED (creator snapshot window vs paid Apr-Aug closed months)
697f212d00000000220305e3,小餐厨扩容艺术🌸从一款岛台开始,2026-02-01 19:00,video,94.0,CREATOR_PERFORMANCE_PRESENT,40.0,0.0,0.0,0.0,0.0,1,2,2,NOTE_PAID_METRIC_PRESENT,3,M2026-04,M2026-08,0.0,8.0,0.0,0.0,UNALIGNED (creator snapshot window vs paid Apr-Aug closed months)
697f3a7b0000000022038c46,"岛台落地的那一刻,太美了😍",2026-02-02 12:00,normal,,CREATOR_PERFORMANCE_PRESENT,5235.0,26.0,30.0,0.0,23.0,1,2,2,NOTE_PAID_METRIC_PRESENT,5,M2026-04,M2026-08,38.63,1781.0,313.0,0.0,UNALIGNED (creator snapshot window vs paid Apr-Aug closed months)
69806002000000002203a5e3,小户型小吧台😍😍,2026-02-02 19:00,video,62.0,CREATOR_PERFORMANCE_PRESENT,25151.0,421.0,488.0,307.0,241.0,1,2,2,NOTE_PAID_METRIC_PRESENT,5,M2026-04,M2026-08,802.95,12297.0,1031.0,11.0,UNALIGNED (creator snapshot window vs paid Apr-Aug closed months)
69806b890000000021033f5e,"奶油原木风空间神器,小户型必入岛台",2026-02-03 12:00,video,76.0,CREATOR_PERFORMANCE_PRESENT,81.0,0.0,0.0,0.0,1.0,1,2,2,NOTE_PAID_METRIC_PRESENT,4,M2026-04,M2026-08,0.0,9.0,0.0,0.0,UNALIGNED (creator snapshot window vs paid Apr-Aug closed months)
6981a44a0000000022021102,2m2解锁餐厨多功能,2026-02-03 19:00,video,62.0,CREATOR_PERFORMANCE_PRESENT,50.0,2.0,1.0,0.0,0.0,1,2,2,NOTE_PAID_METRIC_PRESENT,3,M2026-04,M2026-07,0.0,3.0,0.0,0.0,UNALIGNED (creator snapshot window vs paid Apr-Aug closed months)
6981b7f200000000220207c4,发光玉石岛台的价格终于被我打下来了❗❗,2026-02-04 12:00,normal,,CREATOR_PERFORMANCE_PRESENT,141.0,0.0,0.0,0.0,1.0,1,2,2,NOTE_PAID_METRIC_PRESENT,5,M2026-04,M2026-08,10.86,253.0,33.0,0.0,UNALIGNED (creator snapshot window vs paid Apr-Aug closed months)
6982f243000000002202147c,"小户型的幸福感,一个岛台全拿捏😍",2026-02-04 19:00,video,65.0,CREATOR_PERFORMANCE_PRESENT,46.0,0.0,0.0,0.0,0.0,1,2,2,NOTE_PAID_METRIC_PRESENT,4,M2026-04,M2026-07,0.0,34.0,0.0,0.0,UNALIGNED (creator snapshot window vs paid Apr-Aug closed months)
698348ae00000000220219f5,现代中古风岛台🔥把家变大💣,2026-02-05 12:00,video,86.0,CREATOR_PERFORMANCE_PRESENT,64.0,0.0,0.0,0.0,1.0,1,2,2,NOTE_PAID_METRIC_PRESENT,4,M2026-04,M2026-08,0.0,17.0,0.0,0.0,UNALIGNED (creator snapshot window vs paid Apr-Aug closed months)
6984538700000000210292ac,做岛台不妥协!不踩坑!❌,2026-02-05 19:00,video,58.0,CREATOR_PERFORMANCE_PRESENT,54.0,0.0,0.0,0.0,0.0,0,0,0,NO_PAID_ASSOCIATION_OBSERVED,0,,,,,,,UNALIGNED (creator snapshot window vs paid Apr-Aug closed months)
69848984000000002203b8c4,很难不骄傲😎随便装修就拥有了理想岛台,2026-02-06 12:01,normal,,CREATOR_PERFORMANCE_PRESENT,226.0,5.0,5.0,0.0,1.0,1,2,2,NOTE_PAID_METRIC_PRESENT,5,M2026-04,M2026-08,1.06,377.0,58.0,1.0,UNALIGNED (creator snapshot window vs paid Apr-Aug closed months)
6985a87b000000001b01f61a,为什么❓一定要做岛台呢🧐,2026-02-06 19:00,video,55.0,CREATOR_PERFORMANCE_PRESENT,38.0,0.0,0.0,0.0,0.0,0,0,0,NO_PAID_ASSOCIATION_OBSERVED,0,,,,,,,UNALIGNED (creator snapshot window vs paid Apr-Aug closed months)
6985e5f7000000001d02693a,居家氛围感~奶油原木风岛台诠释感觉~,2026-02-07 12:01,video,79.0,CREATOR_PERFORMANCE_PRESENT,57.0,0.0,0.0,0.0,1.0,1,2,2,NOTE_PAID_METRIC_PRESENT,3,M2026-04,M2026-07,0.0,6.0,0.0,0.0,UNALIGNED (creator snapshot window vs paid Apr-Aug closed months)
6987020d0000000015038216,居家氛围~奶油极简风岛台带来的温馨💐,2026-02-07 19:00,video,79.0,CREATOR_PERFORMANCE_PRESENT,71.0,1.0,1.0,0.0,1.0,1,2,2,NOTE_PAID_METRIC_PRESENT,2,M2026-04,M2026-05,0.0,9.0,0.0,0.0,UNALIGNED (creator snapshot window vs paid Apr-Aug closed months)
69872c3f0000000015021e40,这期视频教会你!岛台餐桌怎么选?,2026-02-08 12:00,video,33.0,CREATOR_PERFORMANCE_PRESENT,48.0,0.0,0.0,0.0,0.0,0,0,0,NO_PAID_ASSOCIATION_OBSERVED,0,,,,,,,UNALIGNED (creator snapshot window vs paid Apr-Aug closed months)
698855fe0000000015023f61,岛台你不知道的细节~,2026-02-08 19:00,video,74.0,CREATOR_PERFORMANCE_PRESENT,82.0,1.0,0.0,0.0,0.0,1,2,2,NOTE_PAID_METRIC_PRESENT,1,M2026-05,M2026-05,0.0,1.0,0.0,0.0,UNALIGNED (creator snapshot window vs paid Apr-Aug closed months)
698892e0000000001d024712,餐厨一体-洞石中古风岛台还可以这么做!,2026-02-09 12:00,video,78.0,CREATOR_PERFORMANCE_PRESENT,60.0,0.0,0.0,2.0,1.0,1,2,2,NOTE_PAID_METRIC_PRESENT,5,M2026-04,M2026-08,0.0,36.0,0.0,0.0,UNALIGNED (creator snapshot window vs paid Apr-Aug closed months)
698984b0000000001d0254d4,小户型这样做真的不会翻车吗❓,2026-02-10 12:00,video,40.0,CREATOR_PERFORMANCE_PRESENT,65.0,1.0,0.0,0.0,0.0,1,2,2,PAID_ASSOCIATED_NO_METRIC_RECORD,0,,,,,,,UNALIGNED (creator snapshot window vs paid Apr-Aug closed months)
6989a3c4000000001b014abc,"岛台的收纳细节,做对了就不会翻车~",2026-02-09 19:00,video,105.0,CREATOR_PERFORMANCE_PRESENT,52.0,0.0,1.0,0.0,0.0,1,2,2,NOTE_PAID_METRIC_PRESENT,4,M2026-04,M2026-08,0.36,21.0,1.0,0.0,UNALIGNED (creator snapshot window vs paid Apr-Aug closed months)
698af3b10000000015022aaa,谁家岛台很鸡肋啊...这几点先看一下👀,2026-02-10 19:00,video,68.0,CREATOR_PERFORMANCE_PRESENT,97.0,1.0,1.0,0.0,0.0,0,0,0,NO_PAID_ASSOCIATION_OBSERVED,0,,,,,,,UNALIGNED (creator snapshot window vs paid Apr-Aug closed months)
698b25ad000000001b014b1d,面积小也想要西厨?岛台来帮你实现❗,2026-02-11 12:01,video,87.0,CREATOR_PERFORMANCE_PRESENT,54.0,1.0,0.0,0.0,0.0,1,2,2,NOTE_PAID_METRIC_PRESENT,3,M2026-04,M2026-08,0.0,8.0,0.0,0.0,UNALIGNED (creator snapshot window vs paid Apr-Aug closed months)
698c5be10000000015021dd1,"再见餐桌,这个岛台真的很适合我😍",2026-02-11 19:00,video,64.0,CREATOR_PERFORMANCE_PRESENT,57.0,1.0,0.0,0.0,0.0,0,0,0,NO_PAID_ASSOCIATION_OBSERVED,0,,,,,,,UNALIGNED (creator snapshot window vs paid Apr-Aug closed months)
698c8a300000000015032d6e,血泪教训🔥岛台定制避坑攻略🔧,2026-02-12 12:01,video,121.0,CREATOR_PERFORMANCE_PRESENT,176.0,0.0,1.0,0.0,1.0,0,0,0,NO_PAID_ASSOCIATION_OBSERVED,0,,,,,,,UNALIGNED (creator snapshot window vs paid Apr-Aug closed months)
698d9898000000001d0123c3,大实话:为啥做个岛台?,2026-02-12 19:00,video,66.0,CREATOR_PERFORMANCE_PRESENT,46.0,1.0,1.0,0.0,1.0,1,2,2,PAID_ASSOCIATED_NO_METRIC_RECORD,0,,,,,,,UNALIGNED (creator snapshot window vs paid Apr-Aug closed months)
698de3430000000015033b7c,今天给你分享个厉害的❗❗,2026-02-13 12:10,video,91.0,CREATOR_PERFORMANCE_PRESENT,20.0,0.0,0.0,0.0,0.0,0,0,0,NO_PAID_ASSOCIATION_OBSERVED,0,,,,,,,UNALIGNED (creator snapshot window vs paid Apr-Aug closed months)
698ee2ae00000000150201e0,想做岛台先看这6招...,2026-02-13 19:00,video,83.0,CREATOR_PERFORMANCE_PRESENT,76.0,1.0,0.0,0.0,0.0,1,2,2,NOTE_PAID_METRIC_PRESENT,3,M2026-05,M2026-08,0.0,13.0,0.0,0.0,UNALIGNED (creator snapshot window vs paid Apr-Aug closed months)
698ee9a3000000001d0261f4,为啥不选餐桌❓谁能拒绝开放式厨房中岛台,2026-02-14 12:01,video,45.0,CREATOR_PERFORMANCE_PRESENT,222.0,3.0,3.0,0.0,0.0,0,0,0,NO_PAID_ASSOCIATION_OBSERVED,0,,,,,,,UNALIGNED (creator snapshot window vs paid Apr-Aug closed months)
69903cb9000000001d0260e4,小户型岛台这么做~,2026-02-14 19:00,video,67.0,CREATOR_PERFORMANCE_PRESENT,74.0,0.0,0.0,0.0,0.0,1,2,2,NOTE_PAID_METRIC_PRESENT,1,M2026-04,M2026-04,0.0,2.0,0.0,0.0,UNALIGNED (creator snapshot window vs paid Apr-Aug closed months)
6990569b000000001b01d21a,小户型岛台打开方式😍,2026-02-15 12:01,video,63.0,CREATOR_PERFORMANCE_PRESENT,109.0,0.0,0.0,0.0,0.0,1,2,2,NOTE_PAID_METRIC_PRESENT,4,M2026-04,M2026-07,0.08,13.0,1.0,0.0,UNALIGNED (creator snapshot window vs paid Apr-Aug closed months)
69919e19000000001b01e5ec,一个岩板操作台带来的居家温馨感~,2026-02-15 19:00,video,63.0,CREATOR_PERFORMANCE_PRESENT,88.0,1.0,1.0,0.0,0.0,1,2,2,NOTE_PAID_METRIC_PRESENT,4,M2026-04,M2026-08,0.07,71.0,2.0,0.0,UNALIGNED (creator snapshot window vs paid Apr-Aug closed months)
6991b29b000000001502073c,和细节死磕到底😎岛台设计一定要注意⚠️,2026-02-16 12:01,video,132.0,CREATOR_PERFORMANCE_PRESENT,129.0,3.0,0.0,0.0,0.0,0,0,0,NO_PAID_ASSOCIATION_OBSERVED,0,,,,,,,UNALIGNED (creator snapshot window vs paid Apr-Aug closed months)
6991bbf0000000001d0136ba,豪庭霸总风岛台❗❗,2026-02-16 19:00,video,70.0,CREATOR_PERFORMANCE_PRESENT,60.0,0.0,0.0,0.0,0.0,1,2,2,NOTE_PAID_METRIC_PRESENT,2,M2026-04,M2026-05,0.0,4.0,0.0,0.0,UNALIGNED (creator snapshot window vs paid Apr-Aug closed months)
6991c28400000000150326c2,该怎么做岛台餐桌尺寸才是正确的呢?,2026-02-17 12:01,video,119.0,CREATOR_PERFORMANCE_PRESENT,141.0,1.0,5.0,0.0,0.0,0,0,0,NO_PAID_ASSOCIATION_OBSERVED,0,,,,,,,UNALIGNED (creator snapshot window vs paid Apr-Aug closed months)
699438dc000000001d010b69,验收岛台这几点绝不妥协❌❌❌⚠️⚠️,2026-02-17 19:00,video,92.0,CREATOR_PERFORMANCE_PRESENT,64.0,1.0,1.0,0.0,0.0,0,0,0,NO_PAID_ASSOCIATION_OBSERVED,0,,,,,,,UNALIGNED (creator snapshot window vs paid Apr-Aug closed months)
69945209000000001d026006,岛台的6大设计功能😎坤宝跟你讲,2026-02-18 19:00,video,43.0,CREATOR_PERFORMANCE_PRESENT,31.0,1.0,0.0,0.0,0.0,0,0,0,NO_PAID_ASSOCIATION_OBSERVED,0,,,,,,,UNALIGNED (creator snapshot window vs paid Apr-Aug closed months)
699453d000000000150230b3,小户型入户门正对岛台🤔怎么设计布局显大,2026-02-18 12:01,video,40.0,CREATOR_PERFORMANCE_PRESENT,4508.0,18.0,13.0,0.0,6.0,1,2,2,NOTE_PAID_METRIC_PRESENT,5,M2026-04,M2026-08,30.5,1232.0,265.0,0.0,UNALIGNED (creator snapshot window vs paid Apr-Aug closed months)
6997bcd0000000001d011f05,摆脱廉价感❗有了它再也不想当牛马上班了❗,2026-02-20 12:01,video,41.0,CREATOR_PERFORMANCE_PRESENT,196.0,2.0,0.0,0.0,0.0,1,2,2,PAID_ASSOCIATED_NO_METRIC_RECORD,0,,,,,,,UNALIGNED (creator snapshot window vs paid Apr-Aug closed months)
6997ceb8000000001b014243,为啥不做餐桌?,2026-02-22 12:00,video,49.0,CREATOR_PERFORMANCE_PRESENT,324.0,5.0,0.0,0.0,2.0,0,0,0,NO_PAID_ASSOCIATION_OBSERVED,0,,,,,,,UNALIGNED (creator snapshot window vs paid Apr-Aug closed months)
69982ec00000000016008052,岛台尺寸翻车真的不是少数人⚠️⚠️,2026-02-20 19:00,video,93.0,CREATOR_PERFORMANCE_PRESENT,226.0,0.0,0.0,0.0,0.0,0,0,0,NO_PAID_ASSOCIATION_OBSERVED,0,,,,,,,UNALIGNED (creator snapshot window vs paid Apr-Aug closed months)
69982fe300000000150309f0,做一个好用的岛台很简单❗❗,2026-02-21 12:00,video,125.0,CREATOR_PERFORMANCE_PRESENT,177.0,0.0,2.0,0.0,0.0,0,0,0,NO_PAID_ASSOCIATION_OBSERVED,0,,,,,,,UNALIGNED (creator snapshot window vs paid Apr-Aug closed months)
699831880000000015031057,岛台定制升级版😎十做十不做,2026-02-21 19:00,video,93.0,CREATOR_PERFORMANCE_PRESENT,58.0,0.0,0.0,0.0,0.0,0,0,0,NO_PAID_ASSOCIATION_OBSERVED,0,,,,,,,UNALIGNED (creator snapshot window vs paid Apr-Aug closed months)
69983189000000001b01eb04,我发现你们做的岛台都是❌错的❗,2026-02-22 19:00,video,80.0,CREATOR_PERFORMANCE_PRESENT,77.0,0.0,0.0,0.0,0.0,0,0,0,NO_PAID_ASSOCIATION_OBSERVED,0,,,,,,,UNALIGNED (creator snapshot window vs paid Apr-Aug closed months)
699831fe000000001d026e41,"小细节大学问,空间仪式感从岛台开始~",2026-02-23 12:00,video,69.0,CREATOR_PERFORMANCE_PRESENT,45.0,0.0,0.0,0.0,0.0,1,2,2,PAID_ASSOCIATED_NO_METRIC_RECORD,0,,,,,,,UNALIGNED (creator snapshot window vs paid Apr-Aug closed months)
699c18a70000000015023477,小空间也能装的多功能岛台😎,2026-02-23 19:00,video,94.0,CREATOR_PERFORMANCE_PRESENT,131.0,1.0,0.0,0.0,0.0,1,2,2,NOTE_PAID_METRIC_PRESENT,3,M2026-04,M2026-07,1.24,20.0,3.0,0.0,UNALIGNED (creator snapshot window vs paid Apr-Aug closed months)
699c476b000000001b015616,为什么我要做个找骂的岛台厂家?,2026-02-24 12:00,video,70.0,CREATOR_PERFORMANCE_PRESENT,68.0,0.0,0.0,0.0,0.0,0,0,0,NO_PAID_ASSOCIATION_OBSERVED,0,,,,,,,UNALIGNED (creator snapshot window vs paid Apr-Aug closed months)
699d6a1c00000000150383a6,"同样的岛台,做的不好是这样的💣",2026-02-24 19:00,video,72.0,CREATOR_PERFORMANCE_PRESENT,68.0,1.0,2.0,0.0,1.0,0,0,0,NO_PAID_ASSOCIATION_OBSERVED,0,,,,,,,UNALIGNED (creator snapshot window vs paid Apr-Aug closed months)
699d6aa4000000001d010c38,小户型岛台🔥就这么做,2026-02-25 12:00,video,97.0,CREATOR_PERFORMANCE_PRESENT,130.0,0.0,2.0,6.0,0.0,1,2,2,NOTE_PAID_METRIC_PRESENT,4,M2026-04,M2026-08,0.06,17.0,1.0,0.0,UNALIGNED (creator snapshot window vs paid Apr-Aug closed months)
699ead68000000001600b831,原以为餐桌就够用🔥直到看见可分离岛台,2026-02-25 19:00,video,66.0,CREATOR_PERFORMANCE_PRESENT,162.0,2.0,1.0,0.0,1.0,1,2,2,NOTE_PAID_METRIC_PRESENT,3,M2026-04,M2026-06,1.33,21.0,2.0,0.0,UNALIGNED (creator snapshot window vs paid Apr-Aug closed months)
699eddc0000000001b01f4d6,沙发怎么选?终极攻略来啦!直接抄作业!,2026-02-26 12:00,video,141.0,CREATOR_PERFORMANCE_PRESENT,76.0,0.0,0.0,0.0,1.0,0,0,0,NO_PAID_ASSOCIATION_OBSERVED,0,,,,,,,UNALIGNED (creator snapshot window vs paid Apr-Aug closed months)
699ffe10000000001503b893,小户型开放式厨房搭配岛台😍太幸福!,2026-02-26 19:00,video,56.0,CREATOR_PERFORMANCE_PRESENT,238.0,1.0,1.0,0.0,0.0,0,0,0,NO_PAID_ASSOCIATION_OBSERVED,0,,,,,,,UNALIGNED (creator snapshot window vs paid Apr-Aug closed months)
69a03a2b0000000016008218,温柔系小户型岛台~温馨治愈氛围,2026-02-27 12:00,video,85.0,CREATOR_PERFORMANCE_PRESENT,36.0,0.0,0.0,0.0,0.0,1,2,2,PAID_ASSOCIATED_NO_METRIC_RECORD,0,,,,,,,UNALIGNED (creator snapshot window vs paid Apr-Aug closed months)
69a164ee000000001b01f93e,装修最不后悔的就是这个岛台🔥😍,2026-02-27 19:00,video,82.0,CREATOR_PERFORMANCE_PRESENT,85.0,0.0,0.0,0.0,0.0,1,2,2,NOTE_PAID_METRIC_PRESENT,1,M2026-04,M2026-04,0.0,1.0,0.0,0.0,UNALIGNED (creator snapshot window vs paid Apr-Aug closed months)
69a184d200000000150204c6,发光的玉石岛台丨Gor geous,2026-02-28 12:00,normal,,CREATOR_PERFORMANCE_PRESENT,131.0,1.0,0.0,0.0,0.0,1,2,2,NOTE_PAID_METRIC_PRESENT,5,M2026-04,M2026-08,19.9,186.0,18.0,0.0,UNALIGNED (creator snapshot window vs paid Apr-Aug closed months)
69a2b5e7000000001b01dc30,餐厅岛台做不好就是鸡肋❌❌,2026-02-28 19:00,video,79.0,CREATOR_PERFORMANCE_PRESENT,82.0,0.0,0.0,0.0,0.0,0,0,0,NO_PAID_ASSOCIATION_OBSERVED,0,,,,,,,UNALIGNED (creator snapshot window vs paid Apr-Aug closed months)
69a2ed630000000015030861,小户型聚餐神器😍现代简约风岛台,2026-03-01 12:00,video,75.0,CREATOR_PERFORMANCE_PRESENT,47.0,0.0,0.0,0.0,0.0,1,2,2,NOTE_PAID_METRIC_PRESENT,4,M2026-04,M2026-07,0.0,6.0,0.0,0.0,UNALIGNED (creator snapshot window vs paid Apr-Aug closed months)
69a3ff74000000001d027ea9,"小户型别再乱装了,看看这款岛台才高级",2026-03-01 19:00,video,91.0,CREATOR_PERFORMANCE_PRESENT,116.0,1.0,0.0,0.0,0.0,1,2,2,NOTE_PAID_METRIC_PRESENT,4,M2026-04,M2026-07,0.0,14.0,0.0,0.0,UNALIGNED (creator snapshot window vs paid Apr-Aug closed months)
69a4360700000000150380b1,逆天了🔥这个伸缩岛台太香了,2026-03-02 12:05,video,105.0,CREATOR_PERFORMANCE_PRESENT,473.0,3.0,4.0,0.0,4.0,0,0,0,NO_PAID_ASSOCIATION_OBSERVED,0,,,,,,,UNALIGNED (creator snapshot window vs paid Apr-Aug closed months)
69a5535c000000001d012b36,去客厅化的装修配备什么样的岛台?,2026-03-02 19:00,video,94.0,CREATOR_PERFORMANCE_PRESENT,49.0,0.0,0.0,0.0,0.0,1,2,2,NOTE_PAID_METRIC_PRESENT,2,M2026-04,M2026-07,0.0,2.0,0.0,0.0,UNALIGNED (creator snapshot window vs paid Apr-Aug closed months)
69a59973000000001b01e719,没人说实话的😰岛台选购指南,2026-03-03 12:00,video,53.0,CREATOR_PERFORMANCE_PRESENT,25.0,0.0,1.0,0.0,0.0,1,2,2,PAID_ASSOCIATED_NO_METRIC_RECORD,0,,,,,,,UNALIGNED (creator snapshot window vs paid Apr-Aug closed months)
69a69ecb00000000150237fb,定制的岛台到底有多细节🧐?,2026-03-03 19:00,video,71.0,CREATOR_PERFORMANCE_PRESENT,52.0,0.0,0.0,0.0,0.0,1,2,2,NOTE_PAID_METRIC_PRESENT,4,M2026-04,M2026-08,1.39,7.0,1.0,0.0,UNALIGNED (creator snapshot window vs paid Apr-Aug closed months)
69a6a375000000001d012a11,岛台地插怎么留?,2026-03-04 12:00,video,38.0,CREATOR_PERFORMANCE_PRESENT,245.0,1.0,1.0,0.0,1.0,1,2,2,NOTE_PAID_METRIC_PRESENT,5,M2026-04,M2026-08,2.48,133.0,19.0,0.0,UNALIGNED (creator snapshot window vs paid Apr-Aug closed months)
69a6efd2000000001b014cba,按头安利7种岛台❤️让你成为全小区最靓的,2026-03-04 19:00,video,157.0,CREATOR_PERFORMANCE_PRESENT,112.0,0.0,1.0,0.0,0.0,1,2,2,NOTE_PAID_METRIC_PRESENT,2,M2026-05,M2026-06,0.0,2.0,0.0,0.0,UNALIGNED (creator snapshot window vs paid Apr-Aug closed months)
69a6f026000000001600ae2a,小户型的尺寸又翻车了...😰,2026-03-05 12:00,video,105.0,CREATOR_PERFORMANCE_PRESENT,66.0,1.0,1.0,0.0,0.0,1,2,2,NOTE_PAID_METRIC_PRESENT,2,M2026-05,M2026-06,0.0,2.0,0.0,0.0,UNALIGNED (creator snapshot window vs paid Apr-Aug closed months)
69a6f4cc0000000015033661,其实我已经过上了普通人里最好的生活了,2026-03-05 19:00,video,16.0,CREATOR_PERFORMANCE_PRESENT,249.0,5.0,2.0,0.0,0.0,1,2,2,NOTE_PAID_METRIC_PRESENT,3,M2026-04,M2026-08,0.0,5.0,0.0,0.0,UNALIGNED (creator snapshot window vs paid Apr-Aug closed months)
69a6f524000000001b01ec45,一镜到底🔥这个岛台我就问你冲不冲?,2026-03-06 12:00,video,61.0,CREATOR_PERFORMANCE_PRESENT,77.0,1.0,0.0,0.0,0.0,1,2,2,NOTE_PAID_METRIC_PRESENT,4,M2026-04,M2026-08,0.71,6.0,1.0,0.0,UNALIGNED (creator snapshot window vs paid Apr-Aug closed months)
69aaa2b9000000001600a77a,当斥巨资定制的岛台进不了家门...哭晕😵,2026-03-06 19:01,video,66.0,CREATOR_PERFORMANCE_PRESENT,85.0,2.0,0.0,0.0,1.0,1,2,2,NOTE_PAID_METRIC_PRESENT,1,M2026-04,M2026-04,0.0,1.0,0.0,0.0,UNALIGNED (creator snapshot window vs paid Apr-Aug closed months)
69aaa345000000001502198f,在大横厅做了个沙发后岛台?太神奇了,2026-03-07 12:01,video,57.0,CREATOR_PERFORMANCE_PRESENT,3888.0,25.0,21.0,2.0,9.0,1,2,2,NOTE_PAID_METRIC_PRESENT,5,M2026-04,M2026-08,294.68,495.0,82.0,0.0,UNALIGNED (creator snapshot window vs paid Apr-Aug closed months)
69abed4c0000000015020ff5,岛台新思路🔥引领新潮流--涂鸦艺术,2026-03-07 19:00,video,204.0,CREATOR_PERFORMANCE_PRESENT,50.0,1.0,0.0,0.0,0.0,1,2,2,PAID_ASSOCIATED_NO_METRIC_RECORD,0,,,,,,,UNALIGNED (creator snapshot window vs paid Apr-Aug closed months)
69abed790000000015039bcf,岛台vs传统餐桌🏠该如何选择呢🤔,2026-03-08 12:01,video,48.0,CREATOR_PERFORMANCE_PRESENT,455.0,4.0,8.0,2.0,1.0,1,2,2,NOTE_PAID_METRIC_PRESENT,5,M2026-04,M2026-08,3.31,280.0,46.0,0.0,UNALIGNED (creator snapshot window vs paid Apr-Aug closed months)
69ad4ab700000000150218ef,!!️做个岛台居然花了300w❓❓,2026-03-08 19:00,video,99.0,CREATOR_PERFORMANCE_PRESENT,79.0,1.0,1.0,0.0,0.0,1,2,2,NOTE_PAID_METRIC_PRESENT,1,M2026-05,M2026-05,0.0,3.0,0.0,0.0,UNALIGNED (creator snapshot window vs paid Apr-Aug closed months)
69ad786b0000000015032dfb,岛台避坑🚥千万别做错细节尺寸❌,2026-03-09 13:00,video,80.0,CREATOR_PERFORMANCE_PRESENT,187.0,3.0,4.0,0.0,1.0,1,2,2,NOTE_PAID_METRIC_PRESENT,5,M2026-04,M2026-08,7.47,83.0,6.0,0.0,UNALIGNED (creator snapshot window vs paid Apr-Aug closed months)
69ae78c40000000015030f74,YYDS💥这个岛台又封神了,2026-03-09 19:00,video,67.0,CREATOR_PERFORMANCE_PRESENT,125.0,1.0,2.0,0.0,1.0,1,2,2,NOTE_PAID_METRIC_PRESENT,2,M2026-05,M2026-07,0.09,7.0,1.0,0.0,UNALIGNED (creator snapshot window vs paid Apr-Aug closed months)
69ae792e000000001b01c54d,多少人的梦中情厨啊❤️微水泥奶油白伸缩岛,2026-03-10 12:00,video,108.0,CREATOR_PERFORMANCE_PRESENT,62.0,1.0,0.0,0.0,0.0,1,2,2,NOTE_PAID_METRIC_PRESENT,3,M2026-04,M2026-07,0.0,11.0,0.0,0.0,UNALIGNED (creator snapshot window vs paid Apr-Aug closed months)
69af8c3e000000001502016b,为啥不做餐桌捏🔥,2026-03-10 19:00,video,48.0,CREATOR_PERFORMANCE_PRESENT,197.0,0.0,1.0,0.0,0.0,1,2,2,PAID_ASSOCIATED_NO_METRIC_RECORD,0,,,,,,,UNALIGNED (creator snapshot window vs paid Apr-Aug closed months)
69af8cfd00000000160099b4,岛台电都没留...,2026-03-11 12:00,video,43.0,CREATOR_PERFORMANCE_PRESENT,1508.0,12.0,5.0,0.0,1.0,1,2,2,NOTE_PAID_METRIC_PRESENT,5,M2026-04,M2026-08,24.38,669.0,108.0,1.0,UNALIGNED (creator snapshot window vs paid Apr-Aug closed months)
69b12517000000001d010985,"餐厅加岛台,颜值和实用双在线",2026-03-11 19:01,video,39.0,CREATOR_PERFORMANCE_PRESENT,95.0,0.0,0.0,0.0,0.0,1,2,2,NOTE_PAID_METRIC_PRESENT,2,M2026-04,M2026-05,0.67,4.0,1.0,0.0,UNALIGNED (creator snapshot window vs paid Apr-Aug closed months)
69b12f420000000015033f3a,既实用又好看!更适合小户型的岛台餐桌!!️,2026-03-12 12:01,video,75.0,CREATOR_PERFORMANCE_PRESENT,105.0,1.0,1.0,2.0,2.0,1,2,2,NOTE_PAID_METRIC_PRESENT,5,M2026-04,M2026-08,2.32,56.0,4.0,0.0,UNALIGNED (creator snapshot window vs paid Apr-Aug closed months)
69b28398000000001b01e6e7,小户型岛台真的越用越香❤️,2026-03-12 19:01,video,43.0,CREATOR_PERFORMANCE_PRESENT,244.0,1.0,2.0,2.0,1.0,1,2,2,NOTE_PAID_METRIC_PRESENT,3,M2026-04,M2026-08,0.26,3.0,1.0,0.0,UNALIGNED (creator snapshot window vs paid Apr-Aug closed months)
69b2848a000000001b0162c0,岛台不止好看👀收纳也很顶🔥,2026-03-13 12:01,video,43.0,CREATOR_PERFORMANCE_PRESENT,57.0,0.0,0.0,0.0,0.0,1,2,2,NOTE_PAID_METRIC_PRESENT,2,M2026-05,M2026-07,0.0,4.0,0.0,0.0,UNALIGNED (creator snapshot window vs paid Apr-Aug closed months)
69b3d5b70000000021038da1,"岛台不止颜值能打,收纳也很炸裂👀",2026-03-13 19:01,video,49.0,CREATOR_PERFORMANCE_PRESENT,49.0,0.0,0.0,0.0,0.0,1,2,2,NOTE_PAID_METRIC_PRESENT,1,M2026-05,M2026-05,0.0,2.0,0.0,0.0,UNALIGNED (creator snapshot window vs paid Apr-Aug closed months)
69b3dc74000000001a029467,小厨房户型有救了!!️这个岛台设计绝了,2026-03-14 12:01,video,42.0,CREATOR_PERFORMANCE_PRESENT,1115.0,15.0,13.0,0.0,7.0,1,2,2,NOTE_PAID_METRIC_PRESENT,5,M2026-04,M2026-08,4.66,287.0,41.0,0.0,UNALIGNED (creator snapshot window vs paid Apr-Aug closed months)
69b4c0c0000000001a02650e,餐厅收纳的正确打开方式👀高颜值岛台,2026-03-14 19:00,video,45.0,CREATOR_PERFORMANCE_PRESENT,223.0,2.0,2.0,0.0,0.0,1,2,2,NOTE_PAID_METRIC_PRESENT,4,M2026-04,M2026-08,0.0,6.0,0.0,0.0,UNALIGNED (creator snapshot window vs paid Apr-Aug closed months)
69b4c12900000000210102af,"餐厅加个岛台,颜值与实用双在线",2026-03-15 12:01,video,53.0,CREATOR_PERFORMANCE_PRESENT,146.0,2.0,1.0,0.0,1.0,1,2,2,PAID_ASSOCIATED_NO_METRIC_RECORD,0,,,,,,,UNALIGNED (creator snapshot window vs paid Apr-Aug closed months)
69b785f7000000002101037b,岛台定制🔥剖析岛台会翻车的原因...,2026-03-16 12:24,video,47.0,CREATOR_PERFORMANCE_PRESENT,55.0,2.0,0.0,0.0,0.0,1,2,2,NOTE_PAID_METRIC_PRESENT,2,M2026-04,M2026-06,0.0,3.0,0.0,0.0,UNALIGNED (creator snapshot window vs paid Apr-Aug closed months)
69b7a0fc0000000022003030,一个岛台搞定全家需求~餐厨一体,2026-03-16 19:00,video,39.0,CREATOR_PERFORMANCE_PRESENT,209.0,2.0,2.0,2.0,0.0,1,2,2,NOTE_PAID_METRIC_PRESENT,3,M2026-04,M2026-06,0.0,30.0,0.0,0.0,UNALIGNED (creator snapshot window vs paid Apr-Aug closed months)
69b7a14300000000220031c0,收纳备菜两不误🔥多功能岛台,2026-03-17 12:00,video,38.0,CREATOR_PERFORMANCE_PRESENT,70.0,0.0,0.0,0.0,0.0,1,2,2,NOTE_PAID_METRIC_PRESENT,4,M2026-04,M2026-08,0.0,15.0,0.0,0.0,UNALIGNED (creator snapshot window vs paid Apr-Aug closed months)
69b901f800000000220023f4,omg!岛台配色中的王炸选手!!,2026-03-18 12:01,video,87.0,CREATOR_PERFORMANCE_PRESENT,93.0,0.0,0.0,4.0,0.0,1,2,2,NOTE_PAID_METRIC_PRESENT,5,M2026-04,M2026-08,0.02,12.0,1.0,0.0,UNALIGNED (creator snapshot window vs paid Apr-Aug closed months)
69b92555000000001a0330c1,"岛台落地的那一刻,太美了😍",2026-03-17 19:01,normal,,CREATOR_PERFORMANCE_PRESENT,209.0,3.0,4.0,0.0,0.0,1,2,2,NOTE_PAID_METRIC_PRESENT,5,M2026-04,M2026-08,0.44,85.0,13.0,0.0,UNALIGNED (creator snapshot window vs paid Apr-Aug closed months)
69ba6581000000001a032032,朋友:谢谢你帮我踩坑!,2026-03-18 19:01,video,140.0,CREATOR_PERFORMANCE_PRESENT,39.0,0.0,0.0,0.0,0.0,1,2,2,NOTE_PAID_METRIC_PRESENT,3,M2026-05,M2026-07,0.0,3.0,0.0,0.0,UNALIGNED (creator snapshot window vs paid Apr-Aug closed months)
69ba9ad6000000001a023187,这4种岛台餐桌不要选!翻车速度200码!!️,2026-03-19 12:01,video,132.0,CREATOR_PERFORMANCE_PRESENT,98.0,0.0,0.0,0.0,0.0,1,2,2,NOTE_PAID_METRIC_PRESENT,4,M2026-04,M2026-07,0.14,11.0,2.0,0.0,UNALIGNED (creator snapshot window vs paid Apr-Aug closed months)
69bbb2fa000000002102dd39,岛台避坑注意⚠️事项🚥伸缩bug要小心,2026-03-19 19:01,video,107.0,CREATOR_PERFORMANCE_PRESENT,252.0,1.0,0.0,4.0,0.0,1,2,2,NOTE_PAID_METRIC_PRESENT,3,M2026-04,M2026-06,1.59,13.0,3.0,0.0,UNALIGNED (creator snapshot window vs paid Apr-Aug closed months)
69bbb35500000000210120c6,真想把岛台砸了重做......,2026-03-20 12:01,video,50.0,CREATOR_PERFORMANCE_PRESENT,457.0,5.0,3.0,0.0,1.0,1,2,2,NOTE_PAID_METRIC_PRESENT,5,M2026-04,M2026-08,0.0,8.0,0.0,0.0,UNALIGNED (creator snapshot window vs paid Apr-Aug closed months)
69bd118700000000220011b2,"岛台餐桌怎么选,这条视频教会你",2026-03-20 19:01,video,33.0,CREATOR_PERFORMANCE_PRESENT,44.0,3.0,2.0,0.0,1.0,1,2,2,NOTE_PAID_METRIC_PRESENT,1,M2026-04,M2026-04,0.0,1.0,0.0,0.0,UNALIGNED (creator snapshot window vs paid Apr-Aug closed months)
69bd11d5000000001a030a01,岛台分享🔥开放式厨房吧台设计,2026-03-21 12:01,video,40.0,CREATOR_PERFORMANCE_PRESENT,149.0,0.0,1.0,0.0,0.0,1,2,2,NOTE_PAID_METRIC_PRESENT,4,M2026-04,M2026-08,0.0,10.0,0.0,0.0,UNALIGNED (creator snapshot window vs paid Apr-Aug closed months)
69be6173000000002102df26,"多功能岛台,收纳备菜两不误",2026-03-21 19:00,video,52.0,CREATOR_PERFORMANCE_PRESENT,155.0,0.0,0.0,0.0,0.0,1,2,2,NOTE_PAID_METRIC_PRESENT,4,M2026-04,M2026-07,0.01,32.0,1.0,0.0,UNALIGNED (creator snapshot window vs paid Apr-Aug closed months)
69be6614000000001a0316a9,这才是我不做餐桌的原因!!️!!️,2026-03-22 12:00,video,91.0,CREATOR_PERFORMANCE_PRESENT,130.0,0.0,0.0,0.0,0.0,1,2,2,NOTE_PAID_METRIC_PRESENT,2,M2026-07,M2026-08,0.56,10.0,1.0,0.0,UNALIGNED (creator snapshot window vs paid Apr-Aug closed months)
69bedca5000000001a021915,茶空间做岛台真的实用吗🤔❓,2026-03-23 12:00,video,37.0,CREATOR_PERFORMANCE_PRESENT,304.0,0.0,0.0,0.0,0.0,1,2,2,NOTE_PAID_METRIC_PRESENT,5,M2026-04,M2026-08,13.53,480.0,63.0,0.0,UNALIGNED (creator snapshot window vs paid Apr-Aug closed months)
69bedcf70000000021038a01,小户型扩容密码!岛台让厨房大三倍,2026-03-24 12:01,video,70.0,CREATOR_PERFORMANCE_PRESENT,86.0,0.0,0.0,0.0,1.0,1,2,2,NOTE_PAID_METRIC_PRESENT,2,M2026-04,M2026-05,0.0,5.0,0.0,0.0,UNALIGNED (creator snapshot window vs paid Apr-Aug closed months)
69bedd4900000000220023ed,听劝!!️岛台翻车究竟有多离谱😭,2026-03-25 12:02,video,87.0,CREATOR_PERFORMANCE_PRESENT,606.0,3.0,12.0,0.0,3.0,1,2,2,NOTE_PAID_METRIC_PRESENT,5,M2026-04,M2026-08,9.9,406.0,52.0,0.0,UNALIGNED (creator snapshot window vs paid Apr-Aug closed months)
69bedda8000000001a02602f,岛台避坑注意事项🚥伸缩bug要注意⚠️,2026-03-26 12:01,video,107.0,CREATOR_PERFORMANCE_PRESENT,84.0,1.0,1.0,0.0,0.0,1,2,2,NOTE_PAID_METRIC_PRESENT,3,M2026-04,M2026-06,0.11,13.0,1.0,0.0,UNALIGNED (creator snapshot window vs paid Apr-Aug closed months)
69c258e400000000220002ec,一个岛台实现收纳自由,2026-03-24 19:02,video,33.0,CREATOR_PERFORMANCE_PRESENT,86.0,0.0,1.0,0.0,0.0,1,2,2,NOTE_PAID_METRIC_PRESENT,5,M2026-04,M2026-08,1.91,56.0,4.0,0.0,UNALIGNED (creator snapshot window vs paid Apr-Aug closed months)
69c3a080000000002102ca12,小户型也能拥有的绝美伸缩岛台😍,2026-03-25 19:02,video,27.0,CREATOR_PERFORMANCE_PRESENT,1198.0,20.0,13.0,10.0,14.0,1,2,2,NOTE_PAID_METRIC_PRESENT,5,M2026-04,M2026-08,16.99,288.0,29.0,0.0,UNALIGNED (creator snapshot window vs paid Apr-Aug closed months)
69c4fb140000000021039a82,小户型也可以有的绝美岛台😍,2026-03-26 19:02,video,57.0,CREATOR_PERFORMANCE_PRESENT,59.0,0.0,0.0,0.0,0.0,1,2,2,PAID_ASSOCIATED_NO_METRIC_RECORD,0,,,,,,,UNALIGNED (creator snapshot window vs paid Apr-Aug closed months)
69c4fc20000000001a0335fb,岛台餐桌 岛台 岛台设计 餐桌导台一体化设计 倒台餐桌一体 坤宝岛台 餐岛一体设,2026-03-27 12:02,video,39.0,CREATOR_PERFORMANCE_PRESENT,55.0,0.0,0.0,0.0,0.0,1,2,2,NOTE_PAID_METRIC_PRESENT,1,M2026-04,M2026-04,0.0,1.0,0.0,0.0,UNALIGNED (creator snapshot window vs paid Apr-Aug closed months)
69c64772000000002102ff63,收纳扩容超实用的小户型岛台,2026-03-27 19:02,video,27.0,CREATOR_PERFORMANCE_PRESENT,122.0,0.0,0.0,0.0,2.0,1,2,2,PAID_ASSOCIATED_NO_METRIC_RECORD,0,,,,,,,UNALIGNED (creator snapshot window vs paid Apr-Aug closed months)
69c68d400000000022002f3b,这个岛台就是很漂亮啊😍,2026-03-28 12:02,video,69.0,CREATOR_PERFORMANCE_PRESENT,240.0,2.0,3.0,0.0,1.0,1,2,2,NOTE_PAID_METRIC_PRESENT,3,M2026-04,M2026-08,0.0,5.0,0.0,0.0,UNALIGNED (creator snapshot window vs paid Apr-Aug closed months)
69c79a3c000000001a025f6e,小户型岛台怎么选🤔❓坤宝告诉你👀,2026-03-28 19:01,video,32.0,CREATOR_PERFORMANCE_PRESENT,60.0,0.0,0.0,0.0,0.0,1,2,2,NOTE_PAID_METRIC_PRESENT,2,M2026-05,M2026-08,1.53,6.0,2.0,0.0,UNALIGNED (creator snapshot window vs paid Apr-Aug closed months)
69c79a74000000002102e490,"伸缩岛台,小户型怎么选择",2026-03-29 12:02,video,39.0,CREATOR_PERFORMANCE_PRESENT,156.0,0.0,0.0,0.0,0.0,1,2,2,NOTE_PAID_METRIC_PRESENT,3,M2026-04,M2026-08,0.0,5.0,0.0,0.0,UNALIGNED (creator snapshot window vs paid Apr-Aug closed months)
69c7de83000000002200122e,岛台都给我做双面收纳!!️,2026-03-30 12:01,video,58.0,CREATOR_PERFORMANCE_PRESENT,102.0,1.0,0.0,0.0,0.0,1,2,2,NOTE_PAID_METRIC_PRESENT,2,M2026-04,M2026-05,0.0,5.0,0.0,0.0,UNALIGNED (creator snapshot window vs paid Apr-Aug closed months)
69c8eb4b0000000021039465,"餐厨一体,待客神器岛台",2026-03-29 19:01,video,49.0,CREATOR_PERFORMANCE_PRESENT,113.0,0.0,0.0,0.0,0.0,1,2,2,PAID_ASSOCIATED_NO_METRIC_RECORD,0,,,,,,,UNALIGNED (creator snapshot window vs paid Apr-Aug closed months)
69ca3f300000000022003c4b,岛台最适合:聚会、办公、早餐、备餐、用餐,2026-03-31 12:01,video,65.0,CREATOR_PERFORMANCE_PRESENT,61.0,0.0,0.0,0.0,1.0,1,2,2,NOTE_PAID_METRIC_PRESENT,4,M2026-04,M2026-08,0.0,20.0,0.0,0.0,UNALIGNED (creator snapshot window vs paid Apr-Aug closed months)
69cb73d4000000002103b56b,家里人都喜欢的岛台怎么做,2026-04-01 12:01,video,32.0,CREATOR_PERFORMANCE_PRESENT,76.0,0.0,0.0,0.0,0.0,1,2,2,NOTE_PAID_METRIC_PRESENT,2,M2026-05,M2026-08,0.0,2.0,0.0,0.0,UNALIGNED (creator snapshot window vs paid Apr-Aug closed months)
69cb915e000000001a023bd7,小户型也可以拥有的多功能完美岛台,2026-03-31 19:02,video,27.0,CREATOR_PERFORMANCE_PRESENT,65.0,0.0,0.0,0.0,0.0,1,2,2,NOTE_PAID_METRIC_PRESENT,1,M2026-08,M2026-08,0.0,1.0,0.0,0.0,UNALIGNED (creator snapshot window vs paid Apr-Aug closed months)
69cce0ed000000001a029e9d,"L型双岛台,现代美学的碰撞💥",2026-04-01 17:10,video,52.0,CREATOR_PERFORMANCE_PRESENT,309.0,1.0,0.0,0.0,0.0,1,2,2,NOTE_PAID_METRIC_PRESENT,5,M2026-04,M2026-08,3.04,74.0,19.0,0.0,UNALIGNED (creator snapshot window vs paid Apr-Aug closed months)
69cce15a000000001a030988,"被问爆的岛台,抄作业成功",2026-04-02 12:01,video,46.0,CREATOR_PERFORMANCE_PRESENT,104.0,2.0,0.0,0.0,0.0,1,2,2,PAID_ASSOCIATED_NO_METRIC_RECORD,0,,,,,,,UNALIGNED (creator snapshot window vs paid Apr-Aug closed months)
69cdfe5a000000001a0285e9,有一说一我还是劝你别做餐桌了!,2026-04-03 12:03,video,118.0,CREATOR_PERFORMANCE_PRESENT,48.0,0.0,0.0,0.0,0.0,1,2,2,NOTE_PAID_METRIC_PRESENT,1,M2026-05,M2026-05,0.0,1.0,0.0,0.0,UNALIGNED (creator snapshot window vs paid Apr-Aug closed months)
69ce32e1000000001a027e78,"餐厨一体,小户型岛台选择才有家的灵魂",2026-04-02 19:02,video,43.0,CREATOR_PERFORMANCE_PRESENT,76.0,0.0,0.0,0.0,0.0,1,2,2,NOTE_PAID_METRIC_PRESENT,3,M2026-04,M2026-07,0.0,4.0,0.0,0.0,UNALIGNED (creator snapshot window vs paid Apr-Aug closed months)
69ce5721000000001a030e4f,是谁还在说奶油风岛台是智商税的!!️,2026-04-05 12:01,video,21.0,CREATOR_PERFORMANCE_PRESENT,100.0,1.0,1.0,0.0,0.0,1,2,2,NOTE_PAID_METRIC_PRESENT,3,M2026-04,M2026-07,0.0,5.0,0.0,0.0,UNALIGNED (creator snapshot window vs paid Apr-Aug closed months)
69cf8544000000002200210b,不装岛台绝对不知道的居家感有多香,2026-04-03 19:02,video,57.0,CREATOR_PERFORMANCE_PRESENT,153.0,1.0,1.0,0.0,0.0,1,2,2,PAID_ASSOCIATED_NO_METRIC_RECORD,0,,,,,,,UNALIGNED (creator snapshot window vs paid Apr-Aug closed months)
69cf8712000000001a0322e6,一个视频告诉你为什么一定要做岛台💥,2026-04-04 12:02,video,39.0,CREATOR_PERFORMANCE_PRESENT,84.0,1.0,0.0,0.0,0.0,1,2,2,NOTE_PAID_METRIC_PRESENT,1,M2026-05,M2026-05,0.0,1.0,0.0,0.0,UNALIGNED (creator snapshot window vs paid Apr-Aug closed months)
69d0d7160000000022000bc4,适合任何户型的岛台,2026-04-04 19:01,video,39.0,CREATOR_PERFORMANCE_PRESENT,102.0,1.0,1.0,0.0,1.0,1,2,2,NOTE_PAID_METRIC_PRESENT,2,M2026-05,M2026-08,0.0,4.0,0.0,0.0,UNALIGNED (creator snapshot window vs paid Apr-Aug closed months)
69d21678000000001a026606,"岛台定制的坑替大家踩了,你们别踩了❌",2026-04-07 12:01,video,117.0,CREATOR_PERFORMANCE_PRESENT,62.0,3.0,0.0,0.0,0.0,1,2,2,NOTE_PAID_METRIC_PRESENT,3,M2026-04,M2026-06,0.01,6.0,1.0,0.0,UNALIGNED (creator snapshot window vs paid Apr-Aug closed months)
69d230ff000000001a027d5b,"开放式餐厨空间,装岛台到底有多香😍",2026-04-05 19:01,video,43.0,CREATOR_PERFORMANCE_PRESENT,101.0,1.0,0.0,0.0,1.0,1,2,2,NOTE_PAID_METRIC_PRESENT,3,M2026-04,M2026-08,0.0,4.0,0.0,0.0,UNALIGNED (creator snapshot window vs paid Apr-Aug closed months)
69d258ed000000002102fc18,小户型岛台应该怎么选👀,2026-04-06 19:01,video,49.0,CREATOR_PERFORMANCE_PRESENT,161.0,0.0,0.0,2.0,0.0,1,2,2,NOTE_PAID_METRIC_PRESENT,5,M2026-04,M2026-08,1.36,21.0,4.0,0.0,UNALIGNED (creator snapshot window vs paid Apr-Aug closed months)
69d49918000000001a027488,岛台定制的老坑你们别踩了,2026-04-09 12:01,video,117.0,CREATOR_PERFORMANCE_PRESENT,62.0,0.0,2.0,0.0,0.0,1,2,2,NOTE_PAID_METRIC_PRESENT,5,M2026-04,M2026-08,14.49,39.0,5.0,0.0,UNALIGNED (creator snapshot window vs paid Apr-Aug closed months)
69d4b05d000000001a0272a1,这个岛台就是餐厅里的颜值C位,2026-04-07 19:01,video,65.0,CREATOR_PERFORMANCE_PRESENT,104.0,1.0,0.0,0.0,0.0,1,2,2,NOTE_PAID_METRIC_PRESENT,2,M2026-06,M2026-08,0.0,2.0,0.0,0.0,UNALIGNED (creator snapshot window vs paid Apr-Aug closed months)
69d4b0cb000000001a0274f9,"可伸缩岛台,省空间又增容",2026-04-08 12:01,video,49.0,CREATOR_PERFORMANCE_PRESENT,81.0,0.0,0.0,0.0,0.0,1,2,2,PAID_ASSOCIATED_NO_METRIC_RECORD,0,,,,,,,UNALIGNED (creator snapshot window vs paid Apr-Aug closed months)
69d62437000000001a029164,按头安利7类岛台🔥,2026-04-08 19:02,video,88.0,CREATOR_PERFORMANCE_PRESENT,76.0,1.0,1.0,0.0,2.0,1,2,2,NOTE_PAID_METRIC_PRESENT,5,M2026-04,M2026-08,0.38,10.0,1.0,0.0,UNALIGNED (creator snapshot window vs paid Apr-Aug closed months)
69d76c4f000000001a020b12,看到这个岛台才明白不做餐桌的原因!,2026-04-09 19:02,video,75.0,CREATOR_PERFORMANCE_PRESENT,348.0,1.0,6.0,0.0,3.0,1,2,2,NOTE_PAID_METRIC_PRESENT,3,M2026-04,M2026-08,0.1,13.0,2.0,0.0,UNALIGNED (creator snapshot window vs paid Apr-Aug closed months)
69d76c9d000000001a030e8b,巨干货!小白做岛台5大工艺少一个都不行,2026-04-10 12:01,video,102.0,CREATOR_PERFORMANCE_PRESENT,51.0,0.0,0.0,0.0,0.0,1,2,2,NOTE_PAID_METRIC_PRESENT,4,M2026-04,M2026-08,0.0,5.0,0.0,0.0,UNALIGNED (creator snapshot window vs paid Apr-Aug closed months)
69d8c91f000000001a023d2d,"岛台是做好看了🤔,可是椅子呢?",2026-04-10 19:01,video,33.0,CREATOR_PERFORMANCE_PRESENT,101.0,0.0,2.0,0.0,2.0,1,2,2,NOTE_PAID_METRIC_PRESENT,4,M2026-04,M2026-08,0.0,7.0,0.0,0.0,UNALIGNED (creator snapshot window vs paid Apr-Aug closed months)
69d8c97c000000002102d6a6,岛台轨道插座🔥看这一条就够了,2026-04-11 12:01,video,216.0,CREATOR_PERFORMANCE_PRESENT,1.0,0.0,0.0,0.0,0.0,0,0,0,NO_PAID_ASSOCIATION_OBSERVED,0,,,,,,,UNALIGNED (creator snapshot window vs paid Apr-Aug closed months)
69da0516000000001a030ff1,鲜花搭配奶油风岛台太治愈啦😍,2026-04-11 19:00,video,46.0,CREATOR_PERFORMANCE_PRESENT,115.0,0.0,3.0,0.0,1.0,1,2,2,NOTE_PAID_METRIC_PRESENT,2,M2026-05,M2026-08,0.0,3.0,0.0,0.0,UNALIGNED (creator snapshot window vs paid Apr-Aug closed months)
69da0590000000002102e154,岛台避雷🚥伸缩岛台不要这样做⚠️,2026-04-12 12:01,video,90.0,CREATOR_PERFORMANCE_PRESENT,2.0,0.0,0.0,0.0,0.0,0,0,0,NO_PAID_ASSOCIATION_OBSERVED,0,,,,,,,UNALIGNED (creator snapshot window vs paid Apr-Aug closed months)
69db4441000000001a0245aa,请选择你家的岛台款式,2026-04-12 19:00,video,36.0,CREATOR_PERFORMANCE_PRESENT,218.0,0.0,1.0,0.0,0.0,1,2,2,NOTE_PAID_METRIC_PRESENT,2,M2026-05,M2026-07,0.0,3.0,0.0,0.0,UNALIGNED (creator snapshot window vs paid Apr-Aug closed months)
69db4493000000001a033d3f,再见了传统横厅👋🏻👋🏻,2026-04-13 12:00,video,131.0,CREATOR_PERFORMANCE_PRESENT,96.0,3.0,3.0,0.0,2.0,1,2,2,NOTE_PAID_METRIC_PRESENT,4,M2026-04,M2026-08,0.02,16.0,2.0,0.0,UNALIGNED (creator snapshot window vs paid Apr-Aug closed months)
69dca9fe000000002103a4d3,只剩下做好岛台的本事了👀,2026-04-13 19:01,video,161.0,CREATOR_PERFORMANCE_PRESENT,94.0,1.0,1.0,0.0,3.0,1,2,2,NOTE_PAID_METRIC_PRESENT,5,M2026-04,M2026-08,6.8,48.0,6.0,0.0,UNALIGNED (creator snapshot window vs paid Apr-Aug closed months)
69dcaa3f000000001a023139,这个原木奶油风岛台太招人喜欢了😍,2026-04-14 12:01,video,107.0,CREATOR_PERFORMANCE_PRESENT,60.0,2.0,2.0,4.0,0.0,1,2,2,NOTE_PAID_METRIC_PRESENT,3,M2026-04,M2026-08,0.51,23.0,1.0,0.0,UNALIGNED (creator snapshot window vs paid Apr-Aug closed months)
69ddffbf000000001a029ff1,奶油风高颜值厨房🔥➕岛台,2026-04-14 19:01,video,103.0,CREATOR_PERFORMANCE_PRESENT,58.0,0.0,1.0,0.0,0.0,1,2,2,NOTE_PAID_METRIC_PRESENT,3,M2026-04,M2026-08,0.0,3.0,0.0,0.0,UNALIGNED (creator snapshot window vs paid Apr-Aug closed months)
69ddfff300000000210381b5,"岛台翻车经验,做岛台一定要看🔥",2026-04-15 12:01,video,71.0,CREATOR_PERFORMANCE_PRESENT,162.0,1.0,2.0,0.0,2.0,1,2,2,NOTE_PAID_METRIC_PRESENT,4,M2026-04,M2026-08,0.01,19.0,1.0,0.0,UNALIGNED (creator snapshot window vs paid Apr-Aug closed months)
69df4d36000000001a02813c,"有这个岛台才是我不坐餐桌的理由,太香了!",2026-04-15 19:01,video,74.0,CREATOR_PERFORMANCE_PRESENT,283.0,3.0,5.0,0.0,3.0,1,2,2,NOTE_PAID_METRIC_PRESENT,5,M2026-04,M2026-08,0.25,15.0,2.0,0.0,UNALIGNED (creator snapshot window vs paid Apr-Aug closed months)
69df4d8c0000000022003cc5,别再选原木桌面了!看看其他材质,2026-04-16 12:01,video,178.0,CREATOR_PERFORMANCE_PRESENT,45.0,0.0,0.0,0.0,0.0,0,0,0,NO_PAID_ASSOCIATION_OBSERVED,0,,,,,,,UNALIGNED (creator snapshot window vs paid Apr-Aug closed months)
69e098fe000000001a02a5f9,岛台真的不实用吗?,2026-04-16 19:01,video,31.0,CREATOR_PERFORMANCE_PRESENT,54.0,1.0,1.0,0.0,2.0,1,2,2,NOTE_PAID_METRIC_PRESENT,3,M2026-04,M2026-07,0.0,6.0,0.0,0.0,UNALIGNED (creator snapshot window vs paid Apr-Aug closed months)
69e09a180000000021039109,岛台桌腿选择会给岛台颜值带来怎么样的影响,2026-04-17 12:01,video,34.0,CREATOR_PERFORMANCE_PRESENT,43.0,0.0,0.0,2.0,2.0,0,0,0,NO_PAID_ASSOCIATION_OBSERVED,0,,,,,,,UNALIGNED (creator snapshot window vs paid Apr-Aug closed months)
69e1fb9e000000001a02a60b,岛台避坑指南🔥岛台尺寸应该怎么做,2026-04-17 19:01,video,96.0,CREATOR_PERFORMANCE_PRESENT,132.0,2.0,2.0,0.0,1.0,1,2,2,NOTE_PAID_METRIC_PRESENT,3,M2026-04,M2026-07,0.0,4.0,0.0,0.0,UNALIGNED (creator snapshot window vs paid Apr-Aug closed months)
69e1fc58000000001a032718,居家岛台十不做🔥打造温馨居家感,2026-04-18 12:01,video,127.0,CREATOR_PERFORMANCE_PRESENT,76.0,1.0,0.0,0.0,1.0,1,2,2,NOTE_PAID_METRIC_PRESENT,3,M2026-06,M2026-08,0.65,4.0,0.0,1.0,UNALIGNED (creator snapshot window vs paid Apr-Aug closed months)
69e3479d00000000220012d6,按照自己审美定制的岛台真是太好看啦!,2026-04-18 19:00,video,31.0,CREATOR_PERFORMANCE_PRESENT,70.0,0.0,1.0,0.0,0.0,1,2,2,NOTE_PAID_METRIC_PRESENT,4,M2026-04,M2026-08,1.51,29.0,2.0,0.0,UNALIGNED (creator snapshot window vs paid Apr-Aug closed months)
69e3482b000000002102da08,按头安利7类岛台💯再也不用担心岛台翻车,2026-04-19 12:01,video,88.0,CREATOR_PERFORMANCE_PRESENT,70.0,1.0,1.0,0.0,0.0,1,2,2,NOTE_PAID_METRIC_PRESENT,1,M2026-05,M2026-05,0.0,1.0,0.0,0.0,UNALIGNED (creator snapshot window vs paid Apr-Aug closed months)
69e49380000000001a022d0e,岛台定制要注意的坑!!️,2026-04-19 19:00,video,117.0,CREATOR_PERFORMANCE_PRESENT,77.0,0.0,2.0,0.0,0.0,1,2,2,NOTE_PAID_METRIC_PRESENT,2,M2026-07,M2026-08,0.47,5.0,2.0,1.0,UNALIGNED (creator snapshot window vs paid Apr-Aug closed months)
69e493f50000000021011353,好看又好用的一岛多用岛台🔥,2026-04-20 12:05,video,79.0,CREATOR_PERFORMANCE_PRESENT,106.0,0.0,1.0,0.0,0.0,1,2,2,NOTE_PAID_METRIC_PRESENT,3,M2026-06,M2026-08,0.0,3.0,0.0,0.0,UNALIGNED (creator snapshot window vs paid Apr-Aug closed months)
69e5e28d000000002103a0ef,!!️想把岛台砸了重新......,2026-04-20 19:01,video,50.0,CREATOR_PERFORMANCE_PRESENT,496.0,1.0,5.0,0.0,1.0,1,2,2,NOTE_PAID_METRIC_PRESENT,4,M2026-05,M2026-08,0.22,28.0,3.0,0.0,UNALIGNED (creator snapshot window vs paid Apr-Aug closed months)
69e5e2ef000000001a0337bc,收纳王炸🔥这个伸缩岛台很能装!,2026-04-21 12:00,video,66.0,CREATOR_PERFORMANCE_PRESENT,76.0,0.0,1.0,0.0,1.0,1,2,2,NOTE_PAID_METRIC_PRESENT,2,M2026-05,M2026-06,0.0,11.0,0.0,0.0,UNALIGNED (creator snapshot window vs paid Apr-Aug closed months)
69e7226e000000001a025531,岛台餐桌怎么选?,2026-04-21 19:00,video,33.0,CREATOR_PERFORMANCE_PRESENT,62.0,1.0,0.0,0.0,1.0,1,2,2,NOTE_PAID_METRIC_PRESENT,2,M2026-05,M2026-08,0.06,3.0,1.0,0.0,UNALIGNED (creator snapshot window vs paid Apr-Aug closed months)
69e722b7000000001a023879,岛台分享🔥开放式厨房吧台设计,2026-04-22 12:02,video,40.0,CREATOR_PERFORMANCE_PRESENT,171.0,0.0,2.0,0.0,2.0,1,2,2,NOTE_PAID_METRIC_PRESENT,4,M2026-05,M2026-08,0.07,49.0,7.0,0.0,UNALIGNED (creator snapshot window vs paid Apr-Aug closed months)
69e887d2000000002102ffa4,10w人都在问的岛台餐桌设计细节!!️,2026-04-22 19:01,video,80.0,CREATOR_PERFORMANCE_PRESENT,114.0,0.0,2.0,2.0,1.0,1,2,2,NOTE_PAID_METRIC_PRESENT,4,M2026-05,M2026-08,0.91,41.0,3.0,0.0,UNALIGNED (creator snapshot window vs paid Apr-Aug closed months)
69e88838000000001a024a9a,没做好还让人受伤的这种岛台避雷❗,2026-04-23 12:01,video,57.0,CREATOR_PERFORMANCE_PRESENT,159.0,0.0,0.0,0.0,1.0,1,2,2,NOTE_PAID_METRIC_PRESENT,3,M2026-05,M2026-07,0.02,5.0,1.0,0.0,UNALIGNED (creator snapshot window vs paid Apr-Aug closed months)
69e9d0d70000000020000800,岛台合集来啦🔥🔥🔥🔥,2026-04-23 19:01,video,45.0,CREATOR_PERFORMANCE_PRESENT,57.0,0.0,1.0,0.0,0.0,1,2,2,NOTE_PAID_METRIC_PRESENT,4,M2026-05,M2026-08,0.0,12.0,0.0,0.0,UNALIGNED (creator snapshot window vs paid Apr-Aug closed months)
69e9d1570000000020006000,岛台电源怎么留?🤔,2026-04-24 12:01,video,33.0,CREATOR_PERFORMANCE_PRESENT,129.0,1.0,1.0,0.0,0.0,0,0,0,NO_PAID_ASSOCIATION_OBSERVED,0,,,,,,,UNALIGNED (creator snapshot window vs paid Apr-Aug closed months)
69eb22720000000020013003,岛台茶空间真的实用吗🤔❓,2026-04-24 19:01,video,37.0,CREATOR_PERFORMANCE_PRESENT,113.0,0.0,0.0,0.0,0.0,1,2,2,NOTE_PAID_METRIC_PRESENT,3,M2026-05,M2026-07,0.02,19.0,2.0,0.0,UNALIGNED (creator snapshot window vs paid Apr-Aug closed months)
69eb2348000000002000080a,岛台灯光60s能救一个是一个,2026-04-25 12:03,video,71.0,CREATOR_PERFORMANCE_PRESENT,149.0,2.0,2.0,0.0,0.0,0,0,0,NO_PAID_ASSOCIATION_OBSERVED,0,,,,,,,UNALIGNED (creator snapshot window vs paid Apr-Aug closed months)
69ec80a6000000003701d6a0,飘窗岛台设计小心机,2026-04-25 19:01,video,47.0,CREATOR_PERFORMANCE_PRESENT,108.0,0.0,3.0,2.0,1.0,1,2,2,NOTE_PAID_METRIC_PRESENT,4,M2026-05,M2026-08,2.43,124.0,13.0,0.0,UNALIGNED (creator snapshot window vs paid Apr-Aug closed months)
69ec8506000000003701f3f0,"入户就是餐厅,岛台加餐桌我都要!",2026-04-26 12:02,video,39.0,CREATOR_PERFORMANCE_PRESENT,178.0,1.0,1.0,0.0,0.0,1,2,2,NOTE_PAID_METRIC_PRESENT,4,M2026-05,M2026-08,0.18,16.0,1.0,0.0,UNALIGNED (creator snapshot window vs paid Apr-Aug closed months)
69eda13b000000003601a9af,最满意的家具是我随便买的岛台,2026-04-26 19:00,video,17.0,CREATOR_PERFORMANCE_PRESENT,103.0,1.0,2.0,0.0,3.0,1,2,2,NOTE_PAID_METRIC_PRESENT,1,M2026-07,M2026-07,0.0,1.0,0.0,0.0,UNALIGNED (creator snapshot window vs paid Apr-Aug closed months)
69eda28a000000003701d066,强迫症狂喜的小户型岛台🔥,2026-04-27 12:01,video,96.0,CREATOR_PERFORMANCE_PRESENT,581.0,7.0,10.0,8.0,7.0,1,2,2,NOTE_PAID_METRIC_PRESENT,4,M2026-05,M2026-08,16.04,225.0,22.0,0.0,UNALIGNED (creator snapshot window vs paid Apr-Aug closed months)
69eda5e50000000037035f91,岛台都给我做双面收纳,2026-04-27 19:01,video,58.0,CREATOR_PERFORMANCE_PRESENT,110.0,0.0,0.0,2.0,0.0,1,2,2,NOTE_PAID_METRIC_PRESENT,4,M2026-05,M2026-08,0.0,10.0,0.0,0.0,UNALIGNED (creator snapshot window vs paid Apr-Aug closed months)
69eda70d000000003701ea0d,500w豪宅变装🔥伸缩岛台设计好颜值嗖嗖上,2026-04-28 12:02,video,22.0,CREATOR_PERFORMANCE_PRESENT,90.0,0.0,0.0,0.0,0.0,1,2,2,NOTE_PAID_METRIC_PRESENT,2,M2026-05,M2026-06,0.0,2.0,0.0,0.0,UNALIGNED (creator snapshot window vs paid Apr-Aug closed months)
69edaad80000000037037c37,"原本以为餐桌就很好了,没想到还有岛台😍",2026-04-28 19:00,video,159.0,CREATOR_PERFORMANCE_PRESENT,10667.0,72.0,119.0,2.0,57.0,1,2,2,NOTE_PAID_METRIC_PRESENT,4,M2026-05,M2026-08,0.72,91.0,2.0,0.0,UNALIGNED (creator snapshot window vs paid Apr-Aug closed months)
69edabed00000000370342b3,父母都喜欢的岛台怎么做,2026-04-29 12:00,video,32.0,CREATOR_PERFORMANCE_PRESENT,81.0,0.0,0.0,0.0,0.0,1,2,2,NOTE_PAID_METRIC_PRESENT,1,M2026-05,M2026-05,0.0,1.0,0.0,0.0,UNALIGNED (creator snapshot window vs paid Apr-Aug closed months)
69edb08f000000003601db21,套内80平想做岛台的抄作业!,2026-04-29 19:01,video,66.0,CREATOR_PERFORMANCE_PRESENT,256.0,4.0,4.0,4.0,4.0,1,2,2,NOTE_PAID_METRIC_PRESENT,3,M2026-05,M2026-08,1.06,18.0,2.0,0.0,UNALIGNED (creator snapshot window vs paid Apr-Aug closed months)
69edb11c000000003601de80,"空间放大术,好的岛台收纳就是会让家变大❗",2026-04-30 12:03,video,61.0,CREATOR_PERFORMANCE_PRESENT,66.0,0.0,1.0,0.0,0.0,1,2,2,NOTE_PAID_METRIC_PRESENT,2,M2026-06,M2026-07,0.0,2.0,0.0,0.0,UNALIGNED (creator snapshot window vs paid Apr-Aug closed months)
69edb1980000000036018960,和百万粉大v合作能走向成功吗🤔,2026-04-30 19:01,video,104.0,CREATOR_PERFORMANCE_PRESENT,37.0,1.0,0.0,0.0,0.0,1,2,2,NOTE_PAID_METRIC_PRESENT,1,M2026-07,M2026-07,0.0,1.0,0.0,0.0,UNALIGNED (creator snapshot window vs paid Apr-Aug closed months)
69edb1e5000000003802261d,沙发怎么选?终极攻略来啦,2026-05-01 12:01,video,141.0,CREATOR_PERFORMANCE_PRESENT,76.0,0.0,0.0,0.0,0.0,0,0,0,NO_PAID_ASSOCIATION_OBSERVED,0,,,,,,,UNALIGNED (creator snapshot window vs paid Apr-Aug closed months)
69edc6dc00000000360186bb,岛台定制拒绝翻车❗,2026-05-01 19:00,video,79.0,CREATOR_PERFORMANCE_PRESENT,87.0,0.0,1.0,0.0,0.0,1,2,2,PAID_ASSOCIATED_NO_METRIC_RECORD,0,,,,,,,UNALIGNED (creator snapshot window vs paid Apr-Aug closed months)
69edc7450000000036018931,听了邻居的建议做了岛台餐桌餐岛分离😍,2026-05-02 19:00,video,18.0,CREATOR_PERFORMANCE_PRESENT,89.0,0.0,1.0,0.0,0.0,1,2,2,NOTE_PAID_METRIC_PRESENT,3,M2026-05,M2026-08,0.0,6.0,0.0,0.0,UNALIGNED (creator snapshot window vs paid Apr-Aug closed months)
69edc7ab0000000038022757,百万豪宅定制的岛台长这样👀,2026-05-02 12:01,video,15.0,CREATOR_PERFORMANCE_PRESENT,52.0,0.0,0.0,0.0,0.0,1,2,2,NOTE_PAID_METRIC_PRESENT,3,M2026-05,M2026-07,0.0,7.0,0.0,0.0,UNALIGNED (creator snapshot window vs paid Apr-Aug closed months)
69edc7fd00000000360319d8,开放式厨房有必要选餐桌吗?,2026-05-03 12:01,video,21.0,CREATOR_PERFORMANCE_PRESENT,60.0,0.0,0.0,0.0,0.0,1,2,2,NOTE_PAID_METRIC_PRESENT,1,M2026-08,M2026-08,0.0,1.0,0.0,0.0,UNALIGNED (creator snapshot window vs paid Apr-Aug closed months)
69f6f992000000003601a5c8,多功能餐岛一体岛台,2026-05-03 19:01,video,20.0,CREATOR_PERFORMANCE_PRESENT,108.0,2.0,0.0,0.0,2.0,1,2,2,NOTE_PAID_METRIC_PRESENT,2,M2026-05,M2026-08,0.0,3.0,0.0,0.0,UNALIGNED (creator snapshot window vs paid Apr-Aug closed months)
69f70ce7000000003701f851,开放式厨房中岛台设计🔥,2026-05-04 12:02,video,15.0,CREATOR_PERFORMANCE_PRESENT,106.0,0.0,0.0,0.0,0.0,1,2,2,NOTE_PAID_METRIC_PRESENT,2,M2026-05,M2026-07,0.22,5.0,0.0,0.0,UNALIGNED (creator snapshot window vs paid Apr-Aug closed months)
69f86844000000003701cda4,装个岛台=多出5m2😍,2026-05-04 19:01,video,15.0,CREATOR_PERFORMANCE_PRESENT,64.0,1.0,0.0,0.0,0.0,1,2,2,NOTE_PAID_METRIC_PRESENT,3,M2026-05,M2026-08,0.33,12.0,1.0,0.0,UNALIGNED (creator snapshot window vs paid Apr-Aug closed months)
69f868b8000000003701d0aa,一个岛台=备餐台➕餐桌收纳柜,2026-05-05 14:00,video,23.0,CREATOR_PERFORMANCE_PRESENT,70.0,0.0,0.0,0.0,0.0,1,2,2,NOTE_PAID_METRIC_PRESENT,4,M2026-05,M2026-08,0.0,7.0,0.0,0.0,UNALIGNED (creator snapshot window vs paid Apr-Aug closed months)
69f9a0170000000036033e87,小户型真香型伸缩岛台😍YYDS,2026-05-05 19:01,video,17.0,CREATOR_PERFORMANCE_PRESENT,59.0,0.0,0.0,2.0,0.0,1,2,2,NOTE_PAID_METRIC_PRESENT,1,M2026-07,M2026-07,0.0,1.0,0.0,0.0,UNALIGNED (creator snapshot window vs paid Apr-Aug closed months)
69f9a0ac000000003701d937,通透又显大的开放式厨房标配岛台🤔,2026-05-06 12:01,video,21.0,CREATOR_PERFORMANCE_PRESENT,125.0,2.0,1.0,0.0,0.0,1,2,2,NOTE_PAID_METRIC_PRESENT,4,M2026-05,M2026-08,1.18,19.0,2.0,0.0,UNALIGNED (creator snapshot window vs paid Apr-Aug closed months)
69fb0ef8000000003601dea2,岛台这样设计真的很实用✔🔥,2026-05-06 19:01,video,31.0,CREATOR_PERFORMANCE_PRESENT,62.0,0.0,1.0,2.0,0.0,1,2,2,NOTE_PAID_METRIC_PRESENT,3,M2026-06,M2026-08,0.01,9.0,0.0,0.0,UNALIGNED (creator snapshot window vs paid Apr-Aug closed months)
69fb0f64000000003703635a,岛台和餐桌为什么不做岛台?,2026-05-07 12:01,video,32.0,CREATOR_PERFORMANCE_PRESENT,45.0,0.0,1.0,0.0,1.0,1,2,2,NOTE_PAID_METRIC_PRESENT,4,M2026-05,M2026-08,0.23,6.0,0.0,0.0,UNALIGNED (creator snapshot window vs paid Apr-Aug closed months)
69fc5589000000003601b35e,"好岛台看工艺,这样的岛台很实用!!️",2026-05-07 19:02,video,13.0,CREATOR_PERFORMANCE_PRESENT,54.0,0.0,0.0,0.0,0.0,1,2,2,NOTE_PAID_METRIC_PRESENT,2,M2026-06,M2026-07,0.19,5.0,1.0,0.0,UNALIGNED (creator snapshot window vs paid Apr-Aug closed months)
69fc8338000000003603197b,"为啥选岛台不选餐桌,这个悬浮感岛台给你答",2026-05-08 12:02,video,32.0,CREATOR_PERFORMANCE_PRESENT,49.0,0.0,0.0,0.0,0.0,1,2,2,NOTE_PAID_METRIC_PRESENT,1,M2026-07,M2026-07,0.0,1.0,0.0,0.0,UNALIGNED (creator snapshot window vs paid Apr-Aug closed months)
69fda6f1000000003701c450,小户型➕岛台设计!氛围感拉满🔥,2026-05-08 19:02,video,40.0,CREATOR_PERFORMANCE_PRESENT,110.0,0.0,0.0,0.0,0.0,1,2,2,NOTE_PAID_METRIC_PRESENT,2,M2026-05,M2026-07,0.0,3.0,0.0,0.0,UNALIGNED (creator snapshot window vs paid Apr-Aug closed months)
69fda74d000000003802066a,小户型都需要一个这样的岛台😍,2026-05-09 12:01,video,29.0,CREATOR_PERFORMANCE_PRESENT,52.0,0.0,0.0,0.0,0.0,1,2,2,PAID_ASSOCIATED_NO_METRIC_RECORD,0,,,,,,,UNALIGNED (creator snapshot window vs paid Apr-Aug closed months)
69fef71f000000003803494e,"工厂第一现场验货,最直观的看到你的岛台",2026-05-09 19:02,video,25.0,CREATOR_PERFORMANCE_PRESENT,94.0,0.0,0.0,0.0,0.0,1,2,2,NOTE_PAID_METRIC_PRESENT,4,M2026-05,M2026-08,0.08,21.0,1.0,0.0,UNALIGNED (creator snapshot window vs paid Apr-Aug closed months)
69fef7a4000000003802333b,"厨房顶级c位,高颜值岛台",2026-05-10 12:02,video,17.0,CREATOR_PERFORMANCE_PRESENT,45.0,1.0,0.0,0.0,2.0,1,2,2,NOTE_PAID_METRIC_PRESENT,3,M2026-05,M2026-07,0.0,8.0,0.0,0.0,UNALIGNED (creator snapshot window vs paid Apr-Aug closed months)
6a004a1b000000003601b0de,Minni款的伸缩岛台来喽🔥小户型小公寓用,2026-05-10 19:01,video,40.0,CREATOR_PERFORMANCE_PRESENT,86.0,3.0,1.0,0.0,0.0,1,2,2,NOTE_PAID_METRIC_PRESENT,4,M2026-05,M2026-08,6.53,31.0,5.0,0.0,UNALIGNED (creator snapshot window vs paid Apr-Aug closed months)
6a004ab7000000003700c017,"岛台款式合集,多款任选🔥",2026-05-11 12:01,video,17.0,CREATOR_PERFORMANCE_PRESENT,33.0,1.0,0.0,0.0,0.0,1,2,2,NOTE_PAID_METRIC_PRESENT,2,M2026-07,M2026-08,0.0,6.0,0.0,0.0,UNALIGNED (creator snapshot window vs paid Apr-Aug closed months)
6a01986e0000000038023ec4,"谁说小户型不能做岛台,先看看入户效果🔥",2026-05-11 19:01,video,58.0,CREATOR_PERFORMANCE_PRESENT,52.0,1.0,0.0,0.0,0.0,1,2,2,NOTE_PAID_METRIC_PRESENT,1,M2026-07,M2026-07,0.57,3.0,0.0,0.0,UNALIGNED (creator snapshot window vs paid Apr-Aug closed months)
6a0198ba000000003601f6e1,小户型让空间变大的伸缩岛台,2026-05-12 12:01,video,22.0,CREATOR_PERFORMANCE_PRESENT,57.0,0.0,0.0,0.0,0.0,1,2,2,NOTE_PAID_METRIC_PRESENT,2,M2026-05,M2026-06,0.0,2.0,0.0,0.0,UNALIGNED (creator snapshot window vs paid Apr-Aug closed months)
6a02e9040000000036019e32,小户型真香的餐岛一体配置🔥,2026-05-12 19:01,video,12.0,CREATOR_PERFORMANCE_PRESENT,94.0,0.0,0.0,0.0,2.0,1,2,2,PAID_ASSOCIATED_NO_METRIC_RECORD,0,,,,,,,UNALIGNED (creator snapshot window vs paid Apr-Aug closed months)
6a02e95400000000370375c9,越用越喜欢的多功能岛台餐桌😍,2026-05-13 12:01,video,24.0,CREATOR_PERFORMANCE_PRESENT,71.0,0.0,0.0,4.0,1.0,1,2,2,NOTE_PAID_METRIC_PRESENT,3,M2026-05,M2026-07,0.0,5.0,0.0,0.0,UNALIGNED (creator snapshot window vs paid Apr-Aug closed months)
6a043c4e000000003701edcd,岛台定制容易忽略的细节🤔干货分享,2026-05-13 19:02,video,49.0,CREATOR_PERFORMANCE_PRESENT,157.0,0.0,2.0,0.0,1.0,1,2,2,NOTE_PAID_METRIC_PRESENT,3,M2026-05,M2026-07,0.0,5.0,0.0,0.0,UNALIGNED (creator snapshot window vs paid Apr-Aug closed months)
6a043cb600000000370356ab,意式极简风返台搭配🔥,2026-05-14 12:01,video,28.0,CREATOR_PERFORMANCE_PRESENT,53.0,0.0,1.0,0.0,0.0,1,2,2,NOTE_PAID_METRIC_PRESENT,1,M2026-08,M2026-08,0.0,2.0,0.0,0.0,UNALIGNED (creator snapshot window vs paid Apr-Aug closed months)
6a059657000000003601896e,做岛台不能忽略的细节是哪些🔥❓,2026-05-14 19:02,video,131.0,CREATOR_PERFORMANCE_PRESENT,66.0,1.0,1.0,2.0,1.0,1,2,2,PAID_ASSOCIATED_NO_METRIC_RECORD,0,,,,,,,UNALIGNED (creator snapshot window vs paid Apr-Aug closed months)
6a06e595000000003601d03d,"岛台定制注意这9点,翻车直接避开!",2026-05-15 19:02,video,82.0,CREATOR_PERFORMANCE_PRESENT,78.0,2.0,4.0,0.0,1.0,1,2,2,NOTE_PAID_METRIC_PRESENT,2,M2026-07,M2026-08,0.0,2.0,0.0,0.0,UNALIGNED (creator snapshot window vs paid Apr-Aug closed months)
6a06e7fd000000003700c5ed,凹造型专用吧台交作业啦🔥,2026-05-16 12:03,video,42.0,CREATOR_PERFORMANCE_PRESENT,87.0,0.0,1.0,0.0,0.0,1,2,2,NOTE_PAID_METRIC_PRESENT,4,M2026-05,M2026-08,0.55,33.0,2.0,0.0,UNALIGNED (creator snapshot window vs paid Apr-Aug closed months)
6a083474000000003700d83a,餐厨装修必备的岛台尺寸🔥,2026-05-16 19:01,video,21.0,CREATOR_PERFORMANCE_PRESENT,249.0,2.0,3.0,2.0,2.0,1,2,2,NOTE_PAID_METRIC_PRESENT,4,M2026-05,M2026-08,0.58,17.0,4.0,0.0,UNALIGNED (creator snapshot window vs paid Apr-Aug closed months)
6a085c0a000000003700d0fb,2000+做岛台❓,2026-05-17 12:02,video,135.0,CREATOR_PERFORMANCE_PRESENT,128.0,0.0,0.0,0.0,0.0,1,2,2,NOTE_PAID_METRIC_PRESENT,4,M2026-05,M2026-08,5.01,50.0,3.0,0.0,UNALIGNED (creator snapshot window vs paid Apr-Aug closed months)
6a09838e000000003700c538,定制的岛台可以有多细节😍😍,2026-05-17 19:05,video,71.0,CREATOR_PERFORMANCE_PRESENT,130.0,0.0,0.0,0.0,3.0,1,2,2,NOTE_PAID_METRIC_PRESENT,4,M2026-05,M2026-08,0.13,9.0,2.0,0.0,UNALIGNED (creator snapshot window vs paid Apr-Aug closed months)
6a09c38a000000003601b6b3,岛台地插怎么留才合适?🤔,2026-05-18 12:01,video,38.0,CREATOR_PERFORMANCE_PRESENT,131.0,1.0,1.0,0.0,0.0,1,2,2,NOTE_PAID_METRIC_PRESENT,4,M2026-05,M2026-08,0.66,60.0,8.0,0.0,UNALIGNED (creator snapshot window vs paid Apr-Aug closed months)
6a0ac1d0000000003601b3c6,按头安利7种岛台💯,2026-05-18 19:01,video,157.0,CREATOR_PERFORMANCE_PRESENT,123.0,2.0,0.0,0.0,1.0,1,2,2,NOTE_PAID_METRIC_PRESENT,1,M2026-08,M2026-08,1.33,1.0,0.0,0.0,UNALIGNED (creator snapshot window vs paid Apr-Aug closed months)
6a0af51b000000003701e5e0,"抄作业,中岛台柜体怎么做?🤔",2026-05-19 12:02,video,89.0,CREATOR_PERFORMANCE_PRESENT,76.0,2.0,0.0,0.0,0.0,0,0,0,NO_PAID_ASSOCIATION_OBSERVED,0,,,,,,,UNALIGNED (creator snapshot window vs paid Apr-Aug closed months)
6a0c287800000000370343e8,这个岛台才是我不做餐桌的原因😍,2026-05-19 19:02,video,75.0,CREATOR_PERFORMANCE_PRESENT,139.0,1.0,0.0,2.0,2.0,1,2,2,NOTE_PAID_METRIC_PRESENT,4,M2026-05,M2026-08,0.52,17.0,1.0,0.0,UNALIGNED (creator snapshot window vs paid Apr-Aug closed months)
6a0c560b000000003601bd95,除了岛台还有防猫抓沙发🔥,2026-05-20 12:02,video,74.0,CREATOR_PERFORMANCE_PRESENT,38.0,1.0,0.0,0.0,0.0,1,2,2,NOTE_PAID_METRIC_PRESENT,3,M2026-06,M2026-08,0.0,5.0,0.0,0.0,UNALIGNED (creator snapshot window vs paid Apr-Aug closed months)
6a0d775e00000000370346cc,速速码住🔥高颜值岛台清单😍,2026-05-20 19:02,video,133.0,CREATOR_PERFORMANCE_PRESENT,115.0,0.0,1.0,0.0,1.0,1,2,2,NOTE_PAID_METRIC_PRESENT,1,M2026-07,M2026-07,0.0,1.0,0.0,0.0,UNALIGNED (creator snapshot window vs paid Apr-Aug closed months)
6a0db0b5000000003601f6a2,微水泥奶油风伸缩岛台😍,2026-05-21 12:01,video,66.0,CREATOR_PERFORMANCE_PRESENT,86.0,2.0,0.0,0.0,1.0,1,2,2,NOTE_PAID_METRIC_PRESENT,4,M2026-05,M2026-08,2.39,27.0,1.0,0.0,UNALIGNED (creator snapshot window vs paid Apr-Aug closed months)
6a0ebc7a0000000038037c7f,"奶油风真的太离谱,这个岛台简直了",2026-05-21 19:00,video,34.0,CREATOR_PERFORMANCE_PRESENT,47.0,0.0,0.0,0.0,0.0,1,2,2,NOTE_PAID_METRIC_PRESENT,1,M2026-05,M2026-05,0.0,1.0,0.0,0.0,UNALIGNED (creator snapshot window vs paid Apr-Aug closed months)
6a0ebe6c0000000036030a7f,岛台和传统餐桌该怎么选?,2026-05-22 12:01,video,48.0,CREATOR_PERFORMANCE_PRESENT,70.0,0.0,1.0,0.0,0.0,1,2,2,NOTE_PAID_METRIC_PRESENT,3,M2026-05,M2026-08,0.19,7.0,1.0,0.0,UNALIGNED (creator snapshot window vs paid Apr-Aug closed months)
6a10262b0000000036031b9a,1.8m的中岛台带来的快乐,2026-05-22 19:01,video,50.0,CREATOR_PERFORMANCE_PRESENT,576.0,5.0,6.0,6.0,4.0,1,2,2,NOTE_PAID_METRIC_PRESENT,4,M2026-05,M2026-08,0.28,24.0,3.0,0.0,UNALIGNED (creator snapshot window vs paid Apr-Aug closed months)
6a11532c0000000036019ec4,你以为它只是个岛台,2026-05-23 19:00,video,27.0,CREATOR_PERFORMANCE_PRESENT,197.0,1.0,1.0,0.0,0.0,0,0,0,NO_PAID_ASSOCIATION_OBSERVED,0,,,,,,,UNALIGNED (creator snapshot window vs paid Apr-Aug closed months)
6a1153de0000000038021066,厨房颜值翻10倍!黑金岛台太惊艳了!!,2026-05-24 12:01,video,44.0,CREATOR_PERFORMANCE_PRESENT,46.0,0.0,0.0,0.0,0.0,1,2,2,NOTE_PAID_METRIC_PRESENT,3,M2026-05,M2026-08,3.5,23.0,4.0,0.0,UNALIGNED (creator snapshot window vs paid Apr-Aug closed months)
6a12ccf300000000370359fc,mini八百库岛台入户:家里杂物终于有了归宿,2026-05-24 19:00,video,93.0,CREATOR_PERFORMANCE_PRESENT,96.0,2.0,1.0,0.0,0.0,1,2,2,NOTE_PAID_METRIC_PRESENT,2,M2026-06,M2026-07,0.01,5.0,1.0,0.0,UNALIGNED (creator snapshot window vs paid Apr-Aug closed months)
6a12cdea0000000038023999,2026Q1全新升级岛台公开!看完绝不后悔!,2026-05-25 12:00,video,161.0,CREATOR_PERFORMANCE_PRESENT,47.0,0.0,3.0,0.0,0.0,1,2,2,NOTE_PAID_METRIC_PRESENT,3,M2026-05,M2026-08,0.01,5.0,1.0,0.0,UNALIGNED (creator snapshot window vs paid Apr-Aug closed months)
6a13cd370000000038021517,"开放式厨房配岛台,收纳➕用餐双满足",2026-05-25 12:16,video,31.0,CREATOR_PERFORMANCE_PRESENT,49.0,0.0,1.0,0.0,0.0,1,2,2,NOTE_PAID_METRIC_PRESENT,1,M2026-06,M2026-06,0.0,1.0,0.0,0.0,UNALIGNED (creator snapshot window vs paid Apr-Aug closed months)
6a141975000000003701c0f1,真正高级的家都在做适配的岛台😍,2026-05-25 19:01,video,21.0,CREATOR_PERFORMANCE_PRESENT,136.0,1.0,1.0,0.0,0.0,1,2,2,NOTE_PAID_METRIC_PRESENT,1,M2026-05,M2026-05,0.0,1.0,0.0,0.0,UNALIGNED (creator snapshot window vs paid Apr-Aug closed months)
6a1419dd000000003603112c,这才是年轻人最爱的岛台!颜值高又实用,2026-05-26 12:00,video,34.0,CREATOR_PERFORMANCE_PRESENT,78.0,1.0,1.0,0.0,0.0,1,2,2,NOTE_PAID_METRIC_PRESENT,1,M2026-07,M2026-07,0.0,1.0,0.0,0.0,UNALIGNED (creator snapshot window vs paid Apr-Aug closed months)
6a1564e2000000003703527c,"岛台这样设计,邻居来了都不想走",2026-05-26 19:01,video,45.0,CREATOR_PERFORMANCE_PRESENT,44.0,0.0,1.0,0.0,0.0,1,2,2,NOTE_PAID_METRIC_PRESENT,1,M2026-07,M2026-07,0.0,1.0,0.0,0.0,UNALIGNED (creator snapshot window vs paid Apr-Aug closed months)
6a15654e000000003700d57a,这才是餐厅该有的岛台配置!,2026-05-27 12:00,video,64.0,CREATOR_PERFORMANCE_PRESENT,104.0,0.0,0.0,0.0,1.0,1,2,2,PAID_ASSOCIATED_NO_METRIC_RECORD,0,,,,,,,UNALIGNED (creator snapshot window vs paid Apr-Aug closed months)
6a16af500000000037037c1c,小户型伸缩悬浮岛台怎么选?,2026-05-27 16:46,video,190.0,CREATOR_PERFORMANCE_PRESENT,45.0,0.0,1.0,0.0,0.0,1,2,2,NOTE_PAID_METRIC_PRESENT,4,M2026-05,M2026-08,0.62,15.0,1.0,0.0,UNALIGNED (creator snapshot window vs paid Apr-Aug closed months)
6a16b0e90000000036033433,2026装修趋势:岛台已经进化成这样了,2026-05-28 12:00,video,138.0,CREATOR_PERFORMANCE_PRESENT,33.0,0.0,0.0,0.0,0.0,1,2,2,NOTE_PAID_METRIC_PRESENT,3,M2026-05,M2026-08,0.92,19.0,1.0,0.0,UNALIGNED (creator snapshot window vs paid Apr-Aug closed months)
6a1805d70000000038021c3e,按头7类岛台安利,2026-05-28 19:01,video,88.0,CREATOR_PERFORMANCE_PRESENT,43.0,0.0,1.0,0.0,1.0,1,2,2,NOTE_PAID_METRIC_PRESENT,1,M2026-05,M2026-05,0.0,1.0,0.0,0.0,UNALIGNED (creator snapshot window vs paid Apr-Aug closed months)
6a1807ad0000000038037074,,2026-05-28 17:15,video,26.0,CREATOR_PERFORMANCE_PRESENT,25.0,0.0,0.0,0.0,0.0,1,2,2,PAID_ASSOCIATED_NO_METRIC_RECORD,0,,,,,,,UNALIGNED (creator snapshot window vs paid Apr-Aug closed months)
6a1809d50000000036018beb,岛台鸡肋?用餐+办公一步到位!,2026-05-29 12:01,video,26.0,CREATOR_PERFORMANCE_PRESENT,38.0,0.0,1.0,0.0,0.0,0,0,0,NO_PAID_ASSOCIATION_OBSERVED,0,,,,,,,UNALIGNED (creator snapshot window vs paid Apr-Aug closed months)
6a19663100000000370365b8,"微水泥奶油风岛台,真的好看又百搭",2026-05-29 19:01,video,37.0,CREATOR_PERFORMANCE_PRESENT,68.0,0.0,0.0,0.0,0.0,1,2,2,NOTE_PAID_METRIC_PRESENT,1,M2026-05,M2026-05,0.0,1.0,0.0,0.0,UNALIGNED (creator snapshot window vs paid Apr-Aug closed months)
6a197cc10000000036032224,岛台定制注意避坑点,2026-05-30 12:01,video,107.0,CREATOR_PERFORMANCE_PRESENT,62.0,0.0,0.0,0.0,0.0,0,0,0,NO_PAID_ASSOCIATION_OBSERVED,0,,,,,,,UNALIGNED (creator snapshot window vs paid Apr-Aug closed months)
6a1aad040000000038034dce,"不是豪宅,装了岛台后74平像100平!",2026-05-30 19:00,video,26.0,CREATOR_PERFORMANCE_PRESENT,123.0,0.0,0.0,0.0,0.0,1,2,2,NOTE_PAID_METRIC_PRESENT,2,M2026-07,M2026-08,0.0,2.0,0.0,0.0,UNALIGNED (creator snapshot window vs paid Apr-Aug closed months)
6a1aae420000000038035662,长期实用主义离不开一个岛台,2026-05-31 12:01,video,27.0,CREATOR_PERFORMANCE_PRESENT,84.0,2.0,0.0,0.0,0.0,1,2,2,NOTE_PAID_METRIC_PRESENT,1,M2026-08,M2026-08,0.01,1.0,1.0,0.0,UNALIGNED (creator snapshot window vs paid Apr-Aug closed months)
6a1bfdc6000000003601ddc3,小户型绝对不能错过的这款宝藏岛台😍,2026-05-31 19:00,video,28.0,CREATOR_PERFORMANCE_PRESENT,69.0,1.0,1.0,0.0,0.0,1,2,2,NOTE_PAID_METRIC_PRESENT,1,M2026-08,M2026-08,0.0,1.0,0.0,0.0,UNALIGNED (creator snapshot window vs paid Apr-Aug closed months)
6a1bfe0a0000000036030504,"小户型岛台,收纳+用餐怎么做不翻车?",2026-06-01 12:00,video,40.0,CREATOR_PERFORMANCE_PRESENT,81.0,1.0,1.0,0.0,1.0,1,2,2,NOTE_PAID_METRIC_PRESENT,1,M2026-07,M2026-07,0.0,2.0,0.0,0.0,UNALIGNED (creator snapshot window vs paid Apr-Aug closed months)
6a1d463700000000370378a8,小户型治愈系装修灵感。,2026-06-01 19:00,video,47.0,CREATOR_PERFORMANCE_PRESENT,88.0,0.0,4.0,2.0,2.0,1,2,2,NOTE_PAID_METRIC_PRESENT,2,M2026-07,M2026-08,0.0,2.0,0.0,0.0,UNALIGNED (creator snapshot window vs paid Apr-Aug closed months)
6a1d4680000000003701de4c,分离式岛台餐桌更适合小户型,2026-06-02 12:00,video,32.0,CREATOR_PERFORMANCE_PRESENT,101.0,2.0,0.0,0.0,0.0,1,2,2,NOTE_PAID_METRIC_PRESENT,2,M2026-06,M2026-07,0.0,3.0,0.0,0.0,UNALIGNED (creator snapshot window vs paid Apr-Aug closed months)
6a1e97240000000021023a94,第二次装修开放式厨房才懂的5个坑😭,2026-06-02 19:01,video,209.0,CREATOR_PERFORMANCE_PRESENT,192.0,1.0,0.0,0.0,0.0,1,2,2,NOTE_PAID_METRIC_PRESENT,2,M2026-07,M2026-08,0.02,13.0,2.0,0.0,UNALIGNED (creator snapshot window vs paid Apr-Aug closed months)
6a1e984c000000000702261b,伸缩岛台只伸20cm?芭比Q了啊!避坑😭,2026-06-03 12:00,video,107.0,CREATOR_PERFORMANCE_PRESENT,54.0,0.0,0.0,0.0,0.0,1,2,2,NOTE_PAID_METRIC_PRESENT,3,M2026-06,M2026-08,0.92,16.0,1.0,0.0,UNALIGNED (creator snapshot window vs paid Apr-Aug closed months)
6a1fcda8000000000803c1e3,说真话:2000的倒台我根本做不出,2026-06-03 19:00,video,135.0,CREATOR_PERFORMANCE_PRESENT,65.0,1.0,0.0,0.0,0.0,1,2,2,NOTE_PAID_METRIC_PRESENT,2,M2026-07,M2026-08,0.0,3.0,0.0,0.0,UNALIGNED (creator snapshot window vs paid Apr-Aug closed months)
6a1fd3f70000000008033a96,岛台黄金尺寸95+75+80照做不踩坑🔥,2026-06-04 12:00,video,39.0,CREATOR_PERFORMANCE_PRESENT,95.0,0.0,0.0,0.0,0.0,1,2,2,NOTE_PAID_METRIC_PRESENT,3,M2026-06,M2026-08,0.03,29.0,3.0,0.0,UNALIGNED (creator snapshot window vs paid Apr-Aug closed months)
6a2152b1000000003603164f,岛台水槽别踩坑!三明治台下盆绝了✨,2026-06-04 19:01,video,96.0,CREATOR_PERFORMANCE_PRESENT,91.0,0.0,0.0,0.0,0.0,1,2,2,NOTE_PAID_METRIC_PRESENT,3,M2026-06,M2026-08,2.15,33.0,2.0,0.0,UNALIGNED (creator snapshot window vs paid Apr-Aug closed months)
6a216b390000000038035976,"朋友以为我买了岛台,其实是买了岛台",2026-06-05 12:01,video,17.0,CREATOR_PERFORMANCE_PRESENT,69.0,0.0,0.0,0.0,0.0,1,2,2,NOTE_PAID_METRIC_PRESENT,1,M2026-08,M2026-08,0.0,1.0,0.0,0.0,UNALIGNED (creator snapshot window vs paid Apr-Aug closed months)
6a228fbe00000000210195b0,价格战=偷工减料!岛台避雷💣,2026-06-05 19:01,video,70.0,CREATOR_PERFORMANCE_PRESENT,35.0,0.0,0.0,0.0,0.0,1,2,2,PAID_ASSOCIATED_NO_METRIC_RECORD,0,,,,,,,UNALIGNED (creator snapshot window vs paid Apr-Aug closed months)
6a229110000000002200a7e0,"⚡️错位+伸缩设计,小户型岛台之神",2026-06-06 12:01,video,79.0,CREATOR_PERFORMANCE_PRESENT,64.0,0.0,1.0,0.0,0.0,1,2,2,NOTE_PAID_METRIC_PRESENT,3,M2026-06,M2026-08,0.0,4.0,0.0,0.0,UNALIGNED (creator snapshot window vs paid Apr-Aug closed months)
6a26588d0000000007028a41,阿玛尼灰水槽🤍洗杯器真香,2026-06-08 13:52,video,35.0,CREATOR_PERFORMANCE_PRESENT,67.0,1.0,0.0,0.0,0.0,1,2,2,NOTE_PAID_METRIC_PRESENT,3,M2026-06,M2026-08,0.01,25.0,1.0,0.0,UNALIGNED (creator snapshot window vs paid Apr-Aug closed months)
6a2659540000000007028c5d,这老板真的“有病”🔥,2026-06-08 19:00,video,105.0,CREATOR_PERFORMANCE_PRESENT,62.0,1.0,1.0,0.0,0.0,0,0,0,NO_PAID_ASSOCIATION_OBSERVED,0,,,,,,,UNALIGNED (creator snapshot window vs paid Apr-Aug closed months)
6a2659e70000000007028df4,微水泥伸缩岛台🍽️大胃王收纳,2026-06-09 12:00,video,36.0,CREATOR_PERFORMANCE_PRESENT,146.0,2.0,0.0,0.0,0.0,1,2,2,NOTE_PAID_METRIC_PRESENT,2,M2026-07,M2026-08,0.31,9.0,2.0,0.0,UNALIGNED (creator snapshot window vs paid Apr-Aug closed months)
6a265ad6000000000701144a,岛台13个尺寸📏不翻车,2026-06-09 19:00,video,131.0,CREATOR_PERFORMANCE_PRESENT,81.0,1.0,0.0,0.0,0.0,1,2,2,NOTE_PAID_METRIC_PRESENT,3,M2026-06,M2026-08,0.0,5.0,0.0,0.0,UNALIGNED (creator snapshot window vs paid Apr-Aug closed months)
6a2bb452000000002101bc10,"岛台这10个尺寸,错1个都翻车🚫",2026-06-12 15:25,video,43.0,CREATOR_PERFORMANCE_PRESENT,182.0,3.0,1.0,0.0,2.0,1,2,2,NOTE_PAID_METRIC_PRESENT,3,M2026-06,M2026-08,0.0,3.0,0.0,0.0,UNALIGNED (creator snapshot window vs paid Apr-Aug closed months)
6a2bb4d90000000021020b61,"岛台避坑,10做10不做🚫",2026-06-19 16:28,video,117.0,CREATOR_PERFORMANCE_PRESENT,38.0,0.0,0.0,0.0,0.0,1,2,2,NOTE_PAID_METRIC_PRESENT,1,M2026-07,M2026-07,0.0,1.0,0.0,0.0,UNALIGNED (creator snapshot window vs paid Apr-Aug closed months)
6a2bb58b00000000080259aa,"分离式复古岛台,一拉多坐2人✨",2026-06-13 12:01,video,71.0,CREATOR_PERFORMANCE_PRESENT,168.0,11.0,0.0,0.0,0.0,1,2,2,NOTE_PAID_METRIC_PRESENT,2,M2026-06,M2026-07,0.0,3.0,0.0,0.0,UNALIGNED (creator snapshot window vs paid Apr-Aug closed months)
6a2bb62d00000000070200a5,岛台水电翻车?集成用电才省心⚡,2026-06-13 19:00,video,54.0,CREATOR_PERFORMANCE_PRESENT,53.0,0.0,0.0,0.0,0.0,1,2,2,NOTE_PAID_METRIC_PRESENT,3,M2026-06,M2026-08,2.68,31.0,2.0,0.0,UNALIGNED (creator snapshot window vs paid Apr-Aug closed months)
6a2fbb4a0000000007026748,纯白伸缩岛台🗄️薄抽+轨道插座,2026-06-19 00:00,video,43.0,CREATOR_PERFORMANCE_PRESENT,55.0,0.0,0.0,0.0,1.0,1,2,2,NOTE_PAID_METRIC_PRESENT,3,M2026-06,M2026-08,0.14,14.0,1.0,0.0,UNALIGNED (creator snapshot window vs paid Apr-Aug closed months)
6a2fbc130000000021019987,沙发背后藏岛台🗄️还多6米收纳,2026-06-16 12:00,video,57.0,CREATOR_PERFORMANCE_PRESENT,41.0,0.0,0.0,0.0,0.0,1,2,2,NOTE_PAID_METRIC_PRESENT,2,M2026-06,M2026-07,0.01,7.0,1.0,0.0,UNALIGNED (creator snapshot window vs paid Apr-Aug closed months)
6a31522c0000000022014313,装了岛台才知道✨伸缩+收纳多爽,2026-06-16 21:39,video,49.0,CREATOR_PERFORMANCE_PRESENT,73.0,1.0,2.0,0.0,1.0,1,2,2,NOTE_PAID_METRIC_PRESENT,3,M2026-06,M2026-08,0.0,4.0,0.0,0.0,UNALIGNED (creator snapshot window vs paid Apr-Aug closed months)
6a3152ab0000000021023bcd,岛台椅子这样选🪑扫地机自由过,2026-06-17 12:01,video,33.0,CREATOR_PERFORMANCE_PRESENT,90.0,1.0,0.0,0.0,1.0,1,2,2,NOTE_PAID_METRIC_PRESENT,3,M2026-06,M2026-08,0.04,48.0,3.0,0.0,UNALIGNED (creator snapshot window vs paid Apr-Aug closed months)
6a3285250000000006036986,300W工厂造岛台💪真岩板不将就,2026-06-17 19:29,video,99.0,CREATOR_PERFORMANCE_PRESENT,60.0,0.0,0.0,0.0,0.0,1,2,2,NOTE_PAID_METRIC_PRESENT,2,M2026-07,M2026-08,0.0,7.0,0.0,0.0,UNALIGNED (creator snapshot window vs paid Apr-Aug closed months)
6a3285840000000008000cac,潘多拉岛台🗄️双侧收纳全做满,2026-06-18 12:01,video,58.0,CREATOR_PERFORMANCE_PRESENT,49.0,0.0,0.0,0.0,0.0,1,2,2,NOTE_PAID_METRIC_PRESENT,3,M2026-06,M2026-08,0.86,7.0,1.0,0.0,UNALIGNED (creator snapshot window vs paid Apr-Aug closed months)
6a33df8a000000001003fa91,岛台13个尺寸💡做对想翻车都难,2026-06-18 20:07,video,68.0,CREATOR_PERFORMANCE_PRESENT,147.0,2.0,1.0,0.0,0.0,1,2,2,NOTE_PAID_METRIC_PRESENT,2,M2026-06,M2026-08,0.33,5.0,2.0,0.0,UNALIGNED (creator snapshot window vs paid Apr-Aug closed months)
6a33e09d000000000f01fc99,胡桃木伸缩岛台🪵新中式严丝合缝,2026-06-19 12:01,video,87.0,CREATOR_PERFORMANCE_PRESENT,39.0,1.0,0.0,0.0,0.0,1,2,2,NOTE_PAID_METRIC_PRESENT,3,M2026-06,M2026-08,0.36,9.0,1.0,0.0,UNALIGNED (creator snapshot window vs paid Apr-Aug closed months)
6a361ddd000000001102e5cf,小户型洞石岛台🗄️全拉抽屉巨能装,2026-06-20 12:58,video,78.0,CREATOR_PERFORMANCE_PRESENT,97.0,0.0,2.0,0.0,1.0,1,2,2,NOTE_PAID_METRIC_PRESENT,1,M2026-06,M2026-06,0.0,1.0,0.0,0.0,UNALIGNED (creator snapshot window vs paid Apr-Aug closed months)
6a361e690000000022018739,洞石中古岛台🪵一拉坐下10个人,2026-06-20 18:01,video,65.0,CREATOR_PERFORMANCE_PRESENT,52.0,1.0,0.0,0.0,0.0,1,2,2,NOTE_PAID_METRIC_PRESENT,1,M2026-08,M2026-08,0.0,1.0,0.0,0.0,UNALIGNED (creator snapshot window vs paid Apr-Aug closed months)
6a369c78000000000702e481,2.8米伸缩岛台🤎薄抽+大抽屉双拉,2026-06-20 21:58,video,75.0,CREATOR_PERFORMANCE_PRESENT,42.0,0.0,0.0,0.0,0.0,1,2,2,PAID_ASSOCIATED_NO_METRIC_RECORD,0,,,,,,,UNALIGNED (creator snapshot window vs paid Apr-Aug closed months)
6a369cd90000000007022dbb,黑白极简岛台🖤圆弧防撞+薄抽双拉,2026-06-21 12:01,video,82.0,CREATOR_PERFORMANCE_PRESENT,41.0,0.0,0.0,0.0,0.0,1,2,2,NOTE_PAID_METRIC_PRESENT,1,M2026-08,M2026-08,0.0,4.0,0.0,0.0,UNALIGNED (creator snapshot window vs paid Apr-Aug closed months)
6a37da9d00000000080311af,岛台避坑💡95cm高+焊高导轨才合格,2026-06-21 20:35,video,87.0,CREATOR_PERFORMANCE_PRESENT,133.0,3.0,2.0,0.0,0.0,0,0,0,NO_PAID_ASSOCIATION_OBSERVED,0,,,,,,,UNALIGNED (creator snapshot window vs paid Apr-Aug closed months)
6a37db24000000002003831e,岛台13个尺寸💡做对想翻车都难,2026-06-22 12:00,video,102.0,CREATOR_PERFORMANCE_PRESENT,40.0,0.0,0.0,0.0,0.0,0,0,0,NO_PAID_ASSOCIATION_OBSERVED,0,,,,,,,UNALIGNED (creator snapshot window vs paid Apr-Aug closed months)
6a37dbc00000000007010aeb,小户型岛台🤍薄抽双拉+圆弧防撞,2026-06-22 19:00,video,105.0,CREATOR_PERFORMANCE_PRESENT,56.0,0.0,0.0,0.0,0.0,1,2,2,NOTE_PAID_METRIC_PRESENT,2,M2026-07,M2026-08,0.06,4.0,1.0,0.0,UNALIGNED (creator snapshot window vs paid Apr-Aug closed months)
6a37dcbf0000000007010e07,意式简约岛台🖤薄抽双拉+田字格收纳,2026-06-23 12:00,video,76.0,CREATOR_PERFORMANCE_PRESENT,58.0,0.0,0.0,0.0,0.0,1,2,2,PAID_ASSOCIATED_NO_METRIC_RECORD,0,,,,,,,UNALIGNED (creator snapshot window vs paid Apr-Aug closed months)
6a3bd979000000002003bcda,岛台15个尺寸💡入住2年没翻车,2026-06-24 21:19,video,124.0,CREATOR_PERFORMANCE_PRESENT,56.0,0.0,0.0,0.0,0.0,0,0,0,NO_PAID_ASSOCIATION_OBSERVED,0,,,,,,,UNALIGNED (creator snapshot window vs paid Apr-Aug closed months)
6a3bdafd000000002103d0c7,小户型伸缩岛台🪵胡桃撞木纹超能装,2026-06-25 12:01,video,99.0,CREATOR_PERFORMANCE_PRESENT,68.0,2.0,2.0,0.0,0.0,1,2,2,NOTE_PAID_METRIC_PRESENT,1,M2026-07,M2026-07,0.0,1.0,0.0,0.0,UNALIGNED (creator snapshot window vs paid Apr-Aug closed months)
6a3d3401000000001602798f,T型伸缩岛台🪵1.3米宽霸气全收纳,2026-06-25 21:58,video,67.0,CREATOR_PERFORMANCE_PRESENT,76.0,0.0,1.0,0.0,0.0,1,2,2,NOTE_PAID_METRIC_PRESENT,2,M2026-07,M2026-08,0.02,3.0,1.0,0.0,UNALIGNED (creator snapshot window vs paid Apr-Aug closed months)
6a3d34b0000000001c0250ac,7字型岛台🪵1.3米宽霸气全收纳,2026-06-26 12:00,video,62.0,CREATOR_PERFORMANCE_PRESENT,72.0,0.0,0.0,0.0,0.0,1,2,2,NOTE_PAID_METRIC_PRESENT,1,M2026-08,M2026-08,0.0,3.0,0.0,0.0,UNALIGNED (creator snapshot window vs paid Apr-Aug closed months)
6a3e801f00000000170099f9,纯白岛台🤍内嵌洗碗机+亚克力通透,2026-06-26 21:35,video,77.0,CREATOR_PERFORMANCE_PRESENT,102.0,2.0,0.0,0.0,0.0,1,2,2,NOTE_PAID_METRIC_PRESENT,2,M2026-07,M2026-08,0.03,28.0,1.0,0.0,UNALIGNED (creator snapshot window vs paid Apr-Aug closed months)
6a3e80560000000016026366,小户型导台🤎内嵌水槽+直饮口超实用,2026-06-27 12:01,video,83.0,CREATOR_PERFORMANCE_PRESENT,81.0,0.0,1.0,2.0,1.0,1,2,2,NOTE_PAID_METRIC_PRESENT,2,M2026-07,M2026-08,0.42,6.0,1.0,0.0,UNALIGNED (creator snapshot window vs paid Apr-Aug closed months)
6a3fc707000000001503f655,小户型收纳岛台🤎隐藏电磁炉+全抽拉,2026-06-27 20:50,video,123.0,CREATOR_PERFORMANCE_PRESENT,87.0,0.0,1.0,0.0,0.0,1,2,2,NOTE_PAID_METRIC_PRESENT,2,M2026-07,M2026-08,0.02,52.0,2.0,0.0,UNALIGNED (creator snapshot window vs paid Apr-Aug closed months)
6a3fc773000000001700ad0b,小户型收纳岛台🤍5个大抽屉+电磁炉,2026-06-28 12:01,video,85.0,CREATOR_PERFORMANCE_PRESENT,53.0,0.0,0.0,0.0,0.0,1,2,2,NOTE_PAID_METRIC_PRESENT,1,M2026-07,M2026-07,0.0,4.0,0.0,0.0,UNALIGNED (creator snapshot window vs paid Apr-Aug closed months)
6a411f31000000001503cdc6,岩板操作台🤍带水槽+大抽屉全收,2026-06-28 21:18,video,63.0,CREATOR_PERFORMANCE_PRESENT,42.0,0.0,0.0,0.0,0.0,1,2,2,NOTE_PAID_METRIC_PRESENT,2,M2026-07,M2026-08,2.37,24.0,4.0,0.0,UNALIGNED (creator snapshot window vs paid Apr-Aug closed months)
6a411feb000000001c026d77,岛台尺寸避坑💡95cm高+60cm伸缩,2026-06-29 12:01,video,39.0,CREATOR_PERFORMANCE_PRESENT,78.0,1.0,1.0,0.0,0.0,1,2,2,NOTE_PAID_METRIC_PRESENT,2,M2026-07,M2026-08,0.15,12.0,1.0,0.0,UNALIGNED (creator snapshot window vs paid Apr-Aug closed months)
6a43d022000000001c025434,做岛台13条建议💡先准备8000块,2026-06-30 22:18,video,45.0,CREATOR_PERFORMANCE_PRESENT,232.0,2.0,1.0,0.0,1.0,1,2,2,NOTE_PAID_METRIC_PRESENT,1,M2026-08,M2026-08,0.0,1.0,0.0,0.0,UNALIGNED (creator snapshot window vs paid Apr-Aug closed months)
6a43d0ae00000000070218a6,岛台做明白了吗💡15个尺寸直接抄,2026-07-01 12:00,video,141.0,CREATOR_PERFORMANCE_PRESENT,188.0,2.0,3.0,0.0,2.0,1,2,2,NOTE_PAID_METRIC_PRESENT,2,M2026-07,M2026-08,0.0,10.0,0.0,0.0,UNALIGNED (creator snapshot window vs paid Apr-Aug closed months)
6a450182000000001700a2da,岛台翻车?💡10个细节尺寸做对了吗,2026-07-01 20:01,video,84.0,CREATOR_PERFORMANCE_PRESENT,88.0,0.0,1.0,0.0,1.0,1,2,2,NOTE_PAID_METRIC_PRESENT,2,M2026-07,M2026-08,0.03,10.0,1.0,0.0,UNALIGNED (creator snapshot window vs paid Apr-Aug closed months)
6a4502a5000000001702aa22,岛台避坑💡60秒学会尺寸不翻车,2026-07-02 12:00,video,67.0,CREATOR_PERFORMANCE_PRESENT,52.0,0.0,0.0,0.0,0.0,0,0,0,NO_PAID_ASSOCIATION_OBSERVED,0,,,,,,,UNALIGNED (creator snapshot window vs paid Apr-Aug closed months)
6a461d10000000001503ecd1,奶油中古岛台🤎2米大桌·薄抽双收,2026-07-02 19:00,video,71.0,CREATOR_PERFORMANCE_PRESENT,89.0,1.0,1.0,0.0,0.0,1,2,2,NOTE_PAID_METRIC_PRESENT,2,M2026-07,M2026-08,0.0,6.0,0.0,0.0,UNALIGNED (creator snapshot window vs paid Apr-Aug closed months)
6a461f48000000001603f1dd,小户型中古岛台🌿内嵌蒸烤+薄抽全收,2026-07-03 12:02,video,66.0,CREATOR_PERFORMANCE_PRESENT,60.0,1.0,0.0,0.0,0.0,1,2,2,NOTE_PAID_METRIC_PRESENT,2,M2026-07,M2026-08,0.1,18.0,1.0,0.0,UNALIGNED (creator snapshot window vs paid Apr-Aug closed months)
6a4785e10000000016026623,中古风岛台🤎1.9米大桌+薄抽双收,2026-07-03 19:01,video,77.0,CREATOR_PERFORMANCE_PRESENT,74.0,0.0,0.0,0.0,0.0,1,2,2,NOTE_PAID_METRIC_PRESENT,1,M2026-08,M2026-08,0.0,1.0,0.0,0.0,UNALIGNED (creator snapshot window vs paid Apr-Aug closed months)
6a4786c1000000001503f3b5,小户型岛台🤍韩江雪·薄抽+深抽全拉满,2026-07-04 12:01,video,65.0,CREATOR_PERFORMANCE_PRESENT,53.0,1.0,0.0,0.0,0.0,1,2,2,PAID_ASSOCIATED_NO_METRIC_RECORD,0,,,,,,,UNALIGNED (creator snapshot window vs paid Apr-Aug closed months)
6a4911fa000000001702a460,小户型伸缩岛台🤎薄抽+大抽屉全拉开,2026-07-04 22:00,video,59.0,CREATOR_PERFORMANCE_PRESENT,96.0,1.0,1.0,0.0,0.0,1,2,2,NOTE_PAID_METRIC_PRESENT,1,M2026-08,M2026-08,0.02,8.0,1.0,0.0,UNALIGNED (creator snapshot window vs paid Apr-Aug closed months)
6a4912320000000016026bf1,小户型伸缩岛台🤎薄抽+大抽屉全拉开,2026-07-05 12:01,video,65.0,CREATOR_PERFORMANCE_PRESENT,88.0,0.0,0.0,0.0,0.0,1,2,2,NOTE_PAID_METRIC_PRESENT,2,M2026-07,M2026-08,0.02,5.0,1.0,0.0,UNALIGNED (creator snapshot window vs paid Apr-Aug closed months)
6a4a61b7000000001503fb55,岛台7个设计💡不做真的亏大了,2026-07-05 21:52,video,53.0,CREATOR_PERFORMANCE_PRESENT,94.0,0.0,0.0,0.0,0.0,0,0,0,NO_PAID_ASSOCIATION_OBSERVED,0,,,,,,,UNALIGNED (creator snapshot window vs paid Apr-Aug closed months)
6a4a61fd000000001503fd0b,岛台7个设计💡不做真的亏大了,2026-07-06 12:01,video,91.0,CREATOR_PERFORMANCE_PRESENT,115.0,3.0,1.0,0.0,0.0,1,2,2,PAID_ASSOCIATED_NO_METRIC_RECORD,0,,,,,,,UNALIGNED (creator snapshot window vs paid Apr-Aug closed months)
6a4bb15b000000000f02b750,后悔没早买✨这岛台是家务救星,2026-07-06 21:45,video,39.0,CREATOR_PERFORMANCE_PRESENT,94.0,1.0,0.0,0.0,0.0,1,2,2,NOTE_PAID_METRIC_PRESENT,1,M2026-07,M2026-07,0.0,5.0,0.0,0.0,UNALIGNED (creator snapshot window vs paid Apr-Aug closed months)
6a4bb1b1000000001003fd71,扔旧桌换岛台✨收纳拉满家大一倍,2026-07-07 12:01,video,32.0,CREATOR_PERFORMANCE_PRESENT,99.0,3.0,1.0,0.0,0.0,1,2,2,NOTE_PAID_METRIC_PRESENT,1,M2026-07,M2026-07,0.0,1.0,0.0,0.0,UNALIGNED (creator snapshot window vs paid Apr-Aug closed months)
6a4d1e97000000002003bcf3,后悔没早买✨这岛台是家务救星,2026-07-07 23:43,video,43.0,CREATOR_PERFORMANCE_PRESENT,81.0,0.0,0.0,0.0,0.0,1,2,2,NOTE_PAID_METRIC_PRESENT,1,M2026-07,M2026-07,0.0,1.0,0.0,0.0,UNALIGNED (creator snapshot window vs paid Apr-Aug closed months)
6a4d1ee80000000015024645,扔旧桌换岛台✨收纳拉满家大一倍,2026-07-09 12:00,video,43.0,CREATOR_PERFORMANCE_PRESENT,48.0,0.0,0.0,0.0,0.0,1,2,2,NOTE_PAID_METRIC_PRESENT,1,M2026-07,M2026-07,0.0,1.0,0.0,0.0,UNALIGNED (creator snapshot window vs paid Apr-Aug closed months)
6a4e59bc000000002100a0fc,回购2年岛台✨工艺精进成颜值C位,2026-07-08 22:07,video,27.0,CREATOR_PERFORMANCE_PRESENT,45.0,1.0,0.0,0.0,0.0,1,2,2,PAID_ASSOCIATED_NO_METRIC_RECORD,0,,,,,,,UNALIGNED (creator snapshot window vs paid Apr-Aug closed months)
6a4e5a040000000007021e5f,邻居踏破门抄作业✨2.6米岛台太香了,2026-07-09 12:01,video,53.0,CREATOR_PERFORMANCE_PRESENT,112.0,3.0,0.0,0.0,0.0,1,2,2,NOTE_PAID_METRIC_PRESENT,1,M2026-07,M2026-07,0.0,2.0,0.0,0.0,UNALIGNED (creator snapshot window vs paid Apr-Aug closed months)
6a4f973500000000170091b8,回购2年岛台✨工艺精进成颜值C位,2026-07-09 20:42,video,27.0,CREATOR_PERFORMANCE_PRESENT,159.0,0.0,1.0,0.0,0.0,1,2,2,PAID_ASSOCIATED_NO_METRIC_RECORD,0,,,,,,,UNALIGNED (creator snapshot window vs paid Apr-Aug closed months)
6a4f9788000000001c0270e7,后悔没早买✨这岛台是家务救星,2026-07-10 12:01,video,53.0,CREATOR_PERFORMANCE_PRESENT,74.0,1.0,1.0,0.0,0.0,1,2,2,NOTE_PAID_METRIC_PRESENT,1,M2026-07,M2026-07,0.0,1.0,0.0,0.0,UNALIGNED (creator snapshot window vs paid Apr-Aug closed months)
6a50ecc80000000015025d8c,入住2年换岛台✨过道宽了孩子疯跑,2026-07-10 20:59,video,48.0,CREATOR_PERFORMANCE_PRESENT,110.0,0.0,0.0,0.0,0.0,1,2,2,NOTE_PAID_METRIC_PRESENT,1,M2026-07,M2026-07,0.0,2.0,0.0,0.0,UNALIGNED (creator snapshot window vs paid Apr-Aug closed months)
6a50ed4f0000000017028e4a,邻居踏破门抄作业✨2.6米岛台太香了,2026-07-11 12:01,video,49.0,CREATOR_PERFORMANCE_PRESENT,50.0,0.0,0.0,0.0,0.0,1,2,2,NOTE_PAID_METRIC_PRESENT,1,M2026-08,M2026-08,0.0,1.0,0.0,0.0,UNALIGNED (creator snapshot window vs paid Apr-Aug closed months)
6a524d960000000015024ab6,入住2年换岛台✨过道宽了孩子疯跑,2026-07-11 22:05,video,27.0,CREATOR_PERFORMANCE_PRESENT,256.0,2.0,3.0,0.0,0.0,1,2,2,NOTE_PAID_METRIC_PRESENT,1,M2026-08,M2026-08,0.0,1.0,0.0,0.0,UNALIGNED (creator snapshot window vs paid Apr-Aug closed months)
6a524dd3000000001c027db5,后悔没早买✨这岛台是家务救星,2026-07-12 12:01,video,39.0,CREATOR_PERFORMANCE_PRESENT,192.0,1.0,1.0,0.0,0.0,1,2,2,NOTE_PAID_METRIC_PRESENT,2,M2026-07,M2026-08,0.01,3.0,0.0,0.0,UNALIGNED (creator snapshot window vs paid Apr-Aug closed months)
6a5319ac0000000016026102,鸡肋厨房有救了✨变形岛台拯救强迫症,2026-07-12 12:35,video,49.0,CREATOR_PERFORMANCE_PRESENT,212.0,1.0,2.0,0.0,0.0,1,2,2,PAID_ASSOCIATED_NO_METRIC_RECORD,0,,,,,,,UNALIGNED (creator snapshot window vs paid Apr-Aug closed months)
6a5319fb0000000017008b81,邻居踏破门抄作业✨2.6米岛台太香了,2026-07-13 12:01,video,33.0,CREATOR_PERFORMANCE_PRESENT,53.0,0.0,0.0,0.0,0.0,1,2,2,NOTE_PAID_METRIC_PRESENT,1,M2026-07,M2026-07,0.0,1.0,0.0,0.0,UNALIGNED (creator snapshot window vs paid Apr-Aug closed months)
6a547334000000001702fb76,全家反对变夸爆✨邻居都来抄作业,2026-07-13 19:00,video,65.0,CREATOR_PERFORMANCE_PRESENT,178.0,0.0,0.0,0.0,0.0,1,2,2,PAID_ASSOCIATED_NO_METRIC_RECORD,0,,,,,,,UNALIGNED (creator snapshot window vs paid Apr-Aug closed months)
6a54736f000000001603e895,早知道就做岛台✨小厨房收纳逆天,2026-07-14 12:01,video,57.0,CREATOR_PERFORMANCE_PRESENT,93.0,1.0,0.0,0.0,0.0,1,2,2,NOTE_PAID_METRIC_PRESENT,2,M2026-07,M2026-08,0.28,4.0,2.0,0.0,UNALIGNED (creator snapshot window vs paid Apr-Aug closed months)
6a55d9b8000000001702ce22,全家反对变夸爆✨邻居踏破门抄作业,2026-07-14 19:01,video,52.0,CREATOR_PERFORMANCE_PRESENT,226.0,2.0,0.0,0.0,0.0,1,2,2,PAID_ASSOCIATED_NO_METRIC_RECORD,0,,,,,,,UNALIGNED (creator snapshot window vs paid Apr-Aug closed months)
6a55daa20000000017028083,鸡肋厨房有救了✨变形岛台拯救强迫症,2026-07-15 12:01,video,46.0,CREATOR_PERFORMANCE_PRESENT,149.0,2.0,0.0,2.0,0.0,1,2,2,NOTE_PAID_METRIC_PRESENT,2,M2026-07,M2026-08,0.0,3.0,0.0,0.0,UNALIGNED (creator snapshot window vs paid Apr-Aug closed months)
6a578aa20000000016024109,岩板长成原木模样🌿耐刮不娇气,2026-07-15 21:26,video,21.0,CREATOR_PERFORMANCE_PRESENT,107.0,2.0,1.0,0.0,0.0,1,2,2,NOTE_PAID_METRIC_PRESENT,2,M2026-07,M2026-08,0.0,7.0,0.0,0.0,UNALIGNED (creator snapshot window vs paid Apr-Aug closed months)
6a578aea00000000170280e1,8米开间大平层✨木纹岩板岛台好温馨,2026-07-16 12:01,video,31.0,CREATOR_PERFORMANCE_PRESENT,89.0,1.0,0.0,0.0,0.0,1,2,2,NOTE_PAID_METRIC_PRESENT,1,M2026-07,M2026-07,0.0,5.0,0.0,0.0,UNALIGNED (creator snapshot window vs paid Apr-Aug closed months)
6a58f896000000001003c010,普拉达绿岛台🌿餐岛分离拉坐10人,2026-07-16 23:28,video,99.0,CREATOR_PERFORMANCE_PRESENT,145.0,1.0,1.0,0.0,0.0,1,2,2,NOTE_PAID_METRIC_PRESENT,2,M2026-07,M2026-08,0.06,11.0,1.0,0.0,UNALIGNED (creator snapshot window vs paid Apr-Aug closed months)
6a58f989000000000f01f14b,原木中古岛台🌿薄抽+田字格全收纳,2026-07-18 12:01,video,119.0,CREATOR_PERFORMANCE_PRESENT,106.0,0.0,0.0,2.0,0.0,1,2,2,NOTE_PAID_METRIC_PRESENT,1,M2026-07,M2026-07,0.0,11.0,0.0,0.0,UNALIGNED (creator snapshot window vs paid Apr-Aug closed months)
6a5a3375000000001b01d245,岛台翻车?💡10个细节尺寸做对了吗,2026-07-17 21:51,video,97.0,CREATOR_PERFORMANCE_PRESENT,263.0,0.0,1.0,2.0,0.0,1,2,2,NOTE_PAID_METRIC_PRESENT,2,M2026-07,M2026-08,0.01,12.0,1.0,0.0,UNALIGNED (creator snapshot window vs paid Apr-Aug closed months)
6a5a33b8000000000903662c,精装房做岛台💡12个细节实用不翻车,2026-07-18 12:01,video,97.0,CREATOR_PERFORMANCE_PRESENT,13.0,0.0,0.0,0.0,0.0,0,0,0,NO_PAID_ASSOCIATION_OBSERVED,0,,,,,,,UNALIGNED (creator snapshot window vs paid Apr-Aug closed months)
6a5b7a86000000001302c087,小户型伸缩岛台✨小吧台秒变大餐桌,2026-07-18 21:07,video,30.0,CREATOR_PERFORMANCE_PRESENT,479.0,1.0,0.0,0.0,0.0,1,2,2,NOTE_PAID_METRIC_PRESENT,1,M2026-08,M2026-08,0.0,1.0,0.0,0.0,UNALIGNED (creator snapshot window vs paid Apr-Aug closed months)
6a5b7aed000000001002611c,安装师傅上门了🚛岛台落地太治愈,2026-07-19 12:01,video,16.0,CREATOR_PERFORMANCE_PRESENT,218.0,3.0,0.0,0.0,0.0,1,2,2,NOTE_PAID_METRIC_PRESENT,1,M2026-08,M2026-08,0.0,1.0,0.0,0.0,UNALIGNED (creator snapshot window vs paid Apr-Aug closed months)
6a5cd5130000000006012545,岛台尺寸避坑💡岩板+伸缩不翻车,2026-07-19 21:45,video,141.0,CREATOR_PERFORMANCE_PRESENT,177.0,1.0,0.0,0.0,1.0,0,0,0,NO_PAID_ASSOCIATION_OBSERVED,0,,,,,,,UNALIGNED (creator snapshot window vs paid Apr-Aug closed months)
6a5cd54b000000000c014de2,岛台做明白了吗💡15个尺寸直接抄,2026-07-20 12:01,video,71.0,CREATOR_PERFORMANCE_PRESENT,137.0,0.0,1.0,0.0,1.0,0,0,0,NO_PAID_ASSOCIATION_OBSERVED,0,,,,,,,UNALIGNED (creator snapshot window vs paid Apr-Aug closed months)
6a5e16100000000001033b51,岛台易翻车🚨餐桌脚内收尺寸,2026-07-20 20:35,video,125.0,CREATOR_PERFORMANCE_PRESENT,265.0,1.0,2.0,0.0,1.0,0,0,0,NO_PAID_ASSOCIATION_OBSERVED,0,,,,,,,UNALIGNED (creator snapshot window vs paid Apr-Aug closed months)
6a5e1683000000000100f67a,做了6年岛台⚡这些尺寸别踩坑,2026-07-21 12:01,video,103.0,CREATOR_PERFORMANCE_PRESENT,184.0,0.0,1.0,0.0,1.0,1,2,2,NOTE_PAID_METRIC_PRESENT,1,M2026-08,M2026-08,0.0,1.0,0.0,0.0,UNALIGNED (creator snapshot window vs paid Apr-Aug closed months)
6a5f7bb60000000004029dd8,奶油风吧台🍨内嵌冰箱+海棠角,2026-07-21 22:01,video,83.0,CREATOR_PERFORMANCE_PRESENT,139.0,1.0,0.0,0.0,0.0,1,2,2,NOTE_PAID_METRIC_PRESENT,1,M2026-08,M2026-08,0.21,6.0,1.0,0.0,UNALIGNED (creator snapshot window vs paid Apr-Aug closed months)
6a5f7d40000000000101e9b6,奶油风吧台🍨内嵌冰箱+不顶腿,2026-07-22 12:01,video,88.0,CREATOR_PERFORMANCE_PRESENT,59.0,0.0,0.0,0.0,0.0,1,2,2,NOTE_PAID_METRIC_PRESENT,1,M2026-08,M2026-08,0.0,1.0,0.0,0.0,UNALIGNED (creator snapshot window vs paid Apr-Aug closed months)
6a60c77e000000000100c6df,小户型收纳岛台🤍5抽+电磁炉+奶白配色,2026-07-22 21:37,video,82.0,CREATOR_PERFORMANCE_PRESENT,116.0,1.0,1.0,0.0,0.0,1,2,2,NOTE_PAID_METRIC_PRESENT,1,M2026-08,M2026-08,0.55,15.0,1.0,0.0,UNALIGNED (creator snapshot window vs paid Apr-Aug closed months)
6a60c7bf000000000100c89e,意式简约岛台🤍6个大抽屉+电磁炉,2026-07-23 12:01,video,82.0,CREATOR_PERFORMANCE_PRESENT,85.0,0.0,0.0,0.0,0.0,1,2,2,NOTE_PAID_METRIC_PRESENT,1,M2026-08,M2026-08,0.0,3.0,0.0,0.0,UNALIGNED (creator snapshot window vs paid Apr-Aug closed months)
6a621be300000000010320f7,小户型伸缩岛台💙宝格丽蓝+薄抽全拉,2026-07-23 21:49,video,92.0,CREATOR_PERFORMANCE_PRESENT,182.0,0.0,0.0,0.0,0.0,1,2,2,PAID_ASSOCIATED_NO_METRIC_RECORD,0,,,,,,,UNALIGNED (creator snapshot window vs paid Apr-Aug closed months)
6a621c29000000000301f183,小户型伸缩岛台🤍薄抽双拉+分区全收,2026-07-24 12:01,video,56.0,CREATOR_PERFORMANCE_PRESENT,96.0,0.0,0.0,0.0,0.0,1,2,2,NOTE_PAID_METRIC_PRESENT,1,M2026-08,M2026-08,0.0,2.0,0.0,0.0,UNALIGNED (creator snapshot window vs paid Apr-Aug closed months)
6a636b54000000000301e29d,胡桃木伸缩岛台🪵新中式严丝合缝,2026-07-24 21:40,video,80.0,CREATOR_PERFORMANCE_PRESENT,132.0,1.0,2.0,0.0,1.0,1,2,2,NOTE_PAID_METRIC_PRESENT,1,M2026-08,M2026-08,0.0,2.0,0.0,0.0,UNALIGNED (creator snapshot window vs paid Apr-Aug closed months)
6a636c20000000000103173d,宝格丽轻奢岛台💜塞下10处收纳,2026-07-25 12:01,video,61.0,CREATOR_PERFORMANCE_PRESENT,139.0,3.0,2.0,0.0,0.0,1,2,2,PAID_ASSOCIATED_NO_METRIC_RECORD,0,,,,,,,UNALIGNED (creator snapshot window vs paid Apr-Aug closed months)
6a64b8d9000000001303da52,"小户型岛台,拉开能坐10人✨",2026-07-25 21:23,video,105.0,CREATOR_PERFORMANCE_PRESENT,73.0,1.0,1.0,0.0,0.0,1,2,2,NOTE_PAID_METRIC_PRESENT,1,M2026-08,M2026-08,0.0,1.0,0.0,0.0,UNALIGNED (creator snapshot window vs paid Apr-Aug closed months)
6a64b9a600000000100296e2,"2米6岛台,拉开能坐10人✨",2026-07-26 12:01,video,76.0,CREATOR_PERFORMANCE_PRESENT,204.0,0.0,1.0,0.0,0.0,1,2,2,NOTE_PAID_METRIC_PRESENT,1,M2026-08,M2026-08,0.0,3.0,0.0,0.0,UNALIGNED (creator snapshot window vs paid Apr-Aug closed months)
6a659145000000001101f9be,岛台好用很简单💡13个尺寸做对不翻车,2026-07-26 19:00,video,87.0,CREATOR_PERFORMANCE_PRESENT,178.0,1.0,0.0,0.0,2.0,0,0,0,NO_PAID_ASSOCIATION_OBSERVED,0,,,,,,,UNALIGNED (creator snapshot window vs paid Apr-Aug closed months)
6a659198000000000f02bd2b,洞石中古岛台🪵一拉坐下12人,2026-07-27 12:01,video,74.0,CREATOR_PERFORMANCE_PRESENT,93.0,2.0,0.0,0.0,0.0,1,2,2,NOTE_PAID_METRIC_PRESENT,1,M2026-08,M2026-08,0.0,1.0,0.0,0.0,UNALIGNED (creator snapshot window vs paid Apr-Aug closed months)
6a69db08000000000101d78e,小户型伸缩岛台🤍微水泥奶油色+薄抽双拉,2026-07-29 18:50,video,80.0,CREATOR_PERFORMANCE_PRESENT,41.0,0.0,0.0,0.0,0.0,1,2,2,PAID_ASSOCIATED_NO_METRIC_RECORD,0,,,,,,,UNALIGNED (creator snapshot window vs paid Apr-Aug closed months)
6a69db5c0000000004029b20,岛台避坑💡12cm薄抽+公牛插座才合格,2026-07-30 12:01,video,61.0,CREATOR_PERFORMANCE_PRESENT,50.0,1.0,0.0,0.0,0.0,0,0,0,NO_PAID_ASSOCIATION_OBSERVED,0,,,,,,,UNALIGNED (creator snapshot window vs paid Apr-Aug closed months)
6a6b1a430000000008012e68,奶油中古岛台🤎内嵌蒸烤+薄抽双收,2026-07-30 19:00,video,71.0,CREATOR_PERFORMANCE_PRESENT,55.0,1.0,0.0,0.0,0.0,1,2,2,NOTE_PAID_METRIC_PRESENT,1,M2026-08,M2026-08,0.0,1.0,0.0,0.0,UNALIGNED (creator snapshot window vs paid Apr-Aug closed months)
6a6b1a7c0000000022031049,岛台15个尺寸💡入住2年没翻车,2026-07-31 12:01,video,69.0,CREATOR_PERFORMANCE_PRESENT,61.0,2.0,0.0,0.0,0.0,0,0,0,NO_PAID_ASSOCIATION_OBSERVED,0,,,,,,,UNALIGNED (creator snapshot window vs paid Apr-Aug closed months)
6a6dc9d80000000025005c46,2.6米轻奢岛台🤎薄抽+60cm伸缩,2026-08-01 19:27,video,59.0,CREATOR_PERFORMANCE_PRESENT,113.0,1.0,0.0,0.0,0.0,1,2,2,NOTE_PAID_METRIC_PRESENT,1,M2026-08,M2026-08,0.0,5.0,0.0,0.0,UNALIGNED (creator snapshot window vs paid Apr-Aug closed months)
6a6dca620000000025005f87,小户型岛台🤎轻奢配色+深抽全收,2026-08-02 12:01,video,72.0,CREATOR_PERFORMANCE_PRESENT,70.0,0.0,0.0,0.0,0.0,1,2,2,NOTE_PAID_METRIC_PRESENT,1,M2026-08,M2026-08,0.0,1.0,0.0,0.0,UNALIGNED (creator snapshot window vs paid Apr-Aug closed months)
6a6dcf2b000000000600489c,2.6米意式岛台🤎薄抽+60cm伸缩,2026-08-01 18:49,video,71.0,CREATOR_PERFORMANCE_PRESENT,165.0,2.0,0.0,0.0,1.0,1,2,2,NOTE_PAID_METRIC_PRESENT,1,M2026-08,M2026-08,0.01,2.0,1.0,0.0,UNALIGNED (creator snapshot window vs paid Apr-Aug closed months)
6a6dcfc500000000220337b9,验收岛台别踩坑📋这几点尺寸做对了吗,2026-08-02 12:01,video,66.0,CREATOR_PERFORMANCE_PRESENT,79.0,2.0,0.0,0.0,0.0,0,0,0,NO_PAID_ASSOCIATION_OBSERVED,0,,,,,,,UNALIGNED (creator snapshot window vs paid Apr-Aug closed months)
6a6f1ba70000000028031dd7,黑白极简岛台🖤纯白撞黑·薄抽全收,2026-08-02 19:28,video,82.0,CREATOR_PERFORMANCE_PRESENT,87.0,1.0,0.0,0.0,0.0,1,2,2,NOTE_PAID_METRIC_PRESENT,1,M2026-08,M2026-08,0.0,1.0,0.0,0.0,UNALIGNED (creator snapshot window vs paid Apr-Aug closed months)
6a6f1c1900000000330324bb,小户型岛台🤍白撞黑·薄抽全收,2026-08-03 12:01,video,74.0,CREATOR_PERFORMANCE_PRESENT,34.0,0.0,0.0,0.0,0.0,1,2,2,PAID_ASSOCIATED_NO_METRIC_RECORD,0,,,,,,,UNALIGNED (creator snapshot window vs paid Apr-Aug closed months)
6a7074a30000000033034efe,回购2年岛台✨工艺精进成颜值C位,2026-08-03 18:59,video,39.0,CREATOR_PERFORMANCE_PRESENT,142.0,1.0,0.0,0.0,2.0,1,2,2,NOTE_PAID_METRIC_PRESENT,1,M2026-08,M2026-08,0.0,3.0,0.0,0.0,UNALIGNED (creator snapshot window vs paid Apr-Aug closed months)
6a7074de0000000025012872,鸡肋厨房有救了✨变形岛台拯救强迫症,2026-08-04 12:02,video,32.0,CREATOR_PERFORMANCE_PRESENT,100.0,0.0,0.0,0.0,1.0,1,2,2,PAID_ASSOCIATED_NO_METRIC_RECORD,0,,,,,,,UNALIGNED (creator snapshot window vs paid Apr-Aug closed months)
6a71c128000000003300d3bc,🔁换掉旧桌餐厅大一倍,2026-08-04 18:38,video,27.0,CREATOR_PERFORMANCE_PRESENT,220.0,4.0,2.0,0.0,1.0,1,2,2,PAID_ASSOCIATED_NO_METRIC_RECORD,0,,,,,,,UNALIGNED (creator snapshot window vs paid Apr-Aug closed months)
6a71c163000000003301345b,🥲后悔没早装这个岛台,2026-08-05 12:02,video,49.0,CREATOR_PERFORMANCE_PRESENT,35.0,0.0,0.0,0.0,0.0,1,2,2,PAID_ASSOCIATED_NO_METRIC_RECORD,0,,,,,,,UNALIGNED (creator snapshot window vs paid Apr-Aug closed months)
6a7314c000000000280331a2,贪便宜塌了💡换实木钢构稳如山,2026-08-05 18:47,video,27.0,CREATOR_PERFORMANCE_PRESENT,158.0,1.0,0.0,0.0,0.0,1,2,2,PAID_ASSOCIATED_NO_METRIC_RECORD,0,,,,,,,UNALIGNED (creator snapshot window vs paid Apr-Aug closed months)
6a7315040000000033036bb9,全家反对变夸爆✨邻居踏破门抄作业,2026-08-06 12:02,video,53.0,CREATOR_PERFORMANCE_PRESENT,160.0,1.0,0.0,0.0,0.0,1,2,2,PAID_ASSOCIATED_NO_METRIC_RECORD,0,,,,,,,UNALIGNED (creator snapshot window vs paid Apr-Aug closed months)
6a746513000000003302e88a,回购2年岛台✨工艺升级越来越像艺术品,2026-08-06 18:42,video,45.0,CREATOR_PERFORMANCE_PRESENT,173.0,0.0,0.0,0.0,0.0,1,2,2,NOTE_PAID_METRIC_PRESENT,1,M2026-08,M2026-08,0.14,5.0,1.0,0.0,UNALIGNED (creator snapshot window vs paid Apr-Aug closed months)
6a746544000000003400e9cd,早知道就做岛台✨小厨房收纳逆天,2026-08-07 12:02,video,49.0,CREATOR_PERFORMANCE_PRESENT,134.0,1.0,0.0,0.0,1.0,1,2,2,PAID_ASSOCIATED_NO_METRIC_RECORD,0,,,,,,,UNALIGNED (creator snapshot window vs paid Apr-Aug closed months)
6a75bada000000003302c4b4,早该换了✨伸缩岛台让家动线活起来,2026-08-07 19:00,video,30.0,CREATOR_PERFORMANCE_PRESENT,109.0,3.0,0.0,0.0,0.0,1,2,2,PAID_ASSOCIATED_NO_METRIC_RECORD,0,,,,,,,UNALIGNED (creator snapshot window vs paid Apr-Aug closed months)
6a75bb130000000028007ebb,贪便宜塌了💡换实木钢构稳如山,2026-08-08 12:03,video,52.0,CREATOR_PERFORMANCE_PRESENT,154.0,5.0,0.0,0.0,0.0,1,2,2,PAID_ASSOCIATED_NO_METRIC_RECORD,0,,,,,,,UNALIGNED (creator snapshot window vs paid Apr-Aug closed months)
6a7856dc0000000029031289,鸡肋厨房有救了✨变形岛台拯救强迫症,2026-08-09 18:30,video,30.0,CREATOR_PERFORMANCE_PRESENT,142.0,0.0,0.0,0.0,0.0,1,2,2,NOTE_PAID_METRIC_PRESENT,1,M2026-08,M2026-08,0.0,1.0,0.0,0.0,UNALIGNED (creator snapshot window vs paid Apr-Aug closed months)
6a78571e0000000025000a5e,全家反对变夸爆✨邻居踏破门抄作业,2026-08-10 12:01,video,52.0,CREATOR_PERFORMANCE_PRESENT,75.0,0.0,0.0,0.0,0.0,1,2,2,NOTE_PAID_METRIC_PRESENT,1,M2026-08,M2026-08,0.0,1.0,0.0,0.0,UNALIGNED (creator snapshot window vs paid Apr-Aug closed months)
6a793de100000000270219db,放弃餐桌吧✨变形岛台白捡5m2,2026-08-10 19:01,video,65.0,CREATOR_PERFORMANCE_PRESENT,213.0,1.0,0.0,0.0,0.0,1,2,2,NOTE_PAID_METRIC_PRESENT,1,M2026-08,M2026-08,0.0,4.0,0.0,0.0,UNALIGNED (creator snapshot window vs paid Apr-Aug closed months)
6a793e14000000002903335c,当初反对现在夸爆✨伸缩岛台太香了,2026-08-11 12:00,video,39.0,CREATOR_PERFORMANCE_PRESENT,139.0,0.0,1.0,0.0,2.0,1,2,2,NOTE_PAID_METRIC_PRESENT,1,M2026-08,M2026-08,0.0,1.0,0.0,0.0,UNALIGNED (creator snapshot window vs paid Apr-Aug closed months)
6a7b2874000000002500a32c,小户型岛台🗄️双面收纳零浪费,2026-08-11 21:49,video,91.0,CREATOR_PERFORMANCE_PRESENT,177.0,1.0,0.0,0.0,1.0,1,2,2,NOTE_PAID_METRIC_PRESENT,1,M2026-08,M2026-08,0.0,1.0,0.0,0.0,UNALIGNED (creator snapshot window vs paid Apr-Aug closed months)
6a7b28ab000000002800316a,黑白配伸缩岛台🗄️收纳细节全拿捏,2026-08-12 12:01,video,83.0,CREATOR_PERFORMANCE_PRESENT,117.0,0.0,0.0,0.0,0.0,1,2,2,NOTE_PAID_METRIC_PRESENT,1,M2026-08,M2026-08,0.52,23.0,2.0,0.0,UNALIGNED (creator snapshot window vs paid Apr-Aug closed months)
6a7c4fb4000000000502971c,宝格丽伸缩岛台💜3米拉满12人,2026-08-12 18:49,video,66.0,CREATOR_PERFORMANCE_PRESENT,54.0,0.0,0.0,0.0,0.0,1,2,2,NOTE_PAID_METRIC_PRESENT,1,M2026-08,M2026-08,0.0,3.0,0.0,0.0,UNALIGNED (creator snapshot window vs paid Apr-Aug closed months)
6a7c4fed0000000025006abe,小户型奶油岛台🤍伸缩收纳全榨干,2026-08-13 12:01,video,85.0,CREATOR_PERFORMANCE_PRESENT,76.0,2.0,0.0,0.0,0.0,1,2,2,NOTE_PAID_METRIC_PRESENT,1,M2026-08,M2026-08,0.0,1.0,0.0,0.0,UNALIGNED (creator snapshot window vs paid Apr-Aug closed months)
6a7d9e670000000033011f34,威尼斯棕岛台🤎薄抽+60cm伸缩,2026-08-13 18:37,video,62.0,CREATOR_PERFORMANCE_PRESENT,36.0,0.0,0.0,0.0,1.0,0,0,0,NO_PAID_ASSOCIATION_OBSERVED,0,,,,,,,UNALIGNED (creator snapshot window vs paid Apr-Aug closed months)
6a7d9ec7000000002500d676,洞石中古岛台🪵15人聚餐+全拉抽屉,2026-08-14 12:01,video,56.0,CREATOR_PERFORMANCE_PRESENT,37.0,0.0,0.0,0.0,0.0,1,2,2,PAID_ASSOCIATED_NO_METRIC_RECORD,0,,,,,,,UNALIGNED (creator snapshot window vs paid Apr-Aug closed months)
6a7edd2b0000000033012791,精装房做岛台💡12细节不翻车,2026-08-14 19:01,video,89.0,CREATOR_PERFORMANCE_PRESENT,79.0,0.0,0.0,0.0,0.0,1,2,2,PAID_ASSOCIATED_NO_METRIC_RECORD,0,,,,,,,UNALIGNED (creator snapshot window vs paid Apr-Aug closed months)
6a7edd7f000000003301e454,花大钱岛台不大气?💡这几点做错了,2026-08-15 12:01,video,97.0,CREATOR_PERFORMANCE_PRESENT,187.0,5.0,1.0,0.0,1.0,1,2,2,NOTE_PAID_METRIC_PRESENT,1,M2026-08,M2026-08,0.0,1.0,0.0,0.0,UNALIGNED (creator snapshot window vs paid Apr-Aug closed months)
6a8045d80000000032020618,岛台别成大墩子💡这6点做对才实用,2026-08-15 18:56,video,93.0,CREATOR_PERFORMANCE_PRESENT,238.0,1.0,2.0,0.0,0.0,1,1,1,PAID_ASSOCIATED_NO_METRIC_RECORD,0,,,,,,,UNALIGNED (creator snapshot window vs paid Apr-Aug closed months)
6a8046750000000022010556,岛台尺寸避坑💡照抄不翻车,2026-08-16 12:01,video,107.0,CREATOR_PERFORMANCE_PRESENT,79.0,3.0,0.0,0.0,2.0,0,0,0,NO_PAID_ASSOCIATION_OBSERVED,0,,,,,,,UNALIGNED (creator snapshot window vs paid Apr-Aug closed months)
6a8195ed0000000032032885,小户型灶台🤎薄抽+内嵌全收,2026-08-16 18:50,video,62.0,CREATOR_PERFORMANCE_PRESENT,153.0,5.0,1.0,0.0,1.0,0,0,0,NO_PAID_ASSOCIATION_OBSERVED,0,,,,,,,UNALIGNED (creator snapshot window vs paid Apr-Aug closed months)
6a819641000000003301a6fc,2.8米中古岛台🤎奶油木纹绝了,2026-08-17 12:01,video,72.0,CREATOR_PERFORMANCE_PRESENT,77.0,1.0,1.0,0.0,1.0,1,2,2,NOTE_PAID_METRIC_PRESENT,1,M2026-08,M2026-08,0.0,1.0,0.0,0.0,UNALIGNED (creator snapshot window vs paid Apr-Aug closed months)
6a82ec670000000008011673,奶油风岛台🤍3米大桌+70cm伸缩,2026-08-17 19:11,video,62.0,CREATOR_PERFORMANCE_PRESENT,73.0,1.0,0.0,0.0,0.0,1,2,2,PAID_ASSOCIATED_NO_METRIC_RECORD,0,,,,,,,UNALIGNED (creator snapshot window vs paid Apr-Aug closed months)
6a82eca5000000000503117b,小户型纯白岛台🤍薄抽大抽屉全拉,2026-08-18 12:01,video,62.0,CREATOR_PERFORMANCE_PRESENT,18.0,1.0,0.0,0.0,0.0,1,2,2,NOTE_PAID_METRIC_PRESENT,1,M2026-08,M2026-08,0.0,2.0,0.0,0.0,UNALIGNED (creator snapshot window vs paid Apr-Aug closed months)
6a843e18000000002500453b,倒台验收避坑💡尺寸照抄不翻车,2026-08-18 19:12,video,77.0,CREATOR_PERFORMANCE_PRESENT,163.0,4.0,4.0,0.0,0.0,1,2,2,NOTE_PAID_METRIC_PRESENT,1,M2026-08,M2026-08,0.0,2.0,0.0,0.0,UNALIGNED (creator snapshot window vs paid Apr-Aug closed months)
6a843e5b000000002403c160,80平奶油倒台🧁薄抽+伸缩太香,2026-08-19 12:01,video,49.0,CREATOR_PERFORMANCE_PRESENT,114.0,3.0,1.0,0.0,0.0,1,2,2,PAID_ASSOCIATED_NO_METRIC_RECORD,0,,,,,,,UNALIGNED (creator snapshot window vs paid Apr-Aug closed months)
6a85b8490000000021022731,岛台13个尺寸细节📝照着做不翻车,2026-08-19 22:06,video,100.0,CREATOR_PERFORMANCE_PRESENT,162.0,2.0,2.0,0.0,1.0,0,0,0,NO_PAID_ASSOCIATION_OBSERVED,0,,,,,,,UNALIGNED (creator snapshot window vs paid Apr-Aug closed months)
6a85ba330000000025002213,岛台13个细节📝照着做不翻车,2026-08-20 12:01,video,75.0,CREATOR_PERFORMANCE_PRESENT,216.0,3.0,0.0,0.0,4.0,1,2,2,NOTE_PAID_METRIC_PRESENT,1,M2026-08,M2026-08,0.0,3.0,0.0,0.0,UNALIGNED (creator snapshot window vs paid Apr-Aug closed months)
6a86e2d6000000000801306a,成都3米2意式岛台😭邻居以为是大平层,2026-08-20 19:19,video,63.0,CREATOR_PERFORMANCE_PRESENT,118.0,5.0,0.0,0.0,0.0,0,0,0,NO_PAID_ASSOCIATION_OBSERVED,0,,,,,,,UNALIGNED (creator snapshot window vs paid Apr-Aug closed months)
6a86e33e0000000033033c75,成都3米2意式岛台😭邻居以为是大平层,2026-08-20 19:21,video,46.0,CREATOR_PERFORMANCE_PRESENT,82.0,1.0,0.0,0.0,0.0,1,2,2,PAID_ASSOCIATED_NO_METRIC_RECORD,0,,,,,,,UNALIGNED (creator snapshot window vs paid Apr-Aug closed months)
6a86e37a000000002500c367,3米2意式岛台😭邻居以为是大平层,2026-08-21 12:00,video,46.0,CREATOR_PERFORMANCE_PRESENT,17.0,0.0,0.0,0.0,1.0,1,2,2,PAID_ASSOCIATED_NO_METRIC_RECORD,0,,,,,,,UNALIGNED (creator snapshot window vs paid Apr-Aug closed months)
6a8827f90000000022023489,2米6伸缩岛台😭全家聚餐不再挤,2026-08-21 18:27,video,39.0,CREATOR_PERFORMANCE_PRESENT,49.0,0.0,0.0,0.0,1.0,1,2,2,PAID_ASSOCIATED_NO_METRIC_RECORD,0,,,,,,,UNALIGNED (creator snapshot window vs paid Apr-Aug closed months)
6a8828820000000018018be9,小户型收纳王者😭这岛台太能装了,2026-08-22 12:01,video,72.0,CREATOR_PERFORMANCE_PRESENT,57.0,2.0,0.0,0.0,0.0,1,2,2,NOTE_PAID_METRIC_PRESENT,1,M2026-08,M2026-08,0.0,3.0,0.0,0.0,UNALIGNED (creator snapshot window vs paid Apr-Aug closed months)
6a898693000000003302b07c,2米4吧台太绝了😭细节设计超贴心,2026-08-22 19:22,video,84.0,CREATOR_PERFORMANCE_PRESENT,58.0,1.0,0.0,0.0,0.0,1,2,2,PAID_ASSOCIATED_NO_METRIC_RECORD,0,,,,,,,UNALIGNED (creator snapshot window vs paid Apr-Aug closed months)
6a8987580000000022023985,黑心商家不会说的8个坑😭踩一个都后悔,2026-08-23 12:01,video,51.0,CREATOR_PERFORMANCE_PRESENT,45.0,1.0,0.0,0.0,0.0,0,0,0,NO_PAID_ASSOCIATION_OBSERVED,0,,,,,,,UNALIGNED (creator snapshot window vs paid Apr-Aug closed months)
6a8b041800000000330232cc,小户型伸缩岛台📝功能多到用不完,2026-08-23 22:30,video,82.0,CREATOR_PERFORMANCE_PRESENT,118.0,1.0,2.0,0.0,0.0,1,2,2,PAID_ASSOCIATED_NO_METRIC_RECORD,0,,,,,,,UNALIGNED (creator snapshot window vs paid Apr-Aug closed months)
6a8b046d000000001602316c,小户型伸缩岛台📝功能多到用不完,2026-08-24 12:01,video,99.0,CREATOR_PERFORMANCE_PRESENT,57.0,0.0,1.0,0.0,0.0,1,2,2,NOTE_PAID_METRIC_PRESENT,1,M2026-08,M2026-08,0.0,1.0,0.0,0.0,UNALIGNED (creator snapshot window vs paid Apr-Aug closed months)
6a8c270200000000220232f0,小户型伸缩岛台📝功能多到用不完,2026-08-24 19:12,video,79.0,CREATOR_PERFORMANCE_PRESENT,55.0,1.0,0.0,0.0,0.0,1,2,2,PAID_ASSOCIATED_NO_METRIC_RECORD,0,,,,,,,UNALIGNED (creator snapshot window vs paid Apr-Aug closed months)
6a8c2736000000002202d2e6,小户型伸缩岛台📝功能多到用不完,2026-08-25 12:01,video,94.0,CREATOR_PERFORMANCE_PRESENT,49.0,0.0,1.0,0.0,2.0,1,2,2,NOTE_PAID_METRIC_PRESENT,1,M2026-08,M2026-08,0.0,3.0,0.0,0.0,UNALIGNED (creator snapshot window vs paid Apr-Aug closed months)
6a8d7261000000001e0177c1,内行人买岛台💰这4点没问亏大了,2026-08-25 18:45,video,97.0,CREATOR_PERFORMANCE_PRESENT,100.0,0.0,1.0,0.0,0.0,1,2,2,NOTE_PAID_METRIC_PRESENT,1,M2026-08,M2026-08,0.0,2.0,0.0,0.0,UNALIGNED (creator snapshot window vs paid Apr-Aug closed months)
6a8d7298000000000b0262d6,选岛台记住这7点📝再不怕踩坑了,2026-08-26 12:01,video,94.0,CREATOR_PERFORMANCE_PRESENT,76.0,1.0,0.0,0.0,0.0,1,2,2,PAID_ASSOCIATED_NO_METRIC_RECORD,0,,,,,,,UNALIGNED (creator snapshot window vs paid Apr-Aug closed months)
6a8edcca000000002a03b79e,入住两年换岛台😭餐厅终于不乱了,2026-08-26 20:32,video,49.0,CREATOR_PERFORMANCE_PRESENT,160.0,0.0,0.0,0.0,0.0,1,2,2,NOTE_PAID_METRIC_PRESENT,1,M2026-08,M2026-08,0.01,1.0,1.0,0.0,UNALIGNED (creator snapshot window vs paid Apr-Aug closed months)
6a8edd02000000002903e53c,贪便宜翻车伤了孩子😭换对岛台真香,2026-08-27 12:01,video,30.0,CREATOR_PERFORMANCE_PRESENT,49.0,0.0,0.0,0.0,0.0,0,0,0,NO_PAID_ASSOCIATION_OBSERVED,0,,,,,,,UNALIGNED (creator snapshot window vs paid Apr-Aug closed months)
6a90187c00000000260049b8,给餐厅做了个大手术😭通透感绝了,2026-08-27 18:59,video,46.0,CREATOR_PERFORMANCE_PRESENT,84.0,1.0,1.0,0.0,0.0,1,2,2,PAID_ASSOCIATED_NO_METRIC_RECORD,0,,,,,,,UNALIGNED (creator snapshot window vs paid Apr-Aug closed months)
6a9018aa000000002501adbe,忍了旧餐桌3年😭换成伸缩岛台真香,2026-08-28 12:01,video,38.0,CREATOR_PERFORMANCE_PRESENT,108.0,2.0,0.0,0.0,1.0,0,0,0,NO_PAID_ASSOCIATION_OBSERVED,0,,,,,,,UNALIGNED (creator snapshot window vs paid Apr-Aug closed months)
6a9189b6000000002003348e,后悔没早装岛台😭小厨房逆袭了,2026-08-28 21:14,video,30.0,CREATOR_PERFORMANCE_PRESENT,74.0,0.0,0.0,0.0,0.0,0,0,0,NO_PAID_ASSOCIATION_OBSERVED,0,,,,,,,UNALIGNED (creator snapshot window vs paid Apr-Aug closed months)
6a9189f30000000025010228,入住两年换岛台😭餐厅终于不乱了,2026-08-29 12:01,video,52.0,CREATOR_PERFORMANCE_PRESENT,118.0,0.0,1.0,0.0,3.0,1,2,2,PAID_ASSOCIATED_NO_METRIC_RECORD,0,,,,,,,UNALIGNED (creator snapshot window vs paid Apr-Aug closed months)
6a92b9b7000000002501066f,全家反对买岛台😭邻居追着夸真香,2026-08-29 18:51,video,46.0,CREATOR_PERFORMANCE_PRESENT,125.0,2.0,1.0,0.0,1.0,1,2,2,PAID_ASSOCIATED_NO_METRIC_RECORD,0,,,,,,,UNALIGNED (creator snapshot window vs paid Apr-Aug closed months)
6a92b9e8000000002501a357,给餐厅做了个大手术😭通透感绝了,2026-08-30 12:01,video,38.0,CREATOR_PERFORMANCE_PRESENT,112.0,0.0,0.0,0.0,0.0,0,0,0,NO_PAID_ASSOCIATION_OBSERVED,0,,,,,,,UNALIGNED (creator snapshot window vs paid Apr-Aug closed months)
