note_id,unit_id,campaign_id
63a6a53f000000001f00d5e2,589601976,186060805
63a6a3e9000000001c0076f9,589601976,186060805
63a6a614000000001b0271df,589601976,186060805
63a6a7af000000001e03f0a2,589601976,186060805
63a6a8b90000000022039f3f,589601976,186060805
63aa6adf000000001f020eb5,589601976,186060805
63aab8ca000000001f00d6e0,589601976,186060805
63aa6814000000001f00b384,589601976,186060805
63aabacb000000002202b632,589601976,186060805
63aabe9e000000001f012388,589601976,186060805
63abeae70000000018010655,589601976,186060805
63abe8b3000000002202b95b,589601976,186060805
63ac07b0000000001b015209,589601976,186060805
63acff92000000001b014eaa,589601976,186060805
63ad6065000000002203ac03,589601976,186060805
63ad6167000000001f001eef,589601976,186060805
63ad6220000000001f002202,589601976,186060805
63ad6640000000001f00edf4,589601976,186060805
63ae5477000000001f0243c2,589601976,186060805
63b0f622000000001902147b,589601976,186060805
63b02492000000001f0129cc,589601976,186060805
63b003a30000000018011e57,589601976,186060805
63b17bf9000000001c037e8d,589601976,186060805
63b1500c000000001c006e54,589601976,186060805
63b2a3b50000000019023267,589601976,186060805
63b4f9d1000000001c0362e5,589601976,186060805
63b412ab0000000019021b18,589601976,186060805
63b78ee8000000001f024f0e,589601976,186060805
63b7e4590000000022038166,589601976,186060805
63b80610000000002203a7b1,589601976,186060805
63b934f5000000001b014634,589601976,186060805
63b95ba9000000001b02720b,589601976,186060805
63ba316b000000002203a5ea,589601976,186060805
63baaf49000000001f009235,589601976,186060805
63bac1840000000018013e62,589601976,186060805
63bb8bd7000000001f0119fe,589601976,186060805
63bcd593000000001e03d82a,589601976,186060805
63bd2b0b000000001f011d2f,589601976,186060805
63bd45a400000000180110ad,589601976,186060805
63be269b000000001f00038a,589601976,186060805
63be7b190000000022039474,589601976,186060805
63be924c000000002202a578,589601976,186060805
63bf785b000000001f0099fd,589601976,186060805
63bfccdd0000000018010220,589601976,186060805
63c374ad000000001f0222e0,589601976,186060805
63c610d6000000001f00d02c,589601976,186060805
63c663db000000001c0071fa,589601976,186060805
63c685900000000019020aa8,589601976,186060805
63c762d50000000022039125,589601976,186060805
63c8d157000000001f02357d,589601976,186060805
63c7d1d7000000001b017564,589601976,186060805
63c7b8bd000000001f00ba81,589601976,186060805
63ca12f4000000002203bfb6,589601976,186060805
63cb73fd000000001f010cd4,589601976,186060805
63caa0a000000000220381c1,589601976,186060805
63cbc637000000002203a3e9,589601976,186060805
63cd00110000000002003301,589601976,186060805
63cc9ad6000000001e03eab6,589601976,186060805
63cfbd2d0000000022029522,589601976,186060805
63d1e16b000000001c00586f,589601976,186060805
63d150f60000000004005303,589601976,186060805
63d20600000000001b0278c7,589601976,186060805
63d33e490000000004005254,589601976,186060805
63d2865200000000220297cf,589601976,186060805
63d3e66f000000001c0062d2,589601976,186060805
63d47884000000001f00ca5b,589601976,186060805
63d496d90000000002003dee,589601976,186060805
63d4e5c50000000008026233,589601976,186060805
63d4fc1d000000000d014d86,589601976,186060805
63d5dec5000000001b0062e6,589601976,186060805
63d633cb000000000d014f08,589601976,186060805
63d6543f000000001d02297b,589601976,186060805
63d788ef0000000008025239,589601976,186060805
63d7a6b0000000001d0101d6,589601976,186060805
63d884cd000000001b00478e,589601976,186060805
63da2ac4000000000d0150cb,589601976,186060805
63da468b0000000008023fc1,589601976,186060805
63db29840000000004005070,589601976,186060805
63dcd13d0000000008023f58,589601976,186060805
63dc7bd4000000001d01c2a0,589601976,186060805
63db7d5b00000000180129e5,589601976,186060805
63ddcdfa0000000004004a50,589601976,186060805
63e07409000000001a025ed7,589601976,186060805
63e0cd980000000004007785,589601976,186060805
63e1c119000000001d020e83,589601976,186060805
63e21bc7000000001b005bf1,589601976,186060805
63e230c1000000001a01fdf5,589601976,186060805
63e313970000000018012062,589601976,186060805
63e366c7000000000d01494e,589601976,186060805
63e462df000000001b0042cf,589601976,186060805
63e60c8100000000130072db,589601976,186060805
63e9fdd8000000001303d408,589601976,186060805
63e706f7000000001203c808,589601976,186060805
63eb503b000000000702ebc9,589601976,186060805
63eb67c2000000001303d7c2,589601976,186060805
63ec4bd200000000130366ac,589601976,186060805
63ed9e4400000000130067b3,589601976,186060805
63eeef9a000000001300f05c,589601976,186060805
63ef4d8f000000001300d25b,589601976,186060805
63f6e0750000000027010dce,589601976,186060805
63f0a37d00000000130087a5,589569262,186060956
63f82edc000000001300813d,589569262,186060956
63f9d335000000000800ca3d,589569262,186060956
63f8878a0000000012030c53,589569262,186060956
640aee48000000001303ed80,589569262,186060956
640dc1050000000014025280,589569262,186060956
640de7920000000013009df9,589569262,186060956
640eeaa000000000130335f7,589569262,186060956
640e9b7d000000001300e321,589569262,186060956
640e70960000000027000457,589569262,186060956
640f1c4f000000001303e9cc,589569262,186060956
640fe2940000000011012ded,589569262,186060956
64103807000000001300e751,589569262,186060956
6410544d0000000012033f3f,589569262,186060956
64111920000000000703a06c,589569262,186060956
64118cfe000000000800d128,589569262,186060956
641256c200000000270132fe,589569262,186060956
6412e9f30000000027011f1b,589569262,186060956
6413b69d0000000012033226,589569262,186060956
6413e5d6000000001303588b,589569262,186060956
64143a940000000027001f75,589569262,186060956
641507a20000000014024e97,589569262,186060956
64196d000000000013037785,589569262,186060956
642a302200000000130115ff,589569262,186060956
642e21cc0000000014027514,589569262,186060956
642e231d0000000011013cdc,589569262,186060956
642f86e70000000027002ba3,589569262,186060956
6430bb920000000013007c52,589569262,186060956
6433665a000000001300a84c,589569262,186060956
643363910000000013036c3a,589569262,186060956
6434cd9e0000000013000f35,589569262,186060956
6435209d000000001303c9a0,589569262,186060956
64360a79000000001402567f,589569262,186060956
6436043e00000000120339f5,589569262,186060956
643608590000000013014d16,589569262,186060956
6437553b0000000013035dc5,589569262,186060956
643a6ba40000000027003f36,589569262,186060956
643df04d0000000013008ce2,589569262,186060956
643d0bdd0000000013009678,589569262,186060956
643a6a48000000001203da38,589569262,186060956
643e78740000000027012667,589569262,186060956
643fc5080000000013012d9f,589569262,186060956
643f5fd60000000013030448,589569262,186060956
6440a1c50000000011010522,589569262,186060956
6441e7670000000014024192,589569262,186060956
6440e7b0000000000800d662,589569262,186060956
6441fe5800000000130365fe,589569262,186060956
64420971000000000703b16e,589569262,186060956
64434cc90000000013009281,589569262,186060956
64435ab90000000013011bad,589569262,186060956
6443a4b900000000270127b2,589569262,186060956
6443908600000000270296f7,589569262,186060956
6443b1660000000013012f0e,589569262,186060956
6445f10e000000001101210f,589569262,186060956
6445df410000000013002058,589569262,186060956
64474a0e00000000270005fd,589569262,186060956
6449e92c0000000013002f22,589569262,186060956
6447af1f000000001303417d,589569262,186060956
644a1ab10000000013008603,589569262,186060956
644b70720000000027003b25,589569262,186060956
644b3ce5000000001303e843,589569262,186060956
644c96e200000000140259cf,589569262,186060956
644dde0a0000000013004943,589569262,186060956
644cb1fb000000001300d56a,589569262,186060956
644f13f2000000001203ddf2,589569262,186060956
644f6f86000000001301588e,589569262,186060956
644f7e59000000001300a680,589569262,186060956
6450dd100000000013005320,589569262,186060956
6450dffa0000000027012a1c,589569262,186060956
6450d8cc000000000800eb4f,589569262,186060956
6450de99000000000800ca13,589569262,186060956
6455c62d0000000013014278,589569262,186060956
6454a4bd000000001303e5db,589569262,186060956
645779d5000000001303d263,589569262,186060956
645a11220000000013003af8,589569262,186060956
64588e73000000001300decc,589569262,186060956
645b300d000000001301798d,589569262,186060956
6461a304000000001300f651,589569262,186060956
645cbbc700000000120334c8,589569262,186060956
6464302100000000070383dd,589569262,186060956
64643eff00000000270000c9,589569262,186060956
64657c3d000000001203eabb,589569262,186060956
6466c7f300000000070389d3,589569262,186060956
64675840000000000800d406,589569262,186060956
646758af0000000014025a64,589569262,186060956
646b01e00000000013034628,589569262,186060956
646b2d4a000000001300b272,589569262,186060956
646c2d91000000002702afba,589569262,186060956
646c23ce0000000007038b2f,589569262,186060956
646c6004000000001203dd1b,589569262,186060956
646c643a000000000800f227,589569262,186060956
646dae200000000013032917,589569262,186060956
646c60f000000000130174c4,589569262,186060956
646eb44c00000000140258c6,589569262,186060956
646edd61000000002702a458,589569262,186060956
64704ff40000000012031bca,589569262,186060956
646f225a000000000800cbe0,589569262,186060956
6472c4870000000013013e9c,589569262,186060956
6471b8940000000012031833,589569262,186060956
6470abf2000000000800c4a1,589569262,186060956
64e2db1d000000001700d02c,589536128,186061080
64e0a445000000000c035160,589536128,186061080
64e33439000000000c0370d9,589536128,186061080
64e3367d000000000800fd31,589536128,186061080
64e47b0d000000000a01aaae,589536128,186061080
64e57d41000000000c0369a4,589536128,186061080
64e4844e000000000800dc3d,589536128,186061080
64e5ca97000000000b02be15,589536128,186061080
64e6d1b40000000017018214,589536128,186061080
64e71d3f000000001003106b,589536128,186061080
64e86dfc000000001700f546,589536128,186061080
64e7171b00000000030215fb,589536128,186061080
64e8b372000000001701a7d0,589536128,186061080
64e96acc000000000b02a30a,589536128,186061080
64e8b766000000000a019de1,589536128,186061080
64e9c9cb000000000c036ba7,589536128,186061080
64eac4a1000000000b02a3b2,589536128,186061080
64e9e1c4000000001701bbe7,589536128,186061080
64eafc83000000000b0290cb,589536128,186061080
64eb0be4000000001003083d,589536128,186061080
64eb010d00000000100315eb,589536128,186061080
64eb20fb000000001700ff9f,589536128,186061080
64ec03c90000000012018d3c,589536128,186061080
64ec58be000000000c036777,589536128,186061080
64edb464000000001f0072b3,589536128,186061080
64ed5f72000000001e02ce33,589536128,186061080
64edc437000000001e03fdad,589536128,186061080
64ec2216000000000c0378fe,589536128,186061080
64ed60f5000000001e0329ac,589536128,186061080
64eb1836000000000c0358e8,589536128,186061080
64ef293e000000001e0215dc,589536128,186061080
64f0abfe000000001e0318d0,589536128,186061080
64f0012b000000001f03ce37,589536128,186061080
64f02a40000000001f03f24e,589536128,186061080
64f2ad18000000001f03dfb7,589536128,186061080
64f1ebcb000000001f004dee,589536128,186061080
64f30ba3000000001e032074,589536128,186061080
64f32c0f000000002000138d,589536128,186061080
64f33399000000001f0398fc,589536128,186061080
64f2f15e000000001f0056fe,589536128,186061080
64f59f01000000001d017ff6,589536128,186061080
64f54b2f000000001f0343e2,589536128,186061080
64f5b688000000001e029746,589536128,186061080
64f71296000000001e02b2df,589536128,186061080
64f6ee4b000000001f03bfad,589536128,186061080
64f69f4b000000001e02f1cd,589536128,186061080
64f695cd000000001e021a46,589536128,186061080
64f6cab3000000001f03faa1,589536128,186061080
64f9a90e000000001d0147d0,589536128,186061080
64fa7ddc000000001f005ac2,589536128,186061080
64f6a542000000001f005ad1,589536128,186061080
64fb1a88000000001e03fae6,589536128,186061080
64fc3f42000000001e033a08,589536128,186061080
64fbe901000000001d01424c,589536128,186061080
64fc56f3000000001f0358b2,589536128,186061080
64fd7b7e000000001e02aa82,589536128,186061080
64fd33ff000000001e02958f,589536128,186061080
64fdc220000000001e02acb7,589536128,186061080
64fec628000000001e00c68f,589536128,186061080
64fe858a000000001f007a29,589536128,186061080
64fefc69000000001e0233e0,589536128,186061080
650028bb000000001e03c5d9,589536128,186061080
64ffe0a9000000002000203c,589536128,186061080
65004061000000001f0346d2,589536128,186061080
65019814000000001f03709a,589536128,186061080
65013033000000001e0216de,589536128,186061080
65019fab000000001e02f52f,589536128,186061080
6502d053000000001f005221,589536128,186061080
650282cb000000001e0306e4,589536128,186061080
6502e6d0000000001e02a62e,589536128,186061080
65043265000000001e02f175,589536128,186061080
6502a717000000001f039b88,589536128,186061080
65043a54000000001f007772,589536128,186061080
6502bc91000000001e03f6b6,589536128,186061080
6502b1ee000000001f03f418,589536128,186061080
650597af000000001d0177de,589536128,186061080
65081b6b000000001e0205f3,589536128,186061080
6507b26d000000001e02dde1,589536128,186061080
6507bf5b0000000020001d14,589536128,186061080
65098e58000000001e03ee2a,589536128,186061080
6507c488000000001f037838,589536128,186061080
6507feea000000001f037c9a,589536128,186061080
650aa612000000001f006376,589536128,186061080
6507c6db000000001f00628f,589536128,186061080
6507f547000000001f036755,589536128,186061080
6507f8df000000001e02869b,589536128,186061080
650c0621000000001e03efb2,589536128,186061080
650d4473000000001f036902,589536128,186061080
65080ae0000000001e020f0f,589536128,186061080
6507b92f000000001f038941,589536128,186061080
650d68b1000000001f005742,589536128,186061080
650ed207000000001f004d91,589536128,186061080
650ed4a0000000001e028c87,589536128,186061080
65097e20000000001e00ca76,589536128,186061080
650e8d36000000001e0210a9,589536128,186061080
650edcb2000000001d014334,589536128,186061080
650e94f4000000001e0233b1,589536128,186061080
650d874d000000001f004907,589536128,186061080
650ea113000000001e0290e8,589536128,186061080
67175702000000002100023f,589605038,186061503
6717576700000000260370f7,589605038,186061503
671757e3000000001b03fc15,589605038,186061503
6718ab00000000002401b0f6,589605038,186061503
6718abc70000000021009845,589605038,186061503
6718bfc80000000024017edc,589605038,186061503
6718c00b0000000024018b4e,589605038,186061503
6718c0aa0000000021004924,589605038,186061503
6719f756000000002100616b,589605038,186061503
6719f7eb0000000026034e27,589605038,186061503
6719f854000000002401b794,589605038,186061503
671a1d840000000021007489,589605038,186061503
671a1e8200000000210035b5,589605038,186061503
671ae7e4000000001b03d2eb,589605038,186061503
671b4f78000000002100b648,589605038,186061503
671b4fb80000000021000b4e,589605038,186061503
671b51d000000000210020d9,589605038,186061503
671b686800000000210089fc,589605038,186061503
671b68b30000000021006d0e,589605038,186061503
671b693c00000000240172e9,589605038,186061503
671c981700000000240179ae,589605038,186061503
671c963b00000000260340ee,589605038,186061503
671c96b200000000260345a4,589605038,186061503
671e12ff00000000210076f5,589605038,186061503
671e1238000000001b03dca9,589605038,186061503
6721ad85000000001b02ad96,589605038,186061503
6721ae13000000001b0126c3,589605038,186061503
6721ae8a000000001b02e61d,589605038,186061503
6721dc0d0000000019017a30,589605038,186061503
6721dd3700000000190193ac,589605038,186061503
67233adb000000001b02a1cb,589605038,186061503
6721dd850000000019014ad3,589605038,186061503
67233b5c000000001b02caaf,589605038,186061503
67234cc1000000001b028382,589605038,186061503
67233baf0000000019016ec3,589605038,186061503
67234d6e000000001a01ca79,589605038,186061503
67234df4000000001b0101ad,589605038,186061503
67287871000000001a01d18f,589605038,186061503
672889300000000019019cda,589605038,186061503
67287a4b000000001901afbf,589605038,186061503
67288a21000000001b028ca8,589605038,186061503
672add42000000001901b372,589605038,186061503
672addc0000000001b011e3e,589605038,186061503
672ae9e5000000001901bda0,589605038,186061503
672ade53000000001b02cd18,589605038,186061503
672aea54000000001b02afc5,589605038,186061503
672c2cfd00000000190176e7,589605038,186061503
672aeaa2000000001b02b2d0,589605038,186061503
672c54d8000000001901413b,589605038,186061503
672c32a2000000001b02ce3f,589605038,186061503
672c55d2000000001b02bcf3,589605038,186061503
6730802e000000001a01cb7c,589605038,186061503
672c566e000000001b02e654,589605038,186061503
67308083000000001a01cf2f,589605038,186061503
6731a15a000000001901ba13,589605038,186061503
673080f4000000001b013614,589605038,186061503
6731a8c40000000019017c0c,589605038,186061503
6731a9510000000019018f3f,589605038,186061503
67330eb40000000019017f65,589605038,186061503
673310ad000000001b029070,589605038,186061503
673311a3000000001b029b60,589605038,186061503
67331226000000001b0107e2,589605038,186061503
673312f9000000001b011208,589605038,186061503
673465a90000000019019a30,589605038,186061503
673465f0000000001b02df86,589605038,186061503
67330f2b000000001b02d91f,589605038,186061503
67346646000000001901a207,589605038,186061503
6734668d000000001901a58c,589605038,186061503
67346709000000001901ab3c,589605038,186061503
673467640000000019016516,589605038,186061503
6735bd4b000000001901780f,589605038,186061503
6735bdfa000000001b011277,589605038,186061503
6735be5c000000001b011792,589605038,186061503
6735beb7000000001b011c67,589605038,186061503
6735bf010000000019014e82,589605038,186061503
6736e628000000001b02ee72,589605038,186061503
6736e66c000000001b012f8e,589605038,186061503
6739afde000000001b02f77c,589605038,186061503
6739b08e000000001b02fef2,589605038,186061503
6739b019000000001a01e71c,589605038,186061503
673c65e600000000070302fa,589605038,186061503
673c666600000000070268ce,589605038,186061503
673c662b0000000007026608,589605038,186061503
673c67660000000007027445,589605038,186061503
673c67eb000000000800548f,589605038,186061503
673c67a5000000000703171e,589605038,186061503
673dc0260000000007034e63,589605038,186061503
673dc19700000000070294b0,589605038,186061503
673dc13800000000070303da,589605038,186061503
673dc06c0000000007033b2e,589605038,186061503
673dc21a0000000007027227,589605038,186061503
673dc1d500000000080040bb,589605038,186061503
673ff6dc000000000203b062,589605038,186061503
673ff8f1000000000202dabc,589605038,186061503
673ff72c000000000203b3fe,589605038,186061503
673ff963000000000201838b,589605038,186061503
673ffa76000000000202a6a8,589605038,186061503
673ffa21000000000202e855,589605038,186061503
6745652c000000000202fde8,589605038,186061503
67456ae0000000000203af51,589605038,186061503
67456a720000000006015edc,589538006,186061555
67456be40000000002028bae,589538006,186061555
67457104000000000601682d,589538006,186061555
67456d16000000000201b5e0,589538006,186061555
6746997b000000000201a834,589538006,186061555
674699fc000000000201ad65,589538006,186061555
674699b2000000000201aa8e,589538006,186061555
67469a3a000000000201aff2,589538006,186061555
67469a8e000000000202d093,589538006,186061555
67469ae4000000000202d3eb,589538006,186061555
674aadee0000000007025e3a,589538006,186061555
674aaeab00000000070265ec,589538006,186061555
674aaf0a000000000800733c,589538006,186061555
674aaf6b000000000703086d,589538006,186061555
674aafab0000000007029853,589538006,186061555
674aaff50000000007038eb4,589538006,186061555
674aea94000000000702700f,589538006,186061555
674aeac40000000007029d27,589538006,186061555
674aeaec0000000008004004,589538006,186061555
674aeb280000000008004264,589538006,186061555
674aeb8a0000000007036348,589538006,186061555
674aebc200000000070396ff,589538006,186061555
674ee6b20000000002039640,589538006,186061555
674ee731000000000201992f,589538006,186061555
674ee7d1000000000202800f,589538006,186061555
674ee832000000000203a86d,589538006,186061555
674ee864000000000201a856,589538006,186061555
67516c7d000000000203bab2,589538006,186061555
67516ce8000000000202c7bb,589538006,186061555
67516d4c00000000060175a3,589538006,186061555
67516da40000000002038a90,589538006,186061555
67516df5000000000202d63b,589538006,186061555
67516e370000000002018c42,589538006,186061555
6752b855000000000201bc73,589538006,186061555
6752b8fb000000000202987d,589538006,186061555
6752bc3b000000000601630b,589538006,186061555
6752bfca000000000601573d,589538006,186061555
675827c800000000020346b8,589538006,186061555
6758281a00000000020163f7,589538006,186061555
6758289700000000020256b3,589538006,186061555
675828d50000000002016d2a,589538006,186061555
6758290a0000000002016fd5,589538006,186061555
6758294c0000000002035a8a,589538006,186061555
67594fb00000000002015dff,589538006,186061555
6759504b000000000103d787,589538006,186061555
675950b700000000020355bf,589538006,186061555
6759516100000000010290c4,589538006,186061555
675951d6000000000203640f,589538006,186061555
67595510000000000103d739,589538006,186061555
675d4c73000000000103db07,589538006,186061555
675d4cd900000000020262bb,589538006,186061555
675d4d1100000000020358b0,589538006,186061555
675d4d94000000000103ea64,589538006,186061555
675d4de00000000002036372,589538006,186061555
675d4e140000000001029d31,589538006,186061555
675ffb3b000000000800d621,589538006,186061555
675ffb77000000000900f40b,589538006,186061555
675ffbcb000000000b0147a3,589538006,186061555
675ffc26000000000b00e631,589538006,186061555
675ffc66000000000800e54d,589538006,186061555
67613936000000000900e5ff,589538006,186061555
676139f9000000000800da9f,589538006,186061555
67613c39000000000800f745,589538006,186061555
67613cf5000000000b01652d,589538006,186061555
67627fad000000000800ca0c,589538006,186061555
67627fe7000000000b0219b7,589538006,186061555
67628020000000000b00d8c6,589538006,186061555
6762805d000000000800d2bd,589538006,186061555
676280e1000000000b017da5,589538006,186061555
67668f10000000000b0167e0,589538006,186061555
67668f3d000000000b016a32,589538006,186061555
67668f78000000000b016d2b,589538006,186061555
67668fcb000000000900e34d,589538006,186061555
67669008000000000800d0e5,589538006,186061555
6766903d000000000b00cbc1,589538006,186061555
6767e10a000000000b00fd11,589538006,186061555
6767e14c000000000b020065,589538006,186061555
6767e1b0000000000800c820,589538006,186061555
6767e22c000000000900e235,589538006,186061555
6767e30a000000000800d940,589538006,186061555
6767e32d000000000b00d6fd,589538006,186061555
676d2964000000001300b4c8,589538006,186061555
676d29d10000000013001dcb,589538006,186061555
676d2a41000000001300bc31,589538006,186061555
676d2ace0000000014024f1c,589538006,186061555
676e6cf7000000001300de4a,589538006,186061555
676e6d40000000000902cb3c,589538006,186061555
676e6d83000000001300e2fb,589538006,186061555
676e6dc50000000009014b36,589538006,186061555
676e6dff000000001300e752,589538006,186061555
677105cb000000000800dba3,589538006,186061555
677105fe000000000900fbd5,589538006,186061555
676e6e49000000001300e9d1,589538006,186061555
6771066a000000000b0153df,589538006,186061555
6771073c000000000b0200bc,589538006,186061555
677272a5000000000b0232a9,589538006,186061555
6772730a000000000800ea07,589538006,186061555
6777b8830000000009017689,589538006,186061555
6777b8ab000000001300d9d8,589538006,186061555
6777b99b000000000902c554,589538006,186061555
63f0a37d00000000130087a5,589641338,186061996
63f82edc000000001300813d,589641338,186061996
63f9d335000000000800ca3d,589641338,186061996
63f8878a0000000012030c53,589641338,186061996
640aee48000000001303ed80,589641338,186061996
640dc1050000000014025280,589641338,186061996
640de7920000000013009df9,589641338,186061996
640eeaa000000000130335f7,589641338,186061996
640e9b7d000000001300e321,589641338,186061996
640e70960000000027000457,589641338,186061996
640f1c4f000000001303e9cc,589641338,186061996
640fe2940000000011012ded,589641338,186061996
64103807000000001300e751,589641338,186061996
6410544d0000000012033f3f,589641338,186061996
64111920000000000703a06c,589641338,186061996
64118cfe000000000800d128,589641338,186061996
641256c200000000270132fe,589641338,186061996
6412e9f30000000027011f1b,589641338,186061996
6413b69d0000000012033226,589641338,186061996
6413e5d6000000001303588b,589641338,186061996
64143a940000000027001f75,589641338,186061996
641507a20000000014024e97,589641338,186061996
64196d000000000013037785,589641338,186061996
642a302200000000130115ff,589641338,186061996
642e21cc0000000014027514,589641338,186061996
642e231d0000000011013cdc,589641338,186061996
642f86e70000000027002ba3,589641338,186061996
6430bb920000000013007c52,589641338,186061996
6433665a000000001300a84c,589641338,186061996
643363910000000013036c3a,589641338,186061996
6434cd9e0000000013000f35,589641338,186061996
6435209d000000001303c9a0,589641338,186061996
64360a79000000001402567f,589641338,186061996
6436043e00000000120339f5,589641338,186061996
643608590000000013014d16,589641338,186061996
6437553b0000000013035dc5,589641338,186061996
643a6ba40000000027003f36,589641338,186061996
643df04d0000000013008ce2,589641338,186061996
643d0bdd0000000013009678,589641338,186061996
643a6a48000000001203da38,589641338,186061996
643e78740000000027012667,589641338,186061996
643fc5080000000013012d9f,589641338,186061996
643f5fd60000000013030448,589641338,186061996
6440a1c50000000011010522,589641338,186061996
6441e7670000000014024192,589641338,186061996
6440e7b0000000000800d662,589641338,186061996
6441fe5800000000130365fe,589641338,186061996
64420971000000000703b16e,589641338,186061996
64434cc90000000013009281,589641338,186061996
64435ab90000000013011bad,589641338,186061996
6443a4b900000000270127b2,589641338,186061996
6443908600000000270296f7,589641338,186061996
6443b1660000000013012f0e,589641338,186061996
6445f10e000000001101210f,589641338,186061996
6445df410000000013002058,589641338,186061996
64474a0e00000000270005fd,589641338,186061996
6449e92c0000000013002f22,589641338,186061996
6447af1f000000001303417d,589641338,186061996
644a1ab10000000013008603,589641338,186061996
644b70720000000027003b25,589641338,186061996
644b3ce5000000001303e843,589641338,186061996
644c96e200000000140259cf,589641338,186061996
644dde0a0000000013004943,589641338,186061996
644cb1fb000000001300d56a,589641338,186061996
644f13f2000000001203ddf2,589641338,186061996
644f6f86000000001301588e,589641338,186061996
644f7e59000000001300a680,589641338,186061996
6450dd100000000013005320,589641338,186061996
6450dffa0000000027012a1c,589641338,186061996
6450d8cc000000000800eb4f,589641338,186061996
6450de99000000000800ca13,589641338,186061996
6455c62d0000000013014278,589641338,186061996
6454a4bd000000001303e5db,589641338,186061996
645779d5000000001303d263,589641338,186061996
645a11220000000013003af8,589641338,186061996
64588e73000000001300decc,589641338,186061996
645b300d000000001301798d,589641338,186061996
6461a304000000001300f651,589641338,186061996
645cbbc700000000120334c8,589641338,186061996
6464302100000000070383dd,589641338,186061996
64657c3d000000001203eabb,589641338,186061996
6466c7f300000000070389d3,589641338,186061996
64675840000000000800d406,589641338,186061996
646758af0000000014025a64,589641338,186061996
646b01e00000000013034628,589641338,186061996
646b2d4a000000001300b272,589641338,186061996
646c2d91000000002702afba,589641338,186061996
646c23ce0000000007038b2f,589641338,186061996
646c6004000000001203dd1b,589641338,186061996
646c643a000000000800f227,589641338,186061996
646dae200000000013032917,589641338,186061996
646c60f000000000130174c4,589641338,186061996
646eb44c00000000140258c6,589641338,186061996
646edd61000000002702a458,589641338,186061996
64704ff40000000012031bca,589641338,186061996
646f225a000000000800cbe0,589641338,186061996
6472c4870000000013013e9c,589641338,186061996
6471b8940000000012031833,589641338,186061996
6470abf2000000000800c4a1,589641338,186061996
64a541df000000001e0103e9,589585762,186066755
64a630450000000035008d81,589585762,186066755
64a68278000000002f024cde,589585762,186066755
64a9411d000000001e01967e,589585762,186066755
64a90af7000000001a013f19,589585762,186066755
64a94586000000003100a9aa,589585762,186066755
64ab6832000000003102de79,589585762,186066755
64abc35b000000001c00c94a,589585762,186066755
64ad3f390000000034016f7d,589585762,186066755
64ad47b4000000002b038a25,589585762,186066755
64b2653e000000002b03e74b,589585762,186066755
64b6549d000000002b03bf99,589585762,186066755
64b678fb000000001c019fa6,589585762,186066755
64b67576000000002301e38c,589585762,186066755
64b751b5000000002f026c7b,589585762,186066755
64b66eff000000001a013bfe,589585762,186066755
64b7c99d000000001c00c6cc,589585762,186066755
64b899df000000002f0244a1,589585762,186066755
64b8a1eb000000000800fa47,589585762,186066755
64b892600000000031009d5a,589585762,186066755
64b9f4ed000000000c035a58,589585762,186066755
64ba491e000000000103ebcf,589585762,186066755
64ba4c88000000001701b408,589585762,186066755
64ba539c000000000b02ac7e,589585762,186066755
64ba568e000000000b02886d,589585762,186066755
64ba580c0000000012019fd1,589585762,186066755
64bc98a9000000000c0375c7,589585762,186066755
64bcd8d2000000000a019b20,589585762,186066755
64bcccad000000000800e380,589585762,186066755
64bde94e000000000103d0c5,589585762,186066755
64be2a48000000001201c5db,589585762,186066755
64be221f000000000103e4a1,589585762,186066755
64be3839000000000b028a7e,589585762,186066755
64be32ec000000000c03608e,589585762,186066755
64be3f380000000010033e63,589585762,186066755
64bf2f71000000000c0372cc,589585762,186066755
64bf2af70000000017019af4,589585762,186066755
64bf2f07000000000103f152,589585762,186066755
64bfa9d2000000000b02a2e0,589585762,186066755
64bfa29d000000000a0186f9,589585762,186066755
64bfa6cf000000001201991b,589585762,186066755
64c465a5000000000b02ad7b,589585762,186066755
64c463d5000000000b029372,589585762,186066755
64c51b7a000000000c03404a,589585762,186066755
64c5c5c9000000000800cb2f,589585762,186066755
64c5f86e000000000a0180c0,589585762,186066755
64c642ae000000000800d6ec,589585762,186066755
64c723e4000000000103f8cc,589585762,186066755
64c73536000000000b02bd76,589585762,186066755
64c72ad2000000000a01af2e,589585762,186066755
64ca162b000000001700db76,589585762,186066755
64cb0494000000000800d733,589585762,186066755
64cb70bc0000000017019318,589585762,186066755
64cb7bf6000000000800f6ca,589585762,186066755
64cc6c44000000000c03722e,589585762,186066755
64cc6b3400000000120198ea,589585762,186066755
64cdaa51000000001201dd5d,589585762,186066755
64cdbfa3000000001201d59a,589585762,186066755
64cf1717000000000b02a9fc,589585762,186066755
64cf61180000000010031cfe,589585762,186066755
64cf7626000000000a018834,589585762,186066755
64d05e36000000001701aff7,589585762,186066755
64d06925000000000800d4a3,589585762,186066755
64d0d4f1000000000800ed09,589585762,186066755
64d1b010000000000c0362b6,589585762,186066755
64d20ebb000000001201a162,589585762,186066755
64d25f39000000001701bff5,589585762,186066755
64d30654000000000800d90b,589585762,186066755
64d34a70000000000c037709,589585762,186066755
64d393bd000000001701bf73,589585762,186066755
64d39c140000000010031324,589585762,186066755
64d39625000000000a019671,589585762,186066755
64d3a2f00000000012019d91,589585762,186066755
64d5b05b0000000010033b02,589585762,186066755
64d61ee8000000001700f883,589585762,186066755
64d6fed200000000120198bf,589585762,186066755
64d74b3b0000000012019ddd,589585762,186066755
64d756100000000003022e60,589585762,186066755
64d77bda000000000800c6ad,589585762,186066755
64d762d10000000010030702,589585762,186066755
64d77fc8000000001700e3e7,589585762,186066755
64d99c8000000000030203a1,589585762,186066755
64da0412000000000301e765,589585762,186066755
64da154d000000000301efcc,589585762,186066755
64daefda000000000800f7d7,589585762,186066755
64db4e87000000001701a578,589585762,186066755
64db5a0a00000000100323e3,589585762,186066755
64dc3f58000000001201ac60,589585762,186066755
64dcae4f000000000b02b120,589585762,186066755
64dcb208000000001201947b,589585762,186066755
64ddf7c0000000000c036d2f,589585762,186066755
64de0ba7000000001201c3b4,589585762,186066755
64df26380000000017018506,589585762,186066755
64df681a000000001700c017,589585762,186066755
64e0304000000000030230e1,589585762,186066755
64df68ce00000000030235b3,589585762,186066755
64e08628000000000301f6dd,589585762,186066755
64e09c0a00000000030214ee,589585762,186066755
64e0975a000000000103c57d,589585762,186066755
64e09ec4000000000103e944,589585762,186066755
6559fc2200000000330060b6,589622613,186066831
6559feb2000000000f02911f,589622613,186066831
6559ff5b000000003202dade,589622613,186066831
655c05e3000000003203ab8c,589622613,186066831
655c06f5000000003203b17a,589622613,186066831
655f1bab0000000032036bc8,589622613,186066831
655f20540000000032037fef,589622613,186066831
6560725f000000003203214a,589622613,186066831
656072c0000000003203bb8f,589622613,186066831
6561bbbb00000000330035c0,589622613,186066831
6561bca90000000033003ce3,589622613,186066831
6561bd1e0000000033005f0e,589622613,186066831
6561bd7c000000003202c25a,589622613,186066831
6561be370000000032033e49,589622613,186066831
6561beae00000000320353f3,589622613,186066831
65644368000000003203b119,589622613,186066831
656443fd0000000033002378,589622613,186066831
656444e2000000003300b9ef,589622613,186066831
6565ad2e0000000033001031,589622613,186066831
6565b0e3000000003300715b,589622613,186066831
6566e851000000000f02624b,589622613,186066831
6566e8e5000000000f02a630,589622613,186066831
6566e9d400000000330096a4,589622613,186066831
65684aa20000000033004882,589622613,186066831
6569b4a6000000000901d800,589622613,186066831
6569991700000000090198be,589622613,186066831
656c375a0000000009018fdf,589622613,186066831
656c3832000000000602066f,589622613,186066831
656d8a14000000000901ca58,589622613,186066831
656ee7ea0000000009018ecb,589622613,186066831
656ee9910000000007008160,589622613,186066831
65703c1f00000000090243f0,589622613,186066831
65703a30000000000700a8c0,589622613,186066831
65703c9d000000000901a08b,589622613,186066831
657175120000000009025a57,589622613,186066831
6572c4880000000006023518,589622613,186066831
6572c56e0000000005039dfe,589622613,186066831
6572c65f000000000901e49a,589622613,186066831
657424be000000000503b310,589622613,186066831
65742d5e0000000006021a86,589622613,186066831
6574254a000000000901ff5f,589622613,186066831
65742c9300000000050398ca,589622613,186066831
65742f5e000000000503a6e2,589622613,186066831
657574330000000005039dbc,589622613,186066831
657573340000000009027e5b,589622613,186066831
6575765e000000000700a62a,589622613,186066831
6576b3bb000000000801f681,589622613,186066831
6576b5010000000006029cb9,589622613,186066831
657831de000000000703b9d8,589622613,186066831
65782f1f0000000009025759,589622613,186066831
65783f12000000000801e534,589622613,186066831
657870c50000000007039f68,589622613,186066831
65786cff000000000901b609,589622613,186066831
657909e2000000000503ace1,589622613,186066831
65790ce1000000000902303a,589622613,186066831
65790ac5000000000901923f,589622613,186066831
65790db70000000009023395,589622613,186066831
657d5fcf0000000009026e98,589622613,186066831
657d677e000000000700b0d0,589622613,186066831
657d5f830000000009021b23,589622613,186066831
657ea361000000000602be25,589622613,186066831
657ea253000000000801d9db,589622613,186066831
657ea4f40000000006028738,589622613,186066831
657ff579000000000503a5f2,589622613,186066831
657ff4f2000000000901ca8e,589622613,186066831
65814838000000000901a935,589622613,186066831
6581477d000000000901c441,589622613,186066831
658149bd0000000009025675,589622613,186066831
6582af460000000009018552,589622613,186066831
6582ade4000000000703b557,589622613,186066831
6582b1450000000007039126,589622613,186066831
6583f59d000000000801dd26,589622613,186066831
6583feb4000000000801c189,589622613,186066831
6583f60c000000000700b8af,589622613,186066831
6585320c0000000006023fa7,589622613,186066831
658530cb000000000602b605,589622613,186066831
6585341b000000000801f9b9,589622613,186066831
658690ba000000003a00cb78,589622613,186066831
65868f08000000003403480b,589622613,186066831
658691900000000038015b90,589622613,186066831
658692df000000003802c87a,589622613,186066831
65869241000000001502f1cc,589622613,186066831
658693750000000038025102,589622613,186066831
65893aca000000001e008c3b,589622613,186066831
658935df0000000018028297,589622613,186066831
65893bf00000000011016267,589622613,186066831
658a8636000000001a001ed0,589622613,186066831
658a85c7000000001e0067d7,589622613,186066831
658a86a4000000001102ef21,589622613,186066831
658bd2b90000000011014222,589622613,186066831
658bd1d2000000001c012e55,589622613,186066831
658bd336000000001d01681c,589622613,186066831
658d3111000000001d037f78,589622613,186066831
658d30bf00000000110315db,589622613,186066831
658d3182000000001e005c39,589622613,186066831
658e8bfc000000001d036ed2,589622613,186066831
658e8a76000000001c010a5a,589622613,186066831
658e8b9e000000001e00496d,589622613,186066831
661e2ecc0000000004019c71,589570938,186067002
661e2e130000000001005fe6,589570938,186067002
661e312d0000000001031ee9,589570938,186067002
661f7b560000000004018a27,589570938,186067002
661f7aba00000000010303de,589570938,186067002
661f7c2300000000010071ff,589570938,186067002
6620bcdd000000000401aeee,589570938,186067002
6620bc23000000000401a106,589570938,186067002
6620bf580000000004019f2d,589570938,186067002
66220c67000000000401b2db,589570938,186067002
662209cf000000000401bdda,589570938,186067002
662360c80000000001030bf3,589570938,186067002
6623603d000000000401b50e,589570938,186067002
662361e70000000001007a50,589570938,186067002
6620e7dc0000000001031c82,589570938,186067002
6620e75e0000000001005ffc,589570938,186067002
6620e9270000000001033bb1,589570938,186067002
662618f8000000000100664d,589570938,186067002
662617cb0000000001004d3b,589570938,186067002
66261964000000000103139b,589570938,186067002
66276b14000000000103205b,589570938,186067002
66276ac40000000001007f6a,589570938,186067002
66276c080000000001033514,589570938,186067002
6628b68f0000000001030d31,589570938,186067002
6628b5b6000000000401b502,589570938,186067002
6628b71b0000000001007cc0,589570938,186067002
662a0d0400000000010308e0,589570938,186067002
662a0c65000000000401bd27,589570938,186067002
662a0d97000000000401976f,589570938,186067002
662b45a6000000000401ae5f,589570938,186067002
662b44ef000000000d032e0d,589570938,186067002
662c98f000000000010073e4,589570938,186067002
662c98480000000001006691,589570938,186067002
662c9e02000000000401b6f4,589570938,186067002
662c9cd60000000004019e85,589570938,186067002
662c9d6a000000000401aa7f,589570938,186067002
662f528e000000001e03437f,589570938,186067002
662f5231000000001e037bf4,589570938,186067002
662f53a1000000001e033ecd,589570938,186067002
6630885e000000001e030eff,589570938,186067002
66306d00000000001e03661f,589570938,186067002
663088c0000000001e0315ef,589570938,186067002
6631f6e6000000001e032578,589570938,186067002
6631f6a8000000001e037d38,589570938,186067002
6631f74b000000001e032c9f,589570938,186067002
66306b40000000001e03454c,589570938,186067002
662f6cb7000000001e033756,589570938,186067002
66306c29000000001e03990d,589570938,186067002
66348127000000001e0362bc,589570938,186067002
66347e89000000001e03b264,589570938,186067002
6634819b000000001e036b33,589570938,186067002
6635f17d000000001e035307,589570938,186067002
6635e9e2000000001e03772a,589570938,186067002
6635f231000000001e03621b,589570938,186067002
66373c20000000001e03475e,589570938,186067002
66373bac000000001e03170f,589570938,186067002
66373ccb000000001e0354e9,589570938,186067002
66388dfa000000001e03aa84,589570938,186067002
66388d15000000001e032799,589570938,186067002
66388e58000000001e03b276,589570938,186067002
6639de13000000001e031019,589570938,186067002
6639dd92000000001e030566,589570938,186067002
6639de80000000001e039673,589570938,186067002
6639e5f9000000001e0373c4,589570938,186067002
6639e5ab000000001e033482,589570938,186067002
6639e6a3000000001e030a1d,589570938,186067002
663c7eac000000001e03b7ae,589570938,186067002
663c7e35000000001e03addc,589570938,186067002
663c7f12000000001e03724c,589570938,186067002
663dd3ed000000001e034a11,589570938,186067002
663dd36a000000001e039675,589570938,186067002
663dd44c000000001e0339f5,589570938,186067002
663f23f1000000001e03a1db,589570938,186067002
663f235c000000001e039525,589570938,186067002
663f2446000000001e03a916,589570938,186067002
663f2bd0000000001e037687,589570938,186067002
663f2e0f000000001e031253,589570938,186067002
6641c5a2000000001e030cf7,589570938,186067002
6641c66e000000001e0384f1,589570938,186067002
6641c6ee000000001e038f26,589570938,186067002
664318c6000000001e03af48,589570938,186067002
66431825000000001e03a1cf,589570938,186067002
6643190c000000001e03b55c,589570938,186067002
66446b66000000001e037901,589570938,186067002
66446bc1000000001e0388b0,589570938,186067002
6645bc0e000000001e038d19,589570938,186067002
6645bbb8000000001e037400,589570938,186067002
6645bc7c000000001e03969d,589570938,186067002
664710a30000000005005675,589570938,186067002
66470da5000000001401840d,589570938,186067002
6647289700000000050064a4,589570938,186067002
664728240000000014018bd2,589570938,186067002
664728d70000000016012782,589570938,186067002
66499a490000000016010c8f,589570938,186067002
664999db000000001401b9b7,589570938,186067002
66499a8b0000000005005759,589570938,186067002
664b0606000000001401b549,589570938,186067002
664b036e0000000005004413,589570938,186067002
664b066e00000000160104dd,589570938,186067002
664c63c700000000050071bf,589570938,186067002
66af362f000000002701ffff,589587247,186067115
66b0867e0000000025031a66,589587247,186067115
66b1d0b7000000001e01bb2a,589587247,186067115
66b1dd35000000001e018411,589587247,186067115
66b1de10000000001e01c1ec,589587247,186067115
66b327fd000000001e01ec55,589587247,186067115
66b3273c0000000025032bfc,589587247,186067115
66b328b4000000001e01ff94,589587247,186067115
66b47c11000000001e01e039,589587247,186067115
66b47ad0000000001e01fdc0,589587247,186067115
66b47cde000000001e01f63c,589587247,186067115
66b71d49000000001e01b89a,589587247,186067115
66b71c260000000025031b53,589587247,186067115
66b9c1ce0000000025032437,589587247,186067115
66b9c345000000001e01ee39,589587247,186067115
66b87cc9000000001e01cf93,589587247,186067115
66bb0f400000000025030d8d,589587247,186067115
66bb0fa10000000025031780,589587247,186067115
66b9c3ff0000000025031d88,589587247,186067115
66bc620a000000001e01a3e4,589587247,186067115
66bb1057000000001e01cee8,589587247,186067115
66bdb4a8000000001e01c469,589587247,186067115
66bc63b70000000025030e7d,589587247,186067115
66bf078d0000000025033ff9,589587247,186067115
66bdb698000000001e01f80c,589587247,186067115
66bf06a1000000001e01a50a,589587247,186067115
66c05775000000001e0192a0,589587247,186067115
66c0564b000000001e01e7a9,589587247,186067115
66bf08030000000025030cce,589587247,186067115
66c2f967000000001d01b9aa,589587247,186067115
66bf228f0000000025031381,589587247,186067115
66c459aa000000001d01974a,589587247,186067115
66c2fb3a000000001d0167fb,589587247,186067115
66c2fa3a000000001d018f27,589587247,186067115
66c59bdc000000001d0398e2,589587247,186067115
66c45b75000000001d0147d8,589587247,186067115
66c45a9c000000001d01b1c1,589587247,186067115
66c6e990000000001d01afe0,589587247,186067115
66c59dfb000000001d015b5f,589587247,186067115
66c6f449000000001d018d92,589587247,186067115
66c6ec1a000000001d01b2c9,589587247,186067115
66c6eabf000000001d0146d6,589587247,186067115
66c99171000000001d017728,589587247,186067115
66c6f389000000001d01b960,589587247,186067115
66c6f32f000000001d0165f6,589587247,186067115
66c9935b000000001d01b28a,589587247,186067115
66cae5f6000000001d0175f6,589587247,186067115
66c99238000000001d019762,589587247,186067115
66cae75a000000001d01983f,589587247,186067115
66cc341e000000001d0184c1,589587247,186067115
66cae672000000001d038e6e,589587247,186067115
66cc35a9000000001d03afe1,589587247,186067115
66cd874b000000001d039372,589587247,186067115
66cc34fa000000001d01465c,589587247,186067115
66cd8b5c000000001d03be18,589587247,186067115
66ced78e000000001d01a548,589587247,186067115
66cd8a8a000000001d015356,589587247,186067115
66ceda25000000001d01592d,589587247,186067115
66d02953000000001d03a5bc,589587247,186067115
66ced86c000000001d01bb86,589587247,186067115
66d179e2000000001d01b84b,589587247,186067115
66d02d2c000000001d014499,589587247,186067115
66d02c33000000001d01bc85,589587247,186067115
66d2c828000000001d0155b9,589587247,186067115
66d17bd8000000001d03a2c5,589587247,186067115
66d17b8f000000001d01591f,589587247,186067115
66d2edd7000000001d01678f,589587247,186067115
66d2c9dc000000001d0384ab,589587247,186067115
66d2c8de000000001d016630,589587247,186067115
66d56c05000000001d017b4d,589587247,186067115
66d2ef0f000000001f03d5d9,589587247,186067115
66d2ee62000000001f018845,589587247,186067115
66d6af4e000000001d01729e,589587247,186067115
66d56d39000000001d039306,589587247,186067115
66d56c67000000001d0380db,589587247,186067115
66d6b449000000001d015e58,589587247,186067115
66d6b022000000001d014494,589587247,186067115
66dba4db000000001e018314,589587247,186067115
66d6b5e7000000001d014294,589587247,186067115
66dd55c300000000120105cd,589587247,186067115
66d91bd5000000001e018db7,589587247,186067115
66dba50b000000001201274e,589587247,186067115
66de9050000000001e01addd,589587247,186067115
66dd5665000000001e01b419,589587247,186067115
66dd561b000000001e01ae53,589587247,186067115
66dfef7b000000001e019645,589587247,186067115
66de915b0000000012012811,589587247,186067115
66de90b3000000000c01a935,589587247,186067115
66de94b9000000000c01bcc0,589587247,186067115
66dff03b0000000012013fe9,589587247,186067115
66dfefd8000000000c0185ed,589587247,186067115
66e2a0a3000000000c01831f,589587247,186067115
66e149c3000000000c01a4a8,589587247,186067115
66e1498c0000000012011a52,589587247,186067115
66e3edb8000000000c019691,589587247,186067115
66e2a12c000000001e01aaa7,589587247,186067115
66e2a0eb000000000c0189cb,589587247,186067115
66e538170000000012010428,589587247,186067115
66e537d20000000012013dd5,589587247,186067115
68299dc90000000023012fb6,589588013,186067325
68299d25000000002301d4c6,589588013,186067325
682edb7f000000000f033905,589588013,186067325
68340d0d0000000012003fec,589588013,186067325
68341027000000000f038992,589588013,186067325
68340f86000000000c03a431,589588013,186067325
68395a24000000002100c53d,589588013,186067325
683d63ea000000002001eb65,589588013,186067325
683d633500000000210059fe,589588013,186067325
683d649900000000210085bc,589588013,186067325
6843e1d0000000000f03b615,589588013,186067325
6843e2390000000012003552,589588013,186067325
6843e3d5000000000f030828,589588013,186067325
6843e39f0000000012004d39,589588013,186067325
6847fe4c000000002101b1b4,589588013,186067325
6856700e000000000d0253e5,589588013,186067325
685670bb000000000b01fc31,589588013,186067325
68567116000000000d025a77,589588013,186067325
6857bb380000000012014a3b,589588013,186067325
6857bad4000000000d01967e,589588013,186067325
685e5cb200000000120317a7,589588013,186067325
685e5c470000000017031886,589588013,186067325
685e5de000000000150216f9,589588013,186067325
68679a7f0000000023006fb7,589588013,186067325
68746441000000001c03208b,589588013,186067325
687890df000000001c0361c2,589588013,186067325
6878924b000000001c03093d,589588013,186067325
687f2804000000001c0311ac,589588013,186067325
687f2d82000000002203ed08,589588013,186067325
687f2f20000000002203f8ab,589588013,186067325
68873cb70000000015021ff1,589588013,186067325
68873b690000000013013abe,589588013,186067325
68873dff0000000017037728,589588013,186067325
688b3145000000002501aed8,589588013,186067325
688b331a000000002502a180,589588013,186067325
689057d10000000002001d43,589588013,186067325
68905bf700000000020039f5,589588013,186067325
6895a53e00000000230321d8,589588013,186067325
6895a47700000000230382eb,589588013,186067325
6895a7850000000023028f7a,589588013,186067325
689aba910000000023038a7c,589588013,186067325
6895a8330000000023033a03,589588013,186067325
689ab9f50000000022039b48,589588013,186067325
689ed9a1000000001d02c804,589588013,186067325
689ab98e0000000023021c3c,589588013,186067325
689ed823000000001d0224b3,589588013,186067325
68a5713c000000001d00d7e0,589588013,186067325
68a57274000000001c034a91,589588013,186067325
68a57197000000001d013760,589588013,186067325
68a83a56000000001d034a0b,589588013,186067325
68a83b3b000000001d021877,589588013,186067325
68a833d8000000001d025d85,589588013,186067325
68ad61bc000000001b02256d,589588013,186067325
68a831d8000000001d024d2f,589588013,186067325
68ad64bb000000001c00fb29,589588013,186067325
68ad65fc000000001c00c43b,589588013,186067325
68b29e9d000000001d01f402,589588013,186067325
68b55da9000000001d00c602,589588013,186067325
68baa179000000001b01d52f,589588013,186067325
68b55e6f000000001d00caa1,589588013,186067325
68baa828000000001b033b3f,589588013,186067325
68bff0ef000000001d019dea,589588013,186067325
68bff3dc000000001d020916,589588013,186067325
68bff2ae000000001d01a96e,589588013,186067325
68c52a62000000001d023bb9,589588013,186067325
68c7d0c6000000001d03456e,589588013,186067325
68c7d1fc000000001d0271c8,589588013,186067325
68c7d2d7000000001d02e20f,589588013,186067325
68cbcca70000000012015ad7,589588013,186067325
68d25863000000001202f08f,589588013,186067325
68db94d10000000004000baa,589588013,186067325
68db951d0000000004010755,589588013,186067325
68db958100000000050336cb,589588013,186067325
68e0e4b10000000007003ead,589588013,186067325
68e0e457000000000700ce1c,589588013,186067325
68e0e111000000000700fac3,589588013,186067325
68e38f400000000004015879,589588013,186067325
68e38a3b0000000005039b29,589588013,186067325
68ef6601000000000301a9cb,589588013,186067325
68f4a7b00000000003010c5c,589588013,186067325
68f8a18700000000040072f7,589588013,186067325
68f89a470000000004014768,589588013,186067325
68f88ddc0000000005032cde,589588013,186067325
69201ad0000000001e00a12d,589588013,186067325
692124ab000000001b0202d2,589588013,186067325
692273930000000019024e90,589588013,186067325
6923ec39000000000d039e51,589588013,186067325
69250961000000001b022790,589588013,186067325
69269ad2000000001f00df99,589588013,186067325
6927e58e000000001f00ee4b,589588013,186067325
69293b78000000001e02862b,589588013,186067325
69293a52000000001f00dec5,589588013,186067325
692abda4000000001e02fa14,589588013,186067325
692a6de6000000001e03812d,589588013,186067325
692c11f5000000000d03a6cf,589588013,186067325
692d072a000000000d03b03b,589588013,186067325
692c12e3000000001b0234f6,589588013,186067325
692d5bdd000000000d03d5e0,589588013,186067325
692e7fa1000000001e039aa6,589588013,186067325
692e8108000000001e026eb2,589588013,186067325
6472f7da0000000013007e49,589591308,186067720
6473089100000000270016c2,589591308,186067720
64731fd70000000027000393,589591308,186067720
647413ba0000000013000676,589591308,186067720
6474136a0000000013037c38,589591308,186067720
647494010000000013005a51,589591308,186067720
6474a0ad0000000013006038,589591308,186067720
6474a2810000000013016307,589591308,186067720
6476c3a9000000001301098f,589591308,186067720
64772a340000000013005fbf,589591308,186067720
6476eb2e00000000140248f3,589591308,186067720
6477fd8a0000000013032770,589591308,186067720
647864ca000000001300c109,589591308,186067720
647863c8000000001203c36d,589591308,186067720
6479bd350000000013011ea2,589591308,186067720
64794699000000001300cabf,589591308,186067720
647aac950000000013000112,589591308,186067720
647aaa87000000001300d1ea,589591308,186067720
647b076b000000002701111b,589591308,186067720
647c33bc0000000013012e42,589591308,186067720
647c5ce20000000013002f7f,589591308,186067720
647dc19b0000000027001ab4,589591308,186067720
647ea1fe000000001303fb9a,589591308,186067720
647ff2b30000000007039bef,589591308,186067720
64801e3b000000001300fc04,589591308,186067720
648048b50000000027002115,589591308,186067720
6481313a0000000027000984,589591308,186067720
64816203000000000703a74b,589591308,186067720
648288300000000013016b94,589591308,186067720
6481ba3c0000000013014358,589591308,186067720
6482d85000000000130311fd,589591308,186067720
6482f70200000000130022d6,589591308,186067720
648461520000000014025e1d,589591308,186067720
648465760000000013004c55,589591308,186067720
648464b10000000007038c83,589591308,186067720
6486b3ef0000000013015d36,589591308,186067720
648853080000000027028b3b,589591308,186067720
64885b9c0000000011013a45,589591308,186067720
648857df00000000130352c4,589591308,186067720
648a8a53000000000703aebc,589591308,186067720
648ab4b30000000013006987,589591308,186067720
648af25f00000000130357d2,589591308,186067720
648c2aa300000000130337d6,589591308,186067720
648d5661000000000703a3ba,589591308,186067720
648d82060000000014027398,589591308,186067720
648e7dab00000000130367d6,589591308,186067720
648ea4060000000014026370,589591308,186067720
648ed434000000000800f094,589591308,186067720
648ff37e000000000800dd11,589591308,186067720
64903f2c0000000013011439,589591308,186067720
64911e890000000027029e52,589591308,186067720
6491151a0000000013037a7a,589591308,186067720
6491105000000000130365b1,589591308,186067720
649125430000000013033411,589591308,186067720
6491849a000000001303dd01,589591308,186067720
64918ac00000000027028fd5,589591308,186067720
64918f0700000000140254d5,589591308,186067720
649149bf0000000014027599,589591308,186067720
64951a9f0000000013015ca4,589591308,186067720
64953de300000000130074d1,589591308,186067720
64958c42000000000800db8b,589591308,186067720
649683e90000000013014859,589591308,186067720
6496b3180000000013010c1f,589591308,186067720
6496cbf50000000013003691,589591308,186067720
6497998d0000000013007217,589591308,186067720
6497a379000000001300806d,589591308,186067720
649823ba00000000110130b6,589591308,186067720
6498e5110000000011011c92,589591308,186067720
649953950000000013034155,589591308,186067720
6498ef2a00000000070390bc,589591308,186067720
649a3a030000000013034ef6,589591308,186067720
649a3dec000000001300a176,589591308,186067720
649ac8060000000007039048,589591308,186067720
649b8a6f000000000800d9ef,589591308,186067720
649bcc6b00000000140243eb,589591308,186067720
649c1e3e0000000027001667,589591308,186067720
649b9271000000001300a2ff,589591308,186067720
649d5385000000000800eb67,589591308,186067720
649d57d20000000027013f7e,589591308,186067720
649f7fda0000000013015e29,589591308,186067720
649fa261000000001300a019,589591308,186067720
649fedeb0000000027012ab9,589591308,186067720
64a14cc60000000013012577,589591308,186067720
64a22ad6000000000703ba8a,589591308,186067720
64a2acd7000000002f024ce4,589591308,186067720
64a3763e000000001c01bb4b,589591308,186067720
64a3efe4000000002301e25f,589591308,186067720
64a403e4000000002301c87d,589591308,186067720
64a4dde3000000001e011bc8,589591308,186067720
64a54c03000000001201176c,589591308,186067720
650d82f6000000001e02d1c7,589591727,186067852
6513c527000000001e02ce24,589591727,186067852
650d7c6c000000001e0306a1,589591727,186067852
6513ccca000000001f0070dc,589591727,186067852
6513d048000000001f03450f,589591727,186067852
6513ce6f000000001e03ff42,589591727,186067852
6513d286000000001f004754,589591727,186067852
6513d5f6000000001d0161e5,589591727,186067852
6513d3cd000000001f03ee8a,589591727,186067852
6513d6d3000000001e00e8bb,589591727,186067852
6513de540000000020002c99,589591727,186067852
6513d8780000000020001214,589591727,186067852
6513e021000000001f0075bd,589591727,186067852
6513ebf30000000020002c97,589591727,186067852
6513e359000000001e021b6a,589591727,186067852
65260089000000001e00c9f4,589591727,186067852
6525fb8f000000001e00f768,589591727,186067852
65260153000000001d01526e,589591727,186067852
65260733000000001f007d4e,589591727,186067852
6526057e000000002000040f,589591727,186067852
65260ace000000001e023539,589591727,186067852
652610dc000000002000036e,589591727,186067852
65260ea8000000001e02fe9d,589591727,186067852
6526147c000000001e00cd6e,589591727,186067852
652666cf000000001e00e3fe,589591727,186067852
6526387e000000001e00cc07,589591727,186067852
652a750e000000001e00cce1,589591727,186067852
652bb4b0000000001d015be3,589591727,186067852
652a75b0000000001e029a4a,589591727,186067852
652bde3a000000001e02b76e,589591727,186067852
652d3203000000001e0291eb,589591727,186067852
652d3266000000001f0360df,589591727,186067852
652f3f7a000000001f00749b,589591727,186067852
6530cab8000000001e00dd6a,589591727,186067852
652f3d80000000001e03d032,589591727,186067852
6530f0370000000020003a3e,589591727,186067852
653215c4000000001f036589,589591727,186067852
6530f56b0000000020001851,589591727,186067852
65326a2f000000001d016284,589591727,186067852
65339717000000001f03566a,589591727,186067852
65326e4e000000001e00f8d7,589591727,186067852
6533ce70000000001f036ec2,589591727,186067852
6533cc95000000001e02db3d,589591727,186067852
6533d06e000000001f03d3c4,589591727,186067852
6533eb95000000001d016265,589591727,186067852
6535e1fd000000001f03e179,589591727,186067852
6535f334000000001e0333e4,589591727,186067852
65377ec6000000001e02c1a9,589591727,186067852
653756c4000000001f03d449,589591727,186067852
653786db000000001e03fa90,589591727,186067852
6537743d000000001f03c687,589591727,186067852
65377938000000001f037917,589591727,186067852
65376d00000000001d017824,589591727,186067852
653b2a26000000001e02923e,589591727,186067852
65376aa7000000001e03f455,589591727,186067852
653b27d9000000001d014f59,589591727,186067852
653b5a2d000000001e03de3e,589591727,186067852
653cb459000000001f03948c,589591727,186067852
653cd165000000001e030e0f,589591727,186067852
653ceccb000000001f0399c8,589591727,186067852
653dd5f4000000001f03abf5,589591727,186067852
653e2bbf000000001e02c9dd,589591727,186067852
653e4966000000001f035fb6,589591727,186067852
653f7c2d000000001e03cd7f,589591727,186067852
653fb174000000001f03622e,589591727,186067852
6540665f000000001f005eae,589591727,186067852
6540ca51000000001e0327c4,589591727,186067852
6540ec1b000000001e03d3f8,589591727,186067852
6541cb75000000001e03de8a,589591727,186067852
65421900000000001f0360c9,589591727,186067852
65424d36000000001e0220fd,589591727,186067852
654340ba000000001e0299de,589591727,186067852
65436551000000001f03d8a6,589591727,186067852
6543afdb000000001e033bd6,589591727,186067852
654474a4000000001e03c726,589591727,186067852
6544c4a3000000001e00dd7c,589591727,186067852
6544e4b5000000001f03b71c,589591727,186067852
65450c1a000000001f00681e,589591727,186067852
65450d0e000000001f035b08,589591727,186067852
65450f54000000001e02ef11,589591727,186067852
654636ea000000001e030187,589591727,186067852
65463d9c000000001e03fb1d,589591727,186067852
65484ffb000000001e031daf,589591727,186067852
65483c23000000001e00f291,589591727,186067852
654ce5ea0000000032033ca0,589591727,186067852
654cea4e000000000f028244,589591727,186067852
654cee910000000032035ab0,589591727,186067852
654cf335000000000f02b89a,589591727,186067852
654d9784000000003203940b,589591727,186067852
654cfa6800000000330033e7,589591727,186067852
6551b5f70000000033000b08,589591727,186067852
65574e43000000003300169d,589591727,186067852
65574eec000000003300a922,589591727,186067852
65582685000000003202ea19,589591727,186067852
655827740000000032033b6b,589591727,186067852
655828cd0000000032039552,589591727,186067852
65582951000000003300bd56,589591727,186067852
655829b700000000320304d4,589591727,186067852
6559fa4b0000000032036726,589591727,186067852
6472f7da0000000013007e49,589535745,186072599
6473089100000000270016c2,589535745,186072599
64731fd70000000027000393,589535745,186072599
647413ba0000000013000676,589535745,186072599
6474136a0000000013037c38,589535745,186072599
647494010000000013005a51,589535745,186072599
6474a0ad0000000013006038,589535745,186072599
6474a2810000000013016307,589535745,186072599
6476c3a9000000001301098f,589535745,186072599
64772a340000000013005fbf,589535745,186072599
6476eb2e00000000140248f3,589535745,186072599
6477fd8a0000000013032770,589535745,186072599
647864ca000000001300c109,589535745,186072599
647842c20000000013009c81,589535745,186072599
647863c8000000001203c36d,589535745,186072599
6479bd350000000013011ea2,589535745,186072599
64794699000000001300cabf,589535745,186072599
647aac950000000013000112,589535745,186072599
647aaa87000000001300d1ea,589535745,186072599
647b076b000000002701111b,589535745,186072599
647c071e0000000013006e7a,589535745,186072599
647c33bc0000000013012e42,589535745,186072599
647c5ce20000000013002f7f,589535745,186072599
647dc3bf000000000800e63e,589535745,186072599
647dc19b0000000027001ab4,589535745,186072599
647ea1fe000000001303fb9a,589535745,186072599
647dc69e000000000800fab8,589535745,186072599
647ff2b30000000007039bef,589535745,186072599
64801e3b000000001300fc04,589535745,186072599
648048b50000000027002115,589535745,186072599
6481313a0000000027000984,589535745,186072599
64816203000000000703a74b,589535745,186072599
648288300000000013016b94,589535745,186072599
6481ba3c0000000013014358,589535745,186072599
6482d85000000000130311fd,589535745,186072599
6482f70200000000130022d6,589535745,186072599
6483ef180000000013010ffc,589535745,186072599
648461520000000014025e1d,589535745,186072599
648465760000000013004c55,589535745,186072599
648464b10000000007038c83,589535745,186072599
6486b3ef0000000013015d36,589535745,186072599
64881145000000001203c0ce,589535745,186072599
648853080000000027028b3b,589535745,186072599
64885b9c0000000011013a45,589535745,186072599
648857df00000000130352c4,589535745,186072599
648a8a53000000000703aebc,589535745,186072599
648ab4b30000000013006987,589535745,186072599
648af25f00000000130357d2,589535745,186072599
648c2aa300000000130337d6,589535745,186072599
648d295b0000000011011b78,589535745,186072599
648d5661000000000703a3ba,589535745,186072599
648d82060000000014027398,589535745,186072599
648e7dab00000000130367d6,589535745,186072599
648ea4060000000014026370,589535745,186072599
648ed434000000000800f094,589535745,186072599
648fcad2000000000800dd90,589535745,186072599
648ff37e000000000800dd11,589535745,186072599
64903f2c0000000013011439,589535745,186072599
64911e890000000027029e52,589535745,186072599
6491151a0000000013037a7a,589535745,186072599
6491105000000000130365b1,589535745,186072599
649125430000000013033411,589535745,186072599
6491849a000000001303dd01,589535745,186072599
64918ac00000000027028fd5,589535745,186072599
64918f0700000000140254d5,589535745,186072599
649149bf0000000014027599,589535745,186072599
64951a9f0000000013015ca4,589535745,186072599
64953de300000000130074d1,589535745,186072599
64958c42000000000800db8b,589535745,186072599
649683e90000000013014859,589535745,186072599
6496b3180000000013010c1f,589535745,186072599
6496cbf50000000013003691,589535745,186072599
6497998d0000000013007217,589535745,186072599
6497a379000000001300806d,589535745,186072599
649823ba00000000110130b6,589535745,186072599
6498e5110000000011011c92,589535745,186072599
649953950000000013034155,589535745,186072599
6498ef2a00000000070390bc,589535745,186072599
649a3a030000000013034ef6,589535745,186072599
649a3dec000000001300a176,589535745,186072599
649ac8060000000007039048,589535745,186072599
649b8a6f000000000800d9ef,589535745,186072599
649bcc6b00000000140243eb,589535745,186072599
649c1e3e0000000027001667,589535745,186072599
649ce53e0000000013017b04,589535745,186072599
649b9271000000001300a2ff,589535745,186072599
649d5385000000000800eb67,589535745,186072599
649d57d20000000027013f7e,589535745,186072599
649f7fda0000000013015e29,589535745,186072599
649fa261000000001300a019,589535745,186072599
649fedeb0000000027012ab9,589535745,186072599
64a14cc60000000013012577,589535745,186072599
64a1505600000000130378aa,589535745,186072599
64a22ad6000000000703ba8a,589535745,186072599
64a2acd7000000002f024ce4,589535745,186072599
64a3763e000000001c01bb4b,589535745,186072599
64a3efe4000000002301e25f,589535745,186072599
64a403e4000000002301c87d,589535745,186072599
64a4dde3000000001e011bc8,589535745,186072599
64a54c03000000001201176c,589535745,186072599
650d82f6000000001e02d1c7,589622514,186072700
6513c527000000001e02ce24,589622514,186072700
650d7c6c000000001e0306a1,589622514,186072700
6513ccca000000001f0070dc,589622514,186072700
6513d048000000001f03450f,589622514,186072700
6513ce6f000000001e03ff42,589622514,186072700
6513d286000000001f004754,589622514,186072700
6513d5f6000000001d0161e5,589622514,186072700
6513d3cd000000001f03ee8a,589622514,186072700
6513d6d3000000001e00e8bb,589622514,186072700
6513de540000000020002c99,589622514,186072700
6513d8780000000020001214,589622514,186072700
6513e021000000001f0075bd,589622514,186072700
6513ebf30000000020002c97,589622514,186072700
6513e359000000001e021b6a,589622514,186072700
65260089000000001e00c9f4,589622514,186072700
6525fb8f000000001e00f768,589622514,186072700
65260153000000001d01526e,589622514,186072700
65260733000000001f007d4e,589622514,186072700
6526057e000000002000040f,589622514,186072700
65260ace000000001e023539,589622514,186072700
652610dc000000002000036e,589622514,186072700
65260ea8000000001e02fe9d,589622514,186072700
6526147c000000001e00cd6e,589622514,186072700
652666cf000000001e00e3fe,589622514,186072700
6526387e000000001e00cc07,589622514,186072700
652a750e000000001e00cce1,589622514,186072700
652bb4b0000000001d015be3,589622514,186072700
652a75b0000000001e029a4a,589622514,186072700
652bde3a000000001e02b76e,589622514,186072700
652d3203000000001e0291eb,589622514,186072700
652d3266000000001f0360df,589622514,186072700
652f3f7a000000001f00749b,589622514,186072700
6530cab8000000001e00dd6a,589622514,186072700
652f3d80000000001e03d032,589622514,186072700
6530f0370000000020003a3e,589622514,186072700
653215c4000000001f036589,589622514,186072700
6530f56b0000000020001851,589622514,186072700
65326a2f000000001d016284,589622514,186072700
65339717000000001f03566a,589622514,186072700
65326e4e000000001e00f8d7,589622514,186072700
6533ce70000000001f036ec2,589622514,186072700
6533cc95000000001e02db3d,589622514,186072700
6533d06e000000001f03d3c4,589622514,186072700
6533eb95000000001d016265,589622514,186072700
6535e1fd000000001f03e179,589622514,186072700
6535f334000000001e0333e4,589622514,186072700
65377ec6000000001e02c1a9,589622514,186072700
653756c4000000001f03d449,589622514,186072700
653786db000000001e03fa90,589622514,186072700
6537743d000000001f03c687,589622514,186072700
65377938000000001f037917,589622514,186072700
65376d00000000001d017824,589622514,186072700
653b2a26000000001e02923e,589622514,186072700
65376aa7000000001e03f455,589622514,186072700
653b27d9000000001d014f59,589622514,186072700
653b5a2d000000001e03de3e,589622514,186072700
653cb459000000001f03948c,589622514,186072700
653cd165000000001e030e0f,589622514,186072700
653ceccb000000001f0399c8,589622514,186072700
653dd5f4000000001f03abf5,589622514,186072700
653e2bbf000000001e02c9dd,589622514,186072700
653e4966000000001f035fb6,589622514,186072700
653f7c2d000000001e03cd7f,589622514,186072700
653fb174000000001f03622e,589622514,186072700
6540665f000000001f005eae,589622514,186072700
6540ca51000000001e0327c4,589622514,186072700
6540ec1b000000001e03d3f8,589622514,186072700
6541cb75000000001e03de8a,589622514,186072700
65421900000000001f0360c9,589622514,186072700
65424d36000000001e0220fd,589622514,186072700
654340ba000000001e0299de,589622514,186072700
65436551000000001f03d8a6,589622514,186072700
6543afdb000000001e033bd6,589622514,186072700
654474a4000000001e03c726,589622514,186072700
6544c4a3000000001e00dd7c,589622514,186072700
6544e4b5000000001f03b71c,589622514,186072700
65450c1a000000001f00681e,589622514,186072700
65450d0e000000001f035b08,589622514,186072700
65450f54000000001e02ef11,589622514,186072700
654636ea000000001e030187,589622514,186072700
65463d9c000000001e03fb1d,589622514,186072700
65484ffb000000001e031daf,589622514,186072700
65483c23000000001e00f291,589622514,186072700
654ce5ea0000000032033ca0,589622514,186072700
654cea4e000000000f028244,589622514,186072700
654cee910000000032035ab0,589622514,186072700
654cf335000000000f02b89a,589622514,186072700
654d9784000000003203940b,589622514,186072700
654cfa6800000000330033e7,589622514,186072700
6551b5f70000000033000b08,589622514,186072700
65574e43000000003300169d,589622514,186072700
65574eec000000003300a922,589622514,186072700
65582685000000003202ea19,589622514,186072700
655827740000000032033b6b,589622514,186072700
655828cd0000000032039552,589622514,186072700
65582951000000003300bd56,589622514,186072700
655829b700000000320304d4,589622514,186072700
6559fa4b0000000032036726,589622514,186072700
658e8a1a000000001e00441a,589622754,186072754
658e8df6000000001a02aaa1,589622754,186072754
658fd29a000000001102ccf2,589622754,186072754
658fd1cd000000001802864b,589622754,186072754
658fd215000000001d03322d,589622754,186072754
658fd433000000001101fd24,589622754,186072754
6593c7c0000000001d030fbd,589622754,186072754
6593c73d000000001e00632f,589622754,186072754
6593c858000000001d0161be,589622754,186072754
65950e93000000001102cbc9,589622754,186072754
65950e200000000011033ae7,589622754,186072754
65950ec3000000001102cc42,589622754,186072754
6596551b000000001a002c64,589622754,186072754
6596561600000000150023e7,589622754,186072754
6597b9f50000000018028ea3,589622754,186072754
6597b914000000001e004811,589622754,186072754
6597ba8c000000001102cc9c,589622754,186072754
659908c2000000001101dd00,589622754,186072754
6599081c000000001d026139,589622754,186072754
65990b2f000000001101e479,589622754,186072754
65990c11000000001c0137af,589622754,186072754
65990bc100000000150019ba,589622754,186072754
65990c68000000001d031e7e,589622754,186072754
659baab8000000001e008c2c,589622754,186072754
659baa1700000000110337f8,589622754,186072754
659bab08000000001a02a02b,589622754,186072754
659ceec100000000180285c8,589622754,186072754
659cee5600000000110150ac,589622754,186072754
659cef07000000001d029781,589622754,186072754
659e417d000000001a000f53,589622754,186072754
659e3f3b000000001d024c1f,589622754,186072754
659e41e7000000001d015330,589622754,186072754
659e6e12000000001d025fd3,589622754,186072754
659e6d76000000001102e7be,589622754,186072754
659fa7f9000000001d027449,589622754,186072754
659fa7c000000000110323bb,589622754,186072754
659fa865000000001101406e,589622754,186072754
65a240f4000000001c0103e8,589622754,186072754
65a2407a000000001d0276c8,589622754,186072754
65a2414b000000001e007d30,589622754,186072754
65a38ba90000000011030b82,589622754,186072754
65a38b47000000001102c9f3,589622754,186072754
65a38bf2000000001e005fcb,589622754,186072754
65a4de98000000001e0081cb,589622754,186072754
65a4df1d000000001802bd6c,589622754,186072754
65a62c61000000002b016521,589622754,186072754
65a629b6000000002b012b8a,589622754,186072754
65a78024000000002a015727,589622754,186072754
65a77fd4000000002b015679,589622754,186072754
65a7809b0000000029030311,589622754,186072754
65a8d975000000002a010976,589622754,186072754
65a8dd4a000000002b007f20,589622754,186072754
65aa2d28000000002d011eda,589622754,186072754
65aa2ac7000000002c00f823,589622754,186072754
65aa2e36000000002d02b4e6,589622754,186072754
65ab7cde000000002c0169a8,589622754,186072754
65ab7c5b000000002c0168ab,589622754,186072754
65ab7d28000000002b03d305,589622754,186072754
65ab8bd5000000002d0105f4,589622754,186072754
65ab8b1a000000002c00e10f,589622754,186072754
65ae1f56000000002c03897a,589622754,186072754
65ae1f07000000002c0138af,589622754,186072754
65ae1fa3000000002b03d89a,589622754,186072754
65ae21ae000000002c03fd67,589622754,186072754
65ae2071000000002b03dd4f,589622754,186072754
65ae2181000000002c028313,589622754,186072754
65af7e4e000000002c0397d4,589622754,186072754
65af7d44000000002d0034c9,589622754,186072754
65af7d9d000000002c039388,589622754,186072754
65af7fb6000000002c028a8b,589622754,186072754
65af7eb5000000002c0344cc,589622754,186072754
65af7f5c000000002c03c20e,589622754,186072754
65af81bb000000002c0298e0,589622754,186072754
65af80cc000000002b03f659,589622754,186072754
65af8165000000002c03ac04,589622754,186072754
65b1c7c1000000002c03b2dd,589622754,186072754
65b1c682000000002c03ac02,589622754,186072754
65b1c759000000002b03f79a,589622754,186072754
65b1c94b000000002c03d4a3,589622754,186072754
65b1c862000000002b03fd34,589622754,186072754
65b1c8d7000000002c0299fb,589622754,186072754
65b1ca54000000002c03808f,589622754,186072754
65b1ca10000000002c03bf1d,589622754,186072754
65b1cd36000000002b03d7cd,589622754,186072754
65b1caf4000000002c01300a,589622754,186072754
65b1cb86000000002c016a5d,589622754,186072754
65b1ce42000000002d003479,589622754,186072754
65b1cd86000000002d003099,589622754,186072754
65b1ce04000000002c02b653,589622754,186072754
65b8a6b6000000002c03c971,589622754,186072754
65b8a64f000000002d0005a8,589622754,186072754
65b8aad0000000002c0363ac,589622754,186072754
65b8a7b6000000002c028fec,589622754,186072754
65b8a808000000000802253f,589622754,186072754
65b8abf1000000002c016b7a,589622754,186072754
65b8ab3b0000000007029266,589622754,186072754
658e8a1a000000001e00441a,589628612,186073784
658e8df6000000001a02aaa1,589628612,186073784
658fd29a000000001102ccf2,589628612,186073784
658fd1cd000000001802864b,589628612,186073784
658fd215000000001d03322d,589628612,186073784
658fd433000000001101fd24,589628612,186073784
6593c7c0000000001d030fbd,589628612,186073784
6593c73d000000001e00632f,589628612,186073784
6593c858000000001d0161be,589628612,186073784
65950e93000000001102cbc9,589628612,186073784
65950e200000000011033ae7,589628612,186073784
65950ec3000000001102cc42,589628612,186073784
6596551b000000001a002c64,589628612,186073784
6596561600000000150023e7,589628612,186073784
6597b9f50000000018028ea3,589628612,186073784
6597b914000000001e004811,589628612,186073784
6597ba8c000000001102cc9c,589628612,186073784
659908c2000000001101dd00,589628612,186073784
6599081c000000001d026139,589628612,186073784
65990b2f000000001101e479,589628612,186073784
65990c11000000001c0137af,589628612,186073784
65990bc100000000150019ba,589628612,186073784
65990c68000000001d031e7e,589628612,186073784
659baab8000000001e008c2c,589628612,186073784
659baa1700000000110337f8,589628612,186073784
659bab08000000001a02a02b,589628612,186073784
659ceec100000000180285c8,589628612,186073784
659cee5600000000110150ac,589628612,186073784
659cef07000000001d029781,589628612,186073784
659e3f3b000000001d024c1f,589628612,186073784
659e41e7000000001d015330,589628612,186073784
659e6e12000000001d025fd3,589628612,186073784
659e6d76000000001102e7be,589628612,186073784
659fa7f9000000001d027449,589628612,186073784
659fa7c000000000110323bb,589628612,186073784
659fa865000000001101406e,589628612,186073784
65a240f4000000001c0103e8,589628612,186073784
65a2407a000000001d0276c8,589628612,186073784
65a2414b000000001e007d30,589628612,186073784
65a38ba90000000011030b82,589628612,186073784
65a38b47000000001102c9f3,589628612,186073784
65a38bf2000000001e005fcb,589628612,186073784
65a4de98000000001e0081cb,589628612,186073784
65a4df1d000000001802bd6c,589628612,186073784
65a62c61000000002b016521,589628612,186073784
65a629b6000000002b012b8a,589628612,186073784
65a78024000000002a015727,589628612,186073784
65a77fd4000000002b015679,589628612,186073784
65a7809b0000000029030311,589628612,186073784
65a8d975000000002a010976,589628612,186073784
65a8dd4a000000002b007f20,589628612,186073784
65aa2d28000000002d011eda,589628612,186073784
65aa2ac7000000002c00f823,589628612,186073784
65aa2e36000000002d02b4e6,589628612,186073784
65ab7cde000000002c0169a8,589628612,186073784
65ab7c5b000000002c0168ab,589628612,186073784
65ab7d28000000002b03d305,589628612,186073784
65ab8bd5000000002d0105f4,589628612,186073784
65ab8b1a000000002c00e10f,589628612,186073784
65ae1f56000000002c03897a,589628612,186073784
65ae1f07000000002c0138af,589628612,186073784
65ae1fa3000000002b03d89a,589628612,186073784
65ae21ae000000002c03fd67,589628612,186073784
65ae2071000000002b03dd4f,589628612,186073784
65ae2181000000002c028313,589628612,186073784
65af7e4e000000002c0397d4,589628612,186073784
65af7d44000000002d0034c9,589628612,186073784
65af7d9d000000002c039388,589628612,186073784
65af7fb6000000002c028a8b,589628612,186073784
65af7eb5000000002c0344cc,589628612,186073784
65af7f5c000000002c03c20e,589628612,186073784
65af81bb000000002c0298e0,589628612,186073784
65af80cc000000002b03f659,589628612,186073784
65af8165000000002c03ac04,589628612,186073784
65b1c7c1000000002c03b2dd,589628612,186073784
65b1c682000000002c03ac02,589628612,186073784
65b1c759000000002b03f79a,589628612,186073784
65b1c94b000000002c03d4a3,589628612,186073784
65b1c862000000002b03fd34,589628612,186073784
65b1c8d7000000002c0299fb,589628612,186073784
65b1ca54000000002c03808f,589628612,186073784
65b1ca10000000002c03bf1d,589628612,186073784
65b1cd36000000002b03d7cd,589628612,186073784
65b1caf4000000002c01300a,589628612,186073784
65b1cb86000000002c016a5d,589628612,186073784
65b1ce42000000002d003479,589628612,186073784
65b1cd86000000002d003099,589628612,186073784
65b1ce04000000002c02b653,589628612,186073784
65b8a6b6000000002c03c971,589628612,186073784
65b8a64f000000002d0005a8,589628612,186073784
65b8aad0000000002c0363ac,589628612,186073784
65b8a7b6000000002c028fec,589628612,186073784
65b8a808000000000802253f,589628612,186073784
65b8abf1000000002c016b7a,589628612,186073784
65b8ab3b0000000007029266,589628612,186073784
667d178e000000001c027501,589604529,186078849
667d16bb000000001c026247,589604529,186078849
667d1807000000001c027fa2,589604529,186078849
667e6b33000000001f006f35,589604529,186078849
667e69b0000000001c02458d,589604529,186078849
667e6b75000000001c026fa0,589604529,186078849
667e86d7000000001c026d3b,589604529,186078849
667e875d000000001e0119da,589604529,186078849
667e8872000000001c02578c,589604529,186078849
66810aa8000000001c02743d,589604529,186078849
66810a30000000001e010813,589604529,186078849
66810b1d000000001e011af8,589604529,186078849
66826d99000000001c025ea0,589604529,186078849
66826e71000000001e010d8e,589604529,186078849
6683b3a9000000001e012c98,589604529,186078849
6683b227000000001e0108a5,589604529,186078849
6683b3f2000000001e01337e,589604529,186078849
668503ff000000001f004a5c,589604529,186078849
668504ce000000001f005d5e,589604529,186078849
66865775000000001c027faf,589604529,186078849
668655d3000000001c0257e8,589604529,186078849
6687a507000000001c026c63,589604529,186078849
6687a59d000000001c027af2,589604529,186078849
6687a601000000001e011305,589604529,186078849
6687cd6f000000001f00738a,589604529,186078849
6687d304000000001f0070bd,589604529,186078849
6687d5f5000000001c026671,589604529,186078849
668a45d7000000001e010b41,589604529,186078849
668a467b000000001f005d28,589604529,186078849
668a46f6000000001e0121a8,589604529,186078849
668ba06d0000000025003455,589604529,186078849
668ba1b40000000025007bf7,589604529,186078849
668ba208000000002500443a,589604529,186078849
668cfafc000000002501434a,589604529,186078849
668cfb6c00000000250066ee,589604529,186078849
668e3eaa0000000025000697,589604529,186078849
668e3f470000000025015d77,589604529,186078849
668e3fa80000000025001feb,589604529,186078849
668f79690000000025004207,589604529,186078849
668f79c80000000025016f5c,589604529,186078849
668f7a420000000025017adb,589604529,186078849
6690df70000000002500394c,589604529,186078849
6690dfc30000000025006f65,589604529,186078849
6690e1430000000025017957,589604529,186078849
6690f3ed0000000025002592,589604529,186078849
6690f4c00000000025014d44,589604529,186078849
6690f59100000000250015ea,589604529,186078849
6693844d0000000025005814,589604529,186078849
669383970000000025016ccf,589604529,186078849
669384d100000000250062d4,589604529,186078849
6694d8b60000000025004759,589604529,186078849
6694d5a8000000002501593b,589604529,186078849
6694d9740000000025017b55,589604529,186078849
66962b3900000000250072ac,589604529,186078849
669628940000000025014407,589604529,186078849
66962e2800000000250155c9,589604529,186078849
669779360000000025002a34,589604529,186078849
669778020000000025007bbf,589604529,186078849
669779a00000000025003551,589604529,186078849
6698cb680000000025015170,589604529,186078849
6698ca9c0000000025006219,589604529,186078849
6698cbde0000000025004364,589604529,186078849
669a1b140000000025001d12,589604529,186078849
669a1cab0000000025017ce3,589604529,186078849
669a1ce90000000025000deb,589604529,186078849
669a364a00000000250044ff,589604529,186078849
669a36e300000000250168f4,589604529,186078849
669a376100000000250005e0,589604529,186078849
669cc0240000000025004a91,589604529,186078849
669cbe670000000025017aae,589604529,186078849
669e25730000000027019413,589604529,186078849
669e2666000000002701300d,589604529,186078849
669e2606000000002701d9a2,589604529,186078849
669f5e4e000000002701d816,589604529,186078849
669f5f30000000002701ee31,589604529,186078849
66a0b228000000000600db2f,589604529,186078849
66a20542000000002701edab,589604529,186078849
66a0b844000000002701ccc5,589604529,186078849
66a20a7e000000002701f759,589604529,186078849
66a358d2000000002701f4f2,589604529,186078849
66a20a0a000000000600d721,589604529,186078849
66a35bfa0000000027011291,589604529,186078849
66a36f2f0000000027013767,589604529,186078849
66a5f915000000000600e815,589604529,186078849
66a36fee0000000027010d62,589604529,186078849
66a7494700000000270101a9,589604529,186078849
66a749da0000000027011028,589604529,186078849
66a5fab0000000002701de52,589604529,186078849
66a74a780000000027011fa2,589604529,186078849
66a89e93000000000600d5f8,589604529,186078849
66a89dfe000000000600c687,589604529,186078849
66a9ef58000000000600d08a,589604529,186078849
66a9f071000000002701fcac,589604529,186078849
66a9efbd000000000600dadf,589604529,186078849
66ab3f420000000027010633,589604529,186078849
66ab58ef000000000600c537,589604529,186078849
66ade2f0000000000600d65f,589604529,186078849
66ade4c300000000270108e1,589604529,186078849
66ade4700000000027010134,589604529,186078849
66b0858f000000001e01f170,589604529,186078849
693136b3000000001e02c40d,589605550,186079141
693137c1000000001e02b703,589605550,186079141
69327e83000000001f00ca08,589605550,186079141
69327b87000000001e038224,589605550,186079141
6933d508000000001e008232,589605550,186079141
6933d7c0000000001e01245c,589605550,186079141
6933d69f000000001d03bd97,589605550,186079141
69354aa5000000001d03df0f,589605550,186079141
6936766c000000001b0237dc,589605550,186079141
69354b60000000001e00aa84,589605550,186079141
69367987000000001b027d8f,589605550,186079141
693923ff000000001e02dab6,589605550,186079141
69367b1f000000000d03cf01,589605550,186079141
6937eba70000000019025d07,589605550,186079141
6937edea000000001b03158a,589605550,186079141
6937ecf7000000000d03ecf4,589605550,186079141
693bc13f000000001d03babb,589605550,186079141
693bc01c000000001d03c663,589605550,186079141
693bbefd000000001d03ffd0,589605550,186079141
693d33ef000000001e0023d9,589605550,186079141
693d3688000000001e00be17,589605550,186079141
693d34ce000000001e00e6db,589605550,186079141
693fa7a5000000001e00c62e,589605550,186079141
693faaaa000000001e015f45,589605550,186079141
693fa93b000000001d03d6f0,589605550,186079141
6940b4c1000000001e02c4ec,589605550,186079141
69410133000000001e0374c3,589605550,186079141
6940bdce000000001e0209ab,589605550,186079141
69410be8000000001e03bb87,589605550,186079141
6944f0ec000000001f008341,589605550,186079141
69427d40000000001e02257b,589605550,186079141
6944f331000000001e024269,589605550,186079141
69474c46000000000d00cdd6,589605550,186079141
6944f5f2000000001f00a3d7,589605550,186079141
69474e28000000001b026885,589605550,186079141
6948e7ce000000001e03002b,589605550,186079141
6948a444000000001e0244eb,589605550,186079141
6949f799000000001e031534,589605550,186079141
694b48a2000000001e02c5a1,589605550,186079141
694a4b6a000000001e036b23,589605550,186079141
694ba3e1000000001e02e9af,589605550,186079141
694f3ad60000000022039775,589605550,186079141
694de00a000000002202cfe6,589605550,186079141
6950da0e0000000022032b4e,589605550,186079141
6951db13000000002203b51f,589605550,186079141
69508d0e0000000022033295,589605550,186079141
695480f6000000001e032231,589605550,186079141
69523072000000002203125f,589605550,186079141
69522fca00000000210314da,589605550,186079141
6954ad1b000000001e03a06f,589605550,186079141
69549014000000001e02e0a1,589605550,186079141
69573ae9000000001e02d4fc,589605550,186079141
695877db000000001e02a155,589605550,186079141
69572257000000001e02879a,589605550,186079141
6958c0e1000000001e035a9a,589605550,186079141
695a1cc2000000001e020cb3,589605550,186079141
6959c6f4000000001e028520,589605550,186079141
695a18b8000000001e02350e,589605550,186079141
695c6cb0000000000e00ee19,589605550,186079141
695b71c7000000000d00aa46,589605550,186079141
695c7868000000001a01ee5a,589605550,186079141
695cb323000000000e00edd2,589605550,186079141
695c8593000000001a0246c8,589605550,186079141
695cbadc000000001a026939,589605550,186079141
69605e99000000000b00a172,589605550,186079141
695cbbe4000000001a01e199,589605550,186079141
6960b0f0000000000b0122b4,589605550,186079141
6961afd0000000000a03f3f2,589605550,186079141
696360850000000022008b45,589605550,186079141
6963652c000000002200a5f4,589605550,186079141
6963622c000000002103e0fc,589605550,186079141
6965f72a0000000022008d1f,589605550,186079141
6965ff2b000000002202d194,589605550,186079141
6965f8e9000000002203b52e,589605550,186079141
6968a7e1000000001a032b62,589605550,186079141
69675bdf000000001a02cd50,589605550,186079141
6968ae97000000000e00c7b4,589605550,186079141
696aefeb0000000022032c06,589605550,186079141
696ae6600000000021030946,589605550,186079141
696b2fb5000000002202224a,589605550,186079141
696b33f1000000002200b243,589605550,186079141
696f8a1300000000220398ee,589605550,186079141
697215d3000000002102babe,589605550,186079141
697381260000000022031320,589605550,186079141
69733219000000002203954a,589605550,186079141
697483bc0000000021030797,589605550,186079141
6975d464000000002200b412,589605550,186079141
69747a91000000002202e8cb,589605550,186079141
6975d5030000000022032c1e,589605550,186079141
69772f10000000002203adb7,589605550,186079141
6979d9d0000000002102890e,589605550,186079141
69785b9800000000210301e7,589605550,186079141
6979aa20000000002203199c,589605550,186079141
697b62370000000022008079,589605550,186079141
697cb24d000000002203bda3,589605550,186079141
697c80d50000000021032923,589605550,186079141
697f212d00000000220305e3,589605550,186079141
69806002000000002203a5e3,589605550,186079141
63a6a53f000000001f00d5e2,589608078,186079388
63a6a3e9000000001c0076f9,589608078,186079388
63a6a614000000001b0271df,589608078,186079388
63a6a7af000000001e03f0a2,589608078,186079388
63a6a8b90000000022039f3f,589608078,186079388
63aa6adf000000001f020eb5,589608078,186079388
63aab8ca000000001f00d6e0,589608078,186079388
63aa6814000000001f00b384,589608078,186079388
63aabacb000000002202b632,589608078,186079388
63aabe9e000000001f012388,589608078,186079388
63abeae70000000018010655,589608078,186079388
63abe8b3000000002202b95b,589608078,186079388
63ac07b0000000001b015209,589608078,186079388
63acff92000000001b014eaa,589608078,186079388
63ad6065000000002203ac03,589608078,186079388
63ad6167000000001f001eef,589608078,186079388
63ad6220000000001f002202,589608078,186079388
63ad6640000000001f00edf4,589608078,186079388
63ae5477000000001f0243c2,589608078,186079388
63b0f622000000001902147b,589608078,186079388
63b02492000000001f0129cc,589608078,186079388
63b003a30000000018011e57,589608078,186079388
63b17bf9000000001c037e8d,589608078,186079388
63b1500c000000001c006e54,589608078,186079388
63b2a3b50000000019023267,589608078,186079388
63b4f9d1000000001c0362e5,589608078,186079388
63b412ab0000000019021b18,589608078,186079388
63b78ee8000000001f024f0e,589608078,186079388
63b7e4590000000022038166,589608078,186079388
63b80610000000002203a7b1,589608078,186079388
63b934f5000000001b014634,589608078,186079388
63b95ba9000000001b02720b,589608078,186079388
63ba316b000000002203a5ea,589608078,186079388
63baaf49000000001f009235,589608078,186079388
63bac1840000000018013e62,589608078,186079388
63bb8bd7000000001f0119fe,589608078,186079388
63bcd593000000001e03d82a,589608078,186079388
63bd2b0b000000001f011d2f,589608078,186079388
63bd45a400000000180110ad,589608078,186079388
63be269b000000001f00038a,589608078,186079388
63be7b190000000022039474,589608078,186079388
63be924c000000002202a578,589608078,186079388
63bf785b000000001f0099fd,589608078,186079388
63bfccdd0000000018010220,589608078,186079388
63c374ad000000001f0222e0,589608078,186079388
63c610d6000000001f00d02c,589608078,186079388
63c663db000000001c0071fa,589608078,186079388
63c685900000000019020aa8,589608078,186079388
63c762d50000000022039125,589608078,186079388
63c8d157000000001f02357d,589608078,186079388
63c7d1d7000000001b017564,589608078,186079388
63c7b8bd000000001f00ba81,589608078,186079388
63ca12f4000000002203bfb6,589608078,186079388
63cb73fd000000001f010cd4,589608078,186079388
63caa0a000000000220381c1,589608078,186079388
63cbc637000000002203a3e9,589608078,186079388
63cd00110000000002003301,589608078,186079388
63cc9ad6000000001e03eab6,589608078,186079388
63cfbd2d0000000022029522,589608078,186079388
63d1e16b000000001c00586f,589608078,186079388
63d150f60000000004005303,589608078,186079388
63d20600000000001b0278c7,589608078,186079388
63d33e490000000004005254,589608078,186079388
63d2865200000000220297cf,589608078,186079388
63d3e66f000000001c0062d2,589608078,186079388
63d47884000000001f00ca5b,589608078,186079388
63d496d90000000002003dee,589608078,186079388
63d4e5c50000000008026233,589608078,186079388
63d4fc1d000000000d014d86,589608078,186079388
63d5dec5000000001b0062e6,589608078,186079388
63d633cb000000000d014f08,589608078,186079388
63d6543f000000001d02297b,589608078,186079388
63d788ef0000000008025239,589608078,186079388
63d7a6b0000000001d0101d6,589608078,186079388
63d884cd000000001b00478e,589608078,186079388
63da2ac4000000000d0150cb,589608078,186079388
63da468b0000000008023fc1,589608078,186079388
63db29840000000004005070,589608078,186079388
63dcd13d0000000008023f58,589608078,186079388
63dc7bd4000000001d01c2a0,589608078,186079388
63db7d5b00000000180129e5,589608078,186079388
63ddcdfa0000000004004a50,589608078,186079388
63e07409000000001a025ed7,589608078,186079388
63e0cd980000000004007785,589608078,186079388
63e1c119000000001d020e83,589608078,186079388
63e21bc7000000001b005bf1,589608078,186079388
63e230c1000000001a01fdf5,589608078,186079388
63e313970000000018012062,589608078,186079388
63e366c7000000000d01494e,589608078,186079388
63e462df000000001b0042cf,589608078,186079388
63e60c8100000000130072db,589608078,186079388
63e9fdd8000000001303d408,589608078,186079388
63e706f7000000001203c808,589608078,186079388
63eb503b000000000702ebc9,589608078,186079388
63eb67c2000000001303d7c2,589608078,186079388
63ec4bd200000000130366ac,589608078,186079388
63ed9e4400000000130067b3,589608078,186079388
63eeef9a000000001300f05c,589608078,186079388
63ef4d8f000000001300d25b,589608078,186079388
63f6e0750000000027010dce,589608078,186079388
65b8ab80000000002c0383b7,589536721,186083099
65b8acf3000000002c036e17,589536721,186083099
65b8ac46000000002c013741,589536721,186083099
65b8ac8d000000002c03e5e9,589536721,186083099
65b8ad4a0000000008023e19,589536721,186083099
65b8adab000000002c02acdc,589536721,186083099
65bc472a000000002d0026f4,589536721,186083099
65bc455f000000002d002107,589536721,186083099
65bc4db6000000002b03eb1d,589536721,186083099
65bc4808000000002c02ab23,589536721,186083099
65bc4b64000000002c02b6a4,589536721,186083099
65bc4fb7000000002b03f2f0,589536721,186083099
65bc4e88000000002c028213,589536721,186083099
65bc50ec000000002c0152cb,589536721,186083099
65bc5280000000002c0124dc,589536721,186083099
65bc5179000000002c01550e,589536721,186083099
65bc53b5000000002c03bc14,589536721,186083099
65bc555c000000002b03c9e3,589536721,186083099
65bc5703000000002c03e4e6,589536721,186083099
65bc5aaa000000002c01078e,589536721,186083099
65bc5948000000002c02af3a,589536721,186083099
65bc5b9b000000002c03f944,589536721,186083099
65bc5d0900000000080216ad,589536721,186083099
65bc5cb5000000002c014479,589536721,186083099
65bc600800000000080224ee,589536721,186083099
65bc5f28000000000702bf1e,589536721,186083099
65bc6074000000002c0356b8,589536721,186083099
65bc63b1000000002c03deec,589536721,186083099
65bc60fe0000000008022950,589536721,186083099
65bc6454000000002b03cc1c,589536721,186083099
65bc6536000000002c02a510,589536721,186083099
65bc663b000000002c013c29,589536721,186083099
65bc65c0000000002c016d1b,589536721,186083099
65bc68d7000000002c010735,589536721,186083099
65bc67c8000000002c02b0a1,589536721,186083099
65bc683f000000002b03dd7e,589536721,186083099
65bdaa2d000000002c014a5e,589536721,186083099
65bda9b0000000000702ba34,589536721,186083099
65bdaab20000000008021f46,589536721,186083099
65bdadb1000000002b03c0dc,589536721,186083099
65bdab55000000002c03af1e,589536721,186083099
65bdac47000000002c015250,589536721,186083099
65d325c800000000010292de,589536721,186083099
65d323e50000000007004ced,589536721,186083099
65d3245b00000000070243fd,589536721,186083099
65d45c9700000000070242f4,589536721,186083099
65d45f59000000000702751d,589536721,186083099
65d5ab8e000000000702727d,589536721,186083099
65d5ad59000000000102854b,589536721,186083099
65d5ace300000000070060cc,589536721,186083099
65d70563000000000702706b,589536721,186083099
65d7063c00000000070240c2,589536721,186083099
65d705ef000000000102aa45,589536721,186083099
65d851f200000000070272f8,589536721,186083099
65d86297000000000b022d6e,589536721,186083099
65d852870000000007027e2b,589536721,186083099
65d852eb0000000007024581,589536721,186083099
65d9a37600000000070252e9,589536721,186083099
65d9a308000000000102be01,589536721,186083099
65daf685000000000102a6e8,589536721,186083099
65daf5f00000000001029df0,589536721,186083099
65daf721000000000102b017,589536721,186083099
65dc4e990000000007005b79,589536721,186083099
65dc4ded0000000007004fa4,589536721,186083099
65dc4ef1000000000702511f,589536721,186083099
65dd9bfd000000000102ae17,589536721,186083099
65dd96450000000001028dd9,589536721,186083099
65dd9d15000000000102808f,589536721,186083099
65dee97500000000040014cd,589536721,186083099
65dee686000000000400223d,589536721,186083099
65deeaab0000000004002a31,589536721,186083099
65e03828000000000102ac22,589536721,186083099
65e037630000000001029eb4,589536721,186083099
65e038830000000003037718,589536721,186083099
65e182c80000000004002036,589536721,186083099
65e1836f000000000102968b,589536721,186083099
65e2e49a0000000001028986,589536721,186083099
65e2e3dc000000000102bc06,589536721,186083099
65e2e5f2000000000303655e,589536721,186083099
65e1b549000000000102a921,589536721,186083099
65e1b4530000000003035d58,589536721,186083099
65e1b5a8000000000102af89,589536721,186083099
65e58877000000000102bbfc,589536721,186083099
65e58787000000000102aa4b,589536721,186083099
65e588e20000000001028416,589536721,186083099
65e6d35a0000000004000cbf,589536721,186083099
65e6d0ef0000000003035601,589536721,186083099
65e6d3e6000000000400169f,589536721,186083099
65e6f784000000000102b8cb,589536721,186083099
65e6f6e2000000000102adb5,589536721,186083099
65e6f7ea000000000303422b,589536721,186083099
65e971f20000000003034ab7,589536721,186083099
65e973a20000000003036a18,589536721,186083099
65e9730b0000000001029980,589536721,186083099
65eac0a40000000001029d00,589536721,186083099
65eacc79000000000102b5de,589536721,186083099
65eac14b0000000003036931,589536721,186083099
65ec15f400000000030366d4,589536721,186083099
65ec19a00000000004002dc3,589536721,186083099
65ec182b0000000003035073,589536721,186083099
664c62ba0000000016011526,589604402,186083212
664c6420000000001401b0c2,589604402,186083212
664da5d30000000005004801,589604402,186083212
664da52c000000001401af05,589604402,186083212
664da673000000001601171d,589604402,186083212
664ef80500000000050079a5,589604402,186083212
664ef749000000001401a2d1,589604402,186083212
664ef8750000000005004378,589604402,186083212
66504a020000000005004c87,589604402,186083212
665048bd0000000005006fa8,589604402,186083212
66504a35000000000500512b,589604402,186083212
665064a80000000014019457,589604402,186083212
665063970000000016013bcc,589604402,186083212
665065210000000016012267,589604402,186083212
6652ef870000000014019780,589604402,186083212
6652ebc30000000005005357,589604402,186083212
6652f05400000000050070cc,589604402,186083212
66543e01000000001401a8a9,589604402,186083212
66543cfd0000000016012b60,589604402,186083212
66543f4600000000140183e1,589604402,186083212
66558c77000000001601385c,589604402,186083212
66558d870000000016010f8e,589604402,186083212
6656d14200000000160127f2,589604402,186083212
6656d2d90000000005004db7,589604402,186083212
665835760000000014018a5b,589604402,186083212
66583266000000001401855a,589604402,186083212
665835db00000000050072d2,589604402,186083212
6659831900000000140194b3,589604402,186083212
665981f60000000016011633,589604402,186083212
665983b70000000016013d80,589604402,186083212
665ad331000000001401a71a,589604402,186083212
665ad25400000000050042a1,589604402,186083212
665ad3b20000000005005fb0,589604402,186083212
665c1de600000000160104a2,589604402,186083212
665c1d6900000000050047fc,589604402,186083212
665c1e540000000016010d21,589604402,186083212
665c274800000000160102eb,589604402,186083212
665c28db00000000160123b0,589604402,186083212
665c2805000000000500608c,589604402,186083212
665eca83000000000d00dd30,589604402,186083212
665ec9d70000000006007027,589604402,186083212
665ecc53000000000e0320bb,589604402,186083212
66601bb1000000000e0308b2,589604402,186083212
66616cc8000000000600792a,589604402,186083212
66616c0b000000000e0324cf,589604402,186083212
66616dce000000000e030d61,589604402,186083212
6662bcff000000000e031dda,589604402,186083212
6662bc85000000000d00f271,589604402,186083212
6662bf09000000000d00edcc,589604402,186083212
6664116c000000000e03018b,589604402,186083212
66640e3f00000000060041c0,589604402,186083212
66641274000000000e031749,589604402,186083212
66655cab000000000e03208f,589604402,186083212
66655c3d000000000e03183d,589604402,186083212
66655df3000000000d00d324,589604402,186083212
666567450000000006007835,589604402,186083212
66657d86000000000e03033b,589604402,186083212
6665688f000000000e030d42,589604402,186083212
666804ec000000000e031dbd,589604402,186083212
66680350000000000d00d089,589604402,186083212
6668061e0000000006007804,589604402,186083212
66695c8d0000000006007cc3,589604402,186083212
6669558b000000000d00fcef,589604402,186083212
66695cd5000000000600432c,589604402,186083212
666aafd60000000006007638,589604402,186083212
666bf9060000000006006695,589604402,186083212
666bf7ab000000000d00d89e,589604402,186083212
666bf994000000000e0328f2,589604402,186083212
666d48ce000000000e0319f5,589604402,186083212
666d4ae8000000000d00e0f7,589604402,186083212
666d631100000000060054c6,589604402,186083212
666d62ba000000000d00dd03,589604402,186083212
666d63c4000000000e032059,589604402,186083212
666feb69000000000d00f724,589604402,186083212
666febee0000000006007d4f,589604402,186083212
66713e70000000000e030251,589604402,186083212
66713d9e000000000e033098,589604402,186083212
66713fcb000000000d00f84d,589604402,186083212
66728e8a000000000d00dc70,589604402,186083212
66728ddb00000000060056f3,589604402,186083212
66728fc600000000060042f5,589604402,186083212
6673e3af000000001c02687a,589604402,186083212
6673e44e000000001e0125ed,589604402,186083212
66753344000000001e01232e,589604402,186083212
667533f6000000001e0133a1,589604402,186083212
667680da000000001e011696,589604402,186083212
66767fc7000000001c025317,589604402,186083212
66768143000000001e011fd6,589604402,186083212
667683ec000000001c026cc0,589604402,186083212
66768207000000001e013081,589604402,186083212
6676848c000000001c027a54,589604402,186083212
667935ae000000001f007cb0,589604402,186083212
667933df000000001c024221,589604402,186083212
667936c7000000001c024b34,589604402,186083212
667a8672000000001f006e57,589604402,186083212
667a85d1000000001f005e84,589604402,186083212
667a86e9000000001e01159c,589604402,186083212
667bcab8000000001c027a7a,589604402,186083212
667bca5a000000001f007f5d,589604402,186083212
667bcb3a000000001f00542b,589604402,186083212
66e7dbe3000000001e018b5b,589571525,186083344
66e541ba0000000012012389,589571525,186083344
66e53e6b000000001e01bdeb,589571525,186083344
66e93453000000000c01af8d,589571525,186083344
66e7de70000000001e01bf72,589571525,186083344
66e7dc75000000000c01bc86,589571525,186083344
66ea7f51000000000c018282,589571525,186083344
66e934da000000000c01b98f,589571525,186083344
66e9349d0000000012011ec9,589571525,186083344
66ebbf3f000000000c019efc,589571525,186083344
66ea8035000000000c0195be,589571525,186083344
66ea7fd0000000001201308d,589571525,186083344
66ebd7ac000000001e01937e,589571525,186083344
66ebc041000000000c01b331,589571525,186083344
66ebbfe20000000012011994,589571525,186083344
66ee765100000000120136f9,589571525,186083344
66ebd991000000000c01a701,589571525,186083344
66ebd8ac000000001e01aad6,589571525,186083344
66efcc6f000000001e019094,589571525,186083344
66ee77af0000000012011770,589571525,186083344
66ee7769000000001e01bc1a,589571525,186083344
66f11cb0000000001902c988,589571525,186083344
66efcced0000000012012c96,589571525,186083344
66efccc3000000001201292c,589571525,186083344
66f11d2b000000001b021750,589571525,186083344
66f11dca000000001b02255c,589571525,186083344
66f287b3000000001b0211f4,589571525,186083344
66f28805000000001a020840,589571525,186083344
66f3bb39000000001b0232bf,589571525,186083344
66f3bc31000000001a023cee,589571525,186083344
66f3bc6b000000001b020eb5,589571525,186083344
66f5175f000000001902c804,589571525,186083344
66f517f8000000001902d5d7,589571525,186083344
66f51859000000001b022419,589571525,186083344
66f530bd000000001902dada,589571525,186083344
66f53123000000001a021621,589571525,186083344
66f5318c000000001902f0de,589571525,186083344
66f671ec000000001902d81f,589571525,186083344
66f682cd000000001b022b20,589571525,186083344
66f6837c000000001b023d70,589571525,186083344
66f902e0000000001b021b1b,589571525,186083344
66f90338000000001a0216cf,589571525,186083344
66f90392000000001902f75b,589571525,186083344
66fba4e0000000001a02394c,589571525,186083344
66fba574000000001902dff4,589571525,186083344
66fbb9d8000000001a0220dc,589571525,186083344
66fbba48000000001a022a56,589571525,186083344
66fbbad9000000001a023652,589571525,186083344
66fcf909000000001a020735,589571525,186083344
66fcf98f000000001a0211be,589571525,186083344
66fcfa13000000001b023957,589571525,186083344
66fd0de6000000001b020a7e,589571525,186083344
66fd0e4d000000001a0235f6,589571525,186083344
66fd0eab000000001902e45b,589571525,186083344
66fe4669000000001b023237,589571525,186083344
66fe47b0000000001902ceae,589571525,186083344
66fe4817000000001b021423,589571525,186083344
66fe58b0000000001a020753,589571525,186083344
66fe5979000000001902f72c,589571525,186083344
66fe5b00000000001b02147c,589571525,186083344
6703948b000000001a02350c,589571525,186083344
670394ef000000001a023e78,589571525,186083344
6703954a000000001902e7a0,589571525,186083344
6704e070000000001a020f5a,589571525,186083344
6704e10b000000001a021c84,589571525,186083344
6704e182000000001a02279d,589571525,186083344
6704f6cf000000001902c0b1,589571525,186083344
6704f71a000000001902c846,589571525,186083344
6704f799000000001902d4ed,589571525,186083344
670630e9000000001a023e3f,589571525,186083344
670631aa000000001b02348f,589571525,186083344
67063284000000001902cbff,589571525,186083344
6707a3ea000000001902db4a,589571525,186083344
6707a6c4000000001902e5bf,589571525,186083344
6707a74c000000001b022b72,589571525,186083344
6708c2b6000000001a020873,589571525,186083344
6708c545000000001a023f08,589571525,186083344
6708dcfb000000001902cdc0,589571525,186083344
6708dde4000000001902e388,589571525,186083344
670c6f600000000024015ad0,589571525,186083344
670c7007000000002100809a,589571525,186083344
670c715e0000000021008949,589571525,186083344
670ccf4b000000001b03f061,589571525,186083344
670ccfa7000000002100b5d5,589571525,186083344
670ccfff0000000024015a30,589571525,186083344
670e17cb000000001b03eb38,589571525,186083344
670e18c9000000002100569c,589571525,186083344
670f7a700000000026034bdf,589571525,186083344
670e198400000000240193e3,589571525,186083344
670f7aec000000001b03d8ba,589571525,186083344
6710dd2a0000000024019e57,589571525,186083344
670f7b440000000021009b77,589571525,186083344
6710dd830000000021005a44,589571525,186083344
671209d20000000024017f2e,589571525,186083344
67120ab1000000001b03f5db,589571525,186083344
671228780000000021000351,589571525,186083344
671228c20000000026036fac,589571525,186083344
6712290d000000001b03f879,589571525,186083344
67123f100000000021003d08,589571525,186083344
67123f7f0000000024018cc0,589571525,186083344
6777b9cf000000000902c6e7,589557982,186083480
6779049600000000090150ad,589557982,186083480
677904f80000000013008ea1,589557982,186083480
67790536000000000902db5a,589557982,186083480
677905ba000000000902dfe3,589557982,186083480
677ba158000000001a01f54f,589557982,186083480
677ba1d4000000001a01f830,589557982,186083480
677e31ba0000000001008357,589557982,186083480
677e323e000000000b0206dc,589557982,186083480
677f7bd9000000000100a77d,589557982,186083480
677f7d2b0000000001000078,589557982,186083480
677f7e71000000001703f7bb,589557982,186083480
678098fe000000000b020f17,589557982,186083480
678372a1000000001703fbd2,589557982,186083480
6783730f000000001703b7c2,589557982,186083480
6783738800000000010082a4,589557982,186083480
67860464000000000900ecdb,589557982,186083480
678604b2000000000b03280f,589557982,186083480
67860545000000000b016e16,589557982,186083480
678605f0000000000b03acdc,589557982,186083480
6786059c0000000020021ef2,589557982,186083480
678606e0000000000b03b024,589557982,186083480
6788c95b0000000016035fab,589557982,186083480
6788c98f00000000170024f9,589557982,186083480
6788ca00000000001803d32e,589557982,186083480
6788cc78000000001801ecd9,589557982,186083480
6789cea30000000003020dcd,589557982,186083480
678a2e8800000000180176ef,589557982,186083480
678a2f5d000000001901b4ba,589557982,186083480
678cd6e7000000000a006a3c,589557982,186083480
678cd7ad0000000016020981,589557982,186083480
678dff020000000021002ef3,589557982,186083480
67a9a72c000000001801b956,589557982,186083480
67a9a76f000000001902fa90,589557982,186083480
67aafd04000000001801b699,589557982,186083480
67ada00c000000002602ec80,589557982,186083480
67ad9eaf000000002802b30b,589557982,186083480
67ad9f1a000000002903d131,589557982,186083480
67aef9f50000000017039696,589557982,186083480
67aefabe0000000018013d4f,589557982,186083480
67aefb210000000018004e33,589557982,186083480
67b2e2a4000000001902eba3,589557982,186083480
67b43a4b00000000280298c5,589557982,186083480
67b2e3d4000000001902f507,589557982,186083480
67b43c820000000029029d75,589557982,186083480
67b43d3e000000002900a5f8,589557982,186083480
67b58b820000000029029858,589557982,186083480
67b58ed4000000002900e1f2,589557982,186083480
67bc22fd000000002803d459,589557982,186083480
67bc2355000000002901a829,589557982,186083480
67bd70b40000000029034cdd,589557982,186083480
67bd71a5000000002a001592,589557982,186083480
67bd7224000000002602c76d,589557982,186083480
67c01e9a000000002503ebd4,589557982,186083480
67c2bb1e000000002903272f,589557982,186083480
67c2bbdf000000002a00ebee,589557982,186083480
67c2bb87000000002503f643,589557982,186083480
67c2bc7f000000002a00ee16,589557982,186083480
67c2bcec0000000029015994,589557982,186083480
67cbab34000000002a00dd7a,589557982,186083480
67cbabe1000000002803c4b9,589557982,186083480
67cc0d32000000002902c6f2,589557982,186083480
67cc0df300000000290134ae,589557982,186083480
67cc0e2a000000002a00e11f,589557982,186083480
67cd46b6000000002900f970,589557982,186083480
67cd47000000000029027c4b,589557982,186083480
67cd48010000000029017afe,589557982,186083480
67ce6282000000002901036f,589557982,186083480
67ce62cf00000000290364e9,589557982,186083480
67ce630f0000000028037949,589557982,186083480
67d5268d000000001b03e868,589557982,186083480
67ce6411000000002902de45,589557982,186083480
67d5286c000000001d014a7e,589557982,186083480
67d528df000000001c00940f,589557982,186083480
67d69d6b000000001e004308,589557982,186083480
67d69e7b000000001c009c94,589557982,186083480
67d91fa6000000001b03a9dc,589557982,186083480
67d9227f000000001d027a43,589557982,186083480
67d93f62000000001c004d05,589557982,186083480
67dfcb2a000000000603cf39,589557982,186083480
67d93fa9000000001c03de48,589557982,186083480
67e11541000000000e004e7a,589557982,186083480
67e1159e000000000603a2bd,589557982,186083480
67ee4fe0000000001a006ef2,589557982,186083480
67fe0a96000000000f03bf0d,589557982,186083480
6805fb0c000000000f030f2f,589557982,186083480
68131f74000000002102ed49,589557982,186083480
6815b9a6000000000d017409,589557982,186083480
6813201a000000002001dd65,589557982,186083480
6815bb02000000000d017b28,589557982,186083480
6815ba66000000000e007f23,589557982,186083480
68170dbd000000002300c01c,589557982,186083480
68170e850000000023002506,589557982,186083480
681da9dc000000002001e634,589557982,186083480
6822feb7000000000303b131,589557982,186083480
681daa300000000021001968,589557982,186083480
6822ff69000000001101c6fe,589557982,186083480
6822ffcf000000000303b801,589557982,186083480
68299ca50000000023000e3f,589557982,186083480
6559fc2200000000330060b6,589609318,186084051
6559feb2000000000f02911f,589609318,186084051
6559ff5b000000003202dade,589609318,186084051
655c05e3000000003203ab8c,589609318,186084051
655c06f5000000003203b17a,589609318,186084051
655f1bab0000000032036bc8,589609318,186084051
655f20540000000032037fef,589609318,186084051
6560725f000000003203214a,589609318,186084051
656072c0000000003203bb8f,589609318,186084051
6561bbbb00000000330035c0,589609318,186084051
6561bca90000000033003ce3,589609318,186084051
6561bd1e0000000033005f0e,589609318,186084051
6561bd7c000000003202c25a,589609318,186084051
6561be370000000032033e49,589609318,186084051
6561beae00000000320353f3,589609318,186084051
65644368000000003203b119,589609318,186084051
656443fd0000000033002378,589609318,186084051
656444e2000000003300b9ef,589609318,186084051
6565ad2e0000000033001031,589609318,186084051
6565b0e3000000003300715b,589609318,186084051
6566e851000000000f02624b,589609318,186084051
6566e8e5000000000f02a630,589609318,186084051
6566e9d400000000330096a4,589609318,186084051
65684aa20000000033004882,589609318,186084051
6569b4a6000000000901d800,589609318,186084051
6569991700000000090198be,589609318,186084051
656c375a0000000009018fdf,589609318,186084051
656c3832000000000602066f,589609318,186084051
656d8a14000000000901ca58,589609318,186084051
656ee7ea0000000009018ecb,589609318,186084051
656ee9910000000007008160,589609318,186084051
65703c1f00000000090243f0,589609318,186084051
65703a30000000000700a8c0,589609318,186084051
65703c9d000000000901a08b,589609318,186084051
657175120000000009025a57,589609318,186084051
6572c4880000000006023518,589609318,186084051
6572c56e0000000005039dfe,589609318,186084051
6572c65f000000000901e49a,589609318,186084051
657424be000000000503b310,589609318,186084051
65742d5e0000000006021a86,589609318,186084051
6574254a000000000901ff5f,589609318,186084051
65742c9300000000050398ca,589609318,186084051
65742f5e000000000503a6e2,589609318,186084051
657574330000000005039dbc,589609318,186084051
657573340000000009027e5b,589609318,186084051
6575765e000000000700a62a,589609318,186084051
6576b3bb000000000801f681,589609318,186084051
6576b5010000000006029cb9,589609318,186084051
657831de000000000703b9d8,589609318,186084051
65782f1f0000000009025759,589609318,186084051
65783f12000000000801e534,589609318,186084051
657870c50000000007039f68,589609318,186084051
65786cff000000000901b609,589609318,186084051
657909e2000000000503ace1,589609318,186084051
65790ce1000000000902303a,589609318,186084051
65790ac5000000000901923f,589609318,186084051
65790db70000000009023395,589609318,186084051
657d5fcf0000000009026e98,589609318,186084051
657d677e000000000700b0d0,589609318,186084051
657d5f830000000009021b23,589609318,186084051
657ea361000000000602be25,589609318,186084051
657ea253000000000801d9db,589609318,186084051
657ea4f40000000006028738,589609318,186084051
657ff579000000000503a5f2,589609318,186084051
657ff4f2000000000901ca8e,589609318,186084051
65814838000000000901a935,589609318,186084051
6581477d000000000901c441,589609318,186084051
658149bd0000000009025675,589609318,186084051
6582af460000000009018552,589609318,186084051
6582ade4000000000703b557,589609318,186084051
6582b1450000000007039126,589609318,186084051
6583f59d000000000801dd26,589609318,186084051
6583feb4000000000801c189,589609318,186084051
6583f60c000000000700b8af,589609318,186084051
6585320c0000000006023fa7,589609318,186084051
658530cb000000000602b605,589609318,186084051
6585341b000000000801f9b9,589609318,186084051
658690ba000000003a00cb78,589609318,186084051
65868f08000000003403480b,589609318,186084051
658691900000000038015b90,589609318,186084051
658692df000000003802c87a,589609318,186084051
65869241000000001502f1cc,589609318,186084051
658693750000000038025102,589609318,186084051
65893aca000000001e008c3b,589609318,186084051
658935df0000000018028297,589609318,186084051
65893bf00000000011016267,589609318,186084051
658a8636000000001a001ed0,589609318,186084051
658a85c7000000001e0067d7,589609318,186084051
658a86a4000000001102ef21,589609318,186084051
658bd2b90000000011014222,589609318,186084051
658bd1d2000000001c012e55,589609318,186084051
658bd336000000001d01681c,589609318,186084051
658d3111000000001d037f78,589609318,186084051
658d30bf00000000110315db,589609318,186084051
658d3182000000001e005c39,589609318,186084051
658e8bfc000000001d036ed2,589609318,186084051
658e8a76000000001c010a5a,589609318,186084051
658e8b9e000000001e00496d,589609318,186084051
65ed65da000000000d00ffdd,589662515,186084154
65ed6873000000001203f4b4,589662515,186084154
65ed67840000000012022c45,589662515,186084154
65eec22e000000000d00d991,589662515,186084154
65eec2ec000000001203e699,589662515,186084154
65eec2a300000000120230d4,589662515,186084154
65f00b180000000012022856,589662515,186084154
65f00d090000000012020da1,589662515,186084154
65f00bd200000000120235d0,589662515,186084154
65efadc9000000001203e62f,589662515,186084154
65efaf2d000000001202067b,589662515,186084154
65efae47000000001203ed65,589662515,186084154
65f2adf7000000001203f6b7,589662515,186084154
65f2aeb80000000012022078,589662515,186084154
65f41358000000000d00cdcb,589662515,186084154
65f414d1000000000d00ef12,589662515,186084154
65f413de000000001203d56c,589662515,186084154
65f551720000000012021ec0,589662515,186084154
65f55570000000001203d5a7,589662515,186084154
65f553790000000012020778,589662515,186084154
65f6a31900000000120222cf,589662515,186084154
65f6a6f00000000012022b26,589662515,186084154
65f6a5cd000000001203f9f7,589662515,186084154
65f7dd13000000001203de97,589662515,186084154
65f7db450000000014007fdf,589662515,186084154
65f7e0d70000000012023c5a,589662515,186084154
65f9447a000000000d00c73c,589662515,186084154
65f9455c000000000d00d8fb,589662515,186084154
65f944fe0000000012022427,589662515,186084154
65fa9548000000001203cce9,589662515,186084154
65fa97e5000000001203c05a,589662515,186084154
65fa95ba000000000d00de2e,589662515,186084154
65fbe48b000000000d00fdb8,589662515,186084154
65fbe581000000001203c82b,589662515,186084154
65fbe4e10000000012021b83,589662515,186084154
65fbe60c000000001203d300,589662515,186084154
65fbeca8000000001203d8ec,589662515,186084154
65fbebff000000000d00d2db,589662515,186084154
65fe8a340000000012022e34,589662515,186084154
65fe8b5c000000000d00f095,589662515,186084154
65fe8ac6000000000d00e4bc,589662515,186084154
65ffd84b000000000d00cc71,589662515,186084154
65ffd92700000000120232a9,589662515,186084154
65ffd89700000000120227d7,589662515,186084154
66012f21000000000d00dc7b,589662515,186084154
66012e660000000012022140,589662515,186084154
660279de000000001203fdaf,589662515,186084154
66027b0e000000000d00e828,589662515,186084154
66027a4c0000000012022e90,589662515,186084154
6603d1c9000000000d00e112,589662515,186084154
6603d2d0000000001203eea9,589662515,186084154
6603d27e000000001203e831,589662515,186084154
660531ff000000001203f700,589662515,186084154
660533ca000000001203def7,589662515,186084154
66067773000000001a013e75,589662515,186084154
66027c4e00000000120215c0,589662515,186084154
66027d4c000000000d00d3b3,589662515,186084154
66091722000000001a0100c2,589662515,186084154
660919bf000000001a0151d2,589662515,186084154
66091b49000000001a016fdb,589662515,186084154
660a6865000000001a00dbc9,589662515,186084154
660a68b1000000001a0141cd,589662515,186084154
660bba60000000001a00e04c,589662515,186084154
660a6946000000001a012d5a,589662515,186084154
660bbc75000000001a010571,589662515,186084154
660bbd49000000001a0175d7,589662515,186084154
660d0c32000000001a015aa9,589662515,186084154
660a8b3e000000001a00d93f,589662515,186084154
660d0bd4000000001a0152d2,589662515,186084154
660d2352000000001a00c854,589662515,186084154
660a8bb5000000001a00e333,589662515,186084154
660d248a000000001a014521,589662515,186084154
66110c18000000001a01306e,589662515,186084154
660d2401000000001a011a78,589662515,186084154
661251a4000000001a014554,589662515,186084154
66125211000000001a014deb,589662515,186084154
66110cc7000000001a013e7e,589662515,186084154
66139e9f000000001a00cd37,589662515,186084154
6613a046000000001a01582d,589662515,186084154
6612525a000000001a012c17,589662515,186084154
6614ed9d000000001a017f5f,589662515,186084154
6614eee3000000001a00f934,589662515,186084154
6613a0e3000000001a00fbff,589662515,186084154
6614ef3c000000001a0160a4,589662515,186084154
66163f67000000001a010947,589662515,186084154
66163edc000000001a016bc9,589662515,186084154
6616405b000000001a00e785,589662515,186084154
6617991e000000001a00c3b6,589662515,186084154
6617987b000000001a0134f3,589662515,186084154
661799dc000000001a017ad7,589662515,186084154
6618e8ba000000001a013290,589662515,186084154
6618e9ec000000001a00cc81,589662515,186084154
6618eb85000000001a00ef17,589662515,186084154
6618eaf6000000001a015070,589662515,186084154
6618ebf1000000001a0138bc,589662515,186084154
661b8c70000000001a015dd6,589662515,186084154
661b8d5e000000001a00c3e9,589662515,186084154
661cc9c2000000001a0166fb,589662515,186084154
661cc91d000000001a01350d,589662515,186084154
661cc5ef000000001a015e01,589662515,186084154
661e2ecc0000000004019c71,589662679,186084189
661e2e130000000001005fe6,589662679,186084189
661e312d0000000001031ee9,589662679,186084189
661f7b560000000004018a27,589662679,186084189
661f7aba00000000010303de,589662679,186084189
661f7c2300000000010071ff,589662679,186084189
6620bcdd000000000401aeee,589662679,186084189
6620bc23000000000401a106,589662679,186084189
6620bf580000000004019f2d,589662679,186084189
66220c67000000000401b2db,589662679,186084189
662209cf000000000401bdda,589662679,186084189
662360c80000000001030bf3,589662679,186084189
662361e70000000001007a50,589662679,186084189
6620e7dc0000000001031c82,589662679,186084189
6620e75e0000000001005ffc,589662679,186084189
6620e9270000000001033bb1,589662679,186084189
662618f8000000000100664d,589662679,186084189
662617cb0000000001004d3b,589662679,186084189
66261964000000000103139b,589662679,186084189
66276b14000000000103205b,589662679,186084189
66276ac40000000001007f6a,589662679,186084189
66276c080000000001033514,589662679,186084189
6628b68f0000000001030d31,589662679,186084189
6628b5b6000000000401b502,589662679,186084189
6628b71b0000000001007cc0,589662679,186084189
662a0d0400000000010308e0,589662679,186084189
662a0c65000000000401bd27,589662679,186084189
662a0d97000000000401976f,589662679,186084189
662b45a6000000000401ae5f,589662679,186084189
662b44ef000000000d032e0d,589662679,186084189
662c98f000000000010073e4,589662679,186084189
662c98480000000001006691,589662679,186084189
662c9e02000000000401b6f4,589662679,186084189
662c9cd60000000004019e85,589662679,186084189
662c9d6a000000000401aa7f,589662679,186084189
662f528e000000001e03437f,589662679,186084189
662f5231000000001e037bf4,589662679,186084189
662f53a1000000001e033ecd,589662679,186084189
6630885e000000001e030eff,589662679,186084189
66306d00000000001e03661f,589662679,186084189
663088c0000000001e0315ef,589662679,186084189
6631f6e6000000001e032578,589662679,186084189
6631f6a8000000001e037d38,589662679,186084189
6631f74b000000001e032c9f,589662679,186084189
66306b40000000001e03454c,589662679,186084189
662f6cb7000000001e033756,589662679,186084189
66306c29000000001e03990d,589662679,186084189
66348127000000001e0362bc,589662679,186084189
66347e89000000001e03b264,589662679,186084189
6634819b000000001e036b33,589662679,186084189
6635f17d000000001e035307,589662679,186084189
6635e9e2000000001e03772a,589662679,186084189
6635f231000000001e03621b,589662679,186084189
66373c20000000001e03475e,589662679,186084189
66373bac000000001e03170f,589662679,186084189
66373ccb000000001e0354e9,589662679,186084189
66388dfa000000001e03aa84,589662679,186084189
66388d15000000001e032799,589662679,186084189
66388e58000000001e03b276,589662679,186084189
6639de13000000001e031019,589662679,186084189
6639dd92000000001e030566,589662679,186084189
6639de80000000001e039673,589662679,186084189
6639e5f9000000001e0373c4,589662679,186084189
6639e5ab000000001e033482,589662679,186084189
6639e6a3000000001e030a1d,589662679,186084189
663c7eac000000001e03b7ae,589662679,186084189
663c7e35000000001e03addc,589662679,186084189
663c7f12000000001e03724c,589662679,186084189
663dd3ed000000001e034a11,589662679,186084189
663dd36a000000001e039675,589662679,186084189
663dd44c000000001e0339f5,589662679,186084189
663f23f1000000001e03a1db,589662679,186084189
663f235c000000001e039525,589662679,186084189
663f2446000000001e03a916,589662679,186084189
663f2bd0000000001e037687,589662679,186084189
663f2e0f000000001e031253,589662679,186084189
6641c5a2000000001e030cf7,589662679,186084189
6641c66e000000001e0384f1,589662679,186084189
6641c6ee000000001e038f26,589662679,186084189
664318c6000000001e03af48,589662679,186084189
66431825000000001e03a1cf,589662679,186084189
6643190c000000001e03b55c,589662679,186084189
66446b66000000001e037901,589662679,186084189
66446bc1000000001e0388b0,589662679,186084189
6645bc0e000000001e038d19,589662679,186084189
6645bbb8000000001e037400,589662679,186084189
6645bc7c000000001e03969d,589662679,186084189
664710a30000000005005675,589662679,186084189
66470da5000000001401840d,589662679,186084189
6647289700000000050064a4,589662679,186084189
664728240000000014018bd2,589662679,186084189
664728d70000000016012782,589662679,186084189
66499a490000000016010c8f,589662679,186084189
664999db000000001401b9b7,589662679,186084189
66499a8b0000000005005759,589662679,186084189
664b0606000000001401b549,589662679,186084189
664b036e0000000005004413,589662679,186084189
664b066e00000000160104dd,589662679,186084189
664c63c700000000050071bf,589662679,186084189
6777b9cf000000000902c6e7,589644549,186084443
6779049600000000090150ad,589644549,186084443
677904f80000000013008ea1,589644549,186084443
67790536000000000902db5a,589644549,186084443
677905ba000000000902dfe3,589644549,186084443
677ba158000000001a01f54f,589644549,186084443
677ba1d4000000001a01f830,589644549,186084443
677e31ba0000000001008357,589644549,186084443
677e323e000000000b0206dc,589644549,186084443
677f7bd9000000000100a77d,589644549,186084443
677f7d2b0000000001000078,589644549,186084443
677f7e71000000001703f7bb,589644549,186084443
678098fe000000000b020f17,589644549,186084443
678372a1000000001703fbd2,589644549,186084443
6783730f000000001703b7c2,589644549,186084443
6783738800000000010082a4,589644549,186084443
67860464000000000900ecdb,589644549,186084443
678604b2000000000b03280f,589644549,186084443
67860545000000000b016e16,589644549,186084443
678605f0000000000b03acdc,589644549,186084443
6786059c0000000020021ef2,589644549,186084443
678606e0000000000b03b024,589644549,186084443
6788c95b0000000016035fab,589644549,186084443
6788c98f00000000170024f9,589644549,186084443
6788ca00000000001803d32e,589644549,186084443
6788cc78000000001801ecd9,589644549,186084443
6789cea30000000003020dcd,589644549,186084443
678a2e8800000000180176ef,589644549,186084443
678a2f5d000000001901b4ba,589644549,186084443
678cd6e7000000000a006a3c,589644549,186084443
678cd7ad0000000016020981,589644549,186084443
678dff020000000021002ef3,589644549,186084443
67a9a72c000000001801b956,589644549,186084443
67a9a76f000000001902fa90,589644549,186084443
67aafd04000000001801b699,589644549,186084443
67ada00c000000002602ec80,589644549,186084443
67ad9eaf000000002802b30b,589644549,186084443
67ad9f1a000000002903d131,589644549,186084443
67aef9f50000000017039696,589644549,186084443
67aefabe0000000018013d4f,589644549,186084443
67aefb210000000018004e33,589644549,186084443
67b2e2a4000000001902eba3,589644549,186084443
67b43a4b00000000280298c5,589644549,186084443
67b2e3d4000000001902f507,589644549,186084443
67b43c820000000029029d75,589644549,186084443
67b43d3e000000002900a5f8,589644549,186084443
67b58b820000000029029858,589644549,186084443
67b58ed4000000002900e1f2,589644549,186084443
67bc22fd000000002803d459,589644549,186084443
67bc2355000000002901a829,589644549,186084443
67bd70b40000000029034cdd,589644549,186084443
67bd71a5000000002a001592,589644549,186084443
67bd7224000000002602c76d,589644549,186084443
67c01e9a000000002503ebd4,589644549,186084443
67c2bb1e000000002903272f,589644549,186084443
67c2bbdf000000002a00ebee,589644549,186084443
67c2bb87000000002503f643,589644549,186084443
67c2bc7f000000002a00ee16,589644549,186084443
67c2bcec0000000029015994,589644549,186084443
67cbab34000000002a00dd7a,589644549,186084443
67cbabe1000000002803c4b9,589644549,186084443
67cc0d32000000002902c6f2,589644549,186084443
67cc0df300000000290134ae,589644549,186084443
67cc0e2a000000002a00e11f,589644549,186084443
67cd46b6000000002900f970,589644549,186084443
67cd47000000000029027c4b,589644549,186084443
67cd48010000000029017afe,589644549,186084443
67ce6282000000002901036f,589644549,186084443
67ce62cf00000000290364e9,589644549,186084443
67ce630f0000000028037949,589644549,186084443
67d5268d000000001b03e868,589644549,186084443
67ce6411000000002902de45,589644549,186084443
67d5286c000000001d014a7e,589644549,186084443
67d528df000000001c00940f,589644549,186084443
67d69d6b000000001e004308,589644549,186084443
67d69e7b000000001c009c94,589644549,186084443
67d91fa6000000001b03a9dc,589644549,186084443
67d9227f000000001d027a43,589644549,186084443
67d93f62000000001c004d05,589644549,186084443
67dfcb2a000000000603cf39,589644549,186084443
67d93fa9000000001c03de48,589644549,186084443
67e11541000000000e004e7a,589644549,186084443
67e1159e000000000603a2bd,589644549,186084443
67ee4fe0000000001a006ef2,589644549,186084443
67fe0a96000000000f03bf0d,589644549,186084443
6805fb0c000000000f030f2f,589644549,186084443
68131f74000000002102ed49,589644549,186084443
6815b9a6000000000d017409,589644549,186084443
6813201a000000002001dd65,589644549,186084443
6815bb02000000000d017b28,589644549,186084443
6815ba66000000000e007f23,589644549,186084443
68170dbd000000002300c01c,589644549,186084443
68170e850000000023002506,589644549,186084443
681da9dc000000002001e634,589644549,186084443
6822feb7000000000303b131,589644549,186084443
681daa300000000021001968,589644549,186084443
6822ff69000000001101c6fe,589644549,186084443
6822ffcf000000000303b801,589644549,186084443
68299ca50000000023000e3f,589644549,186084443
65ed65da000000000d00ffdd,589556768,186087135
65ed6873000000001203f4b4,589556768,186087135
65ed67840000000012022c45,589556768,186087135
65eec22e000000000d00d991,589556768,186087135
65eec2ec000000001203e699,589556768,186087135
65eec2a300000000120230d4,589556768,186087135
65f00b180000000012022856,589556768,186087135
65f00d090000000012020da1,589556768,186087135
65f00bd200000000120235d0,589556768,186087135
65efadc9000000001203e62f,589556768,186087135
65efaf2d000000001202067b,589556768,186087135
65efae47000000001203ed65,589556768,186087135
65f2adf7000000001203f6b7,589556768,186087135
65f2aeb80000000012022078,589556768,186087135
65f41358000000000d00cdcb,589556768,186087135
65f414d1000000000d00ef12,589556768,186087135
65f413de000000001203d56c,589556768,186087135
65f551720000000012021ec0,589556768,186087135
65f55570000000001203d5a7,589556768,186087135
65f553790000000012020778,589556768,186087135
65f6a31900000000120222cf,589556768,186087135
65f6a6f00000000012022b26,589556768,186087135
65f6a5cd000000001203f9f7,589556768,186087135
65f7dd13000000001203de97,589556768,186087135
65f7db450000000014007fdf,589556768,186087135
65f7e0d70000000012023c5a,589556768,186087135
65f9447a000000000d00c73c,589556768,186087135
65f9455c000000000d00d8fb,589556768,186087135
65f944fe0000000012022427,589556768,186087135
65fa9548000000001203cce9,589556768,186087135
65fa97e5000000001203c05a,589556768,186087135
65fa95ba000000000d00de2e,589556768,186087135
65fbe48b000000000d00fdb8,589556768,186087135
65fbe581000000001203c82b,589556768,186087135
65fbe4e10000000012021b83,589556768,186087135
65fbe60c000000001203d300,589556768,186087135
65fbeca8000000001203d8ec,589556768,186087135
65fbebff000000000d00d2db,589556768,186087135
65fe8a340000000012022e34,589556768,186087135
65fe8b5c000000000d00f095,589556768,186087135
65fe8ac6000000000d00e4bc,589556768,186087135
65ffd84b000000000d00cc71,589556768,186087135
65ffd92700000000120232a9,589556768,186087135
65ffd89700000000120227d7,589556768,186087135
66012f21000000000d00dc7b,589556768,186087135
66012e660000000012022140,589556768,186087135
660279de000000001203fdaf,589556768,186087135
66027b0e000000000d00e828,589556768,186087135
66027a4c0000000012022e90,589556768,186087135
6603d1c9000000000d00e112,589556768,186087135
6603d2d0000000001203eea9,589556768,186087135
6603d27e000000001203e831,589556768,186087135
660531ff000000001203f700,589556768,186087135
660533ca000000001203def7,589556768,186087135
66067773000000001a013e75,589556768,186087135
66027c4e00000000120215c0,589556768,186087135
66027d4c000000000d00d3b3,589556768,186087135
66091722000000001a0100c2,589556768,186087135
660919bf000000001a0151d2,589556768,186087135
66091b49000000001a016fdb,589556768,186087135
660a6865000000001a00dbc9,589556768,186087135
660a68b1000000001a0141cd,589556768,186087135
660bba60000000001a00e04c,589556768,186087135
660a6946000000001a012d5a,589556768,186087135
660bbc75000000001a010571,589556768,186087135
660bbd49000000001a0175d7,589556768,186087135
660d0c32000000001a015aa9,589556768,186087135
660a8b3e000000001a00d93f,589556768,186087135
660d0bd4000000001a0152d2,589556768,186087135
660d2352000000001a00c854,589556768,186087135
660a8bb5000000001a00e333,589556768,186087135
660d248a000000001a014521,589556768,186087135
66110c18000000001a01306e,589556768,186087135
660d2401000000001a011a78,589556768,186087135
661251a4000000001a014554,589556768,186087135
66125211000000001a014deb,589556768,186087135
66110cc7000000001a013e7e,589556768,186087135
66139e9f000000001a00cd37,589556768,186087135
6613a046000000001a01582d,589556768,186087135
6612525a000000001a012c17,589556768,186087135
6614ed9d000000001a017f5f,589556768,186087135
6614eee3000000001a00f934,589556768,186087135
6613a0e3000000001a00fbff,589556768,186087135
6614ef3c000000001a0160a4,589556768,186087135
66163f67000000001a010947,589556768,186087135
66163edc000000001a016bc9,589556768,186087135
6616405b000000001a00e785,589556768,186087135
6617991e000000001a00c3b6,589556768,186087135
6617987b000000001a0134f3,589556768,186087135
661799dc000000001a017ad7,589556768,186087135
6618e8ba000000001a013290,589556768,186087135
6618e9ec000000001a00cc81,589556768,186087135
6618eb85000000001a00ef17,589556768,186087135
6618eaf6000000001a015070,589556768,186087135
6618ebf1000000001a0138bc,589556768,186087135
661b8c70000000001a015dd6,589556768,186087135
661b8d5e000000001a00c3e9,589556768,186087135
661cc9c2000000001a0166fb,589556768,186087135
661cc91d000000001a01350d,589556768,186087135
661cc5ef000000001a015e01,589556768,186087135
699831fe000000001d026e41,589558593,186087584
69a5535c000000001d012b36,589558593,186087584
69a03a2b0000000016008218,589558593,186087584
698348ae00000000220219f5,589558593,186087584
69806b890000000021033f5e,589558593,186087584
698ee2ae00000000150201e0,589558593,186087584
698b25ad000000001b014b1d,589558593,186087584
698984b0000000001d0254d4,589558593,186087584
6981a44a0000000022021102,589558593,186087584
69919e19000000001b01e5ec,589558593,186087584
699c18a70000000015023477,589558593,186087584
699ead68000000001600b831,589558593,186087584
69903cb9000000001d0260e4,589558593,186087584
699453d000000000150230b3,589558593,186087584
697f3a7b0000000022038c46,589558593,186087584
6997bcd0000000001d011f05,589558593,186087584
6985e5f7000000001d02693a,589558593,186087584
69a3ff74000000001d027ea9,589558593,186087584
69a184d200000000150204c6,589558593,186087584
69a2ed630000000015030861,589558593,186087584
69a164ee000000001b01f93e,589558593,186087584
699d6aa4000000001d010c38,589558593,186087584
6991bbf0000000001d0136ba,589558593,186087584
6990569b000000001b01d21a,589558593,186087584
698d9898000000001d0123c3,589558593,186087584
698892e0000000001d024712,589558593,186087584
6989a3c4000000001b014abc,589558593,186087584
6987020d0000000015038216,589558593,186087584
698855fe0000000015023f61,589558593,186087584
6982f243000000002202147c,589558593,186087584
6981b7f200000000220207c4,589558593,186087584
69848984000000002203b8c4,589558593,186087584
69a59973000000001b01e719,589558593,186087584
69a69ecb00000000150237fb,589558593,186087584
69a6a375000000001d012a11,589558593,186087584
69a6efd2000000001b014cba,589558593,186087584
69a6f026000000001600ae2a,589558593,186087584
69a6f4cc0000000015033661,589558593,186087584
69a6f524000000001b01ec45,589558593,186087584
69aaa2b9000000001600a77a,589558593,186087584
69aaa345000000001502198f,589558593,186087584
69abed4c0000000015020ff5,589558593,186087584
69abed790000000015039bcf,589558593,186087584
69ad4ab700000000150218ef,589558593,186087584
69ad786b0000000015032dfb,589558593,186087584
69ae78c40000000015030f74,589558593,186087584
69ae792e000000001b01c54d,589558593,186087584
69af8c3e000000001502016b,589558593,186087584
69af8cfd00000000160099b4,589558593,186087584
69b12517000000001d010985,589558593,186087584
69b12f420000000015033f3a,589558593,186087584
69b28398000000001b01e6e7,589558593,186087584
69b2848a000000001b0162c0,589558593,186087584
69b3d5b70000000021038da1,589558593,186087584
69b3dc74000000001a029467,589558593,186087584
69b4c0c0000000001a02650e,589558593,186087584
69b4c12900000000210102af,589558593,186087584
69b785f7000000002101037b,589558593,186087584
69b7a0fc0000000022003030,589558593,186087584
69b7a14300000000220031c0,589558593,186087584
69b92555000000001a0330c1,589558593,186087584
69b901f800000000220023f4,589558593,186087584
69ba6581000000001a032032,589558593,186087584
69ba9ad6000000001a023187,589558593,186087584
69bbb2fa000000002102dd39,589558593,186087584
69bbb35500000000210120c6,589558593,186087584
69bd118700000000220011b2,589558593,186087584
69bd11d5000000001a030a01,589558593,186087584
69be6173000000002102df26,589558593,186087584
69be6614000000001a0316a9,589558593,186087584
69bedca5000000001a021915,589558593,186087584
69bedcf70000000021038a01,589558593,186087584
69c258e400000000220002ec,589558593,186087584
69bedd4900000000220023ed,589558593,186087584
69c3a080000000002102ca12,589558593,186087584
69bedda8000000001a02602f,589558593,186087584
69c4fb140000000021039a82,589558593,186087584
69c4fc20000000001a0335fb,589558593,186087584
69c64772000000002102ff63,589558593,186087584
69c68d400000000022002f3b,589558593,186087584
69c79a3c000000001a025f6e,589558593,186087584
69c79a74000000002102e490,589558593,186087584
69c8eb4b0000000021039465,589558593,186087584
69c7de83000000002200122e,589558593,186087584
69ca3f300000000022003c4b,589558593,186087584
69cb915e000000001a023bd7,589558593,186087584
69cb73d4000000002103b56b,589558593,186087584
69cce0ed000000001a029e9d,589558593,186087584
69cce15a000000001a030988,589558593,186087584
69ce32e1000000001a027e78,589558593,186087584
69cdfe5a000000001a0285e9,589558593,186087584
69cf8544000000002200210b,589558593,186087584
69cf8712000000001a0322e6,589558593,186087584
69d0d7160000000022000bc4,589558593,186087584
69ce5721000000001a030e4f,589558593,186087584
69d230ff000000001a027d5b,589558593,186087584
69d258ed000000002102fc18,589558593,186087584
69d21678000000001a026606,589558593,186087584
69d4b05d000000001a0272a1,589558593,186087584
69d4b0cb000000001a0274f9,589558593,186087584
667d178e000000001c027501,589577165,186088326
667d16bb000000001c026247,589577165,186088326
667d1807000000001c027fa2,589577165,186088326
667e6b33000000001f006f35,589577165,186088326
667e69b0000000001c02458d,589577165,186088326
667e6b75000000001c026fa0,589577165,186088326
667e86d7000000001c026d3b,589577165,186088326
667e875d000000001e0119da,589577165,186088326
667e8872000000001c02578c,589577165,186088326
66810aa8000000001c02743d,589577165,186088326
66810a30000000001e010813,589577165,186088326
66810b1d000000001e011af8,589577165,186088326
66826d99000000001c025ea0,589577165,186088326
66826e71000000001e010d8e,589577165,186088326
6683b3a9000000001e012c98,589577165,186088326
6683b227000000001e0108a5,589577165,186088326
6683b3f2000000001e01337e,589577165,186088326
668503ff000000001f004a5c,589577165,186088326
668504ce000000001f005d5e,589577165,186088326
66865775000000001c027faf,589577165,186088326
668655d3000000001c0257e8,589577165,186088326
6687a507000000001c026c63,589577165,186088326
6687a59d000000001c027af2,589577165,186088326
6687a601000000001e011305,589577165,186088326
6687cd6f000000001f00738a,589577165,186088326
6687d304000000001f0070bd,589577165,186088326
6687d5f5000000001c026671,589577165,186088326
668a45d7000000001e010b41,589577165,186088326
668a467b000000001f005d28,589577165,186088326
668a46f6000000001e0121a8,589577165,186088326
668ba06d0000000025003455,589577165,186088326
668ba1b40000000025007bf7,589577165,186088326
668ba208000000002500443a,589577165,186088326
668cfafc000000002501434a,589577165,186088326
668cfb6c00000000250066ee,589577165,186088326
668e3eaa0000000025000697,589577165,186088326
668e3f470000000025015d77,589577165,186088326
668e3fa80000000025001feb,589577165,186088326
668f79690000000025004207,589577165,186088326
668f79c80000000025016f5c,589577165,186088326
668f7a420000000025017adb,589577165,186088326
6690df70000000002500394c,589577165,186088326
6690dfc30000000025006f65,589577165,186088326
6690e1430000000025017957,589577165,186088326
6690f3ed0000000025002592,589577165,186088326
6690f4c00000000025014d44,589577165,186088326
6690f59100000000250015ea,589577165,186088326
6693844d0000000025005814,589577165,186088326
669383970000000025016ccf,589577165,186088326
669384d100000000250062d4,589577165,186088326
6694d8b60000000025004759,589577165,186088326
6694d5a8000000002501593b,589577165,186088326
6694d9740000000025017b55,589577165,186088326
66962b3900000000250072ac,589577165,186088326
669628940000000025014407,589577165,186088326
66962e2800000000250155c9,589577165,186088326
669779360000000025002a34,589577165,186088326
669778020000000025007bbf,589577165,186088326
669779a00000000025003551,589577165,186088326
6698cb680000000025015170,589577165,186088326
6698ca9c0000000025006219,589577165,186088326
6698cbde0000000025004364,589577165,186088326
669a1b140000000025001d12,589577165,186088326
669a1cab0000000025017ce3,589577165,186088326
669a1ce90000000025000deb,589577165,186088326
669a364a00000000250044ff,589577165,186088326
669a36e300000000250168f4,589577165,186088326
669a376100000000250005e0,589577165,186088326
669cc0240000000025004a91,589577165,186088326
669cbe670000000025017aae,589577165,186088326
669e25730000000027019413,589577165,186088326
669e2666000000002701300d,589577165,186088326
669e2606000000002701d9a2,589577165,186088326
669f5e4e000000002701d816,589577165,186088326
669f5f30000000002701ee31,589577165,186088326
66a0b228000000000600db2f,589577165,186088326
66a20542000000002701edab,589577165,186088326
66a20a7e000000002701f759,589577165,186088326
66a358d2000000002701f4f2,589577165,186088326
66a20a0a000000000600d721,589577165,186088326
66a35bfa0000000027011291,589577165,186088326
66a36f2f0000000027013767,589577165,186088326
66a5f915000000000600e815,589577165,186088326
66a36fee0000000027010d62,589577165,186088326
66a7494700000000270101a9,589577165,186088326
66a749da0000000027011028,589577165,186088326
66a5fab0000000002701de52,589577165,186088326
66a74a780000000027011fa2,589577165,186088326
66a89e93000000000600d5f8,589577165,186088326
66a89dfe000000000600c687,589577165,186088326
66a9ef58000000000600d08a,589577165,186088326
66a9f071000000002701fcac,589577165,186088326
66a9efbd000000000600dadf,589577165,186088326
66ab3f420000000027010633,589577165,186088326
66ab58ef000000000600c537,589577165,186088326
66ade2f0000000000600d65f,589577165,186088326
66ade4c300000000270108e1,589577165,186088326
66ade4700000000027010134,589577165,186088326
66b0858f000000001e01f170,589577165,186088326
64a541df000000001e0103e9,589641762,186092111
64a68278000000002f024cde,589641762,186092111
64a90af7000000001a013f19,589641762,186092111
64a94586000000003100a9aa,589641762,186092111
64abc35b000000001c00c94a,589641762,186092111
64ad3f390000000034016f7d,589641762,186092111
64ad47b4000000002b038a25,589641762,186092111
64b2653e000000002b03e74b,589641762,186092111
64b6549d000000002b03bf99,589641762,186092111
64b678fb000000001c019fa6,589641762,186092111
64b67576000000002301e38c,589641762,186092111
64b751b5000000002f026c7b,589641762,186092111
64b66eff000000001a013bfe,589641762,186092111
64b7c99d000000001c00c6cc,589641762,186092111
64b899df000000002f0244a1,589641762,186092111
64b8a1eb000000000800fa47,589641762,186092111
64b892600000000031009d5a,589641762,186092111
64b9f4ed000000000c035a58,589641762,186092111
64ba491e000000000103ebcf,589641762,186092111
64ba4c88000000001701b408,589641762,186092111
64ba539c000000000b02ac7e,589641762,186092111
64ba568e000000000b02886d,589641762,186092111
64ba580c0000000012019fd1,589641762,186092111
64bc98a9000000000c0375c7,589641762,186092111
64bcd8d2000000000a019b20,589641762,186092111
64bcccad000000000800e380,589641762,186092111
64bde94e000000000103d0c5,589641762,186092111
64be2a48000000001201c5db,589641762,186092111
64be221f000000000103e4a1,589641762,186092111
64be3839000000000b028a7e,589641762,186092111
64be32ec000000000c03608e,589641762,186092111
64be3f380000000010033e63,589641762,186092111
64bf2f71000000000c0372cc,589641762,186092111
64bf2af70000000017019af4,589641762,186092111
64bf2f07000000000103f152,589641762,186092111
64bfa9d2000000000b02a2e0,589641762,186092111
64bfa29d000000000a0186f9,589641762,186092111
64bfa6cf000000001201991b,589641762,186092111
64c465a5000000000b02ad7b,589641762,186092111
64c463d5000000000b029372,589641762,186092111
64c51b7a000000000c03404a,589641762,186092111
64c5c5c9000000000800cb2f,589641762,186092111
64c5f86e000000000a0180c0,589641762,186092111
64c642ae000000000800d6ec,589641762,186092111
64c723e4000000000103f8cc,589641762,186092111
64c73536000000000b02bd76,589641762,186092111
64c72ad2000000000a01af2e,589641762,186092111
64ca162b000000001700db76,589641762,186092111
64cb0494000000000800d733,589641762,186092111
64cb70bc0000000017019318,589641762,186092111
64cb7bf6000000000800f6ca,589641762,186092111
64cc6c44000000000c03722e,589641762,186092111
64cc6b3400000000120198ea,589641762,186092111
64cdaa51000000001201dd5d,589641762,186092111
64cdbfa3000000001201d59a,589641762,186092111
64cf1717000000000b02a9fc,589641762,186092111
64cf61180000000010031cfe,589641762,186092111
64cf7626000000000a018834,589641762,186092111
64d05e36000000001701aff7,589641762,186092111
64d06925000000000800d4a3,589641762,186092111
64d0d4f1000000000800ed09,589641762,186092111
64d1b010000000000c0362b6,589641762,186092111
64d20ebb000000001201a162,589641762,186092111
64d25f39000000001701bff5,589641762,186092111
64d30654000000000800d90b,589641762,186092111
64d34a70000000000c037709,589641762,186092111
64d393bd000000001701bf73,589641762,186092111
64d39c140000000010031324,589641762,186092111
64d39625000000000a019671,589641762,186092111
64d3a2f00000000012019d91,589641762,186092111
64d5b05b0000000010033b02,589641762,186092111
64d61ee8000000001700f883,589641762,186092111
64d6fed200000000120198bf,589641762,186092111
64d74b3b0000000012019ddd,589641762,186092111
64d756100000000003022e60,589641762,186092111
64d77bda000000000800c6ad,589641762,186092111
64d762d10000000010030702,589641762,186092111
64d77fc8000000001700e3e7,589641762,186092111
64d99c8000000000030203a1,589641762,186092111
64da0412000000000301e765,589641762,186092111
64da154d000000000301efcc,589641762,186092111
64daefda000000000800f7d7,589641762,186092111
64db4e87000000001701a578,589641762,186092111
64db5a0a00000000100323e3,589641762,186092111
64dc3f58000000001201ac60,589641762,186092111
64dcae4f000000000b02b120,589641762,186092111
64dcb208000000001201947b,589641762,186092111
64ddf7c0000000000c036d2f,589641762,186092111
64de0ba7000000001201c3b4,589641762,186092111
64df26380000000017018506,589641762,186092111
64df681a000000001700c017,589641762,186092111
64e0304000000000030230e1,589641762,186092111
64df68ce00000000030235b3,589641762,186092111
64e08628000000000301f6dd,589641762,186092111
64e09c0a00000000030214ee,589641762,186092111
64e0975a000000000103c57d,589641762,186092111
64e09ec4000000000103e944,589641762,186092111
64e2db1d000000001700d02c,589641869,186092139
64e0a445000000000c035160,589641869,186092139
64e33439000000000c0370d9,589641869,186092139
64e3367d000000000800fd31,589641869,186092139
64e47b0d000000000a01aaae,589641869,186092139
64e57d41000000000c0369a4,589641869,186092139
64e4844e000000000800dc3d,589641869,186092139
64e5ca97000000000b02be15,589641869,186092139
64e6d1b40000000017018214,589641869,186092139
64e71d3f000000001003106b,589641869,186092139
64e86dfc000000001700f546,589641869,186092139
64e7171b00000000030215fb,589641869,186092139
64e8b372000000001701a7d0,589641869,186092139
64e96acc000000000b02a30a,589641869,186092139
64e8b766000000000a019de1,589641869,186092139
64e9c9cb000000000c036ba7,589641869,186092139
64eac4a1000000000b02a3b2,589641869,186092139
64e9e1c4000000001701bbe7,589641869,186092139
64eafc83000000000b0290cb,589641869,186092139
64eb0be4000000001003083d,589641869,186092139
64eb010d00000000100315eb,589641869,186092139
64eb20fb000000001700ff9f,589641869,186092139
64ec03c90000000012018d3c,589641869,186092139
64ec58be000000000c036777,589641869,186092139
64edb464000000001f0072b3,589641869,186092139
64ed5f72000000001e02ce33,589641869,186092139
64edc437000000001e03fdad,589641869,186092139
64ec2216000000000c0378fe,589641869,186092139
64ed60f5000000001e0329ac,589641869,186092139
64eb1836000000000c0358e8,589641869,186092139
64ef293e000000001e0215dc,589641869,186092139
64f0abfe000000001e0318d0,589641869,186092139
64f0012b000000001f03ce37,589641869,186092139
64f02a40000000001f03f24e,589641869,186092139
64f2ad18000000001f03dfb7,589641869,186092139
64f1ebcb000000001f004dee,589641869,186092139
64f30ba3000000001e032074,589641869,186092139
64f32c0f000000002000138d,589641869,186092139
64f33399000000001f0398fc,589641869,186092139
64f2f15e000000001f0056fe,589641869,186092139
64f59f01000000001d017ff6,589641869,186092139
64f54b2f000000001f0343e2,589641869,186092139
64f5b688000000001e029746,589641869,186092139
64f71296000000001e02b2df,589641869,186092139
64f6ee4b000000001f03bfad,589641869,186092139
64f69f4b000000001e02f1cd,589641869,186092139
64f695cd000000001e021a46,589641869,186092139
64f6cab3000000001f03faa1,589641869,186092139
64f9a90e000000001d0147d0,589641869,186092139
64fa7ddc000000001f005ac2,589641869,186092139
64f6a542000000001f005ad1,589641869,186092139
64fb1a88000000001e03fae6,589641869,186092139
64fc3f42000000001e033a08,589641869,186092139
64fbe901000000001d01424c,589641869,186092139
64fc56f3000000001f0358b2,589641869,186092139
64fd7b7e000000001e02aa82,589641869,186092139
64fd33ff000000001e02958f,589641869,186092139
64fdc220000000001e02acb7,589641869,186092139
64fec628000000001e00c68f,589641869,186092139
64fe858a000000001f007a29,589641869,186092139
64fefc69000000001e0233e0,589641869,186092139
650028bb000000001e03c5d9,589641869,186092139
64ffe0a9000000002000203c,589641869,186092139
65004061000000001f0346d2,589641869,186092139
65019814000000001f03709a,589641869,186092139
65013033000000001e0216de,589641869,186092139
65019fab000000001e02f52f,589641869,186092139
6502d053000000001f005221,589641869,186092139
650282cb000000001e0306e4,589641869,186092139
6502e6d0000000001e02a62e,589641869,186092139
65043265000000001e02f175,589641869,186092139
6502a717000000001f039b88,589641869,186092139
65043a54000000001f007772,589641869,186092139
6502bc91000000001e03f6b6,589641869,186092139
6502b1ee000000001f03f418,589641869,186092139
650597af000000001d0177de,589641869,186092139
65081b6b000000001e0205f3,589641869,186092139
6507b26d000000001e02dde1,589641869,186092139
6507bf5b0000000020001d14,589641869,186092139
65098e58000000001e03ee2a,589641869,186092139
6507c488000000001f037838,589641869,186092139
6507feea000000001f037c9a,589641869,186092139
650aa612000000001f006376,589641869,186092139
6507c6db000000001f00628f,589641869,186092139
6507f547000000001f036755,589641869,186092139
6507f8df000000001e02869b,589641869,186092139
650c0621000000001e03efb2,589641869,186092139
650d4473000000001f036902,589641869,186092139
65080ae0000000001e020f0f,589641869,186092139
6507b92f000000001f038941,589641869,186092139
650d68b1000000001f005742,589641869,186092139
650ed207000000001f004d91,589641869,186092139
650ed4a0000000001e028c87,589641869,186092139
65097e20000000001e00ca76,589641869,186092139
650e8d36000000001e0210a9,589641869,186092139
650edcb2000000001d014334,589641869,186092139
650e94f4000000001e0233b1,589641869,186092139
650d874d000000001f004907,589641869,186092139
650ea113000000001e0290e8,589641869,186092139
65b8ab80000000002c0383b7,589576553,186092306
65b8acf3000000002c036e17,589576553,186092306
65b8ac46000000002c013741,589576553,186092306
65b8ac8d000000002c03e5e9,589576553,186092306
65b8ad4a0000000008023e19,589576553,186092306
65b8adab000000002c02acdc,589576553,186092306
65bc472a000000002d0026f4,589576553,186092306
65bc455f000000002d002107,589576553,186092306
65bc4db6000000002b03eb1d,589576553,186092306
65bc4808000000002c02ab23,589576553,186092306
65bc4b64000000002c02b6a4,589576553,186092306
65bc4fb7000000002b03f2f0,589576553,186092306
65bc4e88000000002c028213,589576553,186092306
65bc50ec000000002c0152cb,589576553,186092306
65bc5280000000002c0124dc,589576553,186092306
65bc5179000000002c01550e,589576553,186092306
65bc53b5000000002c03bc14,589576553,186092306
65bc555c000000002b03c9e3,589576553,186092306
65bc5703000000002c03e4e6,589576553,186092306
65bc5aaa000000002c01078e,589576553,186092306
65bc5948000000002c02af3a,589576553,186092306
65bc5b9b000000002c03f944,589576553,186092306
65bc5d0900000000080216ad,589576553,186092306
65bc5cb5000000002c014479,589576553,186092306
65bc600800000000080224ee,589576553,186092306
65bc5f28000000000702bf1e,589576553,186092306
65bc6074000000002c0356b8,589576553,186092306
65bc63b1000000002c03deec,589576553,186092306
65bc60fe0000000008022950,589576553,186092306
65bc6454000000002b03cc1c,589576553,186092306
65bc6536000000002c02a510,589576553,186092306
65bc663b000000002c013c29,589576553,186092306
65bc65c0000000002c016d1b,589576553,186092306
65bc68d7000000002c010735,589576553,186092306
65bc67c8000000002c02b0a1,589576553,186092306
65bc683f000000002b03dd7e,589576553,186092306
65bdaa2d000000002c014a5e,589576553,186092306
65bda9b0000000000702ba34,589576553,186092306
65bdaab20000000008021f46,589576553,186092306
65bdadb1000000002b03c0dc,589576553,186092306
65bdab55000000002c03af1e,589576553,186092306
65bdac47000000002c015250,589576553,186092306
65d325c800000000010292de,589576553,186092306
65d323e50000000007004ced,589576553,186092306
65d3245b00000000070243fd,589576553,186092306
65d45c9700000000070242f4,589576553,186092306
65d45f59000000000702751d,589576553,186092306
65d5ab8e000000000702727d,589576553,186092306
65d5ad59000000000102854b,589576553,186092306
65d5ace300000000070060cc,589576553,186092306
65d70563000000000702706b,589576553,186092306
65d7063c00000000070240c2,589576553,186092306
65d705ef000000000102aa45,589576553,186092306
65d851f200000000070272f8,589576553,186092306
65d86297000000000b022d6e,589576553,186092306
65d852870000000007027e2b,589576553,186092306
65d852eb0000000007024581,589576553,186092306
65d9a37600000000070252e9,589576553,186092306
65d9a308000000000102be01,589576553,186092306
65daf685000000000102a6e8,589576553,186092306
65daf5f00000000001029df0,589576553,186092306
65daf721000000000102b017,589576553,186092306
65dc4e990000000007005b79,589576553,186092306
65dc4ded0000000007004fa4,589576553,186092306
65dc4ef1000000000702511f,589576553,186092306
65dd9bfd000000000102ae17,589576553,186092306
65dd96450000000001028dd9,589576553,186092306
65dd9d15000000000102808f,589576553,186092306
65dee97500000000040014cd,589576553,186092306
65dee686000000000400223d,589576553,186092306
65deeaab0000000004002a31,589576553,186092306
65e03828000000000102ac22,589576553,186092306
65e037630000000001029eb4,589576553,186092306
65e038830000000003037718,589576553,186092306
65e182c80000000004002036,589576553,186092306
65e1836f000000000102968b,589576553,186092306
65e2e49a0000000001028986,589576553,186092306
65e2e3dc000000000102bc06,589576553,186092306
65e2e5f2000000000303655e,589576553,186092306
65e1b549000000000102a921,589576553,186092306
65e1b4530000000003035d58,589576553,186092306
65e1b5a8000000000102af89,589576553,186092306
65e58877000000000102bbfc,589576553,186092306
65e58787000000000102aa4b,589576553,186092306
65e588e20000000001028416,589576553,186092306
65e6d35a0000000004000cbf,589576553,186092306
65e6d0ef0000000003035601,589576553,186092306
65e6d3e6000000000400169f,589576553,186092306
65e6f784000000000102b8cb,589576553,186092306
65e6f6e2000000000102adb5,589576553,186092306
65e6f7ea000000000303422b,589576553,186092306
65e971f20000000003034ab7,589576553,186092306
65e973a20000000003036a18,589576553,186092306
65e9730b0000000001029980,589576553,186092306
65eac0a40000000001029d00,589576553,186092306
65eacc79000000000102b5de,589576553,186092306
65eac14b0000000003036931,589576553,186092306
65ec15f400000000030366d4,589576553,186092306
65ec19a00000000004002dc3,589576553,186092306
65ec182b0000000003035073,589576553,186092306
66af362f000000002701ffff,589643294,186092463
66b0867e0000000025031a66,589643294,186092463
66b1d0b7000000001e01bb2a,589643294,186092463
66b1dd35000000001e018411,589643294,186092463
66b1de10000000001e01c1ec,589643294,186092463
66b327fd000000001e01ec55,589643294,186092463
66b3273c0000000025032bfc,589643294,186092463
66b328b4000000001e01ff94,589643294,186092463
66b47c11000000001e01e039,589643294,186092463
66b47ad0000000001e01fdc0,589643294,186092463
66b47cde000000001e01f63c,589643294,186092463
66b71d49000000001e01b89a,589643294,186092463
66b71c260000000025031b53,589643294,186092463
66b9c1ce0000000025032437,589643294,186092463
66b9c345000000001e01ee39,589643294,186092463
66b87cc9000000001e01cf93,589643294,186092463
66bb0f400000000025030d8d,589643294,186092463
66bb0fa10000000025031780,589643294,186092463
66bc620a000000001e01a3e4,589643294,186092463
66bb1057000000001e01cee8,589643294,186092463
66bdb4a8000000001e01c469,589643294,186092463
66bc63b70000000025030e7d,589643294,186092463
66bf078d0000000025033ff9,589643294,186092463
66bdb698000000001e01f80c,589643294,186092463
66bf06a1000000001e01a50a,589643294,186092463
66c05775000000001e0192a0,589643294,186092463
66c0564b000000001e01e7a9,589643294,186092463
66bf08030000000025030cce,589643294,186092463
66c2f967000000001d01b9aa,589643294,186092463
66bf228f0000000025031381,589643294,186092463
66c459aa000000001d01974a,589643294,186092463
66c2fb3a000000001d0167fb,589643294,186092463
66c2fa3a000000001d018f27,589643294,186092463
66c59bdc000000001d0398e2,589643294,186092463
66c45b75000000001d0147d8,589643294,186092463
66c45a9c000000001d01b1c1,589643294,186092463
66c6e990000000001d01afe0,589643294,186092463
66c59dfb000000001d015b5f,589643294,186092463
66c6f449000000001d018d92,589643294,186092463
66c6ec1a000000001d01b2c9,589643294,186092463
66c6eabf000000001d0146d6,589643294,186092463
66c99171000000001d017728,589643294,186092463
66c6f389000000001d01b960,589643294,186092463
66c6f32f000000001d0165f6,589643294,186092463
66c9935b000000001d01b28a,589643294,186092463
66cae5f6000000001d0175f6,589643294,186092463
66c99238000000001d019762,589643294,186092463
66cae75a000000001d01983f,589643294,186092463
66cc341e000000001d0184c1,589643294,186092463
66cae672000000001d038e6e,589643294,186092463
66cc35a9000000001d03afe1,589643294,186092463
66cd874b000000001d039372,589643294,186092463
66cc34fa000000001d01465c,589643294,186092463
66cd8b5c000000001d03be18,589643294,186092463
66ced78e000000001d01a548,589643294,186092463
66cd8a8a000000001d015356,589643294,186092463
66ceda25000000001d01592d,589643294,186092463
66d02953000000001d03a5bc,589643294,186092463
66ced86c000000001d01bb86,589643294,186092463
66d179e2000000001d01b84b,589643294,186092463
66d02d2c000000001d014499,589643294,186092463
66d02c33000000001d01bc85,589643294,186092463
66d2c828000000001d0155b9,589643294,186092463
66d17bd8000000001d03a2c5,589643294,186092463
66d17b8f000000001d01591f,589643294,186092463
66d2edd7000000001d01678f,589643294,186092463
66d2c9dc000000001d0384ab,589643294,186092463
66d2c8de000000001d016630,589643294,186092463
66d56c05000000001d017b4d,589643294,186092463
66d2ef0f000000001f03d5d9,589643294,186092463
66d2ee62000000001f018845,589643294,186092463
66d6af4e000000001d01729e,589643294,186092463
66d56d39000000001d039306,589643294,186092463
66d56c67000000001d0380db,589643294,186092463
66d6b449000000001d015e58,589643294,186092463
66d6b022000000001d014494,589643294,186092463
66dba4db000000001e018314,589643294,186092463
66d6b5e7000000001d014294,589643294,186092463
66dd55c300000000120105cd,589643294,186092463
66d91bd5000000001e018db7,589643294,186092463
66dba50b000000001201274e,589643294,186092463
66de9050000000001e01addd,589643294,186092463
66dd5665000000001e01b419,589643294,186092463
66dd561b000000001e01ae53,589643294,186092463
66dfef7b000000001e019645,589643294,186092463
66de915b0000000012012811,589643294,186092463
66de90b3000000000c01a935,589643294,186092463
66de94b9000000000c01bcc0,589643294,186092463
66dff03b0000000012013fe9,589643294,186092463
66dfefd8000000000c0185ed,589643294,186092463
66e2a0a3000000000c01831f,589643294,186092463
66e149c3000000000c01a4a8,589643294,186092463
66e1498c0000000012011a52,589643294,186092463
66e3edb8000000000c019691,589643294,186092463
66e2a12c000000001e01aaa7,589643294,186092463
66e2a0eb000000000c0189cb,589643294,186092463
66e538170000000012010428,589643294,186092463
66e537d20000000012013dd5,589643294,186092463
664c62ba0000000016011526,589629261,186098092
664c6420000000001401b0c2,589629261,186098092
664da5d30000000005004801,589629261,186098092
664da52c000000001401af05,589629261,186098092
664da673000000001601171d,589629261,186098092
664ef80500000000050079a5,589629261,186098092
664ef749000000001401a2d1,589629261,186098092
664ef8750000000005004378,589629261,186098092
66504a020000000005004c87,589629261,186098092
665048bd0000000005006fa8,589629261,186098092
66504a35000000000500512b,589629261,186098092
665064a80000000014019457,589629261,186098092
665063970000000016013bcc,589629261,186098092
665065210000000016012267,589629261,186098092
6652ef870000000014019780,589629261,186098092
6652ebc30000000005005357,589629261,186098092
6652f05400000000050070cc,589629261,186098092
66543e01000000001401a8a9,589629261,186098092
66543cfd0000000016012b60,589629261,186098092
66543f4600000000140183e1,589629261,186098092
66558c77000000001601385c,589629261,186098092
66558d870000000016010f8e,589629261,186098092
6656d14200000000160127f2,589629261,186098092
6656d2d90000000005004db7,589629261,186098092
665835760000000014018a5b,589629261,186098092
66583266000000001401855a,589629261,186098092
665835db00000000050072d2,589629261,186098092
6659831900000000140194b3,589629261,186098092
665981f60000000016011633,589629261,186098092
665983b70000000016013d80,589629261,186098092
665ad331000000001401a71a,589629261,186098092
665ad25400000000050042a1,589629261,186098092
665ad3b20000000005005fb0,589629261,186098092
665c1de600000000160104a2,589629261,186098092
665c1d6900000000050047fc,589629261,186098092
665c1e540000000016010d21,589629261,186098092
665c274800000000160102eb,589629261,186098092
665c28db00000000160123b0,589629261,186098092
665c2805000000000500608c,589629261,186098092
665eca83000000000d00dd30,589629261,186098092
665ec9d70000000006007027,589629261,186098092
665ecc53000000000e0320bb,589629261,186098092
66601bb1000000000e0308b2,589629261,186098092
66616cc8000000000600792a,589629261,186098092
66616c0b000000000e0324cf,589629261,186098092
66616dce000000000e030d61,589629261,186098092
6662bcff000000000e031dda,589629261,186098092
6662bc85000000000d00f271,589629261,186098092
6662bf09000000000d00edcc,589629261,186098092
6664116c000000000e03018b,589629261,186098092
66640e3f00000000060041c0,589629261,186098092
66641274000000000e031749,589629261,186098092
66655cab000000000e03208f,589629261,186098092
66655c3d000000000e03183d,589629261,186098092
66655df3000000000d00d324,589629261,186098092
666567450000000006007835,589629261,186098092
66657d86000000000e03033b,589629261,186098092
6665688f000000000e030d42,589629261,186098092
666804ec000000000e031dbd,589629261,186098092
66680350000000000d00d089,589629261,186098092
6668061e0000000006007804,589629261,186098092
66695c8d0000000006007cc3,589629261,186098092
6669558b000000000d00fcef,589629261,186098092
66695cd5000000000600432c,589629261,186098092
666aafd60000000006007638,589629261,186098092
666bf9060000000006006695,589629261,186098092
666bf7ab000000000d00d89e,589629261,186098092
666bf994000000000e0328f2,589629261,186098092
666d48ce000000000e0319f5,589629261,186098092
666d4ae8000000000d00e0f7,589629261,186098092
666d631100000000060054c6,589629261,186098092
666d62ba000000000d00dd03,589629261,186098092
666d63c4000000000e032059,589629261,186098092
666feb69000000000d00f724,589629261,186098092
666febee0000000006007d4f,589629261,186098092
66713e70000000000e030251,589629261,186098092
66713d9e000000000e033098,589629261,186098092
66713fcb000000000d00f84d,589629261,186098092
66728e8a000000000d00dc70,589629261,186098092
66728ddb00000000060056f3,589629261,186098092
66728fc600000000060042f5,589629261,186098092
6673e3af000000001c02687a,589629261,186098092
6673e44e000000001e0125ed,589629261,186098092
66753344000000001e01232e,589629261,186098092
667533f6000000001e0133a1,589629261,186098092
667680da000000001e011696,589629261,186098092
66767fc7000000001c025317,589629261,186098092
66768143000000001e011fd6,589629261,186098092
667683ec000000001c026cc0,589629261,186098092
66768207000000001e013081,589629261,186098092
6676848c000000001c027a54,589629261,186098092
667935ae000000001f007cb0,589629261,186098092
667933df000000001c024221,589629261,186098092
667936c7000000001c024b34,589629261,186098092
667a8672000000001f006e57,589629261,186098092
667a85d1000000001f005e84,589629261,186098092
667a86e9000000001e01159c,589629261,186098092
667bcab8000000001c027a7a,589629261,186098092
667bca5a000000001f007f5d,589629261,186098092
667bcb3a000000001f00542b,589629261,186098092
67456a720000000006015edc,589593493,186098268
67456be40000000002028bae,589593493,186098268
67457104000000000601682d,589593493,186098268
67456d16000000000201b5e0,589593493,186098268
6746997b000000000201a834,589593493,186098268
674699fc000000000201ad65,589593493,186098268
674699b2000000000201aa8e,589593493,186098268
67469a3a000000000201aff2,589593493,186098268
67469a8e000000000202d093,589593493,186098268
67469ae4000000000202d3eb,589593493,186098268
674aadee0000000007025e3a,589593493,186098268
674aaeab00000000070265ec,589593493,186098268
674aaf0a000000000800733c,589593493,186098268
674aaf6b000000000703086d,589593493,186098268
674aafab0000000007029853,589593493,186098268
674aaff50000000007038eb4,589593493,186098268
674aea94000000000702700f,589593493,186098268
674aeac40000000007029d27,589593493,186098268
674aeaec0000000008004004,589593493,186098268
674aeb280000000008004264,589593493,186098268
674aeb8a0000000007036348,589593493,186098268
674aebc200000000070396ff,589593493,186098268
674ee6b20000000002039640,589593493,186098268
674ee731000000000201992f,589593493,186098268
674ee7d1000000000202800f,589593493,186098268
674ee832000000000203a86d,589593493,186098268
674ee864000000000201a856,589593493,186098268
67516c7d000000000203bab2,589593493,186098268
67516ce8000000000202c7bb,589593493,186098268
67516d4c00000000060175a3,589593493,186098268
67516da40000000002038a90,589593493,186098268
67516df5000000000202d63b,589593493,186098268
67516e370000000002018c42,589593493,186098268
6752b855000000000201bc73,589593493,186098268
6752b8fb000000000202987d,589593493,186098268
6752bc3b000000000601630b,589593493,186098268
6752bfca000000000601573d,589593493,186098268
675827c800000000020346b8,589593493,186098268
6758281a00000000020163f7,589593493,186098268
6758289700000000020256b3,589593493,186098268
675828d50000000002016d2a,589593493,186098268
6758290a0000000002016fd5,589593493,186098268
6758294c0000000002035a8a,589593493,186098268
67594fb00000000002015dff,589593493,186098268
6759504b000000000103d787,589593493,186098268
675950b700000000020355bf,589593493,186098268
6759516100000000010290c4,589593493,186098268
675951d6000000000203640f,589593493,186098268
67595510000000000103d739,589593493,186098268
675d4c73000000000103db07,589593493,186098268
675d4cd900000000020262bb,589593493,186098268
675d4d1100000000020358b0,589593493,186098268
675d4d94000000000103ea64,589593493,186098268
675d4de00000000002036372,589593493,186098268
675d4e140000000001029d31,589593493,186098268
675ffb3b000000000800d621,589593493,186098268
675ffb77000000000900f40b,589593493,186098268
675ffbcb000000000b0147a3,589593493,186098268
675ffc26000000000b00e631,589593493,186098268
675ffc66000000000800e54d,589593493,186098268
67613936000000000900e5ff,589593493,186098268
676139f9000000000800da9f,589593493,186098268
67613c39000000000800f745,589593493,186098268
67613cf5000000000b01652d,589593493,186098268
67627fad000000000800ca0c,589593493,186098268
67627fe7000000000b0219b7,589593493,186098268
67628020000000000b00d8c6,589593493,186098268
6762805d000000000800d2bd,589593493,186098268
676280e1000000000b017da5,589593493,186098268
67668f10000000000b0167e0,589593493,186098268
67668f3d000000000b016a32,589593493,186098268
67668f78000000000b016d2b,589593493,186098268
67668fcb000000000900e34d,589593493,186098268
67669008000000000800d0e5,589593493,186098268
6766903d000000000b00cbc1,589593493,186098268
6767e10a000000000b00fd11,589593493,186098268
6767e14c000000000b020065,589593493,186098268
6767e1b0000000000800c820,589593493,186098268
6767e22c000000000900e235,589593493,186098268
6767e30a000000000800d940,589593493,186098268
6767e32d000000000b00d6fd,589593493,186098268
676d2964000000001300b4c8,589593493,186098268
676d29d10000000013001dcb,589593493,186098268
676d2a41000000001300bc31,589593493,186098268
676d2ace0000000014024f1c,589593493,186098268
676e6cf7000000001300de4a,589593493,186098268
676e6d40000000000902cb3c,589593493,186098268
676e6d83000000001300e2fb,589593493,186098268
676e6dc50000000009014b36,589593493,186098268
676e6dff000000001300e752,589593493,186098268
677105cb000000000800dba3,589593493,186098268
677105fe000000000900fbd5,589593493,186098268
676e6e49000000001300e9d1,589593493,186098268
6771066a000000000b0153df,589593493,186098268
6771073c000000000b0200bc,589593493,186098268
677272a5000000000b0232a9,589593493,186098268
6772730a000000000800ea07,589593493,186098268
6777b8830000000009017689,589593493,186098268
6777b8ab000000001300d9d8,589593493,186098268
6777b99b000000000902c554,589593493,186098268
66e7dbe3000000001e018b5b,589629642,186104017
66e541ba0000000012012389,589629642,186104017
66e53e6b000000001e01bdeb,589629642,186104017
66e93453000000000c01af8d,589629642,186104017
66e7de70000000001e01bf72,589629642,186104017
66e7dc75000000000c01bc86,589629642,186104017
66ea7f51000000000c018282,589629642,186104017
66e934da000000000c01b98f,589629642,186104017
66e9349d0000000012011ec9,589629642,186104017
66ebbf3f000000000c019efc,589629642,186104017
66ea8035000000000c0195be,589629642,186104017
66ea7fd0000000001201308d,589629642,186104017
66ebd7ac000000001e01937e,589629642,186104017
66ebc041000000000c01b331,589629642,186104017
66ebbfe20000000012011994,589629642,186104017
66ee765100000000120136f9,589629642,186104017
66ebd991000000000c01a701,589629642,186104017
66ebd8ac000000001e01aad6,589629642,186104017
66efcc6f000000001e019094,589629642,186104017
66ee77af0000000012011770,589629642,186104017
66ee7769000000001e01bc1a,589629642,186104017
66f11cb0000000001902c988,589629642,186104017
66efcced0000000012012c96,589629642,186104017
66efccc3000000001201292c,589629642,186104017
66f11d2b000000001b021750,589629642,186104017
66f11dca000000001b02255c,589629642,186104017
66f287b3000000001b0211f4,589629642,186104017
66f28805000000001a020840,589629642,186104017
66f3bb39000000001b0232bf,589629642,186104017
66f3bc31000000001a023cee,589629642,186104017
66f3bc6b000000001b020eb5,589629642,186104017
66f5175f000000001902c804,589629642,186104017
66f517f8000000001902d5d7,589629642,186104017
66f51859000000001b022419,589629642,186104017
66f530bd000000001902dada,589629642,186104017
66f53123000000001a021621,589629642,186104017
66f5318c000000001902f0de,589629642,186104017
66f671ec000000001902d81f,589629642,186104017
66f682cd000000001b022b20,589629642,186104017
66f6837c000000001b023d70,589629642,186104017
66f902e0000000001b021b1b,589629642,186104017
66f90338000000001a0216cf,589629642,186104017
66f90392000000001902f75b,589629642,186104017
66fba4e0000000001a02394c,589629642,186104017
66fba574000000001902dff4,589629642,186104017
66fbb9d8000000001a0220dc,589629642,186104017
66fbba48000000001a022a56,589629642,186104017
66fbbad9000000001a023652,589629642,186104017
66fcf909000000001a020735,589629642,186104017
66fcf98f000000001a0211be,589629642,186104017
66fcfa13000000001b023957,589629642,186104017
66fd0de6000000001b020a7e,589629642,186104017
66fd0e4d000000001a0235f6,589629642,186104017
66fd0eab000000001902e45b,589629642,186104017
66fe4669000000001b023237,589629642,186104017
66fe47b0000000001902ceae,589629642,186104017
66fe4817000000001b021423,589629642,186104017
66fe58b0000000001a020753,589629642,186104017
66fe5979000000001902f72c,589629642,186104017
66fe5b00000000001b02147c,589629642,186104017
6703948b000000001a02350c,589629642,186104017
670394ef000000001a023e78,589629642,186104017
6703954a000000001902e7a0,589629642,186104017
6704e070000000001a020f5a,589629642,186104017
6704e10b000000001a021c84,589629642,186104017
6704e182000000001a02279d,589629642,186104017
6704f6cf000000001902c0b1,589629642,186104017
6704f71a000000001902c846,589629642,186104017
6704f799000000001902d4ed,589629642,186104017
670630e9000000001a023e3f,589629642,186104017
670631aa000000001b02348f,589629642,186104017
67063284000000001902cbff,589629642,186104017
6707a3ea000000001902db4a,589629642,186104017
6707a6c4000000001902e5bf,589629642,186104017
6707a74c000000001b022b72,589629642,186104017
6708c2b6000000001a020873,589629642,186104017
6708c545000000001a023f08,589629642,186104017
6708dcfb000000001902cdc0,589629642,186104017
6708dde4000000001902e388,589629642,186104017
670c6f600000000024015ad0,589629642,186104017
670c7007000000002100809a,589629642,186104017
670c715e0000000021008949,589629642,186104017
670ccf4b000000001b03f061,589629642,186104017
670ccfa7000000002100b5d5,589629642,186104017
670ccfff0000000024015a30,589629642,186104017
670e17cb000000001b03eb38,589629642,186104017
670e18c9000000002100569c,589629642,186104017
670f7a700000000026034bdf,589629642,186104017
670e198400000000240193e3,589629642,186104017
670f7aec000000001b03d8ba,589629642,186104017
6710dd2a0000000024019e57,589629642,186104017
670f7b440000000021009b77,589629642,186104017
6710dd830000000021005a44,589629642,186104017
671209d20000000024017f2e,589629642,186104017
67120ab1000000001b03f5db,589629642,186104017
671228780000000021000351,589629642,186104017
671228c20000000026036fac,589629642,186104017
6712290d000000001b03f879,589629642,186104017
67123f100000000021003d08,589629642,186104017
67123f7f0000000024018cc0,589629642,186104017
68299dc90000000023012fb6,589578799,186104210
68299d25000000002301d4c6,589578799,186104210
682edb7f000000000f033905,589578799,186104210
68340d0d0000000012003fec,589578799,186104210
68341027000000000f038992,589578799,186104210
68340f86000000000c03a431,589578799,186104210
68395a24000000002100c53d,589578799,186104210
683d63ea000000002001eb65,589578799,186104210
683d633500000000210059fe,589578799,186104210
683d649900000000210085bc,589578799,186104210
6843e1d0000000000f03b615,589578799,186104210
6843e2390000000012003552,589578799,186104210
6843e3d5000000000f030828,589578799,186104210
6843e39f0000000012004d39,589578799,186104210
6847fe4c000000002101b1b4,589578799,186104210
6856700e000000000d0253e5,589578799,186104210
685670bb000000000b01fc31,589578799,186104210
68567116000000000d025a77,589578799,186104210
6857bb380000000012014a3b,589578799,186104210
6857bad4000000000d01967e,589578799,186104210
685e5cb200000000120317a7,589578799,186104210
685e5c470000000017031886,589578799,186104210
685e5de000000000150216f9,589578799,186104210
68679a7f0000000023006fb7,589578799,186104210
68746441000000001c03208b,589578799,186104210
687890df000000001c0361c2,589578799,186104210
6878924b000000001c03093d,589578799,186104210
687f2804000000001c0311ac,589578799,186104210
687f2d82000000002203ed08,589578799,186104210
687f2f20000000002203f8ab,589578799,186104210
68873cb70000000015021ff1,589578799,186104210
68873b690000000013013abe,589578799,186104210
68873dff0000000017037728,589578799,186104210
688b3145000000002501aed8,589578799,186104210
688b331a000000002502a180,589578799,186104210
689057d10000000002001d43,589578799,186104210
68905bf700000000020039f5,589578799,186104210
6895a53e00000000230321d8,589578799,186104210
6895a47700000000230382eb,589578799,186104210
6895a7850000000023028f7a,589578799,186104210
689aba910000000023038a7c,589578799,186104210
6895a8330000000023033a03,589578799,186104210
689ab9f50000000022039b48,589578799,186104210
689ed9a1000000001d02c804,589578799,186104210
689ab98e0000000023021c3c,589578799,186104210
689ed823000000001d0224b3,589578799,186104210
68a5713c000000001d00d7e0,589578799,186104210
68a57274000000001c034a91,589578799,186104210
68a57197000000001d013760,589578799,186104210
68a83a56000000001d034a0b,589578799,186104210
68a83b3b000000001d021877,589578799,186104210
68a833d8000000001d025d85,589578799,186104210
68ad61bc000000001b02256d,589578799,186104210
68a831d8000000001d024d2f,589578799,186104210
68ad64bb000000001c00fb29,589578799,186104210
68ad65fc000000001c00c43b,589578799,186104210
68b29e9d000000001d01f402,589578799,186104210
68b55da9000000001d00c602,589578799,186104210
68baa179000000001b01d52f,589578799,186104210
68b55e6f000000001d00caa1,589578799,186104210
68baa828000000001b033b3f,589578799,186104210
68bff0ef000000001d019dea,589578799,186104210
68bff3dc000000001d020916,589578799,186104210
68bff2ae000000001d01a96e,589578799,186104210
68c52a62000000001d023bb9,589578799,186104210
68c7d0c6000000001d03456e,589578799,186104210
68c7d1fc000000001d0271c8,589578799,186104210
68c7d2d7000000001d02e20f,589578799,186104210
68cbcca70000000012015ad7,589578799,186104210
68d25863000000001202f08f,589578799,186104210
68db94d10000000004000baa,589578799,186104210
68db951d0000000004010755,589578799,186104210
68db958100000000050336cb,589578799,186104210
68e0e4b10000000007003ead,589578799,186104210
68e0e457000000000700ce1c,589578799,186104210
68e0e111000000000700fac3,589578799,186104210
68e38f400000000004015879,589578799,186104210
68e38a3b0000000005039b29,589578799,186104210
68ef6601000000000301a9cb,589578799,186104210
68f4a7b00000000003010c5c,589578799,186104210
68f8a18700000000040072f7,589578799,186104210
68f89a470000000004014768,589578799,186104210
68f88ddc0000000005032cde,589578799,186104210
69201ad0000000001e00a12d,589578799,186104210
692124ab000000001b0202d2,589578799,186104210
692273930000000019024e90,589578799,186104210
6923ec39000000000d039e51,589578799,186104210
69250961000000001b022790,589578799,186104210
69269ad2000000001f00df99,589578799,186104210
6927e58e000000001f00ee4b,589578799,186104210
69293b78000000001e02862b,589578799,186104210
69293a52000000001f00dec5,589578799,186104210
692abda4000000001e02fa14,589578799,186104210
692a6de6000000001e03812d,589578799,186104210
692c11f5000000000d03a6cf,589578799,186104210
692d072a000000000d03b03b,589578799,186104210
692c12e3000000001b0234f6,589578799,186104210
692d5bdd000000000d03d5e0,589578799,186104210
692e7fa1000000001e039aa6,589578799,186104210
692e8108000000001e026eb2,589578799,186104210
693136b3000000001e02c40d,589578977,186104248
693137c1000000001e02b703,589578977,186104248
69327e83000000001f00ca08,589578977,186104248
69327b87000000001e038224,589578977,186104248
6933d508000000001e008232,589578977,186104248
6933d7c0000000001e01245c,589578977,186104248
6933d69f000000001d03bd97,589578977,186104248
69354aa5000000001d03df0f,589578977,186104248
6936766c000000001b0237dc,589578977,186104248
69354b60000000001e00aa84,589578977,186104248
69367987000000001b027d8f,589578977,186104248
693923ff000000001e02dab6,589578977,186104248
69367b1f000000000d03cf01,589578977,186104248
6937eba70000000019025d07,589578977,186104248
6937edea000000001b03158a,589578977,186104248
6937ecf7000000000d03ecf4,589578977,186104248
693bc13f000000001d03babb,589578977,186104248
693bc01c000000001d03c663,589578977,186104248
693bbefd000000001d03ffd0,589578977,186104248
693d33ef000000001e0023d9,589578977,186104248
693d3688000000001e00be17,589578977,186104248
693d34ce000000001e00e6db,589578977,186104248
693fa7a5000000001e00c62e,589578977,186104248
693faaaa000000001e015f45,589578977,186104248
693fa93b000000001d03d6f0,589578977,186104248
6940b4c1000000001e02c4ec,589578977,186104248
69410133000000001e0374c3,589578977,186104248
6940bdce000000001e0209ab,589578977,186104248
69410be8000000001e03bb87,589578977,186104248
6944f0ec000000001f008341,589578977,186104248
69427d40000000001e02257b,589578977,186104248
6944f331000000001e024269,589578977,186104248
69474c46000000000d00cdd6,589578977,186104248
6944f5f2000000001f00a3d7,589578977,186104248
69474e28000000001b026885,589578977,186104248
6948e7ce000000001e03002b,589578977,186104248
6948a444000000001e0244eb,589578977,186104248
6949f799000000001e031534,589578977,186104248
694b48a2000000001e02c5a1,589578977,186104248
694a4b6a000000001e036b23,589578977,186104248
694ba3e1000000001e02e9af,589578977,186104248
694f3ad60000000022039775,589578977,186104248
694de00a000000002202cfe6,589578977,186104248
6950da0e0000000022032b4e,589578977,186104248
6951db13000000002203b51f,589578977,186104248
69508d0e0000000022033295,589578977,186104248
695480f6000000001e032231,589578977,186104248
69523072000000002203125f,589578977,186104248
69522fca00000000210314da,589578977,186104248
6954ad1b000000001e03a06f,589578977,186104248
69549014000000001e02e0a1,589578977,186104248
69573ae9000000001e02d4fc,589578977,186104248
695877db000000001e02a155,589578977,186104248
69572257000000001e02879a,589578977,186104248
6958c0e1000000001e035a9a,589578977,186104248
695a1cc2000000001e020cb3,589578977,186104248
6959c6f4000000001e028520,589578977,186104248
695a18b8000000001e02350e,589578977,186104248
695c6cb0000000000e00ee19,589578977,186104248
695b71c7000000000d00aa46,589578977,186104248
695c7868000000001a01ee5a,589578977,186104248
695cb323000000000e00edd2,589578977,186104248
695c8593000000001a0246c8,589578977,186104248
695cbadc000000001a026939,589578977,186104248
69605e99000000000b00a172,589578977,186104248
695cbbe4000000001a01e199,589578977,186104248
6960b0f0000000000b0122b4,589578977,186104248
6961afd0000000000a03f3f2,589578977,186104248
696360850000000022008b45,589578977,186104248
6963652c000000002200a5f4,589578977,186104248
6963622c000000002103e0fc,589578977,186104248
6965f72a0000000022008d1f,589578977,186104248
6965ff2b000000002202d194,589578977,186104248
6965f8e9000000002203b52e,589578977,186104248
6968a7e1000000001a032b62,589578977,186104248
69675bdf000000001a02cd50,589578977,186104248
6968ae97000000000e00c7b4,589578977,186104248
696aefeb0000000022032c06,589578977,186104248
696ae6600000000021030946,589578977,186104248
696b2fb5000000002202224a,589578977,186104248
696b33f1000000002200b243,589578977,186104248
696f8a1300000000220398ee,589578977,186104248
697215d3000000002102babe,589578977,186104248
697381260000000022031320,589578977,186104248
69733219000000002203954a,589578977,186104248
697483bc0000000021030797,589578977,186104248
6975d464000000002200b412,589578977,186104248
69747a91000000002202e8cb,589578977,186104248
6975d5030000000022032c1e,589578977,186104248
69772f10000000002203adb7,589578977,186104248
6979d9d0000000002102890e,589578977,186104248
69785b9800000000210301e7,589578977,186104248
6979aa20000000002203199c,589578977,186104248
697b62370000000022008079,589578977,186104248
697cb24d000000002203bda3,589578977,186104248
697c80d50000000021032923,589578977,186104248
697f212d00000000220305e3,589578977,186104248
69806002000000002203a5e3,589578977,186104248
6991bbf0000000001d0136ba,589645174,186104272
699d6aa4000000001d010c38,589645174,186104272
69a5535c000000001d012b36,589645174,186104272
69a3ff74000000001d027ea9,589645174,186104272
69a2ed630000000015030861,589645174,186104272
699ead68000000001600b831,589645174,186104272
699c18a70000000015023477,589645174,186104272
6997bcd0000000001d011f05,589645174,186104272
69903cb9000000001d0260e4,589645174,186104272
6987020d0000000015038216,589645174,186104272
6985e5f7000000001d02693a,589645174,186104272
69a184d200000000150204c6,589645174,186104272
69a03a2b0000000016008218,589645174,186104272
69a164ee000000001b01f93e,589645174,186104272
699831fe000000001d026e41,589645174,186104272
699453d000000000150230b3,589645174,186104272
6981b7f200000000220207c4,589645174,186104272
6990569b000000001b01d21a,589645174,186104272
69919e19000000001b01e5ec,589645174,186104272
698ee2ae00000000150201e0,589645174,186104272
698d9898000000001d0123c3,589645174,186104272
698b25ad000000001b014b1d,589645174,186104272
698892e0000000001d024712,589645174,186104272
698984b0000000001d0254d4,589645174,186104272
6989a3c4000000001b014abc,589645174,186104272
698855fe0000000015023f61,589645174,186104272
698348ae00000000220219f5,589645174,186104272
6982f243000000002202147c,589645174,186104272
6981a44a0000000022021102,589645174,186104272
69806b890000000021033f5e,589645174,186104272
697f3a7b0000000022038c46,589645174,186104272
69848984000000002203b8c4,589645174,186104272
69a59973000000001b01e719,589645174,186104272
69a69ecb00000000150237fb,589645174,186104272
69a6a375000000001d012a11,589645174,186104272
69a6efd2000000001b014cba,589645174,186104272
69a6f026000000001600ae2a,589645174,186104272
69a6f4cc0000000015033661,589645174,186104272
69a6f524000000001b01ec45,589645174,186104272
69aaa2b9000000001600a77a,589645174,186104272
69aaa345000000001502198f,589645174,186104272
69abed4c0000000015020ff5,589645174,186104272
69abed790000000015039bcf,589645174,186104272
69ad4ab700000000150218ef,589645174,186104272
69ad786b0000000015032dfb,589645174,186104272
69ae78c40000000015030f74,589645174,186104272
69ae792e000000001b01c54d,589645174,186104272
69af8c3e000000001502016b,589645174,186104272
69af8cfd00000000160099b4,589645174,186104272
69b12517000000001d010985,589645174,186104272
69b12f420000000015033f3a,589645174,186104272
69b28398000000001b01e6e7,589645174,186104272
69b2848a000000001b0162c0,589645174,186104272
69b3d5b70000000021038da1,589645174,186104272
69b3dc74000000001a029467,589645174,186104272
69b4c0c0000000001a02650e,589645174,186104272
69b4c12900000000210102af,589645174,186104272
69b785f7000000002101037b,589645174,186104272
69b7a0fc0000000022003030,589645174,186104272
69b7a14300000000220031c0,589645174,186104272
69b92555000000001a0330c1,589645174,186104272
69b901f800000000220023f4,589645174,186104272
69ba6581000000001a032032,589645174,186104272
69ba9ad6000000001a023187,589645174,186104272
69bbb2fa000000002102dd39,589645174,186104272
69bbb35500000000210120c6,589645174,186104272
69bd118700000000220011b2,589645174,186104272
69bd11d5000000001a030a01,589645174,186104272
69be6173000000002102df26,589645174,186104272
69be6614000000001a0316a9,589645174,186104272
69bedca5000000001a021915,589645174,186104272
69bedcf70000000021038a01,589645174,186104272
69c258e400000000220002ec,589645174,186104272
69bedd4900000000220023ed,589645174,186104272
69c3a080000000002102ca12,589645174,186104272
69bedda8000000001a02602f,589645174,186104272
69c4fb140000000021039a82,589645174,186104272
69c4fc20000000001a0335fb,589645174,186104272
69c64772000000002102ff63,589645174,186104272
69c68d400000000022002f3b,589645174,186104272
69c79a3c000000001a025f6e,589645174,186104272
69c79a74000000002102e490,589645174,186104272
69c8eb4b0000000021039465,589645174,186104272
69c7de83000000002200122e,589645174,186104272
69ca3f300000000022003c4b,589645174,186104272
69cb915e000000001a023bd7,589645174,186104272
69cb73d4000000002103b56b,589645174,186104272
69cce0ed000000001a029e9d,589645174,186104272
69cce15a000000001a030988,589645174,186104272
69ce32e1000000001a027e78,589645174,186104272
69cdfe5a000000001a0285e9,589645174,186104272
69cf8544000000002200210b,589645174,186104272
69cf8712000000001a0322e6,589645174,186104272
69d0d7160000000022000bc4,589645174,186104272
69ce5721000000001a030e4f,589645174,186104272
69d230ff000000001a027d5b,589645174,186104272
69d258ed000000002102fc18,589645174,186104272
69d21678000000001a026606,589645174,186104272
69d4b05d000000001a0272a1,589645174,186104272
69d4b0cb000000001a0274f9,589645174,186104272
67175702000000002100023f,589610578,186110017
6717576700000000260370f7,589610578,186110017
671757e3000000001b03fc15,589610578,186110017
6718ab00000000002401b0f6,589610578,186110017
6718abc70000000021009845,589610578,186110017
6718bfc80000000024017edc,589610578,186110017
6718c00b0000000024018b4e,589610578,186110017
6718c0aa0000000021004924,589610578,186110017
6719f756000000002100616b,589610578,186110017
6719f7eb0000000026034e27,589610578,186110017
6719f854000000002401b794,589610578,186110017
671a1d840000000021007489,589610578,186110017
671a1e8200000000210035b5,589610578,186110017
671ae7e4000000001b03d2eb,589610578,186110017
671b4f78000000002100b648,589610578,186110017
671b4fb80000000021000b4e,589610578,186110017
671b51d000000000210020d9,589610578,186110017
671b686800000000210089fc,589610578,186110017
671b68b30000000021006d0e,589610578,186110017
671b693c00000000240172e9,589610578,186110017
671c981700000000240179ae,589610578,186110017
671c963b00000000260340ee,589610578,186110017
671c96b200000000260345a4,589610578,186110017
671e12ff00000000210076f5,589610578,186110017
671e1238000000001b03dca9,589610578,186110017
6721ad85000000001b02ad96,589610578,186110017
6721ae13000000001b0126c3,589610578,186110017
6721ae8a000000001b02e61d,589610578,186110017
6721dc0d0000000019017a30,589610578,186110017
6721dd3700000000190193ac,589610578,186110017
67233adb000000001b02a1cb,589610578,186110017
6721dd850000000019014ad3,589610578,186110017
67233b5c000000001b02caaf,589610578,186110017
67234cc1000000001b028382,589610578,186110017
67233baf0000000019016ec3,589610578,186110017
67234d6e000000001a01ca79,589610578,186110017
67234df4000000001b0101ad,589610578,186110017
67287871000000001a01d18f,589610578,186110017
672889300000000019019cda,589610578,186110017
67287a4b000000001901afbf,589610578,186110017
67288a21000000001b028ca8,589610578,186110017
672add42000000001901b372,589610578,186110017
672addc0000000001b011e3e,589610578,186110017
672ae9e5000000001901bda0,589610578,186110017
672ade53000000001b02cd18,589610578,186110017
672aea54000000001b02afc5,589610578,186110017
672c2cfd00000000190176e7,589610578,186110017
672aeaa2000000001b02b2d0,589610578,186110017
672c54d8000000001901413b,589610578,186110017
672c32a2000000001b02ce3f,589610578,186110017
672c55d2000000001b02bcf3,589610578,186110017
6730802e000000001a01cb7c,589610578,186110017
672c566e000000001b02e654,589610578,186110017
67308083000000001a01cf2f,589610578,186110017
6731a15a000000001901ba13,589610578,186110017
673080f4000000001b013614,589610578,186110017
6731a8c40000000019017c0c,589610578,186110017
6731a9510000000019018f3f,589610578,186110017
67330eb40000000019017f65,589610578,186110017
673310ad000000001b029070,589610578,186110017
673311a3000000001b029b60,589610578,186110017
67331226000000001b0107e2,589610578,186110017
673312f9000000001b011208,589610578,186110017
673465a90000000019019a30,589610578,186110017
673465f0000000001b02df86,589610578,186110017
67330f2b000000001b02d91f,589610578,186110017
67346646000000001901a207,589610578,186110017
6734668d000000001901a58c,589610578,186110017
67346709000000001901ab3c,589610578,186110017
673467640000000019016516,589610578,186110017
6735bd4b000000001901780f,589610578,186110017
6735bdfa000000001b011277,589610578,186110017
6735be5c000000001b011792,589610578,186110017
6735beb7000000001b011c67,589610578,186110017
6735bf010000000019014e82,589610578,186110017
6736e628000000001b02ee72,589610578,186110017
6736e66c000000001b012f8e,589610578,186110017
6739afde000000001b02f77c,589610578,186110017
6739b08e000000001b02fef2,589610578,186110017
6739b019000000001a01e71c,589610578,186110017
673c65e600000000070302fa,589610578,186110017
673c666600000000070268ce,589610578,186110017
673c662b0000000007026608,589610578,186110017
673c67660000000007027445,589610578,186110017
673c67eb000000000800548f,589610578,186110017
673c67a5000000000703171e,589610578,186110017
673dc0260000000007034e63,589610578,186110017
673dc19700000000070294b0,589610578,186110017
673dc13800000000070303da,589610578,186110017
673dc06c0000000007033b2e,589610578,186110017
673dc21a0000000007027227,589610578,186110017
673dc1d500000000080040bb,589610578,186110017
673ff6dc000000000203b062,589610578,186110017
673ff8f1000000000202dabc,589610578,186110017
673ff72c000000000203b3fe,589610578,186110017
673ff963000000000201838b,589610578,186110017
673ffa76000000000202a6a8,589610578,186110017
673ffa21000000000202e855,589610578,186110017
6745652c000000000202fde8,589610578,186110017
67456ae0000000000203af51,589610578,186110017
6a16af500000000037037c1c,602067097,188442091
6a1805d70000000038021c3e,602067097,188442091
6a15654e000000003700d57a,602067097,188442091
6a13cd370000000038021517,602067097,188442091
6a12ccf300000000370359fc,602067097,188442091
6a19663100000000370365b8,602067097,188442091
6a1419dd000000003603112c,602067097,188442091
6a141975000000003701c0f1,602067097,188442091
6a12cdea0000000038023999,602067097,188442091
6a1564e2000000003703527c,602067097,188442091
6a16b0e90000000036033433,602067097,188442091
6a1807ad0000000038037074,602067097,188442091
6a0db0b5000000003601f6a2,602067097,188442091
6a1153de0000000038021066,602067097,188442091
6a10262b0000000036031b9a,602067097,188442091
6a0ebc7a0000000038037c7f,602067097,188442091
6a0c560b000000003601bd95,602067097,188442091
6a0d775e00000000370346cc,602067097,188442091
6a0ebe6c0000000036030a7f,602067097,188442091
6a0c287800000000370343e8,602067097,188442091
6a085c0a000000003700d0fb,602067097,188442091
6a09838e000000003700c538,602067097,188442091
6a059657000000003601896e,602067097,188442091
69fef7a4000000003802333b,602067097,188442091
6a004a1b000000003601b0de,602067097,188442091
69fda6f1000000003701c450,602067097,188442091
69fc5589000000003601b35e,602067097,188442091
69fb0ef8000000003601dea2,602067097,188442091
69f9a0ac000000003701d937,602067097,188442091
6a043c4e000000003701edcd,602067097,188442091
69f9a0170000000036033e87,602067097,188442091
6a06e595000000003601d03d,602067097,188442091
6a02e95400000000370375c9,602067097,188442091
6a0198ba000000003601f6e1,602067097,188442091
6a004ab7000000003700c017,602067097,188442091
69fb0f64000000003703635a,602067097,188442091
69f868b8000000003701d0aa,602067097,188442091
6a083474000000003700d83a,602067097,188442091
69fc8338000000003603197b,602067097,188442091
69fef71f000000003803494e,602067097,188442091
69fda74d000000003802066a,602067097,188442091
6a02e9040000000036019e32,602067097,188442091
6a01986e0000000038023ec4,602067097,188442091
6a043cb600000000370356ab,602067097,188442091
6a09c38a000000003601b6b3,602067097,188442091
6a06e7fd000000003700c5ed,602067097,188442091
6a0ac1d0000000003601b3c6,602067097,188442091
69edc7ab0000000038022757,602067097,188442091
69edc7fd00000000360319d8,602067097,188442091
69f86844000000003701cda4,602067097,188442091
69edc6dc00000000360186bb,602067097,188442091
69edb1980000000036018960,602067097,188442091
69eda13b000000003601a9af,602067097,188442091
69e49380000000001a022d0e,602067097,188442091
69edaad80000000037037c37,602067097,188442091
69e3482b000000002102da08,602067097,188442091
69e493f50000000021011353,602067097,188442091
69e5e28d000000002103a0ef,602067097,188442091
69e88838000000001a024a9a,602067097,188442091
69e887d2000000002102ffa4,602067097,188442091
69eb22720000000020013003,602067097,188442091
69ec8506000000003701f3f0,602067097,188442091
69ec80a6000000003701d6a0,602067097,188442091
69eda5e50000000037035f91,602067097,188442091
69edabed00000000370342b3,602067097,188442091
69edb08f000000003601db21,602067097,188442091
69edc7450000000036018931,602067097,188442091
69f6f992000000003601a5c8,602067097,188442091
69f70ce7000000003701f851,602067097,188442091
69edb11c000000003601de80,602067097,188442091
69eda28a000000003701d066,602067097,188442091
69eda70d000000003701ea0d,602067097,188442091
69e9d0d70000000020000800,602067097,188442091
69e5e2ef000000001a0337bc,602067097,188442091
69e722b7000000001a023879,602067097,188442091
69e7226e000000001a025531,602067097,188442091
69d76c4f000000001a020b12,602067097,188442091
69d8c91f000000001a023d2d,602067097,188442091
69ddffbf000000001a029ff1,602067097,188442091
69df4d36000000001a02813c,602067097,188442091
69e098fe000000001a02a5f9,602067097,188442091
69e1fc58000000001a032718,602067097,188442091
69d49918000000001a027488,602067097,188442091
69e1fb9e000000001a02a60b,602067097,188442091
69dcaa3f000000001a023139,602067097,188442091
69dca9fe000000002103a4d3,602067097,188442091
69e3479d00000000220012d6,602067097,188442091
69ddfff300000000210381b5,602067097,188442091
69db4493000000001a033d3f,602067097,188442091
69db4441000000001a0245aa,602067097,188442091
69da0516000000001a030ff1,602067097,188442091
69d62437000000001a029164,602067097,188442091
69d76c9d000000001a030e8b,602067097,188442091
6a1aad040000000038034dce,602067097,188442091
6a1aae420000000038035662,602067097,188442091
6a1bfdc6000000003601ddc3,602067097,188442091
6a1bfe0a0000000036030504,602067097,188442091
6a1d463700000000370378a8,602067097,188442091
6a1d4680000000003701de4c,602067097,188442091
6a1e97240000000021023a94,602067097,188442091
6a1807ad0000000038037074,602067212,188442130
6a12ccf300000000370359fc,602067212,188442130
6a1419dd000000003603112c,602067212,188442130
6a15654e000000003700d57a,602067212,188442130
6a1805d70000000038021c3e,602067212,188442130
6a19663100000000370365b8,602067212,188442130
6a16af500000000037037c1c,602067212,188442130
6a141975000000003701c0f1,602067212,188442130
6a16b0e90000000036033433,602067212,188442130
6a1564e2000000003703527c,602067212,188442130
6a13cd370000000038021517,602067212,188442130
6a12cdea0000000038023999,602067212,188442130
6a0c560b000000003601bd95,602067212,188442130
6a10262b0000000036031b9a,602067212,188442130
6a0ebe6c0000000036030a7f,602067212,188442130
6a0ebc7a0000000038037c7f,602067212,188442130
6a1153de0000000038021066,602067212,188442130
6a0db0b5000000003601f6a2,602067212,188442130
6a0d775e00000000370346cc,602067212,188442130
69fc8338000000003603197b,602067212,188442130
69fda6f1000000003701c450,602067212,188442130
6a004a1b000000003601b0de,602067212,188442130
69fef7a4000000003802333b,602067212,188442130
6a02e9040000000036019e32,602067212,188442130
6a01986e0000000038023ec4,602067212,188442130
6a06e7fd000000003700c5ed,602067212,188442130
6a059657000000003601896e,602067212,188442130
6a09838e000000003700c538,602067212,188442130
6a085c0a000000003700d0fb,602067212,188442130
6a043cb600000000370356ab,602067212,188442130
6a0c287800000000370343e8,602067212,188442130
6a083474000000003700d83a,602067212,188442130
6a06e595000000003601d03d,602067212,188442130
6a02e95400000000370375c9,602067212,188442130
69f868b8000000003701d0aa,602067212,188442130
69fc5589000000003601b35e,602067212,188442130
69fb0f64000000003703635a,602067212,188442130
6a0198ba000000003601f6e1,602067212,188442130
6a004ab7000000003700c017,602067212,188442130
69fb0ef8000000003601dea2,602067212,188442130
6a09c38a000000003601b6b3,602067212,188442130
6a0ac1d0000000003601b3c6,602067212,188442130
6a043c4e000000003701edcd,602067212,188442130
69fda74d000000003802066a,602067212,188442130
69fef71f000000003803494e,602067212,188442130
69f9a0170000000036033e87,602067212,188442130
69f9a0ac000000003701d937,602067212,188442130
69edb11c000000003601de80,602067212,188442130
69f86844000000003701cda4,602067212,188442130
69edc6dc00000000360186bb,602067212,188442130
69edb1980000000036018960,602067212,188442130
69eda70d000000003701ea0d,602067212,188442130
69eda13b000000003601a9af,602067212,188442130
69e5e2ef000000001a0337bc,602067212,188442130
69e722b7000000001a023879,602067212,188442130
69e7226e000000001a025531,602067212,188442130
69e49380000000001a022d0e,602067212,188442130
69edc7fd00000000360319d8,602067212,188442130
69edc7450000000036018931,602067212,188442130
69f70ce7000000003701f851,602067212,188442130
69f6f992000000003601a5c8,602067212,188442130
69edabed00000000370342b3,602067212,188442130
69ec8506000000003701f3f0,602067212,188442130
69eb22720000000020013003,602067212,188442130
69e887d2000000002102ffa4,602067212,188442130
69e5e28d000000002103a0ef,602067212,188442130
69e3482b000000002102da08,602067212,188442130
69e493f50000000021011353,602067212,188442130
69e88838000000001a024a9a,602067212,188442130
69e9d0d70000000020000800,602067212,188442130
69ec80a6000000003701d6a0,602067212,188442130
69eda5e50000000037035f91,602067212,188442130
69eda28a000000003701d066,602067212,188442130
69edb08f000000003601db21,602067212,188442130
69edaad80000000037037c37,602067212,188442130
69edc7ab0000000038022757,602067212,188442130
69df4d36000000001a02813c,602067212,188442130
69d76c4f000000001a020b12,602067212,188442130
69d62437000000001a029164,602067212,188442130
69ddffbf000000001a029ff1,602067212,188442130
69e098fe000000001a02a5f9,602067212,188442130
69e3479d00000000220012d6,602067212,188442130
69e1fb9e000000001a02a60b,602067212,188442130
69ddfff300000000210381b5,602067212,188442130
69dcaa3f000000001a023139,602067212,188442130
69dca9fe000000002103a4d3,602067212,188442130
69db4493000000001a033d3f,602067212,188442130
69db4441000000001a0245aa,602067212,188442130
69da0516000000001a030ff1,602067212,188442130
69d8c91f000000001a023d2d,602067212,188442130
69d76c9d000000001a030e8b,602067212,188442130
69e1fc58000000001a032718,602067212,188442130
69d49918000000001a027488,602067212,188442130
6a1aad040000000038034dce,602067212,188442130
6a1aae420000000038035662,602067212,188442130
6a1bfdc6000000003601ddc3,602067212,188442130
6a1bfe0a0000000036030504,602067212,188442130
6a1d463700000000370378a8,602067212,188442130
6a1d4680000000003701de4c,602067212,188442130
6a1e97240000000021023a94,602067212,188442130
6a3fc773000000001700ad0b,685090165,204757898
6a4bb1b1000000001003fd71,685090165,204757898
6a4bb15b000000000f02b750,685090165,204757898
6a369c78000000000702e481,685090165,204757898
6a37dbc00000000007010aeb,685090165,204757898
6a4d1ee80000000015024645,685090165,204757898
6a4e59bc000000002100a0fc,685090165,204757898
6a547334000000001702fb76,685090165,204757898
6a361e690000000022018739,685090165,204757898
6a3fc707000000001503f655,685090165,204757898
6a461f48000000001603f1dd,685090165,204757898
6a4e5a040000000007021e5f,685090165,204757898
6a524d960000000015024ab6,685090165,204757898
6a54736f000000001603e895,685090165,204757898
6a3d34b0000000001c0250ac,685090165,204757898
6a411f31000000001503cdc6,685090165,204757898
6a578aea00000000170280e1,685090165,204757898
6a4912320000000016026bf1,685090165,204757898
6a4d1e97000000002003bcf3,685090165,204757898
6a4f9788000000001c0270e7,685090165,204757898
6a50ecc80000000015025d8c,685090165,204757898
6a524dd3000000001c027db5,685090165,204757898
6a3d3401000000001602798f,685090165,204757898
6a43d0ae00000000070218a6,685090165,204757898
6a4785e10000000016026623,685090165,204757898
6a4911fa000000001702a460,685090165,204757898
6a578aa20000000016024109,685090165,204757898
6a50ed4f0000000017028e4a,685090165,204757898
6a5319ac0000000016026102,685090165,204757898
6a411feb000000001c026d77,685090165,204757898
6a3e80560000000016026366,685090165,204757898
6a369cd90000000007022dbb,685090165,204757898
6a4f973500000000170091b8,685090165,204757898
6a55daa20000000017028083,685090165,204757898
6a55d9b8000000001702ce22,685090165,204757898
6a37dcbf0000000007010e07,685090165,204757898
6a43d022000000001c025434,685090165,204757898
6a4a61fd000000001503fd0b,685090165,204757898
6a5319fb0000000017008b81,685090165,204757898
6a450182000000001700a2da,685090165,204757898
6a4786c1000000001503f3b5,685090165,204757898
6a58f989000000000f01f14b,685090165,204757898
6a461d10000000001503ecd1,685090165,204757898
6a5a3375000000001b01d245,685090165,204757898
6a58f896000000001003c010,685090165,204757898
6a3e801f00000000170099f9,685090165,204757898
6a3bdafd000000002103d0c7,685090165,204757898
6a1fcda8000000000803c1e3,685090165,204757898
6a3152ab0000000021023bcd,685090165,204757898
6a229110000000002200a7e0,685090165,204757898
6a2fbb4a0000000007026748,685090165,204757898
6a2152b1000000003603164f,685090165,204757898
6a265ad6000000000701144a,685090165,204757898
6a2fbc130000000021019987,685090165,204757898
6a26588d0000000007028a41,685090165,204757898
6a228fbe00000000210195b0,685090165,204757898
6a2bb62d00000000070200a5,685090165,204757898
6a31522c0000000022014313,685090165,204757898
6a2bb4d90000000021020b61,685090165,204757898
6a33e09d000000000f01fc99,685090165,204757898
6a2659e70000000007028df4,685090165,204757898
6a1e984c000000000702261b,685090165,204757898
6a1fd3f70000000008033a96,685090165,204757898
6a3285250000000006036986,685090165,204757898
6a2bb452000000002101bc10,685090165,204757898
6a2bb58b00000000080259aa,685090165,204757898
6a3285840000000008000cac,685090165,204757898
6a33df8a000000001003fa91,685090165,204757898
6a361ddd000000001102e5cf,685090165,204757898
6a216b390000000038035976,685090165,204757898
6a5b7aed000000001002611c,685090165,204757898
6a5b7a86000000001302c087,685090165,204757898
6a5e1683000000000100f67a,685090165,204757898
6a60c77e000000000100c6df,685090165,204757898
6a5f7bb60000000004029dd8,685090165,204757898
6a5f7d40000000000101e9b6,685090165,204757898
6a621c29000000000301f183,685090165,204757898
6a60c7bf000000000100c89e,685090165,204757898
6a621be300000000010320f7,685090165,204757898
6a64b8d9000000001303da52,685090165,204757898
6a636b54000000000301e29d,685090165,204757898
6a636c20000000000103173d,685090165,204757898
6a659198000000000f02bd2b,685090165,204757898
6a64b9a600000000100296e2,685090165,204757898
6a6b1a430000000008012e68,685090165,204757898
6a69db08000000000101d78e,685090165,204757898
6a6dc9d80000000025005c46,685090165,204757898
6a6dcf2b000000000600489c,685090165,204757898
6a6f1ba70000000028031dd7,685090165,204757898
6a6dca620000000025005f87,685090165,204757898
6a7074de0000000025012872,685090165,204757898
6a6f1c1900000000330324bb,685090165,204757898
6a7074a30000000033034efe,685090165,204757898
6a7314c000000000280331a2,685090165,204757898
6a71c128000000003300d3bc,685090165,204757898
6a71c163000000003301345b,685090165,204757898
6a746544000000003400e9cd,685090165,204757898
6a7315040000000033036bb9,685090165,204757898
6a746513000000003302e88a,685090165,204757898
6a7856dc0000000029031289,685090165,204757898
6a361e690000000022018739,685089683,204776724
6a4f9788000000001c0270e7,685089683,204776724
6a4d1e97000000002003bcf3,685089683,204776724
6a4912320000000016026bf1,685089683,204776724
6a3fc773000000001700ad0b,685089683,204776724
6a411f31000000001503cdc6,685089683,204776724
6a3d34b0000000001c0250ac,685089683,204776724
6a461f48000000001603f1dd,685089683,204776724
6a3fc707000000001503f655,685089683,204776724
6a50ecc80000000015025d8c,685089683,204776724
6a547334000000001702fb76,685089683,204776724
6a524d960000000015024ab6,685089683,204776724
6a4e5a040000000007021e5f,685089683,204776724
6a4e59bc000000002100a0fc,685089683,204776724
6a4d1ee80000000015024645,685089683,204776724
6a37dbc00000000007010aeb,685089683,204776724
6a369c78000000000702e481,685089683,204776724
6a578aea00000000170280e1,685089683,204776724
6a524dd3000000001c027db5,685089683,204776724
6a54736f000000001603e895,685089683,204776724
6a3d3401000000001602798f,685089683,204776724
6a43d0ae00000000070218a6,685089683,204776724
6a4785e10000000016026623,685089683,204776724
6a4911fa000000001702a460,685089683,204776724
6a50ed4f0000000017028e4a,685089683,204776724
6a5319ac0000000016026102,685089683,204776724
6a578aa20000000016024109,685089683,204776724
6a411feb000000001c026d77,685089683,204776724
6a3e80560000000016026366,685089683,204776724
6a369cd90000000007022dbb,685089683,204776724
6a461d10000000001503ecd1,685089683,204776724
6a5319fb0000000017008b81,685089683,204776724
6a450182000000001700a2da,685089683,204776724
6a4f973500000000170091b8,685089683,204776724
6a4a61fd000000001503fd0b,685089683,204776724
6a4bb15b000000000f02b750,685089683,204776724
6a37dcbf0000000007010e07,685089683,204776724
6a43d022000000001c025434,685089683,204776724
6a58f989000000000f01f14b,685089683,204776724
6a5a3375000000001b01d245,685089683,204776724
6a58f896000000001003c010,685089683,204776724
6a55d9b8000000001702ce22,685089683,204776724
6a3bdafd000000002103d0c7,685089683,204776724
6a3e801f00000000170099f9,685089683,204776724
6a4786c1000000001503f3b5,685089683,204776724
6a4bb1b1000000001003fd71,685089683,204776724
6a55daa20000000017028083,685089683,204776724
6a265ad6000000000701144a,685089683,204776724
6a2fbc130000000021019987,685089683,204776724
6a2152b1000000003603164f,685089683,204776724
6a3152ab0000000021023bcd,685089683,204776724
6a31522c0000000022014313,685089683,204776724
6a2fbb4a0000000007026748,685089683,204776724
6a1fcda8000000000803c1e3,685089683,204776724
6a26588d0000000007028a41,685089683,204776724
6a229110000000002200a7e0,685089683,204776724
6a2bb4d90000000021020b61,685089683,204776724
6a228fbe00000000210195b0,685089683,204776724
6a2bb62d00000000070200a5,685089683,204776724
6a1e984c000000000702261b,685089683,204776724
6a33e09d000000000f01fc99,685089683,204776724
6a2659e70000000007028df4,685089683,204776724
6a1fd3f70000000008033a96,685089683,204776724
6a2bb452000000002101bc10,685089683,204776724
6a2bb58b00000000080259aa,685089683,204776724
6a3285250000000006036986,685089683,204776724
6a3285840000000008000cac,685089683,204776724
6a33df8a000000001003fa91,685089683,204776724
6a361ddd000000001102e5cf,685089683,204776724
6a216b390000000038035976,685089683,204776724
6a5b7aed000000001002611c,685089683,204776724
6a5b7a86000000001302c087,685089683,204776724
6a5e1683000000000100f67a,685089683,204776724
6a60c77e000000000100c6df,685089683,204776724
6a5f7bb60000000004029dd8,685089683,204776724
6a5f7d40000000000101e9b6,685089683,204776724
6a621c29000000000301f183,685089683,204776724
6a60c7bf000000000100c89e,685089683,204776724
6a621be300000000010320f7,685089683,204776724
6a64b8d9000000001303da52,685089683,204776724
6a636b54000000000301e29d,685089683,204776724
6a636c20000000000103173d,685089683,204776724
6a659198000000000f02bd2b,685089683,204776724
6a64b9a600000000100296e2,685089683,204776724
6a6b1a430000000008012e68,685089683,204776724
6a69db08000000000101d78e,685089683,204776724
6a6dc9d80000000025005c46,685089683,204776724
6a6dcf2b000000000600489c,685089683,204776724
6a6f1ba70000000028031dd7,685089683,204776724
6a6dca620000000025005f87,685089683,204776724
6a7074de0000000025012872,685089683,204776724
6a6f1c1900000000330324bb,685089683,204776724
6a7074a30000000033034efe,685089683,204776724
6a7314c000000000280331a2,685089683,204776724
6a71c128000000003300d3bc,685089683,204776724
6a71c163000000003301345b,685089683,204776724
6a746544000000003400e9cd,685089683,204776724
6a7315040000000033036bb9,685089683,204776724
6a746513000000003302e88a,685089683,204776724
6a7856dc0000000029031289,685089683,204776724
6a7c4fb4000000000502971c,757203822,217341581
6a793e14000000002903335c,757203822,217341581
6a7c4fed0000000025006abe,757203822,217341581
6a793de100000000270219db,757203822,217341581
6a75bada000000003302c4b4,757203822,217341581
6a78571e0000000025000a5e,757203822,217341581
6a7b2874000000002500a32c,757203822,217341581
6a75bb130000000028007ebb,757203822,217341581
6a7b28ab000000002800316a,757203822,217341581
6a7d9ec7000000002500d676,757203822,217341581
6a7edd2b0000000033012791,757203822,217341581
6a7edd7f000000003301e454,757203822,217341581
6a819641000000003301a6fc,757203822,217341581
6a82ec670000000008011673,757203822,217341581
6a843e18000000002500453b,757203822,217341581
6a843e5b000000002403c160,757203822,217341581
6a82eca5000000000503117b,757203822,217341581
6a85ba330000000025002213,757203822,217341581
6a86e37a000000002500c367,757203822,217341581
6a8827f90000000022023489,757203822,217341581
6a86e33e0000000033033c75,757203822,217341581
6a898693000000003302b07c,757203822,217341581
6a8828820000000018018be9,757203822,217341581
6a8b046d000000001602316c,757203822,217341581
6a8c270200000000220232f0,757203822,217341581
6a8b041800000000330232cc,757203822,217341581
6a8d7261000000001e0177c1,757203822,217341581
6a8d7298000000000b0262d6,757203822,217341581
6a8c2736000000002202d2e6,757203822,217341581
6a90187c00000000260049b8,757203822,217341581
6a8edcca000000002a03b79e,757203822,217341581
6a9189f30000000025010228,757203822,217341581
6a92b9b7000000002501066f,757203822,217341581
6a7c4fb4000000000502971c,757185000,217346417
6a793e14000000002903335c,757185000,217346417
6a7c4fed0000000025006abe,757185000,217346417
6a793de100000000270219db,757185000,217346417
6a75bada000000003302c4b4,757185000,217346417
6a78571e0000000025000a5e,757185000,217346417
6a7b2874000000002500a32c,757185000,217346417
6a75bb130000000028007ebb,757185000,217346417
6a7b28ab000000002800316a,757185000,217346417
6a7d9ec7000000002500d676,757185000,217346417
6a7edd2b0000000033012791,757185000,217346417
6a8045d80000000032020618,757185000,217346417
6a7edd7f000000003301e454,757185000,217346417
6a819641000000003301a6fc,757185000,217346417
6a82ec670000000008011673,757185000,217346417
6a843e18000000002500453b,757185000,217346417
6a843e5b000000002403c160,757185000,217346417
6a82eca5000000000503117b,757185000,217346417
6a85ba330000000025002213,757185000,217346417
6a86e37a000000002500c367,757185000,217346417
6a8827f90000000022023489,757185000,217346417
6a86e33e0000000033033c75,757185000,217346417
6a898693000000003302b07c,757185000,217346417
6a8828820000000018018be9,757185000,217346417
6a8b046d000000001602316c,757185000,217346417
6a8c270200000000220232f0,757185000,217346417
6a8b041800000000330232cc,757185000,217346417
6a8d7261000000001e0177c1,757185000,217346417
6a8d7298000000000b0262d6,757185000,217346417
6a8c2736000000002202d2e6,757185000,217346417
6a90187c00000000260049b8,757185000,217346417
6a8edcca000000002a03b79e,757185000,217346417
6a9189f30000000025010228,757185000,217346417
6a92b9b7000000002501066f,757185000,217346417
