note_id,report_month,fee,impression,click,message_consult,msg_leads_num,ctr_derived,cpc_derived,cpm_derived,msg_leads_cost_derived
63ad6640000000001f00edf4,M2026-04,0.0,8.0,0.0,0.0,0.0,0.0,,0.0,
641507a20000000014024e97,M2026-04,0.0,3.0,0.0,0.0,0.0,0.0,,0.0,
646dae200000000013032917,M2026-04,2.16,13.0,2.0,0.0,0.0,0.153846,1.08,166.153846,
649a3a030000000013034ef6,M2026-04,0.22,7.0,2.0,0.0,0.0,0.285714,0.11,31.428571,
64ba580c0000000012019fd1,M2026-04,0.01,7.0,1.0,0.0,0.0,0.142857,0.01,1.428571,
64da154d000000000301efcc,M2026-04,0.39,3.0,1.0,0.0,0.0,0.333333,0.39,130.0,
64db4e87000000001701a578,M2026-04,0.8700000000000001,36.0,3.0,0.0,0.0,0.083333,0.29,24.166667,
64edc437000000001e03fdad,M2026-04,0.0,4.0,0.0,0.0,0.0,0.0,,0.0,
65080ae0000000001e020f0f,M2026-04,0.0,22.0,0.0,0.0,0.0,0.0,,0.0,
650e8d36000000001e0210a9,M2026-04,0.0,1.0,0.0,0.0,0.0,0.0,,0.0,
6572c65f000000000901e49a,M2026-04,0.0,2.0,0.0,0.0,0.0,0.0,,0.0,
6585320c0000000006023fa7,M2026-04,0.0,11.0,0.0,0.0,0.0,0.0,,0.0,
658690ba000000003a00cb78,M2026-04,0.0,2.0,0.0,0.0,0.0,0.0,,0.0,
658693750000000038025102,M2026-04,0.48,24.0,3.0,1.0,1.0,0.125,0.16,20.0,0.48
65a38ba90000000011030b82,M2026-04,0.0,3.0,0.0,0.0,0.0,0.0,,0.0,
65a8dd4a000000002b007f20,M2026-04,0.0,3.0,0.0,0.0,0.0,0.0,,0.0,
65b8ab80000000002c0383b7,M2026-04,4.6,3.0,1.0,0.0,0.0,0.333333,4.6,1533.333333,
65bc4808000000002c02ab23,M2026-04,15.87,138.0,18.0,0.0,0.0,0.130435,0.881667,115.0,
65bc4b64000000002c02b6a4,M2026-04,0.27,10.0,1.0,0.0,0.0,0.1,0.27,27.0,
65bc63b1000000002c03deec,M2026-04,0.0,9.0,0.0,0.0,0.0,0.0,,0.0,
65bc68d7000000002c010735,M2026-04,0.0,19.0,0.0,0.0,0.0,0.0,,0.0,
65d5ad59000000000102854b,M2026-04,4.17,72.0,11.0,0.0,0.0,0.152778,0.379091,57.916667,
65d7063c00000000070240c2,M2026-04,0.0,20.0,0.0,0.0,0.0,0.0,,0.0,
65d86297000000000b022d6e,M2026-04,0.05,21.0,2.0,0.0,0.0,0.095238,0.025,2.380952,
65e1b5a8000000000102af89,M2026-04,1.04,67.0,9.0,1.0,1.0,0.134328,0.115556,15.522388,1.04
65e588e20000000001028416,M2026-04,17.33,244.0,41.0,0.0,1.0,0.168033,0.422683,71.02459,17.33
65ed67840000000012022c45,M2026-04,0.0,2.0,0.0,0.0,0.0,0.0,,0.0,
65f2aeb80000000012022078,M2026-04,0.0,10.0,0.0,0.0,0.0,0.0,,0.0,
65f41358000000000d00cdcb,M2026-04,0.0,2.0,0.0,0.0,0.0,0.0,,0.0,
6614ef3c000000001a0160a4,M2026-04,0.0,5.0,0.0,0.0,0.0,0.0,,0.0,
66163edc000000001a016bc9,M2026-04,0.76,24.0,3.0,0.0,0.0,0.125,0.253333,31.666667,
661799dc000000001a017ad7,M2026-04,0.0,8.0,0.0,0.0,0.0,0.0,,0.0,
66446bc1000000001e0388b0,M2026-04,0.01,21.0,1.0,0.0,0.0,0.047619,0.01,0.47619,
6645bbb8000000001e037400,M2026-04,0.0,2.0,0.0,0.0,0.0,0.0,,0.0,
66470da5000000001401840d,M2026-04,29.79,572.0,79.0,1.0,1.0,0.138112,0.377089,52.08042,29.79
66504a020000000005004c87,M2026-04,16.05,326.0,55.0,0.0,0.0,0.168712,0.291818,49.233129,
6669558b000000000d00fcef,M2026-04,0.0,3.0,0.0,0.0,0.0,0.0,,0.0,
666bf7ab000000000d00d89e,M2026-04,0.24,29.0,1.0,0.0,0.0,0.034483,0.24,8.275862,
66b1de10000000001e01c1ec,M2026-04,2.86,115.0,12.0,0.0,0.0,0.104348,0.238333,24.869565,
66c45b75000000001d0147d8,M2026-04,9.790000000000001,384.0,57.0,0.0,0.0,0.148438,0.171754,25.494792,
66d6b5e7000000001d014294,M2026-04,0.0,7.0,0.0,0.0,0.0,0.0,,0.0,
66fcf98f000000001a0211be,M2026-04,0.0,1.0,0.0,0.0,0.0,0.0,,0.0,
6704f6cf000000001902c0b1,M2026-04,0.0,2.0,0.0,0.0,0.0,0.0,,0.0,
671b4fb80000000021000b4e,M2026-04,2.93,165.0,33.0,0.0,0.0,0.2,0.088788,17.757576,
67330eb40000000019017f65,M2026-04,0.34,9.0,1.0,0.0,0.0,0.111111,0.34,37.777778,
67331226000000001b0107e2,M2026-04,0.0,2.0,0.0,0.0,0.0,0.0,,0.0,
674aeb280000000008004264,M2026-04,0.0,2.0,0.0,0.0,0.0,0.0,,0.0,
676280e1000000000b017da5,M2026-04,0.0,1.0,0.0,0.0,0.0,0.0,,0.0,
676d29d10000000013001dcb,M2026-04,0.0,2.0,0.0,0.0,0.0,0.0,,0.0,
67ad9eaf000000002802b30b,M2026-04,0.02,37.0,2.0,0.0,0.0,0.054054,0.01,0.540541,
67b2e2a4000000001902eba3,M2026-04,0.0,2.0,0.0,0.0,0.0,0.0,,0.0,
67ce62cf00000000290364e9,M2026-04,0.24,1.0,1.0,0.0,0.0,1.0,0.24,240.0,
67ce6411000000002902de45,M2026-04,1.06,55.0,7.0,0.0,0.0,0.127273,0.151429,19.272727,
67d5268d000000001b03e868,M2026-04,0.0,8.0,0.0,0.0,0.0,0.0,,0.0,
6822feb7000000000303b131,M2026-04,6.57,19.0,4.0,0.0,0.0,0.210526,1.6425,345.789474,
6822ffcf000000000303b801,M2026-04,3.4,73.0,6.0,0.0,0.0,0.082192,0.566667,46.575342,
68299ca50000000023000e3f,M2026-04,11.279999999999998,203.0,21.0,0.0,0.0,0.103448,0.537143,55.566502,
68395a24000000002100c53d,M2026-04,14.98,420.0,61.0,1.0,0.0,0.145238,0.245574,35.666667,
6843e2390000000012003552,M2026-04,0.7000000000000001,82.0,7.0,0.0,0.0,0.085366,0.1,8.536585,
6843e39f0000000012004d39,M2026-04,0.68,38.0,4.0,0.0,0.0,0.105263,0.17,17.894737,
685670bb000000000b01fc31,M2026-04,2.03,55.0,2.0,0.0,0.0,0.036364,1.015,36.909091,
68567116000000000d025a77,M2026-04,2.06,112.0,8.0,0.0,0.0,0.071429,0.2575,18.392857,
685e5c470000000017031886,M2026-04,0.0,2.0,0.0,0.0,0.0,0.0,,0.0,
685e5de000000000150216f9,M2026-04,4.07,142.0,8.0,0.0,0.0,0.056338,0.50875,28.661972,
68679a7f0000000023006fb7,M2026-04,6.6000000000000005,142.0,17.0,0.0,0.0,0.119718,0.388235,46.478873,
6927e58e000000001f00ee4b,M2026-04,0.11,4.0,1.0,0.0,0.0,0.25,0.11,27.5,
69367987000000001b027d8f,M2026-04,13.259999999999998,456.0,65.0,0.0,0.0,0.142544,0.204,29.078947,
694de00a000000002202cfe6,M2026-04,0.16,4.0,1.0,0.0,0.0,0.25,0.16,40.0,
6951db13000000002203b51f,M2026-04,0.24,10.0,1.0,0.0,0.0,0.1,0.24,24.0,
695877db000000001e02a155,M2026-04,0.06,10.0,1.0,0.0,0.0,0.1,0.06,6.0,
695cbadc000000001a026939,M2026-04,0.0,1.0,0.0,0.0,0.0,0.0,,0.0,
69605e99000000000b00a172,M2026-04,0.0,2.0,0.0,0.0,0.0,0.0,,0.0,
696b33f1000000002200b243,M2026-04,0.0,4.0,0.0,0.0,0.0,0.0,,0.0,
69747a91000000002202e8cb,M2026-04,110.73000000000002,2442.0,251.0,4.0,1.0,0.102785,0.441155,45.34398,110.73
69772f10000000002203adb7,M2026-04,0.3,20.0,3.0,0.0,0.0,0.15,0.1,15.0,
697f3a7b0000000022038c46,M2026-04,20.23,961.0,172.0,0.0,0.0,0.17898,0.117616,21.050989,
69806002000000002203a5e3,M2026-04,211.56,3199.0,318.0,14.0,4.0,0.099406,0.665283,66.133167,52.89
6981b7f200000000220207c4,M2026-04,4.899999999999999,117.0,18.0,0.0,0.0,0.153846,0.272222,41.880342,
69919e19000000001b01e5ec,M2026-04,0.06999999999999999,48.0,2.0,0.0,0.0,0.041667,0.035,1.458333,
699453d000000000150230b3,M2026-04,21.49,486.0,97.0,0.0,0.0,0.199588,0.221546,44.218107,
69a184d200000000150204c6,M2026-04,15.07,140.0,16.0,0.0,0.0,0.114286,0.941875,107.642857,
63aabe9e000000001f012388,M2026-04,0.0,22.0,0.0,0.0,0.0,0.0,,0.0,
63ac07b0000000001b015209,M2026-04,0.0,2.0,0.0,0.0,0.0,0.0,,0.0,
63ae5477000000001f0243c2,M2026-04,1.82,20.0,2.0,0.0,0.0,0.1,0.91,91.0,
63b02492000000001f0129cc,M2026-04,0.0,13.0,0.0,0.0,0.0,0.0,,0.0,
63b1500c000000001c006e54,M2026-04,12.51,2.0,1.0,0.0,0.0,0.5,12.51,6255.0,
63bac1840000000018013e62,M2026-04,3.88,103.0,13.0,0.0,0.0,0.126214,0.298462,37.669903,
63be7b190000000022039474,M2026-04,0.06,10.0,2.0,0.0,0.0,0.2,0.03,6.0,
63c8d157000000001f02357d,M2026-04,0.02,11.0,2.0,0.0,0.0,0.181818,0.01,1.818182,
63d1e16b000000001c00586f,M2026-04,0.23,32.0,2.0,0.0,0.0,0.0625,0.115,7.1875,
63d20600000000001b0278c7,M2026-04,0.02,2.0,1.0,0.0,0.0,0.5,0.02,10.0,
63d2865200000000220297cf,M2026-04,0.0,1.0,0.0,0.0,0.0,0.0,,0.0,
63d496d90000000002003dee,M2026-04,0.0,1.0,0.0,0.0,0.0,0.0,,0.0,
63d788ef0000000008025239,M2026-04,0.33,2.0,1.0,1.0,1.0,0.5,0.33,165.0,0.33
63db7d5b00000000180129e5,M2026-04,0.0,9.0,0.0,0.0,0.0,0.0,,0.0,
63e0cd980000000004007785,M2026-04,0.0,4.0,0.0,0.0,0.0,0.0,,0.0,
63e1c119000000001d020e83,M2026-04,0.0,10.0,0.0,0.0,0.0,0.0,,0.0,
63e21bc7000000001b005bf1,M2026-04,0.25,19.0,5.0,0.0,0.0,0.263158,0.05,13.157895,
63e706f7000000001203c808,M2026-04,0.0,1.0,0.0,0.0,0.0,0.0,,0.0,
649149bf0000000014027599,M2026-04,0.36,25.0,2.0,0.0,0.0,0.08,0.18,14.4,
6496b3180000000013010c1f,M2026-04,0.0,1.0,0.0,0.0,0.0,0.0,,0.0,
6496cbf50000000013003691,M2026-04,0.0,1.0,0.0,0.0,0.0,0.0,,0.0,
649953950000000013034155,M2026-04,4.6,178.0,22.0,1.0,0.0,0.123596,0.209091,25.842697,
64a403e4000000002301c87d,M2026-04,0.01,5.0,1.0,0.0,0.0,0.2,0.01,2.0,
64abc35b000000001c00c94a,M2026-04,0.0,8.0,0.0,0.0,0.0,0.0,,0.0,
64ad3f390000000034016f7d,M2026-04,0.0,2.0,0.0,0.0,0.0,0.0,,0.0,
64b6549d000000002b03bf99,M2026-04,0.0,1.0,0.0,0.0,0.0,0.0,,0.0,
64b751b5000000002f026c7b,M2026-04,0.35000000000000003,38.0,6.0,0.0,0.0,0.157895,0.058333,9.210526,
64ba491e000000000103ebcf,M2026-04,0.0,6.0,0.0,0.0,0.0,0.0,,0.0,
64ba4c88000000001701b408,M2026-04,0.0,1.0,0.0,0.0,0.0,0.0,,0.0,
64bde94e000000000103d0c5,M2026-04,0.0,4.0,0.0,0.0,0.0,0.0,,0.0,
64bf2af70000000017019af4,M2026-04,0.55,5.0,1.0,0.0,0.0,0.2,0.55,110.0,
64d1b010000000000c0362b6,M2026-04,0.0,3.0,0.0,0.0,0.0,0.0,,0.0,
64d25f39000000001701bff5,M2026-04,0.81,5.0,1.0,0.0,0.0,0.2,0.81,162.0,
64d74b3b0000000012019ddd,M2026-04,0.0,1.0,0.0,0.0,0.0,0.0,,0.0,
64d77fc8000000001700e3e7,M2026-04,0.0,2.0,0.0,0.0,0.0,0.0,,0.0,
64da0412000000000301e765,M2026-04,0.03,23.0,3.0,0.0,0.0,0.130435,0.01,1.304348,
64db5a0a00000000100323e3,M2026-04,0.0,1.0,0.0,0.0,0.0,0.0,,0.0,
64df68ce00000000030235b3,M2026-04,0.02,11.0,1.0,0.0,0.0,0.090909,0.02,1.818182,
64e0304000000000030230e1,M2026-04,0.0,1.0,0.0,0.0,0.0,0.0,,0.0,
64e08628000000000301f6dd,M2026-04,0.59,4.0,1.0,0.0,0.0,0.25,0.59,147.5,
64e09c0a00000000030214ee,M2026-04,0.0,4.0,0.0,0.0,0.0,0.0,,0.0,
64e09ec4000000000103e944,M2026-04,0.0,3.0,0.0,0.0,0.0,0.0,,0.0,
64e33439000000000c0370d9,M2026-04,1.04,36.0,5.0,0.0,0.0,0.138889,0.208,28.888889,
64e57d41000000000c0369a4,M2026-04,0.01,12.0,1.0,0.0,0.0,0.083333,0.01,0.833333,
64e5ca97000000000b02be15,M2026-04,0.0,3.0,0.0,0.0,0.0,0.0,,0.0,
64e8b766000000000a019de1,M2026-04,0.0,5.0,0.0,0.0,0.0,0.0,,0.0,
64eb0be4000000001003083d,M2026-04,0.0,5.0,0.0,0.0,0.0,0.0,,0.0,
64ed5f72000000001e02ce33,M2026-04,0.0,7.0,0.0,0.0,0.0,0.0,,0.0,
64edb464000000001f0072b3,M2026-04,0.09,5.0,1.0,0.0,0.0,0.2,0.09,18.0,
64f0abfe000000001e0318d0,M2026-04,0.02,10.0,1.0,0.0,0.0,0.1,0.02,2.0,
64f30ba3000000001e032074,M2026-04,3.36,15.0,2.0,0.0,0.0,0.133333,1.68,224.0,
64f59f01000000001d017ff6,M2026-04,0.0,3.0,0.0,0.0,0.0,0.0,,0.0,
64f69f4b000000001e02f1cd,M2026-04,0.0,4.0,0.0,0.0,0.0,0.0,,0.0,
64f9a90e000000001d0147d0,M2026-04,0.0,5.0,0.0,0.0,0.0,0.0,,0.0,
64fc56f3000000001f0358b2,M2026-04,0.0,6.0,0.0,0.0,0.0,0.0,,0.0,
64fd33ff000000001e02958f,M2026-04,0.01,13.0,1.0,0.0,0.0,0.076923,0.01,0.769231,
64fefc69000000001e0233e0,M2026-04,0.01,5.0,1.0,0.0,0.0,0.2,0.01,2.0,
64ffe0a9000000002000203c,M2026-04,0.01,36.0,1.0,0.0,0.0,0.027778,0.01,0.277778,
6502b1ee000000001f03f418,M2026-04,0.0,2.0,0.0,0.0,0.0,0.0,,0.0,
65043265000000001e02f175,M2026-04,0.02,8.0,2.0,0.0,0.0,0.25,0.01,2.5,
65081b6b000000001e0205f3,M2026-04,0.02,15.0,1.0,0.0,0.0,0.066667,0.02,1.333333,
65098e58000000001e03ee2a,M2026-04,0.0,8.0,0.0,0.0,0.0,0.0,,0.0,
650c0621000000001e03efb2,M2026-04,0.01,3.0,1.0,0.0,0.0,0.333333,0.01,3.333333,
650d4473000000001f036902,M2026-04,0.01,13.0,1.0,0.0,0.0,0.076923,0.01,0.769231,
650d68b1000000001f005742,M2026-04,0.0,1.0,0.0,0.0,0.0,0.0,,0.0,
650d82f6000000001e02d1c7,M2026-04,0.0,3.0,0.0,0.0,0.0,0.0,,0.0,
650ed207000000001f004d91,M2026-04,1.3900000000000001,21.0,2.0,0.0,0.0,0.095238,0.695,66.190476,
650edcb2000000001d014334,M2026-04,0.0,4.0,0.0,0.0,0.0,0.0,,0.0,
6513d8780000000020001214,M2026-04,0.0,2.0,0.0,0.0,0.0,0.0,,0.0,
65260089000000001e00c9f4,M2026-04,0.0,2.0,0.0,0.0,0.0,0.0,,0.0,
65260ace000000001e023539,M2026-04,0.0,2.0,0.0,0.0,0.0,0.0,,0.0,
652d3203000000001e0291eb,M2026-04,0.03,10.0,3.0,0.0,0.0,0.3,0.01,3.0,
652d3266000000001f0360df,M2026-04,0.0,3.0,0.0,0.0,0.0,0.0,,0.0,
652f3f7a000000001f00749b,M2026-04,0.0,4.0,0.0,0.0,0.0,0.0,,0.0,
65326a2f000000001d016284,M2026-04,0.0,6.0,0.0,0.0,0.0,0.0,,0.0,
65339717000000001f03566a,M2026-04,0.03,16.0,1.0,0.0,0.0,0.0625,0.03,1.875,
6533cc95000000001e02db3d,M2026-04,0.0,2.0,0.0,0.0,0.0,0.0,,0.0,
6533d06e000000001f03d3c4,M2026-04,0.0,1.0,0.0,0.0,0.0,0.0,,0.0,
65376aa7000000001e03f455,M2026-04,0.01,11.0,1.0,0.0,0.0,0.090909,0.01,0.909091,
653b27d9000000001d014f59,M2026-04,0.0,17.0,0.0,0.0,0.0,0.0,,0.0,
6540ca51000000001e0327c4,M2026-04,0.0,3.0,0.0,0.0,0.0,0.0,,0.0,
65421900000000001f0360c9,M2026-04,2.2399999999999998,75.0,4.0,0.0,0.0,0.053333,0.56,29.866667,
654340ba000000001e0299de,M2026-04,0.060000000000000005,76.0,4.0,0.0,0.0,0.052632,0.015,0.789474,
6544e4b5000000001f03b71c,M2026-04,0.67,45.0,7.0,0.0,0.0,0.155556,0.095714,14.888889,
654cf335000000000f02b89a,M2026-04,0.02,4.0,2.0,0.0,0.0,0.5,0.01,5.0,
654d9784000000003203940b,M2026-04,0.0,2.0,0.0,0.0,0.0,0.0,,0.0,
65574eec000000003300a922,M2026-04,0.10999999999999999,24.0,3.0,0.0,0.0,0.125,0.036667,4.583333,
65582685000000003202ea19,M2026-04,10.84,71.0,17.0,0.0,0.0,0.239437,0.637647,152.676056,
655828cd0000000032039552,M2026-04,0.0,4.0,0.0,0.0,0.0,0.0,,0.0,
65582951000000003300bd56,M2026-04,0.0,2.0,0.0,0.0,0.0,0.0,,0.0,
6559fc2200000000330060b6,M2026-04,0.68,27.0,2.0,0.0,0.0,0.074074,0.34,25.185185,
6559ff5b000000003202dade,M2026-04,1.33,17.0,3.0,0.0,0.0,0.176471,0.443333,78.235294,
655c05e3000000003203ab8c,M2026-04,0.0,8.0,0.0,0.0,0.0,0.0,,0.0,
655c06f5000000003203b17a,M2026-04,3.69,11.0,3.0,0.0,0.0,0.272727,1.23,335.454545,
655f20540000000032037fef,M2026-04,0.0,4.0,0.0,0.0,0.0,0.0,,0.0,
6565ad2e0000000033001031,M2026-04,0.0,2.0,0.0,0.0,0.0,0.0,,0.0,
6569b4a6000000000901d800,M2026-04,0.0,18.0,0.0,0.0,0.0,0.0,,0.0,
656c3832000000000602066f,M2026-04,2.44,24.0,2.0,0.0,0.0,0.083333,1.22,101.666667,
6572c56e0000000005039dfe,M2026-04,0.5,10.0,2.0,0.0,0.0,0.2,0.25,50.0,
657424be000000000503b310,M2026-04,0.0,4.0,0.0,0.0,0.0,0.0,,0.0,
65742c9300000000050398ca,M2026-04,0.0,1.0,0.0,0.0,0.0,0.0,,0.0,
65742d5e0000000006021a86,M2026-04,0.0,5.0,0.0,0.0,0.0,0.0,,0.0,
65742f5e000000000503a6e2,M2026-04,4.359999999999999,13.0,4.0,0.0,0.0,0.307692,1.09,335.384615,
6576b3bb000000000801f681,M2026-04,0.07,26.0,4.0,0.0,0.0,0.153846,0.0175,2.692308,
657831de000000000703b9d8,M2026-04,0.01,8.0,1.0,0.0,0.0,0.125,0.01,1.25,
65790ac5000000000901923f,M2026-04,0.0,2.0,0.0,0.0,0.0,0.0,,0.0,
65790ce1000000000902303a,M2026-04,0.0,7.0,0.0,0.0,0.0,0.0,,0.0,
657ea4f40000000006028738,M2026-04,0.0,2.0,0.0,0.0,0.0,0.0,,0.0,
658149bd0000000009025675,M2026-04,0.01,10.0,1.0,0.0,0.0,0.1,0.01,1.0,
6583feb4000000000801c189,M2026-04,0.0,1.0,0.0,0.0,0.0,0.0,,0.0,
658530cb000000000602b605,M2026-04,0.0,3.0,0.0,0.0,0.0,0.0,,0.0,
658691900000000038015b90,M2026-04,0.0,13.0,0.0,0.0,0.0,0.0,,0.0,
658692df000000003802c87a,M2026-04,0.02,12.0,2.0,0.0,0.0,0.166667,0.01,1.666667,
658935df0000000018028297,M2026-04,0.0,1.0,0.0,0.0,0.0,0.0,,0.0,
658a85c7000000001e0067d7,M2026-04,1.97,3.0,1.0,0.0,0.0,0.333333,1.97,656.666667,
658bd2b90000000011014222,M2026-04,0.01,4.0,1.0,0.0,0.0,0.25,0.01,2.5,
658bd336000000001d01681c,M2026-04,0.0,2.0,0.0,0.0,0.0,0.0,,0.0,
658fd433000000001101fd24,M2026-04,0.0,7.0,0.0,0.0,0.0,0.0,,0.0,
65950e200000000011033ae7,M2026-04,0.08,25.0,2.0,0.0,0.0,0.08,0.04,3.2,
65950ec3000000001102cc42,M2026-04,0.0,11.0,0.0,0.0,0.0,0.0,,0.0,
6596551b000000001a002c64,M2026-04,0.0,8.0,0.0,0.0,0.0,0.0,,0.0,
6597b914000000001e004811,M2026-04,0.0,3.0,0.0,0.0,0.0,0.0,,0.0,
6597b9f50000000018028ea3,M2026-04,0.0,1.0,0.0,0.0,0.0,0.0,,0.0,
6599081c000000001d026139,M2026-04,0.0,13.0,0.0,0.0,0.0,0.0,,0.0,
65990c11000000001c0137af,M2026-04,0.32,28.0,1.0,0.0,0.0,0.035714,0.32,11.428571,
65990c68000000001d031e7e,M2026-04,0.15000000000000002,11.0,2.0,0.0,0.0,0.181818,0.075,13.636364,
659baa1700000000110337f8,M2026-04,0.0,1.0,0.0,0.0,0.0,0.0,,0.0,
659baab8000000001e008c2c,M2026-04,0.16,8.0,2.0,0.0,0.0,0.25,0.08,20.0,
659bab08000000001a02a02b,M2026-04,0.14,15.0,3.0,0.0,0.0,0.2,0.046667,9.333333,
659e3f3b000000001d024c1f,M2026-04,0.0,4.0,0.0,0.0,0.0,0.0,,0.0,
65a240f4000000001c0103e8,M2026-04,0.18,49.0,4.0,0.0,0.0,0.081633,0.045,3.673469,
65a4de98000000001e0081cb,M2026-04,0.05,7.0,4.0,0.0,0.0,0.571429,0.0125,7.142857,
65a62c61000000002b016521,M2026-04,0.01,8.0,1.0,0.0,0.0,0.125,0.01,1.25,
65ae1f07000000002c0138af,M2026-04,0.27,5.0,1.0,0.0,0.0,0.2,0.27,54.0,
65ae2071000000002b03dd4f,M2026-04,0.01,17.0,1.0,0.0,0.0,0.058824,0.01,0.588235,
65ae21ae000000002c03fd67,M2026-04,0.23,41.0,4.0,0.0,0.0,0.097561,0.0575,5.609756,
65af7e4e000000002c0397d4,M2026-04,0.26,39.0,4.0,0.0,0.0,0.102564,0.065,6.666667,
65af7fb6000000002c028a8b,M2026-04,0.05,39.0,2.0,0.0,0.0,0.051282,0.025,1.282051,
65b1c759000000002b03f79a,M2026-04,0.0,20.0,0.0,0.0,0.0,0.0,,0.0,
65b1c8d7000000002c0299fb,M2026-04,0.0,2.0,0.0,0.0,0.0,0.0,,0.0,
65b8a7b6000000002c028fec,M2026-04,0.14,4.0,1.0,0.0,0.0,0.25,0.14,35.0,
65b8a808000000000802253f,M2026-04,0.0,2.0,0.0,0.0,0.0,0.0,,0.0,
65b8ab3b0000000007029266,M2026-04,0.18,28.0,6.0,0.0,0.0,0.214286,0.03,6.428571,
65b8abf1000000002c016b7a,M2026-04,6.66,42.0,4.0,0.0,0.0,0.095238,1.665,158.571429,
65b8ac46000000002c013741,M2026-04,1.32,38.0,3.0,0.0,0.0,0.078947,0.44,34.736842,
65b8acf3000000002c036e17,M2026-04,0.0,1.0,0.0,0.0,0.0,0.0,,0.0,
65b8adab000000002c02acdc,M2026-04,1.1600000000000001,19.0,2.0,0.0,0.0,0.105263,0.58,61.052632,
65bc472a000000002d0026f4,M2026-04,2.62,72.0,13.0,0.0,0.0,0.180556,0.201538,36.388889,
65bc4e88000000002c028213,M2026-04,0.0,10.0,0.0,0.0,0.0,0.0,,0.0,
65bc5280000000002c0124dc,M2026-04,0.18000000000000002,42.0,5.0,0.0,0.0,0.119048,0.036,4.285714,
65bc555c000000002b03c9e3,M2026-04,1.75,11.0,2.0,0.0,0.0,0.181818,0.875,159.090909,
65bc5948000000002c02af3a,M2026-04,2.7799999999999994,12.0,3.0,0.0,0.0,0.25,0.926667,231.666667,
65bc5f28000000000702bf1e,M2026-04,0.05,19.0,3.0,0.0,0.0,0.157895,0.016667,2.631579,
65bc600800000000080224ee,M2026-04,0.0,1.0,0.0,0.0,0.0,0.0,,0.0,
65bc65c0000000002c016d1b,M2026-04,0.0,10.0,0.0,0.0,0.0,0.0,,0.0,
65bc663b000000002c013c29,M2026-04,0.13,8.0,1.0,0.0,0.0,0.125,0.13,16.25,
65bc67c8000000002c02b0a1,M2026-04,0.0,1.0,0.0,0.0,0.0,0.0,,0.0,
65bdac47000000002c015250,M2026-04,0.01,5.0,1.0,0.0,0.0,0.2,0.01,2.0,
65bdadb1000000002b03c0dc,M2026-04,0.0,2.0,0.0,0.0,0.0,0.0,,0.0,
65d3245b00000000070243fd,M2026-04,0.0,3.0,0.0,0.0,0.0,0.0,,0.0,
65d325c800000000010292de,M2026-04,10.619999999999997,329.0,54.0,0.0,0.0,0.164134,0.196667,32.279635,
65d9a308000000000102be01,M2026-04,0.01,15.0,1.0,0.0,0.0,0.066667,0.01,0.666667,
65daf721000000000102b017,M2026-04,1.53,24.0,1.0,0.0,0.0,0.041667,1.53,63.75,
65dc4e990000000007005b79,M2026-04,0.01,9.0,1.0,0.0,0.0,0.111111,0.01,1.111111,
65dd9d15000000000102808f,M2026-04,0.03,29.0,3.0,0.0,0.0,0.103448,0.01,1.034483,
65e1836f000000000102968b,M2026-04,2.91,89.0,14.0,1.0,0.0,0.157303,0.207857,32.696629,
65e2e49a0000000001028986,M2026-04,0.08,19.0,1.0,0.0,0.0,0.052632,0.08,4.210526,
65e6d3e6000000000400169f,M2026-04,0.0,1.0,0.0,0.0,0.0,0.0,,0.0,
65e6f7ea000000000303422b,M2026-04,0.13999999999999999,33.0,4.0,0.0,0.0,0.121212,0.035,4.242424,
65e973a20000000003036a18,M2026-04,1.1500000000000001,82.0,11.0,0.0,0.0,0.134146,0.104545,14.02439,
65eac14b0000000003036931,M2026-04,0.0,4.0,0.0,0.0,0.0,0.0,,0.0,
65ec182b0000000003035073,M2026-04,1.04,60.0,13.0,0.0,0.0,0.216667,0.08,17.333333,
65eec22e000000000d00d991,M2026-04,0.0,3.0,0.0,0.0,0.0,0.0,,0.0,
65eec2a300000000120230d4,M2026-04,0.15,25.0,1.0,0.0,0.0,0.04,0.15,6.0,
65efaf2d000000001202067b,M2026-04,6.58,129.0,23.0,0.0,0.0,0.178295,0.286087,51.007752,
65f414d1000000000d00ef12,M2026-04,0.15,6.0,1.0,0.0,0.0,0.166667,0.15,25.0,
65f553790000000012020778,M2026-04,0.0,2.0,0.0,0.0,0.0,0.0,,0.0,
65f55570000000001203d5a7,M2026-04,0.0,6.0,0.0,0.0,0.0,0.0,,0.0,
65f6a31900000000120222cf,M2026-04,0.92,23.0,5.0,0.0,0.0,0.217391,0.184,40.0,
65f7e0d70000000012023c5a,M2026-04,0.0,2.0,0.0,0.0,0.0,0.0,,0.0,
65fa9548000000001203cce9,M2026-04,3.65,194.0,22.0,0.0,0.0,0.113402,0.165909,18.814433,
65fa97e5000000001203c05a,M2026-04,0.0,4.0,0.0,0.0,0.0,0.0,,0.0,
65fbeca8000000001203d8ec,M2026-04,0.0,6.0,0.0,0.0,0.0,0.0,,0.0,
65fe8ac6000000000d00e4bc,M2026-04,0.0,6.0,0.0,0.0,0.0,0.0,,0.0,
660279de000000001203fdaf,M2026-04,0.58,15.0,1.0,0.0,0.0,0.066667,0.58,38.666667,
66027a4c0000000012022e90,M2026-04,0.0,2.0,0.0,0.0,0.0,0.0,,0.0,
6603d27e000000001203e831,M2026-04,0.8599999999999999,142.0,18.0,0.0,0.0,0.126761,0.047778,6.056338,
6603d2d0000000001203eea9,M2026-04,0.0,1.0,0.0,0.0,0.0,0.0,,0.0,
660533ca000000001203def7,M2026-04,0.01,10.0,1.0,0.0,0.0,0.1,0.01,1.0,
66091722000000001a0100c2,M2026-04,0.45,4.0,1.0,0.0,0.0,0.25,0.45,112.5,
66091b49000000001a016fdb,M2026-04,0.01,9.0,1.0,0.0,0.0,0.111111,0.01,1.111111,
660bbd49000000001a0175d7,M2026-04,0.0,4.0,0.0,0.0,0.0,0.0,,0.0,
660d0bd4000000001a0152d2,M2026-04,5.12,160.0,28.0,0.0,0.0,0.175,0.182857,32.0,
660d2352000000001a00c854,M2026-04,0.14,41.0,3.0,0.0,0.0,0.073171,0.046667,3.414634,
66110c18000000001a01306e,M2026-04,0.08,8.0,1.0,0.0,0.0,0.125,0.08,10.0,
66110cc7000000001a013e7e,M2026-04,0.02,2.0,1.0,0.0,0.0,0.5,0.02,10.0,
661251a4000000001a014554,M2026-04,0.04,41.0,4.0,0.0,0.0,0.097561,0.01,0.97561,
66125211000000001a014deb,M2026-04,1.99,8.0,1.0,0.0,0.0,0.125,1.99,248.75,
6613a046000000001a01582d,M2026-04,0.99,88.0,7.0,0.0,0.0,0.079545,0.141429,11.25,
6617991e000000001a00c3b6,M2026-04,0.92,19.0,4.0,0.0,0.0,0.210526,0.23,48.421053,
6618e9ec000000001a00cc81,M2026-04,0.0,6.0,0.0,0.0,0.0,0.0,,0.0,
661cc91d000000001a01350d,M2026-04,0.86,4.0,1.0,0.0,0.0,0.25,0.86,215.0,
661e2ecc0000000004019c71,M2026-04,0.47000000000000003,54.0,4.0,0.0,0.0,0.074074,0.1175,8.703704,
661e312d0000000001031ee9,M2026-04,0.1,12.0,1.0,0.0,0.0,0.083333,0.1,8.333333,
661f7b560000000004018a27,M2026-04,0.0,2.0,0.0,0.0,0.0,0.0,,0.0,
6620bcdd000000000401aeee,M2026-04,0.0,4.0,0.0,0.0,0.0,0.0,,0.0,
66261964000000000103139b,M2026-04,0.0,2.0,0.0,0.0,0.0,0.0,,0.0,
6628b68f0000000001030d31,M2026-04,0.0,2.0,0.0,0.0,0.0,0.0,,0.0,
662a0c65000000000401bd27,M2026-04,0.0,20.0,0.0,0.0,0.0,0.0,,0.0,
662c98f000000000010073e4,M2026-04,0.36,70.0,12.0,0.0,0.0,0.171429,0.03,5.142857,
662f53a1000000001e033ecd,M2026-04,0.39,16.0,2.0,0.0,0.0,0.125,0.195,24.375,
66306c29000000001e03990d,M2026-04,0.01,10.0,1.0,0.0,0.0,0.1,0.01,1.0,
66306d00000000001e03661f,M2026-04,0.02,12.0,2.0,0.0,0.0,0.166667,0.01,1.666667,
6631f6a8000000001e037d38,M2026-04,0.0,5.0,0.0,0.0,0.0,0.0,,0.0,
6631f6e6000000001e032578,M2026-04,0.0,3.0,0.0,0.0,0.0,0.0,,0.0,
6631f74b000000001e032c9f,M2026-04,0.0,6.0,0.0,0.0,0.0,0.0,,0.0,
66348127000000001e0362bc,M2026-04,0.0,2.0,0.0,0.0,0.0,0.0,,0.0,
6635e9e2000000001e03772a,M2026-04,1.1400000000000001,35.0,4.0,0.0,0.0,0.114286,0.285,32.571429,
6635f17d000000001e035307,M2026-04,0.01,5.0,1.0,0.0,0.0,0.2,0.01,2.0,
66373bac000000001e03170f,M2026-04,0.0,2.0,0.0,0.0,0.0,0.0,,0.0,
66388d15000000001e032799,M2026-04,0.16999999999999998,38.0,2.0,0.0,0.0,0.052632,0.085,4.473684,
6639e6a3000000001e030a1d,M2026-04,0.0,1.0,0.0,0.0,0.0,0.0,,0.0,
663dd3ed000000001e034a11,M2026-04,0.01,15.0,1.0,0.0,0.0,0.066667,0.01,0.666667,
66431825000000001e03a1cf,M2026-04,0.31,20.0,2.0,0.0,0.0,0.1,0.155,15.5,
664728240000000014018bd2,M2026-04,0.02,5.0,1.0,0.0,0.0,0.2,0.02,4.0,
6647289700000000050064a4,M2026-04,0.01,10.0,1.0,0.0,0.0,0.1,0.01,1.0,
664c62ba0000000016011526,M2026-04,0.01,21.0,1.0,0.0,0.0,0.047619,0.01,0.47619,
664c6420000000001401b0c2,M2026-04,0.02,19.0,2.0,0.0,0.0,0.105263,0.01,1.052632,
664da673000000001601171d,M2026-04,0.0,7.0,0.0,0.0,0.0,0.0,,0.0,
665048bd0000000005006fa8,M2026-04,0.0,7.0,0.0,0.0,0.0,0.0,,0.0,
665064a80000000014019457,M2026-04,0.0,3.0,0.0,0.0,0.0,0.0,,0.0,
6652f05400000000050070cc,M2026-04,0.0,3.0,0.0,0.0,0.0,0.0,,0.0,
66543e01000000001401a8a9,M2026-04,0.8500000000000001,34.0,3.0,0.0,0.0,0.088235,0.283333,25.0,
66558d870000000016010f8e,M2026-04,0.0,2.0,0.0,0.0,0.0,0.0,,0.0,
66583266000000001401855a,M2026-04,1.2200000000000002,67.0,12.0,0.0,0.0,0.179104,0.101667,18.208955,
665835db00000000050072d2,M2026-04,0.07999999999999999,17.0,3.0,0.0,0.0,0.176471,0.026667,4.705882,
665981f60000000016011633,M2026-04,0.02,6.0,2.0,0.0,0.0,0.333333,0.01,3.333333,
665ad331000000001401a71a,M2026-04,0.01,6.0,1.0,0.0,0.0,0.166667,0.01,1.666667,
665c1de600000000160104a2,M2026-04,0.0,5.0,0.0,0.0,0.0,0.0,,0.0,
665c28db00000000160123b0,M2026-04,0.52,3.0,1.0,0.0,0.0,0.333333,0.52,173.333333,
665ec9d70000000006007027,M2026-04,0.0,1.0,0.0,0.0,0.0,0.0,,0.0,
6664116c000000000e03018b,M2026-04,0.04,35.0,3.0,0.0,0.0,0.085714,0.013333,1.142857,
666567450000000006007835,M2026-04,1.88,51.0,8.0,0.0,0.0,0.156863,0.235,36.862745,
66680350000000000d00d089,M2026-04,0.75,44.0,5.0,0.0,0.0,0.113636,0.15,17.045455,
666d62ba000000000d00dd03,M2026-04,0.0,1.0,0.0,0.0,0.0,0.0,,0.0,
666d63c4000000000e032059,M2026-04,1.95,12.0,2.0,0.0,0.0,0.166667,0.975,162.5,
66713d9e000000000e033098,M2026-04,0.0,1.0,0.0,0.0,0.0,0.0,,0.0,
667680da000000001e011696,M2026-04,0.0,6.0,0.0,0.0,0.0,0.0,,0.0,
667933df000000001c024221,M2026-04,0.5,42.0,6.0,0.0,0.0,0.142857,0.083333,11.904762,
667d16bb000000001c026247,M2026-04,0.0,1.0,0.0,0.0,0.0,0.0,,0.0,
667d178e000000001c027501,M2026-04,1.56,20.0,1.0,0.0,0.0,0.05,1.56,78.0,
667e69b0000000001c02458d,M2026-04,0.37,41.0,5.0,0.0,0.0,0.121951,0.074,9.02439,
667e6b75000000001c026fa0,M2026-04,0.02,13.0,1.0,0.0,0.0,0.076923,0.02,1.538462,
667e8872000000001c02578c,M2026-04,0.01,23.0,1.0,0.0,0.0,0.043478,0.01,0.434783,
66826d99000000001c025ea0,M2026-04,0.0,6.0,0.0,0.0,0.0,0.0,,0.0,
6683b3a9000000001e012c98,M2026-04,0.02,8.0,2.0,0.0,0.0,0.25,0.01,2.5,
668a45d7000000001e010b41,M2026-04,0.0,4.0,0.0,0.0,0.0,0.0,,0.0,
668e3eaa0000000025000697,M2026-04,0.0,4.0,0.0,0.0,0.0,0.0,,0.0,
668f79690000000025004207,M2026-04,0.02,1.0,1.0,0.0,0.0,1.0,0.02,20.0,
669383970000000025016ccf,M2026-04,0.0,1.0,0.0,0.0,0.0,0.0,,0.0,
6693844d0000000025005814,M2026-04,0.0,1.0,0.0,0.0,0.0,0.0,,0.0,
6694d9740000000025017b55,M2026-04,0.0,3.0,0.0,0.0,0.0,0.0,,0.0,
669628940000000025014407,M2026-04,0.5,41.0,3.0,0.0,0.0,0.073171,0.166667,12.195122,
66962b3900000000250072ac,M2026-04,1.4100000000000001,67.0,9.0,0.0,0.0,0.134328,0.156667,21.044776,
66962e2800000000250155c9,M2026-04,0.12,15.0,2.0,0.0,0.0,0.133333,0.06,8.0,
6698cbde0000000025004364,M2026-04,0.2,21.0,1.0,0.0,0.0,0.047619,0.2,9.52381,
669a364a00000000250044ff,M2026-04,0.0,11.0,0.0,0.0,0.0,0.0,,0.0,
669a36e300000000250168f4,M2026-04,0.01,4.0,1.0,0.0,0.0,0.25,0.01,2.5,
669a376100000000250005e0,M2026-04,0.0,5.0,0.0,0.0,0.0,0.0,,0.0,
669e2606000000002701d9a2,M2026-04,0.0,4.0,0.0,0.0,0.0,0.0,,0.0,
66a5f915000000000600e815,M2026-04,0.0,1.0,0.0,0.0,0.0,0.0,,0.0,
66a5fab0000000002701de52,M2026-04,0.06,18.0,1.0,0.0,0.0,0.055556,0.06,3.333333,
66a74a780000000027011fa2,M2026-04,0.18,40.0,5.0,0.0,0.0,0.125,0.036,4.5,
66a9f071000000002701fcac,M2026-04,5.409999999999999,60.0,7.0,0.0,0.0,0.116667,0.772857,90.166667,
66b3273c0000000025032bfc,M2026-04,6.6099999999999985,117.0,17.0,0.0,0.0,0.145299,0.388824,56.495726,
66b327fd000000001e01ec55,M2026-04,0.21000000000000002,10.0,2.0,0.0,0.0,0.2,0.105,21.0,
66b47cde000000001e01f63c,M2026-04,0.0,11.0,0.0,0.0,0.0,0.0,,0.0,
66b71c260000000025031b53,M2026-04,0.0,8.0,0.0,0.0,0.0,0.0,,0.0,
66b87cc9000000001e01cf93,M2026-04,0.51,4.0,1.0,0.0,0.0,0.25,0.51,127.5,
66bb1057000000001e01cee8,M2026-04,0.0,7.0,0.0,0.0,0.0,0.0,,0.0,
66bc63b70000000025030e7d,M2026-04,22.180000000000003,845.0,140.0,0.0,0.0,0.16568,0.158429,26.248521,
66bf08030000000025030cce,M2026-04,0.0,8.0,0.0,0.0,0.0,0.0,,0.0,
66bf228f0000000025031381,M2026-04,0.0,9.0,0.0,0.0,0.0,0.0,,0.0,
66c2fb3a000000001d0167fb,M2026-04,0.0,1.0,0.0,0.0,0.0,0.0,,0.0,
66c459aa000000001d01974a,M2026-04,0.0,2.0,0.0,0.0,0.0,0.0,,0.0,
66c59dfb000000001d015b5f,M2026-04,0.0,11.0,0.0,0.0,0.0,0.0,,0.0,
66c6e990000000001d01afe0,M2026-04,14.91,322.0,70.0,0.0,0.0,0.217391,0.213,46.304348,
66c6f449000000001d018d92,M2026-04,0.0,5.0,0.0,0.0,0.0,0.0,,0.0,
66c99238000000001d019762,M2026-04,5.4399999999999995,171.0,25.0,0.0,0.0,0.146199,0.2176,31.812865,
66ced78e000000001d01a548,M2026-04,0.81,6.0,2.0,0.0,0.0,0.333333,0.405,135.0,
66d02953000000001d03a5bc,M2026-04,0.0,3.0,0.0,0.0,0.0,0.0,,0.0,
66d2ee62000000001f018845,M2026-04,0.16,15.0,1.0,0.0,0.0,0.066667,0.16,10.666667,
66d91bd5000000001e018db7,M2026-04,0.19,13.0,3.0,0.0,0.0,0.230769,0.063333,14.615385,
66dba50b000000001201274e,M2026-04,0.05,11.0,4.0,0.0,0.0,0.363636,0.0125,4.545455,
66dd561b000000001e01ae53,M2026-04,4.52,84.0,4.0,0.0,0.0,0.047619,1.13,53.809524,
66dd5665000000001e01b419,M2026-04,0.01,9.0,1.0,0.0,0.0,0.111111,0.01,1.111111,
66de9050000000001e01addd,M2026-04,21.11,262.0,42.0,1.0,1.0,0.160305,0.502619,80.572519,21.11
66de90b3000000000c01a935,M2026-04,23.209999999999997,514.0,79.0,0.0,0.0,0.153696,0.293797,45.155642,
66de94b9000000000c01bcc0,M2026-04,0.47000000000000003,38.0,6.0,0.0,0.0,0.157895,0.078333,12.368421,
66dfefd8000000000c0185ed,M2026-04,0.12,17.0,4.0,0.0,0.0,0.235294,0.03,7.058824,
66e1498c0000000012011a52,M2026-04,0.060000000000000005,7.0,2.0,0.0,0.0,0.285714,0.03,8.571429,
66e2a0eb000000000c0189cb,M2026-04,0.01,8.0,1.0,0.0,0.0,0.125,0.01,1.25,
66e3edb8000000000c019691,M2026-04,0.0,13.0,0.0,0.0,0.0,0.0,,0.0,
66e9349d0000000012011ec9,M2026-04,0.18,31.0,4.0,0.0,0.0,0.129032,0.045,5.806452,
66ea7fd0000000001201308d,M2026-04,0.04,21.0,4.0,0.0,0.0,0.190476,0.01,1.904762,
66ebc041000000000c01b331,M2026-04,3.59,52.0,4.0,0.0,0.0,0.076923,0.8975,69.038462,
66ebd7ac000000001e01937e,M2026-04,0.0,1.0,0.0,0.0,0.0,0.0,,0.0,
66efcced0000000012012c96,M2026-04,0.0,2.0,0.0,0.0,0.0,0.0,,0.0,
66f11d2b000000001b021750,M2026-04,0.0,6.0,0.0,0.0,0.0,0.0,,0.0,
66f3bc31000000001a023cee,M2026-04,1.8599999999999999,103.0,13.0,0.0,0.0,0.126214,0.143077,18.058252,
66f51859000000001b022419,M2026-04,2.83,69.0,13.0,0.0,0.0,0.188406,0.217692,41.014493,
66f530bd000000001902dada,M2026-04,0.0,8.0,0.0,0.0,0.0,0.0,,0.0,
66f53123000000001a021621,M2026-04,0.0,4.0,0.0,0.0,0.0,0.0,,0.0,
66f671ec000000001902d81f,M2026-04,1.3900000000000001,20.0,4.0,0.0,0.0,0.2,0.3475,69.5,
66f90392000000001902f75b,M2026-04,0.0,5.0,0.0,0.0,0.0,0.0,,0.0,
66fbbad9000000001a023652,M2026-04,0.04,23.0,2.0,0.0,0.0,0.086957,0.02,1.73913,
66fcfa13000000001b023957,M2026-04,0.0,12.0,0.0,0.0,0.0,0.0,,0.0,
66fd0e4d000000001a0235f6,M2026-04,0.0,6.0,0.0,0.0,0.0,0.0,,0.0,
66fd0eab000000001902e45b,M2026-04,0.0,17.0,0.0,0.0,0.0,0.0,,0.0,
66fe4669000000001b023237,M2026-04,1.9099999999999997,48.0,9.0,0.0,0.0,0.1875,0.212222,39.791667,
66fe58b0000000001a020753,M2026-04,0.0,3.0,0.0,0.0,0.0,0.0,,0.0,
6704e070000000001a020f5a,M2026-04,0.78,20.0,2.0,0.0,0.0,0.1,0.39,39.0,
6704f799000000001902d4ed,M2026-04,0.0,6.0,0.0,0.0,0.0,0.0,,0.0,
670630e9000000001a023e3f,M2026-04,11.909999999999998,125.0,17.0,0.0,0.0,0.136,0.700588,95.28,
6707a74c000000001b022b72,M2026-04,0.01,1.0,1.0,0.0,0.0,1.0,0.01,10.0,
6708dcfb000000001902cdc0,M2026-04,0.2,16.0,1.0,0.0,0.0,0.0625,0.2,12.5,
670c6f600000000024015ad0,M2026-04,0.0,11.0,0.0,0.0,0.0,0.0,,0.0,
670c715e0000000021008949,M2026-04,1.01,9.0,1.0,0.0,0.0,0.111111,1.01,112.222222,
670ccf4b000000001b03f061,M2026-04,0.9,37.0,6.0,0.0,0.0,0.162162,0.15,24.324324,
670ccfff0000000024015a30,M2026-04,0.02,11.0,2.0,0.0,0.0,0.181818,0.01,1.818182,
670f7a700000000026034bdf,M2026-04,0.0,2.0,0.0,0.0,0.0,0.0,,0.0,
670f7aec000000001b03d8ba,M2026-04,4.83,30.0,5.0,0.0,0.0,0.166667,0.966,161.0,
670f7b440000000021009b77,M2026-04,2.84,88.0,14.0,0.0,0.0,0.159091,0.202857,32.272727,
6710dd2a0000000024019e57,M2026-04,1.94,12.0,1.0,0.0,0.0,0.083333,1.94,161.666667,
671228780000000021000351,M2026-04,2.0,143.0,21.0,0.0,0.0,0.146853,0.095238,13.986014,
6712290d000000001b03f879,M2026-04,0.0,1.0,0.0,0.0,0.0,0.0,,0.0,
6717576700000000260370f7,M2026-04,0.0,2.0,0.0,0.0,0.0,0.0,,0.0,
6718abc70000000021009845,M2026-04,1.77,66.0,5.0,0.0,0.0,0.075758,0.354,26.818182,
6719f7eb0000000026034e27,M2026-04,0.0,25.0,0.0,0.0,0.0,0.0,,0.0,
671b686800000000210089fc,M2026-04,0.03,11.0,1.0,0.0,0.0,0.090909,0.03,2.727273,
671b68b30000000021006d0e,M2026-04,8.770000000000001,57.0,11.0,0.0,0.0,0.192982,0.797273,153.859649,
671b693c00000000240172e9,M2026-04,0.11,22.0,3.0,0.0,0.0,0.136364,0.036667,5.0,
671c96b200000000260345a4,M2026-04,9.469999999999999,186.0,27.0,0.0,0.0,0.145161,0.350741,50.913978,
671e12ff00000000210076f5,M2026-04,0.0,7.0,0.0,0.0,0.0,0.0,,0.0,
6721ae8a000000001b02e61d,M2026-04,0.0,4.0,0.0,0.0,0.0,0.0,,0.0,
6721dc0d0000000019017a30,M2026-04,0.0,9.0,0.0,0.0,0.0,0.0,,0.0,
67234cc1000000001b028382,M2026-04,0.02,25.0,2.0,0.0,0.0,0.08,0.01,0.8,
67234d6e000000001a01ca79,M2026-04,0.05,5.0,2.0,0.0,0.0,0.4,0.025,10.0,
67234df4000000001b0101ad,M2026-04,0.0,1.0,0.0,0.0,0.0,0.0,,0.0,
672889300000000019019cda,M2026-04,1.79,41.0,6.0,0.0,0.0,0.146341,0.298333,43.658537,
672add42000000001901b372,M2026-04,2.91,21.0,3.0,0.0,0.0,0.142857,0.97,138.571429,
672c32a2000000001b02ce3f,M2026-04,0.0,10.0,0.0,0.0,0.0,0.0,,0.0,
672c54d8000000001901413b,M2026-04,4.46,129.0,30.0,0.0,0.0,0.232558,0.148667,34.573643,
673080f4000000001b013614,M2026-04,0.0,5.0,0.0,0.0,0.0,0.0,,0.0,
67330f2b000000001b02d91f,M2026-04,1.2000000000000002,119.0,20.0,1.0,1.0,0.168067,0.06,10.084034,1.2
673312f9000000001b011208,M2026-04,0.0,2.0,0.0,0.0,0.0,0.0,,0.0,
673465a90000000019019a30,M2026-04,0.0,1.0,0.0,0.0,0.0,0.0,,0.0,
67346646000000001901a207,M2026-04,0.0,9.0,0.0,0.0,0.0,0.0,,0.0,
6734668d000000001901a58c,M2026-04,0.2,34.0,1.0,0.0,0.0,0.029412,0.2,5.882353,
673467640000000019016516,M2026-04,0.0,5.0,0.0,0.0,0.0,0.0,,0.0,
6735bd4b000000001901780f,M2026-04,0.0,1.0,0.0,0.0,0.0,0.0,,0.0,
6739afde000000001b02f77c,M2026-04,0.0,10.0,0.0,0.0,0.0,0.0,,0.0,
6739b019000000001a01e71c,M2026-04,0.15,13.0,1.0,0.0,0.0,0.076923,0.15,11.538462,
673c662b0000000007026608,M2026-04,0.02,23.0,1.0,0.0,0.0,0.043478,0.02,0.869565,
673c67660000000007027445,M2026-04,1.2999999999999998,80.0,6.0,1.0,0.0,0.075,0.216667,16.25,
673c67a5000000000703171e,M2026-04,15.129999999999999,235.0,33.0,1.0,0.0,0.140426,0.458485,64.382979,
673c67eb000000000800548f,M2026-04,2.39,21.0,2.0,0.0,0.0,0.095238,1.195,113.809524,
673dc06c0000000007033b2e,M2026-04,9.11,251.0,43.0,0.0,0.0,0.171315,0.21186,36.294821,
673dc21a0000000007027227,M2026-04,0.0,2.0,0.0,0.0,0.0,0.0,,0.0,
673ff6dc000000000203b062,M2026-04,0.0,3.0,0.0,0.0,0.0,0.0,,0.0,
673ff72c000000000203b3fe,M2026-04,0.03,18.0,3.0,0.0,0.0,0.166667,0.01,1.666667,
673ffa21000000000202e855,M2026-04,0.01,9.0,1.0,0.0,0.0,0.111111,0.01,1.111111,
673ffa76000000000202a6a8,M2026-04,0.24,22.0,1.0,0.0,0.0,0.045455,0.24,10.909091,
6745652c000000000202fde8,M2026-04,4.180000000000001,26.0,3.0,1.0,1.0,0.115385,1.393333,160.769231,4.18
67469ae4000000000202d3eb,M2026-04,0.0,9.0,0.0,0.0,0.0,0.0,,0.0,
674aaf0a000000000800733c,M2026-04,0.0,8.0,0.0,0.0,0.0,0.0,,0.0,
674aaf6b000000000703086d,M2026-04,0.0,3.0,0.0,0.0,0.0,0.0,,0.0,
674aeac40000000007029d27,M2026-04,0.01,9.0,1.0,0.0,0.0,0.111111,0.01,1.111111,
674ee731000000000201992f,M2026-04,0.66,53.0,5.0,0.0,0.0,0.09434,0.132,12.45283,
674ee7d1000000000202800f,M2026-04,0.0,1.0,0.0,0.0,0.0,0.0,,0.0,
67516ce8000000000202c7bb,M2026-04,0.0,5.0,0.0,0.0,0.0,0.0,,0.0,
67516df5000000000202d63b,M2026-04,0.01,5.0,1.0,0.0,0.0,0.2,0.01,2.0,
67516e370000000002018c42,M2026-04,0.0,5.0,0.0,0.0,0.0,0.0,,0.0,
6752bfca000000000601573d,M2026-04,1.65,6.0,2.0,0.0,0.0,0.333333,0.825,275.0,
6758290a0000000002016fd5,M2026-04,0.0,29.0,0.0,0.0,0.0,0.0,,0.0,
67594fb00000000002015dff,M2026-04,0.01,9.0,1.0,0.0,0.0,0.111111,0.01,1.111111,
6759504b000000000103d787,M2026-04,0.0,2.0,0.0,0.0,0.0,0.0,,0.0,
675951d6000000000203640f,M2026-04,3.81,9.0,3.0,0.0,0.0,0.333333,1.27,423.333333,
675d4cd900000000020262bb,M2026-04,9.28,89.0,7.0,0.0,0.0,0.078652,1.325714,104.269663,
675d4e140000000001029d31,M2026-04,0.03,40.0,1.0,0.0,0.0,0.025,0.03,0.75,
675ffc66000000000800e54d,M2026-04,0.0,8.0,0.0,0.0,0.0,0.0,,0.0,
67613936000000000900e5ff,M2026-04,0.37,29.0,3.0,0.0,0.0,0.103448,0.123333,12.758621,
67613c39000000000800f745,M2026-04,1.94,4.0,1.0,0.0,0.0,0.25,1.94,485.0,
6762805d000000000800d2bd,M2026-04,0.07,19.0,5.0,0.0,0.0,0.263158,0.014,3.684211,
676e6d40000000000902cb3c,M2026-04,0.0,4.0,0.0,0.0,0.0,0.0,,0.0,
676e6e49000000001300e9d1,M2026-04,0.01,10.0,1.0,0.0,0.0,0.1,0.01,1.0,
6777b9cf000000000902c6e7,M2026-04,0.0,3.0,0.0,0.0,0.0,0.0,,0.0,
677904f80000000013008ea1,M2026-04,0.0,6.0,0.0,0.0,0.0,0.0,,0.0,
67790536000000000902db5a,M2026-04,0.0,4.0,0.0,0.0,0.0,0.0,,0.0,
677905ba000000000902dfe3,M2026-04,0.0,2.0,0.0,0.0,0.0,0.0,,0.0,
677f7d2b0000000001000078,M2026-04,0.0,1.0,0.0,0.0,0.0,0.0,,0.0,
6783730f000000001703b7c2,M2026-04,0.0,16.0,0.0,0.0,0.0,0.0,,0.0,
6783738800000000010082a4,M2026-04,0.0,2.0,0.0,0.0,0.0,0.0,,0.0,
6788cc78000000001801ecd9,M2026-04,2.8699999999999997,16.0,2.0,0.0,0.0,0.125,1.435,179.375,
678a2f5d000000001901b4ba,M2026-04,0.04,13.0,1.0,0.0,0.0,0.076923,0.04,3.076923,
678cd7ad0000000016020981,M2026-04,0.0,5.0,0.0,0.0,0.0,0.0,,0.0,
678dff020000000021002ef3,M2026-04,0.0,9.0,0.0,0.0,0.0,0.0,,0.0,
67a9a72c000000001801b956,M2026-04,2.8699999999999997,79.0,16.0,0.0,0.0,0.202532,0.179375,36.329114,
67aefabe0000000018013d4f,M2026-04,6.680000000000001,9.0,3.0,0.0,0.0,0.333333,2.226667,742.222222,
67b43a4b00000000280298c5,M2026-04,2.2199999999999998,41.0,7.0,0.0,0.0,0.170732,0.317143,54.146341,
67b43d3e000000002900a5f8,M2026-04,0.0,12.0,0.0,0.0,0.0,0.0,,0.0,
67bd7224000000002602c76d,M2026-04,0.09999999999999999,14.0,2.0,0.0,0.0,0.142857,0.05,7.142857,
67c2bbdf000000002a00ebee,M2026-04,0.01,7.0,1.0,0.0,0.0,0.142857,0.01,1.428571,
67c2bcec0000000029015994,M2026-04,0.0,2.0,0.0,0.0,0.0,0.0,,0.0,
67cbabe1000000002803c4b9,M2026-04,0.05,4.0,1.0,0.0,0.0,0.25,0.05,12.5,
67cd48010000000029017afe,M2026-04,1.07,33.0,4.0,0.0,0.0,0.121212,0.2675,32.424242,
67ce630f0000000028037949,M2026-04,0.49000000000000005,85.0,13.0,0.0,0.0,0.152941,0.037692,5.764706,
67dfcb2a000000000603cf39,M2026-04,0.11,22.0,3.0,0.0,0.0,0.136364,0.036667,5.0,
67e1159e000000000603a2bd,M2026-04,0.39,27.0,2.0,0.0,0.0,0.074074,0.195,14.444444,
67ee4fe0000000001a006ef2,M2026-04,0.0,7.0,0.0,0.0,0.0,0.0,,0.0,
68170dbd000000002300c01c,M2026-04,0.0,2.0,0.0,0.0,0.0,0.0,,0.0,
68170e850000000023002506,M2026-04,0.01,14.0,1.0,0.0,0.0,0.071429,0.01,0.714286,
681da9dc000000002001e634,M2026-04,18.900000000000002,226.0,23.0,1.0,1.0,0.10177,0.821739,83.628319,18.9
681daa300000000021001968,M2026-04,0.05,12.0,1.0,0.0,0.0,0.083333,0.05,4.166667,
6822ff69000000001101c6fe,M2026-04,0.0,9.0,0.0,0.0,0.0,0.0,,0.0,
68299d25000000002301d4c6,M2026-04,2.44,38.0,2.0,0.0,0.0,0.052632,1.22,64.210526,
68299dc90000000023012fb6,M2026-04,0.28,14.0,2.0,0.0,0.0,0.142857,0.14,20.0,
682edb7f000000000f033905,M2026-04,0.0,6.0,0.0,0.0,0.0,0.0,,0.0,
68341027000000000f038992,M2026-04,0.8,27.0,3.0,0.0,0.0,0.111111,0.266667,29.62963,
683d63ea000000002001eb65,M2026-04,0.62,31.0,3.0,0.0,0.0,0.096774,0.206667,20.0,
6843e1d0000000000f03b615,M2026-04,1.7500000000000002,120.0,14.0,0.0,0.0,0.116667,0.125,14.583333,
6847fe4c000000002101b1b4,M2026-04,0.0,2.0,0.0,0.0,0.0,0.0,,0.0,
6857bad4000000000d01967e,M2026-04,0.03,8.0,1.0,0.0,0.0,0.125,0.03,3.75,
687890df000000001c0361c2,M2026-04,0.4700000000000001,80.0,13.0,0.0,0.0,0.1625,0.036154,5.875,
6878924b000000001c03093d,M2026-04,0.11,42.0,3.0,0.0,0.0,0.071429,0.036667,2.619048,
68873dff0000000017037728,M2026-04,0.0,9.0,0.0,0.0,0.0,0.0,,0.0,
688b331a000000002502a180,M2026-04,0.25,7.0,1.0,0.0,0.0,0.142857,0.25,35.714286,
6895a47700000000230382eb,M2026-04,0.01,15.0,1.0,0.0,0.0,0.066667,0.01,0.666667,
6895a53e00000000230321d8,M2026-04,1.05,12.0,5.0,0.0,0.0,0.416667,0.21,87.5,
689ab98e0000000023021c3c,M2026-04,3.3199999999999994,146.0,22.0,1.0,0.0,0.150685,0.150909,22.739726,
689ed9a1000000001d02c804,M2026-04,0.98,9.0,1.0,0.0,0.0,0.111111,0.98,108.888889,
68a57197000000001d013760,M2026-04,0.04,19.0,1.0,0.0,0.0,0.052632,0.04,2.105263,
68a57274000000001c034a91,M2026-04,2.7200000000000006,42.0,6.0,0.0,0.0,0.142857,0.453333,64.761905,
68baa828000000001b033b3f,M2026-04,0.13,11.0,2.0,0.0,0.0,0.181818,0.065,11.818182,
68bff0ef000000001d019dea,M2026-04,5.42,97.0,19.0,1.0,0.0,0.195876,0.285263,55.876289,
68bff2ae000000001d01a96e,M2026-04,0.08,35.0,6.0,0.0,0.0,0.171429,0.013333,2.285714,
68bff3dc000000001d020916,M2026-04,0.44999999999999996,20.0,2.0,0.0,0.0,0.1,0.225,22.5,
68c7d1fc000000001d0271c8,M2026-04,0.66,30.0,4.0,0.0,0.0,0.133333,0.165,22.0,
68db958100000000050336cb,M2026-04,0.5900000000000001,28.0,5.0,0.0,0.0,0.178571,0.118,21.071429,
68e0e457000000000700ce1c,M2026-04,0.0,12.0,0.0,0.0,0.0,0.0,,0.0,
68e0e4b10000000007003ead,M2026-04,2.3299999999999996,63.0,8.0,0.0,0.0,0.126984,0.29125,36.984127,
68e38a3b0000000005039b29,M2026-04,0.07,4.0,1.0,0.0,0.0,0.25,0.07,17.5,
692273930000000019024e90,M2026-04,0.0,5.0,0.0,0.0,0.0,0.0,,0.0,
69293a52000000001f00dec5,M2026-04,1.38,65.0,7.0,0.0,0.0,0.107692,0.197143,21.230769,
692d5bdd000000000d03d5e0,M2026-04,0.23,12.0,1.0,0.0,0.0,0.083333,0.23,19.166667,
69327b87000000001e038224,M2026-04,0.0,5.0,0.0,0.0,0.0,0.0,,0.0,
6933d7c0000000001e01245c,M2026-04,3.41,11.0,1.0,0.0,0.0,0.090909,3.41,310.0,
6936766c000000001b0237dc,M2026-04,6.57,167.0,13.0,0.0,0.0,0.077844,0.505385,39.341317,
6937eba70000000019025d07,M2026-04,0.0,5.0,0.0,0.0,0.0,0.0,,0.0,
693923ff000000001e02dab6,M2026-04,0.0,8.0,0.0,0.0,0.0,0.0,,0.0,
693d3688000000001e00be17,M2026-04,0.17,4.0,1.0,0.0,0.0,0.25,0.17,42.5,
693fa7a5000000001e00c62e,M2026-04,0.01,4.0,1.0,0.0,0.0,0.25,0.01,2.5,
693fa93b000000001d03d6f0,M2026-04,0.0,3.0,0.0,0.0,0.0,0.0,,0.0,
6940b4c1000000001e02c4ec,M2026-04,0.0,12.0,0.0,0.0,0.0,0.0,,0.0,
6944f5f2000000001f00a3d7,M2026-04,0.28,23.0,1.0,0.0,0.0,0.043478,0.28,12.173913,
69474e28000000001b026885,M2026-04,0.0,8.0,0.0,0.0,0.0,0.0,,0.0,
6948a444000000001e0244eb,M2026-04,0.0,1.0,0.0,0.0,0.0,0.0,,0.0,
6948e7ce000000001e03002b,M2026-04,0.0,4.0,0.0,0.0,0.0,0.0,,0.0,
694f3ad60000000022039775,M2026-04,0.0,2.0,0.0,0.0,0.0,0.0,,0.0,
69508d0e0000000022033295,M2026-04,0.06,11.0,1.0,0.0,0.0,0.090909,0.06,5.454545,
6950da0e0000000022032b4e,M2026-04,0.0,3.0,0.0,0.0,0.0,0.0,,0.0,
695480f6000000001e032231,M2026-04,0.01,3.0,1.0,0.0,0.0,0.333333,0.01,3.333333,
69549014000000001e02e0a1,M2026-04,0.0,3.0,0.0,0.0,0.0,0.0,,0.0,
6954ad1b000000001e03a06f,M2026-04,0.01,17.0,1.0,0.0,0.0,0.058824,0.01,0.588235,
6959c6f4000000001e028520,M2026-04,1.23,3.0,1.0,0.0,0.0,0.333333,1.23,410.0,
695a18b8000000001e02350e,M2026-04,0.0,1.0,0.0,0.0,0.0,0.0,,0.0,
695a1cc2000000001e020cb3,M2026-04,0.0,3.0,0.0,0.0,0.0,0.0,,0.0,
695b71c7000000000d00aa46,M2026-04,0.0,8.0,0.0,0.0,0.0,0.0,,0.0,
6963622c000000002103e0fc,M2026-04,0.68,7.0,1.0,0.0,0.0,0.142857,0.68,97.142857,
6965ff2b000000002202d194,M2026-04,0.04,9.0,1.0,0.0,0.0,0.111111,0.04,4.444444,
6968ae97000000000e00c7b4,M2026-04,0.0,1.0,0.0,0.0,0.0,0.0,,0.0,
696b2fb5000000002202224a,M2026-04,0.0,4.0,0.0,0.0,0.0,0.0,,0.0,
696f8a1300000000220398ee,M2026-04,0.0,10.0,0.0,0.0,0.0,0.0,,0.0,
697215d3000000002102babe,M2026-04,0.09,39.0,7.0,0.0,0.0,0.179487,0.012857,2.307692,
697483bc0000000021030797,M2026-04,5.5600000000000005,140.0,17.0,1.0,0.0,0.121429,0.327059,39.714286,
6975d5030000000022032c1e,M2026-04,3.6,23.0,2.0,0.0,0.0,0.086957,1.8,156.521739,
69785b9800000000210301e7,M2026-04,1.78,64.0,7.0,1.0,0.0,0.109375,0.254286,27.8125,
6979aa20000000002203199c,M2026-04,3.8699999999999997,148.0,18.0,0.0,0.0,0.121622,0.215,26.148649,
697b62370000000022008079,M2026-04,0.03,14.0,2.0,0.0,0.0,0.142857,0.015,2.142857,
697c80d50000000021032923,M2026-04,0.0,1.0,0.0,0.0,0.0,0.0,,0.0,
697cb24d000000002203bda3,M2026-04,0.0,5.0,0.0,0.0,0.0,0.0,,0.0,
69806b890000000021033f5e,M2026-04,0.0,5.0,0.0,0.0,0.0,0.0,,0.0,
6982f243000000002202147c,M2026-04,0.0,17.0,0.0,0.0,0.0,0.0,,0.0,
698348ae00000000220219f5,M2026-04,0.0,9.0,0.0,0.0,0.0,0.0,,0.0,
69848984000000002203b8c4,M2026-04,0.14,34.0,6.0,0.0,0.0,0.176471,0.023333,4.117647,
6985e5f7000000001d02693a,M2026-04,0.0,4.0,0.0,0.0,0.0,0.0,,0.0,
698892e0000000001d024712,M2026-04,0.0,12.0,0.0,0.0,0.0,0.0,,0.0,
6989a3c4000000001b014abc,M2026-04,0.36,12.0,1.0,0.0,0.0,0.083333,0.36,30.0,
69903cb9000000001d0260e4,M2026-04,0.0,2.0,0.0,0.0,0.0,0.0,,0.0,
6990569b000000001b01d21a,M2026-04,0.08,7.0,1.0,0.0,0.0,0.142857,0.08,11.428571,
699d6aa4000000001d010c38,M2026-04,0.06,5.0,1.0,0.0,0.0,0.2,0.06,12.0,
699ead68000000001600b831,M2026-04,0.98,13.0,1.0,0.0,0.0,0.076923,0.98,75.384615,
69a3ff74000000001d027ea9,M2026-04,0.0,6.0,0.0,0.0,0.0,0.0,,0.0,
69a5535c000000001d012b36,M2026-04,0.0,1.0,0.0,0.0,0.0,0.0,,0.0,
63a6a3e9000000001c0076f9,M2026-04,0.0,2.0,0.0,0.0,0.0,0.0,,0.0,
63b17bf9000000001c037e8d,M2026-04,0.0,1.0,0.0,0.0,0.0,0.0,,0.0,
63b934f5000000001b014634,M2026-04,0.0,1.0,0.0,0.0,0.0,0.0,,0.0,
63be269b000000001f00038a,M2026-04,0.0,5.0,0.0,0.0,0.0,0.0,,0.0,
63be924c000000002202a578,M2026-04,0.0,3.0,0.0,0.0,0.0,0.0,,0.0,
63bfccdd0000000018010220,M2026-04,0.0,3.0,0.0,0.0,0.0,0.0,,0.0,
63e313970000000018012062,M2026-04,0.0,2.0,0.0,0.0,0.0,0.0,,0.0,
640fe2940000000011012ded,M2026-04,0.0,1.0,0.0,0.0,0.0,0.0,,0.0,
64118cfe000000000800d128,M2026-04,0.0,7.0,0.0,0.0,0.0,0.0,,0.0,
642e231d0000000011013cdc,M2026-04,0.0,4.0,0.0,0.0,0.0,0.0,,0.0,
6434cd9e0000000013000f35,M2026-04,0.0,1.0,0.0,0.0,0.0,0.0,,0.0,
643608590000000013014d16,M2026-04,0.01,1.0,1.0,0.0,0.0,1.0,0.01,10.0,
6437553b0000000013035dc5,M2026-04,0.0,6.0,0.0,0.0,0.0,0.0,,0.0,
643a6a48000000001203da38,M2026-04,0.0,3.0,0.0,0.0,0.0,0.0,,0.0,
6443a4b900000000270127b2,M2026-04,0.01,7.0,1.0,0.0,0.0,0.142857,0.01,1.428571,
644cb1fb000000001300d56a,M2026-04,0.0,4.0,0.0,0.0,0.0,0.0,,0.0,
647dc19b0000000027001ab4,M2026-04,0.0,3.0,0.0,0.0,0.0,0.0,,0.0,
6481313a0000000027000984,M2026-04,0.0,5.0,0.0,0.0,0.0,0.0,,0.0,
6482d85000000000130311fd,M2026-04,0.0,3.0,0.0,0.0,0.0,0.0,,0.0,
648c2aa300000000130337d6,M2026-04,0.0,3.0,0.0,0.0,0.0,0.0,,0.0,
64903f2c0000000013011439,M2026-04,0.0,1.0,0.0,0.0,0.0,0.0,,0.0,
6491105000000000130365b1,M2026-04,0.01,11.0,1.0,0.0,0.0,0.090909,0.01,0.909091,
6497998d0000000013007217,M2026-04,0.0,2.0,0.0,0.0,0.0,0.0,,0.0,
649a3dec000000001300a176,M2026-04,0.01,6.0,1.0,0.0,0.0,0.166667,0.01,1.666667,
649ac8060000000007039048,M2026-04,0.0,1.0,0.0,0.0,0.0,0.0,,0.0,
649b8a6f000000000800d9ef,M2026-04,0.02,3.0,1.0,0.0,0.0,0.333333,0.02,6.666667,
649fa261000000001300a019,M2026-04,0.0,1.0,0.0,0.0,0.0,0.0,,0.0,
64a90af7000000001a013f19,M2026-04,0.0,6.0,0.0,0.0,0.0,0.0,,0.0,
64b2653e000000002b03e74b,M2026-04,0.0,2.0,0.0,0.0,0.0,0.0,,0.0,
64bc98a9000000000c0375c7,M2026-04,0.0,1.0,0.0,0.0,0.0,0.0,,0.0,
64be3839000000000b028a7e,M2026-04,0.0,3.0,0.0,0.0,0.0,0.0,,0.0,
64bf2f07000000000103f152,M2026-04,0.0,1.0,0.0,0.0,0.0,0.0,,0.0,
64c72ad2000000000a01af2e,M2026-04,0.0,1.0,0.0,0.0,0.0,0.0,,0.0,
64cb0494000000000800d733,M2026-04,0.0,1.0,0.0,0.0,0.0,0.0,,0.0,
64cc6c44000000000c03722e,M2026-04,0.0,1.0,0.0,0.0,0.0,0.0,,0.0,
64d20ebb000000001201a162,M2026-04,0.0,1.0,0.0,0.0,0.0,0.0,,0.0,
64d762d10000000010030702,M2026-04,4.3,7.0,1.0,0.0,0.0,0.142857,4.3,614.285714,
64d77bda000000000800c6ad,M2026-04,0.0,1.0,0.0,0.0,0.0,0.0,,0.0,
64daefda000000000800f7d7,M2026-04,0.0,1.0,0.0,0.0,0.0,0.0,,0.0,
64dcae4f000000000b02b120,M2026-04,0.0,1.0,0.0,0.0,0.0,0.0,,0.0,
64dcb208000000001201947b,M2026-04,0.0,3.0,0.0,0.0,0.0,0.0,,0.0,
64e8b372000000001701a7d0,M2026-04,0.01,4.0,1.0,0.0,0.0,0.25,0.01,2.5,
64ec03c90000000012018d3c,M2026-04,0.0,6.0,0.0,0.0,0.0,0.0,,0.0,
64fdc220000000001e02acb7,M2026-04,0.0,12.0,0.0,0.0,0.0,0.0,,0.0,
65019fab000000001e02f52f,M2026-04,0.0,1.0,0.0,0.0,0.0,0.0,,0.0,
650282cb000000001e0306e4,M2026-04,0.01,3.0,1.0,0.0,0.0,0.333333,0.01,3.333333,
6502d053000000001f005221,M2026-04,0.01,13.0,1.0,0.0,0.0,0.076923,0.01,0.769231,
650d7c6c000000001e0306a1,M2026-04,0.0,1.0,0.0,0.0,0.0,0.0,,0.0,
6513d6d3000000001e00e8bb,M2026-04,0.01,4.0,1.0,0.0,0.0,0.25,0.01,2.5,
6513e021000000001f0075bd,M2026-04,0.12,6.0,1.0,0.0,0.0,0.166667,0.12,20.0,
6513ebf30000000020002c97,M2026-04,0.0,1.0,0.0,0.0,0.0,0.0,,0.0,
6525fb8f000000001e00f768,M2026-04,0.0,2.0,0.0,0.0,0.0,0.0,,0.0,
65260ea8000000001e02fe9d,M2026-04,0.0,1.0,0.0,0.0,0.0,0.0,,0.0,
6526387e000000001e00cc07,M2026-04,0.0,1.0,0.0,0.0,0.0,0.0,,0.0,
6530f56b0000000020001851,M2026-04,0.0,1.0,0.0,0.0,0.0,0.0,,0.0,
6533ce70000000001f036ec2,M2026-04,0.0,2.0,0.0,0.0,0.0,0.0,,0.0,
653dd5f4000000001f03abf5,M2026-04,0.0,3.0,0.0,0.0,0.0,0.0,,0.0,
6540665f000000001f005eae,M2026-04,0.0,5.0,0.0,0.0,0.0,0.0,,0.0,
6541cb75000000001e03de8a,M2026-04,0.0,4.0,0.0,0.0,0.0,0.0,,0.0,
65424d36000000001e0220fd,M2026-04,0.0,7.0,0.0,0.0,0.0,0.0,,0.0,
654474a4000000001e03c726,M2026-04,0.0,1.0,0.0,0.0,0.0,0.0,,0.0,
65483c23000000001e00f291,M2026-04,0.0,2.0,0.0,0.0,0.0,0.0,,0.0,
65484ffb000000001e031daf,M2026-04,0.0,4.0,0.0,0.0,0.0,0.0,,0.0,
6561bbbb00000000330035c0,M2026-04,0.15,10.0,1.0,0.0,0.0,0.1,0.15,15.0,
6561bca90000000033003ce3,M2026-04,0.0,6.0,0.0,0.0,0.0,0.0,,0.0,
6561bd1e0000000033005f0e,M2026-04,0.0,1.0,0.0,0.0,0.0,0.0,,0.0,
6561beae00000000320353f3,M2026-04,0.0,1.0,0.0,0.0,0.0,0.0,,0.0,
656443fd0000000033002378,M2026-04,0.0,2.0,0.0,0.0,0.0,0.0,,0.0,
656c375a0000000009018fdf,M2026-04,0.29,3.0,1.0,0.0,0.0,0.333333,0.29,96.666667,
657175120000000009025a57,M2026-04,0.0,1.0,0.0,0.0,0.0,0.0,,0.0,
658d3111000000001d037f78,M2026-04,2.7399999999999998,25.0,3.0,0.0,0.0,0.12,0.913333,109.6,
658e8a1a000000001e00441a,M2026-04,0.0,5.0,0.0,0.0,0.0,0.0,,0.0,
658e8a76000000001c010a5a,M2026-04,0.25,4.0,1.0,0.0,0.0,0.25,0.25,62.5,
658fd1cd000000001802864b,M2026-04,0.1,15.0,1.0,0.0,0.0,0.066667,0.1,6.666667,
6597ba8c000000001102cc9c,M2026-04,0.0,2.0,0.0,0.0,0.0,0.0,,0.0,
659908c2000000001101dd00,M2026-04,0.0,5.0,0.0,0.0,0.0,0.0,,0.0,
659e6e12000000001d025fd3,M2026-04,0.02,12.0,1.0,0.0,0.0,0.083333,0.02,1.666667,
65a2407a000000001d0276c8,M2026-04,0.0,5.0,0.0,0.0,0.0,0.0,,0.0,
65a4df1d000000001802bd6c,M2026-04,0.0,4.0,0.0,0.0,0.0,0.0,,0.0,
65a8d975000000002a010976,M2026-04,1.2,4.0,1.0,0.0,0.0,0.25,1.2,300.0,
65ae1f56000000002c03897a,M2026-04,0.0,2.0,0.0,0.0,0.0,0.0,,0.0,
65af7f5c000000002c03c20e,M2026-04,0.0,3.0,0.0,0.0,0.0,0.0,,0.0,
65af8165000000002c03ac04,M2026-04,0.0,2.0,0.0,0.0,0.0,0.0,,0.0,
65b1ce42000000002d003479,M2026-04,0.0,3.0,0.0,0.0,0.0,0.0,,0.0,
65b8a6b6000000002c03c971,M2026-04,0.0,1.0,0.0,0.0,0.0,0.0,,0.0,
65b8aad0000000002c0363ac,M2026-04,0.0,3.0,0.0,0.0,0.0,0.0,,0.0,
65bc4db6000000002b03eb1d,M2026-04,0.0,2.0,0.0,0.0,0.0,0.0,,0.0,
65bc5703000000002c03e4e6,M2026-04,0.0,2.0,0.0,0.0,0.0,0.0,,0.0,
65bc5cb5000000002c014479,M2026-04,0.0,2.0,0.0,0.0,0.0,0.0,,0.0,
65d705ef000000000102aa45,M2026-04,0.0,2.0,0.0,0.0,0.0,0.0,,0.0,
65dc4ded0000000007004fa4,M2026-04,0.0,2.0,0.0,0.0,0.0,0.0,,0.0,
65dd96450000000001028dd9,M2026-04,0.0,3.0,0.0,0.0,0.0,0.0,,0.0,
65dee97500000000040014cd,M2026-04,0.0,3.0,0.0,0.0,0.0,0.0,,0.0,
65e037630000000001029eb4,M2026-04,0.28,4.0,1.0,0.0,0.0,0.25,0.28,70.0,
65e038830000000003037718,M2026-04,0.06,13.0,1.0,0.0,0.0,0.076923,0.06,4.615385,
65e58877000000000102bbfc,M2026-04,0.0,3.0,0.0,0.0,0.0,0.0,,0.0,
65e9730b0000000001029980,M2026-04,0.0,16.0,0.0,0.0,0.0,0.0,,0.0,
65efae47000000001203ed65,M2026-04,0.0,1.0,0.0,0.0,0.0,0.0,,0.0,
65f9455c000000000d00d8fb,M2026-04,0.05,9.0,2.0,0.0,0.0,0.222222,0.025,5.555556,
65fe8a340000000012022e34,M2026-04,0.0,4.0,0.0,0.0,0.0,0.0,,0.0,
65ffd92700000000120232a9,M2026-04,0.01,4.0,1.0,0.0,0.0,0.25,0.01,2.5,
660531ff000000001203f700,M2026-04,0.0,2.0,0.0,0.0,0.0,0.0,,0.0,
660919bf000000001a0151d2,M2026-04,0.0,3.0,0.0,0.0,0.0,0.0,,0.0,
660a6865000000001a00dbc9,M2026-04,0.0,3.0,0.0,0.0,0.0,0.0,,0.0,
660bbc75000000001a010571,M2026-04,0.0,1.0,0.0,0.0,0.0,0.0,,0.0,
6612525a000000001a012c17,M2026-04,0.0,12.0,0.0,0.0,0.0,0.0,,0.0,
6613a0e3000000001a00fbff,M2026-04,0.15,16.0,3.0,0.0,0.0,0.1875,0.05,9.375,
662617cb0000000001004d3b,M2026-04,0.0,4.0,0.0,0.0,0.0,0.0,,0.0,
66276ac40000000001007f6a,M2026-04,0.0,2.0,0.0,0.0,0.0,0.0,,0.0,
662b44ef000000000d032e0d,M2026-04,0.0,2.0,0.0,0.0,0.0,0.0,,0.0,
663088c0000000001e0315ef,M2026-04,0.0,4.0,0.0,0.0,0.0,0.0,,0.0,
663c7e35000000001e03addc,M2026-04,0.0,5.0,0.0,0.0,0.0,0.0,,0.0,
6641c5a2000000001e030cf7,M2026-04,0.0,1.0,0.0,0.0,0.0,0.0,,0.0,
664318c6000000001e03af48,M2026-04,0.01,4.0,1.0,0.0,0.0,0.25,0.01,2.5,
664ef80500000000050079a5,M2026-04,0.01,6.0,1.0,0.0,0.0,0.166667,0.01,1.666667,
665063970000000016013bcc,M2026-04,0.69,4.0,1.0,0.0,0.0,0.25,0.69,172.5,
6659831900000000140194b3,M2026-04,0.0,3.0,0.0,0.0,0.0,0.0,,0.0,
6662bc85000000000d00f271,M2026-04,0.0,2.0,0.0,0.0,0.0,0.0,,0.0,
666aafd60000000006007638,M2026-04,0.0,1.0,0.0,0.0,0.0,0.0,,0.0,
666bf9060000000006006695,M2026-04,0.060000000000000005,8.0,2.0,0.0,0.0,0.25,0.03,7.5,
666d4ae8000000000d00e0f7,M2026-04,0.0,2.0,0.0,0.0,0.0,0.0,,0.0,
666feb69000000000d00f724,M2026-04,0.0,1.0,0.0,0.0,0.0,0.0,,0.0,
6673e44e000000001e0125ed,M2026-04,1.25,2.0,2.0,0.0,0.0,1.0,0.625,625.0,
66753344000000001e01232e,M2026-04,0.0,1.0,0.0,0.0,0.0,0.0,,0.0,
667683ec000000001c026cc0,M2026-04,0.01,5.0,1.0,0.0,0.0,0.2,0.01,2.0,
6676848c000000001c027a54,M2026-04,0.0,1.0,0.0,0.0,0.0,0.0,,0.0,
667935ae000000001f007cb0,M2026-04,0.0,2.0,0.0,0.0,0.0,0.0,,0.0,
667bcab8000000001c027a7a,M2026-04,0.0,2.0,0.0,0.0,0.0,0.0,,0.0,
668503ff000000001f004a5c,M2026-04,0.0,3.0,0.0,0.0,0.0,0.0,,0.0,
668ba06d0000000025003455,M2026-04,0.0,8.0,0.0,0.0,0.0,0.0,,0.0,
668cfb6c00000000250066ee,M2026-04,0.0,1.0,0.0,0.0,0.0,0.0,,0.0,
6690e1430000000025017957,M2026-04,0.0,6.0,0.0,0.0,0.0,0.0,,0.0,
669a1b140000000025001d12,M2026-04,0.0,2.0,0.0,0.0,0.0,0.0,,0.0,
669f5f30000000002701ee31,M2026-04,0.02,4.0,2.0,0.0,0.0,0.5,0.01,5.0,
66a35bfa0000000027011291,M2026-04,0.0,3.0,0.0,0.0,0.0,0.0,,0.0,
66a9ef58000000000600d08a,M2026-04,0.0,1.0,0.0,0.0,0.0,0.0,,0.0,
66ade2f0000000000600d65f,M2026-04,0.0,2.0,0.0,0.0,0.0,0.0,,0.0,
66b0858f000000001e01f170,M2026-04,0.0,1.0,0.0,0.0,0.0,0.0,,0.0,
66b9c345000000001e01ee39,M2026-04,0.0,3.0,0.0,0.0,0.0,0.0,,0.0,
66c0564b000000001e01e7a9,M2026-04,0.04,6.0,1.0,0.0,0.0,0.166667,0.04,6.666667,
66cd8b5c000000001d03be18,M2026-04,1.54,6.0,1.0,0.0,0.0,0.166667,1.54,256.666667,
66ced86c000000001d01bb86,M2026-04,0.01,1.0,1.0,0.0,0.0,1.0,0.01,10.0,
66d2c9dc000000001d0384ab,M2026-04,0.0,8.0,0.0,0.0,0.0,0.0,,0.0,
66d2ef0f000000001f03d5d9,M2026-04,0.0,5.0,0.0,0.0,0.0,0.0,,0.0,
66d6b022000000001d014494,M2026-04,0.01,5.0,1.0,0.0,0.0,0.2,0.01,2.0,
66dff03b0000000012013fe9,M2026-04,0.0,5.0,0.0,0.0,0.0,0.0,,0.0,
66e2a12c000000001e01aaa7,M2026-04,2.11,20.0,6.0,0.0,0.0,0.3,0.351667,105.5,
66e93453000000000c01af8d,M2026-04,0.0,5.0,0.0,0.0,0.0,0.0,,0.0,
66ea8035000000000c0195be,M2026-04,0.0,1.0,0.0,0.0,0.0,0.0,,0.0,
66ee77af0000000012011770,M2026-04,0.0,4.0,0.0,0.0,0.0,0.0,,0.0,
66f682cd000000001b022b20,M2026-04,0.0,1.0,0.0,0.0,0.0,0.0,,0.0,
66fbba48000000001a022a56,M2026-04,0.02,5.0,2.0,0.0,0.0,0.4,0.01,4.0,
6704e10b000000001a021c84,M2026-04,0.0,3.0,0.0,0.0,0.0,0.0,,0.0,
6704f71a000000001902c846,M2026-04,0.0,1.0,0.0,0.0,0.0,0.0,,0.0,
6707a6c4000000001902e5bf,M2026-04,0.0,2.0,0.0,0.0,0.0,0.0,,0.0,
6708c2b6000000001a020873,M2026-04,0.0,3.0,0.0,0.0,0.0,0.0,,0.0,
67123f7f0000000024018cc0,M2026-04,0.05,1.0,1.0,0.0,0.0,1.0,0.05,50.0,
671ae7e4000000001b03d2eb,M2026-04,0.0,2.0,0.0,0.0,0.0,0.0,,0.0,
6721dd3700000000190193ac,M2026-04,0.26,3.0,1.0,0.0,0.0,0.333333,0.26,86.666667,
67288a21000000001b028ca8,M2026-04,0.0,8.0,0.0,0.0,0.0,0.0,,0.0,
672ade53000000001b02cd18,M2026-04,0.0,4.0,0.0,0.0,0.0,0.0,,0.0,
672c566e000000001b02e654,M2026-04,0.01,13.0,1.0,0.0,0.0,0.076923,0.01,0.769231,
6731a9510000000019018f3f,M2026-04,0.0,1.0,0.0,0.0,0.0,0.0,,0.0,
673310ad000000001b029070,M2026-04,0.0,3.0,0.0,0.0,0.0,0.0,,0.0,
67346709000000001901ab3c,M2026-04,0.0,4.0,0.0,0.0,0.0,0.0,,0.0,
6739b08e000000001b02fef2,M2026-04,0.0,3.0,0.0,0.0,0.0,0.0,,0.0,
673ff8f1000000000202dabc,M2026-04,0.02,24.0,2.0,0.0,0.0,0.083333,0.01,0.833333,
6746997b000000000201a834,M2026-04,0.0,1.0,0.0,0.0,0.0,0.0,,0.0,
674aafab0000000007029853,M2026-04,0.64,4.0,1.0,0.0,0.0,0.25,0.64,160.0,
674aea94000000000702700f,M2026-04,0.0,1.0,0.0,0.0,0.0,0.0,,0.0,
674aeaec0000000008004004,M2026-04,0.0,3.0,0.0,0.0,0.0,0.0,,0.0,
674ee864000000000201a856,M2026-04,0.01,5.0,1.0,0.0,0.0,0.2,0.01,2.0,
67516d4c00000000060175a3,M2026-04,0.0,3.0,0.0,0.0,0.0,0.0,,0.0,
6758281a00000000020163f7,M2026-04,0.0,4.0,0.0,0.0,0.0,0.0,,0.0,
67595510000000000103d739,M2026-04,0.0,4.0,0.0,0.0,0.0,0.0,,0.0,
675d4c73000000000103db07,M2026-04,0.0,1.0,0.0,0.0,0.0,0.0,,0.0,
675d4d94000000000103ea64,M2026-04,0.0,5.0,0.0,0.0,0.0,0.0,,0.0,
675d4de00000000002036372,M2026-04,0.0,8.0,0.0,0.0,0.0,0.0,,0.0,
676d2a41000000001300bc31,M2026-04,0.0,4.0,0.0,0.0,0.0,0.0,,0.0,
676d2ace0000000014024f1c,M2026-04,0.0,4.0,0.0,0.0,0.0,0.0,,0.0,
678098fe000000000b020f17,M2026-04,0.0,1.0,0.0,0.0,0.0,0.0,,0.0,
678605f0000000000b03acdc,M2026-04,0.0,4.0,0.0,0.0,0.0,0.0,,0.0,
6410544d0000000012033f3f,M2026-04,0.0,2.0,0.0,0.0,0.0,0.0,,0.0,
641256c200000000270132fe,M2026-04,0.0,2.0,0.0,0.0,0.0,0.0,,0.0,
643363910000000013036c3a,M2026-04,2.34,4.0,2.0,0.0,0.0,0.5,1.17,585.0,
643d0bdd0000000013009678,M2026-04,0.39,8.0,1.0,0.0,0.0,0.125,0.39,48.75,
643fc5080000000013012d9f,M2026-04,0.0,4.0,0.0,0.0,0.0,0.0,,0.0,
6443908600000000270296f7,M2026-04,0.01,3.0,1.0,0.0,0.0,0.333333,0.01,3.333333,
64731fd70000000027000393,M2026-04,0.0,3.0,0.0,0.0,0.0,0.0,,0.0,
6477fd8a0000000013032770,M2026-04,0.0,1.0,0.0,0.0,0.0,0.0,,0.0,
64885b9c0000000011013a45,M2026-04,0.01,9.0,1.0,0.0,0.0,0.111111,0.01,1.111111,
649823ba00000000110130b6,M2026-04,0.0,1.0,0.0,0.0,0.0,0.0,,0.0,
64b678fb000000001c019fa6,M2026-04,0.0,1.0,0.0,0.0,0.0,0.0,,0.0,
64b8a1eb000000000800fa47,M2026-04,0.0,1.0,0.0,0.0,0.0,0.0,,0.0,
64c642ae000000000800d6ec,M2026-04,0.0,1.0,0.0,0.0,0.0,0.0,,0.0,
64cf61180000000010031cfe,M2026-04,0.0,2.0,0.0,0.0,0.0,0.0,,0.0,
64dc3f58000000001201ac60,M2026-04,0.0,3.0,0.0,0.0,0.0,0.0,,0.0,
64e47b0d000000000a01aaae,M2026-04,0.01,11.0,1.0,0.0,0.0,0.090909,0.01,0.909091,
64e4844e000000000800dc3d,M2026-04,0.0,2.0,0.0,0.0,0.0,0.0,,0.0,
64e7171b00000000030215fb,M2026-04,0.0,1.0,0.0,0.0,0.0,0.0,,0.0,
65377938000000001f037917,M2026-04,0.11,1.0,1.0,0.0,0.0,1.0,0.11,110.0,
653b2a26000000001e02923e,M2026-04,0.0,1.0,0.0,0.0,0.0,0.0,,0.0,
653e2bbf000000001e02c9dd,M2026-04,0.0,2.0,0.0,0.0,0.0,0.0,,0.0,
6544c4a3000000001e00dd7c,M2026-04,0.0,5.0,0.0,0.0,0.0,0.0,,0.0,
65463d9c000000001e03fb1d,M2026-04,0.01,1.0,1.0,0.0,0.0,1.0,0.01,10.0,
656072c0000000003203bb8f,M2026-04,0.0,1.0,0.0,0.0,0.0,0.0,,0.0,
65644368000000003203b119,M2026-04,0.0,1.0,0.0,0.0,0.0,0.0,,0.0,
657d5f830000000009021b23,M2026-04,0.11,1.0,1.0,0.0,0.0,1.0,0.11,110.0,
657ea361000000000602be25,M2026-04,0.0,1.0,0.0,0.0,0.0,0.0,,0.0,
6581477d000000000901c441,M2026-04,0.01,1.0,1.0,0.0,0.0,1.0,0.01,10.0,
65814838000000000901a935,M2026-04,0.0,1.0,0.0,0.0,0.0,0.0,,0.0,
659fa865000000001101406e,M2026-04,0.0,2.0,0.0,0.0,0.0,0.0,,0.0,
65a2414b000000001e007d30,M2026-04,0.02,6.0,1.0,0.0,0.0,0.166667,0.02,3.333333,
65aa2ac7000000002c00f823,M2026-04,0.04,8.0,1.0,0.0,0.0,0.125,0.04,5.0,
6789cea30000000003020dcd,M2026-04,0.0,2.0,0.0,0.0,0.0,0.0,,0.0,
678a2e8800000000180176ef,M2026-04,0.060000000000000005,9.0,2.0,0.0,0.0,0.222222,0.03,6.666667,
67aafd04000000001801b699,M2026-04,0.0,4.0,0.0,0.0,0.0,0.0,,0.0,
6813201a000000002001dd65,M2026-04,0.0,2.0,0.0,0.0,0.0,0.0,,0.0,
683d649900000000210085bc,M2026-04,0.060000000000000005,12.0,2.0,0.0,0.0,0.166667,0.03,5.0,
6856700e000000000d0253e5,M2026-04,0.0,8.0,0.0,0.0,0.0,0.0,,0.0,
68ad61bc000000001b02256d,M2026-04,0.02,7.0,1.0,0.0,0.0,0.142857,0.02,2.857143,
68b55e6f000000001d00caa1,M2026-04,0.0,5.0,0.0,0.0,0.0,0.0,,0.0,
68e38f400000000004015879,M2026-04,0.0,2.0,0.0,0.0,0.0,0.0,,0.0,
69269ad2000000001f00df99,M2026-04,0.04,4.0,1.0,0.0,0.0,0.25,0.04,10.0,
692a6de6000000001e03812d,M2026-04,0.13,22.0,2.0,1.0,0.0,0.090909,0.065,5.909091,
693136b3000000001e02c40d,M2026-04,0.0,2.0,0.0,0.0,0.0,0.0,,0.0,
69327e83000000001f00ca08,M2026-04,0.01,8.0,1.0,0.0,0.0,0.125,0.01,1.25,
693bc13f000000001d03babb,M2026-04,0.0,5.0,0.0,0.0,0.0,0.0,,0.0,
6944f0ec000000001f008341,M2026-04,0.0,1.0,0.0,0.0,0.0,0.0,,0.0,
694b48a2000000001e02c5a1,M2026-04,0.02,3.0,1.0,0.0,0.0,0.333333,0.02,6.666667,
695c8593000000001a0246c8,M2026-04,0.0,1.0,0.0,0.0,0.0,0.0,,0.0,
6968a7e1000000001a032b62,M2026-04,0.06,10.0,1.0,0.0,0.0,0.1,0.06,6.0,
6979d9d0000000002102890e,M2026-04,0.39,17.0,3.0,0.0,0.0,0.176471,0.13,22.941176,
697f212d00000000220305e3,M2026-04,0.0,5.0,0.0,0.0,0.0,0.0,,0.0,
6987020d0000000015038216,M2026-04,0.0,5.0,0.0,0.0,0.0,0.0,,0.0,
698b25ad000000001b014b1d,M2026-04,0.0,1.0,0.0,0.0,0.0,0.0,,0.0,
699c18a70000000015023477,M2026-04,0.11000000000000001,14.0,2.0,0.0,0.0,0.142857,0.055,7.857143,
63a6a7af000000001e03f0a2,M2026-04,0.0,1.0,0.0,0.0,0.0,0.0,,0.0,
63a6a8b90000000022039f3f,M2026-04,0.01,3.0,1.0,0.0,0.0,0.333333,0.01,3.333333,
63b4f9d1000000001c0362e5,M2026-04,0.0,2.0,0.0,0.0,0.0,0.0,,0.0,
6450d8cc000000000800eb4f,M2026-04,0.0,3.0,0.0,0.0,0.0,0.0,,0.0,
64588e73000000001300decc,M2026-04,0.0,1.0,0.0,0.0,0.0,0.0,,0.0,
6486b3ef0000000013015d36,M2026-04,0.0,9.0,0.0,0.0,0.0,0.0,,0.0,
6491849a000000001303dd01,M2026-04,0.0,2.0,0.0,0.0,0.0,0.0,,0.0,
64bfa9d2000000000b02a2e0,M2026-04,0.0,1.0,0.0,0.0,0.0,0.0,,0.0,
64c5c5c9000000000800cb2f,M2026-04,0.0,1.0,0.0,0.0,0.0,0.0,,0.0,
64d393bd000000001701bf73,M2026-04,0.0,1.0,0.0,0.0,0.0,0.0,,0.0,
64fbe901000000001d01424c,M2026-04,0.08,6.0,2.0,1.0,1.0,0.333333,0.04,13.333333,0.08
6513ce6f000000001e03ff42,M2026-04,0.28,1.0,1.0,0.0,0.0,1.0,0.28,280.0,
6513d286000000001f004754,M2026-04,0.0,1.0,0.0,0.0,0.0,0.0,,0.0,
652610dc000000002000036e,M2026-04,0.0,1.0,0.0,0.0,0.0,0.0,,0.0,
65786cff000000000901b609,M2026-04,0.12,4.0,1.0,0.0,0.0,0.25,0.12,30.0,
6583f59d000000000801dd26,M2026-04,0.0,2.0,0.0,0.0,0.0,0.0,,0.0,
65950e93000000001102cbc9,M2026-04,0.0,1.0,0.0,0.0,0.0,0.0,,0.0,
659cef07000000001d029781,M2026-04,0.0,2.0,0.0,0.0,0.0,0.0,,0.0,
65aa2d28000000002d011eda,M2026-04,0.0,1.0,0.0,0.0,0.0,0.0,,0.0,
65ab7c5b000000002c0168ab,M2026-04,0.0,2.0,0.0,0.0,0.0,0.0,,0.0,
65ab7d28000000002b03d305,M2026-04,0.0,1.0,0.0,0.0,0.0,0.0,,0.0,
65ae1fa3000000002b03d89a,M2026-04,0.0,2.0,0.0,0.0,0.0,0.0,,0.0,
65af7d44000000002d0034c9,M2026-04,0.0,1.0,0.0,0.0,0.0,0.0,,0.0,
65af81bb000000002c0298e0,M2026-04,0.0,2.0,0.0,0.0,0.0,0.0,,0.0,
65b1c7c1000000002c03b2dd,M2026-04,0.0,1.0,0.0,0.0,0.0,0.0,,0.0,
65b1c94b000000002c03d4a3,M2026-04,0.0,6.0,0.0,0.0,0.0,0.0,,0.0,
65b1ca54000000002c03808f,M2026-04,0.0,3.0,0.0,0.0,0.0,0.0,,0.0,
65b1cd36000000002b03d7cd,M2026-04,0.0,1.0,0.0,0.0,0.0,0.0,,0.0,
65bda9b0000000000702ba34,M2026-04,0.1,9.0,2.0,0.0,0.0,0.222222,0.05,11.111111,
65d70563000000000702706b,M2026-04,0.0,1.0,0.0,0.0,0.0,0.0,,0.0,
65deeaab0000000004002a31,M2026-04,0.0,1.0,0.0,0.0,0.0,0.0,,0.0,
65e182c80000000004002036,M2026-04,0.0,2.0,0.0,0.0,0.0,0.0,,0.0,
65e1b4530000000003035d58,M2026-04,0.0,5.0,0.0,0.0,0.0,0.0,,0.0,
65e1b549000000000102a921,M2026-04,0.0,6.0,0.0,0.0,0.0,0.0,,0.0,
65e6d0ef0000000003035601,M2026-04,0.0,4.0,0.0,0.0,0.0,0.0,,0.0,
65f00b180000000012022856,M2026-04,0.0,2.0,0.0,0.0,0.0,0.0,,0.0,
65f6a5cd000000001203f9f7,M2026-04,0.0,2.0,0.0,0.0,0.0,0.0,,0.0,
65f944fe0000000012022427,M2026-04,0.0,1.0,0.0,0.0,0.0,0.0,,0.0,
660bba60000000001a00e04c,M2026-04,0.0,2.0,0.0,0.0,0.0,0.0,,0.0,
6618e8ba000000001a013290,M2026-04,0.0,4.0,0.0,0.0,0.0,0.0,,0.0,
6618eaf6000000001a015070,M2026-04,0.0,6.0,0.0,0.0,0.0,0.0,,0.0,
66220c67000000000401b2db,M2026-04,0.0,2.0,0.0,0.0,0.0,0.0,,0.0,
66347e89000000001e03b264,M2026-04,0.0,1.0,0.0,0.0,0.0,0.0,,0.0,
6639e5f9000000001e0373c4,M2026-04,0.0,2.0,0.0,0.0,0.0,0.0,,0.0,
66446b66000000001e037901,M2026-04,0.0,3.0,0.0,0.0,0.0,0.0,,0.0,
66499a490000000016010c8f,M2026-04,0.01,4.0,1.0,0.0,0.0,0.25,0.01,2.5,
6652ebc30000000005005357,M2026-04,0.0,3.0,0.0,0.0,0.0,0.0,,0.0,
66713e70000000000e030251,M2026-04,0.0,1.0,0.0,0.0,0.0,0.0,,0.0,
66728e8a000000000d00dc70,M2026-04,0.0,8.0,0.0,0.0,0.0,0.0,,0.0,
6683b3f2000000001e01337e,M2026-04,0.0,1.0,0.0,0.0,0.0,0.0,,0.0,
669cc0240000000025004a91,M2026-04,0.0,1.0,0.0,0.0,0.0,0.0,,0.0,
66a20a7e000000002701f759,M2026-04,0.0,1.0,0.0,0.0,0.0,0.0,,0.0,
66b328b4000000001e01ff94,M2026-04,0.0,1.0,0.0,0.0,0.0,0.0,,0.0,
66c59bdc000000001d0398e2,M2026-04,0.0,1.0,0.0,0.0,0.0,0.0,,0.0,
66cc34fa000000001d01465c,M2026-04,0.02,4.0,2.0,0.0,0.0,0.5,0.01,5.0,
66dd55c300000000120105cd,M2026-04,0.0,1.0,0.0,0.0,0.0,0.0,,0.0,
66e2a0a3000000000c01831f,M2026-04,0.0,1.0,0.0,0.0,0.0,0.0,,0.0,
66efcc6f000000001e019094,M2026-04,0.01,4.0,1.0,0.0,0.0,0.25,0.01,2.5,
670394ef000000001a023e78,M2026-04,0.0,2.0,0.0,0.0,0.0,0.0,,0.0,
6703954a000000001902e7a0,M2026-04,0.03,1.0,1.0,0.0,0.0,1.0,0.03,30.0,
6708dde4000000001902e388,M2026-04,0.0,3.0,0.0,0.0,0.0,0.0,,0.0,
6710dd830000000021005a44,M2026-04,0.02,8.0,1.0,0.0,0.0,0.125,0.02,2.5,
6718bfc80000000024017edc,M2026-04,0.0,1.0,0.0,0.0,0.0,0.0,,0.0,
6719f854000000002401b794,M2026-04,0.01,4.0,1.0,0.0,0.0,0.25,0.01,2.5,
67233adb000000001b02a1cb,M2026-04,0.0,1.0,0.0,0.0,0.0,0.0,,0.0,
67287871000000001a01d18f,M2026-04,0.0,2.0,0.0,0.0,0.0,0.0,,0.0,
6735bdfa000000001b011277,M2026-04,0.0,1.0,0.0,0.0,0.0,0.0,,0.0,
6736e628000000001b02ee72,M2026-04,0.0,1.0,0.0,0.0,0.0,0.0,,0.0,
67456ae0000000000203af51,M2026-04,0.0,4.0,0.0,0.0,0.0,0.0,,0.0,
6758294c0000000002035a8a,M2026-04,0.01,5.0,1.0,0.0,0.0,0.2,0.01,2.0,
675950b700000000020355bf,M2026-04,0.0,6.0,0.0,0.0,0.0,0.0,,0.0,
6766903d000000000b00cbc1,M2026-04,0.13,4.0,1.0,0.0,0.0,0.25,0.13,32.5,
6767e32d000000000b00d6fd,M2026-04,0.01,7.0,1.0,0.0,0.0,0.142857,0.01,1.428571,
678372a1000000001703fbd2,M2026-04,0.0,2.0,0.0,0.0,0.0,0.0,,0.0,
67bc22fd000000002803d459,M2026-04,0.0,1.0,0.0,0.0,0.0,0.0,,0.0,
67cc0e2a000000002a00e11f,M2026-04,0.0,3.0,0.0,0.0,0.0,0.0,,0.0,
67d528df000000001c00940f,M2026-04,0.0,2.0,0.0,0.0,0.0,0.0,,0.0,
67d69d6b000000001e004308,M2026-04,0.0,2.0,0.0,0.0,0.0,0.0,,0.0,
67d69e7b000000001c009c94,M2026-04,0.0,2.0,0.0,0.0,0.0,0.0,,0.0,
6805fb0c000000000f030f2f,M2026-04,0.0,1.0,0.0,0.0,0.0,0.0,,0.0,
687f2d82000000002203ed08,M2026-04,0.0,2.0,0.0,0.0,0.0,0.0,,0.0,
687f2f20000000002203f8ab,M2026-04,0.0,3.0,0.0,0.0,0.0,0.0,,0.0,
68873cb70000000015021ff1,M2026-04,0.0,1.0,0.0,0.0,0.0,0.0,,0.0,
688b3145000000002501aed8,M2026-04,0.0,2.0,0.0,0.0,0.0,0.0,,0.0,
689057d10000000002001d43,M2026-04,0.0,1.0,0.0,0.0,0.0,0.0,,0.0,
68ef6601000000000301a9cb,M2026-04,0.0,6.0,0.0,0.0,0.0,0.0,,0.0,
693bbefd000000001d03ffd0,M2026-04,0.0,3.0,0.0,0.0,0.0,0.0,,0.0,
6949f799000000001e031534,M2026-04,0.0,1.0,0.0,0.0,0.0,0.0,,0.0,
6963652c000000002200a5f4,M2026-04,0.0,1.0,0.0,0.0,0.0,0.0,,0.0,
69a164ee000000001b01f93e,M2026-04,0.0,1.0,0.0,0.0,0.0,0.0,,0.0,
69a6f524000000001b01ec45,M2026-04,0.0,2.0,0.0,0.0,0.0,0.0,,0.0,
69aaa345000000001502198f,M2026-04,6.090000000000002,192.0,33.0,2.0,0.0,0.171875,0.184545,31.71875,
69abed790000000015039bcf,M2026-04,1.02,24.0,4.0,0.0,0.0,0.166667,0.255,42.5,
69ad786b0000000015032dfb,M2026-04,0.03,22.0,2.0,0.0,0.0,0.090909,0.015,1.363636,
69af8cfd00000000160099b4,M2026-04,2.9799999999999995,82.0,19.0,1.0,1.0,0.231707,0.156842,36.341463,2.98
69b12517000000001d010985,M2026-04,0.0,1.0,0.0,0.0,0.0,0.0,,0.0,
69b12f420000000015033f3a,M2026-04,0.84,14.0,2.0,0.0,0.0,0.142857,0.42,60.0,
69b3dc74000000001a029467,M2026-04,2.52,123.0,16.0,0.0,0.0,0.130081,0.1575,20.487805,
69b4c0c0000000001a02650e,M2026-04,0.0,3.0,0.0,0.0,0.0,0.0,,0.0,
69b7a0fc0000000022003030,M2026-04,0.0,10.0,0.0,0.0,0.0,0.0,,0.0,
69b901f800000000220023f4,M2026-04,0.0,3.0,0.0,0.0,0.0,0.0,,0.0,
69b92555000000001a0330c1,M2026-04,0.35000000000000003,12.0,4.0,0.0,0.0,0.333333,0.0875,29.166667,
69be6173000000002102df26,M2026-04,0.0,6.0,0.0,0.0,0.0,0.0,,0.0,
69bedca5000000001a021915,M2026-04,1.2100000000000002,56.0,6.0,0.0,0.0,0.107143,0.201667,21.607143,
69bedd4900000000220023ed,M2026-04,6.890000000000001,92.0,10.0,0.0,0.0,0.108696,0.689,74.891304,
69c3a080000000002102ca12,M2026-04,0.37,17.0,2.0,0.0,0.0,0.117647,0.185,21.764706,
69c79a74000000002102e490,M2026-04,0.0,3.0,0.0,0.0,0.0,0.0,,0.0,
69c7de83000000002200122e,M2026-04,0.0,3.0,0.0,0.0,0.0,0.0,,0.0,
69cce0ed000000001a029e9d,M2026-04,0.19,4.0,2.0,0.0,0.0,0.5,0.095,47.5,
69ce5721000000001a030e4f,M2026-04,0.0,1.0,0.0,0.0,0.0,0.0,,0.0,
69d230ff000000001a027d5b,M2026-04,0.0,2.0,0.0,0.0,0.0,0.0,,0.0,
69d258ed000000002102fc18,M2026-04,1.01,5.0,3.0,0.0,0.0,0.6,0.336667,202.0,
69d62437000000001a029164,M2026-04,0.0,4.0,0.0,0.0,0.0,0.0,,0.0,
69df4d36000000001a02813c,M2026-04,0.24,4.0,1.0,0.0,0.0,0.25,0.24,60.0,
69e098fe000000001a02a5f9,M2026-04,0.0,3.0,0.0,0.0,0.0,0.0,,0.0,
69e3479d00000000220012d6,M2026-04,0.25,16.0,1.0,0.0,0.0,0.0625,0.25,15.625,
646b2d4a000000001300b272,M2026-04,0.0,2.0,0.0,0.0,0.0,0.0,,0.0,
64b7c99d000000001c00c6cc,M2026-04,0.0,3.0,0.0,0.0,0.0,0.0,,0.0,
64cb70bc0000000017019318,M2026-04,0.01,1.0,1.0,0.0,0.0,1.0,0.01,10.0,
64e9e1c4000000001701bbe7,M2026-04,0.01,3.0,1.0,0.0,0.0,0.333333,0.01,3.333333,
64f1ebcb000000001f004dee,M2026-04,0.0,1.0,0.0,0.0,0.0,0.0,,0.0,
6513d5f6000000001d0161e5,M2026-04,0.0,3.0,0.0,0.0,0.0,0.0,,0.0,
653f7c2d000000001e03cd7f,M2026-04,0.0,2.0,0.0,0.0,0.0,0.0,,0.0,
654cea4e000000000f028244,M2026-04,0.0,2.0,0.0,0.0,0.0,0.0,,0.0,
65703c1f00000000090243f0,M2026-04,0.01,4.0,1.0,0.0,0.0,0.25,0.01,2.5,
657ea253000000000801d9db,M2026-04,0.0,1.0,0.0,0.0,0.0,0.0,,0.0,
658fd215000000001d03322d,M2026-04,0.13,4.0,1.0,0.0,0.0,0.25,0.13,32.5,
659ceec100000000180285c8,M2026-04,0.31,5.0,1.0,0.0,0.0,0.2,0.31,62.0,
65a38b47000000001102c9f3,M2026-04,0.0,1.0,0.0,0.0,0.0,0.0,,0.0,
65a78024000000002a015727,M2026-04,0.25,5.0,2.0,0.0,0.0,0.4,0.125,50.0,
65bdaa2d000000002c014a5e,M2026-04,0.0,1.0,0.0,0.0,0.0,0.0,,0.0,
65dd9bfd000000000102ae17,M2026-04,0.0,3.0,0.0,0.0,0.0,0.0,,0.0,
65e971f20000000003034ab7,M2026-04,0.0,2.0,0.0,0.0,0.0,0.0,,0.0,
66027d4c000000000d00d3b3,M2026-04,0.0,1.0,0.0,0.0,0.0,0.0,,0.0,
660a8bb5000000001a00e333,M2026-04,0.0,4.0,0.0,0.0,0.0,0.0,,0.0,
661b8c70000000001a015dd6,M2026-04,0.0,1.0,0.0,0.0,0.0,0.0,,0.0,
66713fcb000000000d00f84d,M2026-04,0.0,1.0,0.0,0.0,0.0,0.0,,0.0,
66767fc7000000001c025317,M2026-04,0.0,1.0,0.0,0.0,0.0,0.0,,0.0,
668f7a420000000025017adb,M2026-04,0.0,1.0,0.0,0.0,0.0,0.0,,0.0,
6694d8b60000000025004759,M2026-04,0.0,4.0,0.0,0.0,0.0,0.0,,0.0,
66a36fee0000000027010d62,M2026-04,0.0,1.0,0.0,0.0,0.0,0.0,,0.0,
66af362f000000002701ffff,M2026-04,0.0,3.0,0.0,0.0,0.0,0.0,,0.0,
6704e182000000001a02279d,M2026-04,0.0,2.0,0.0,0.0,0.0,0.0,,0.0,
67063284000000001902cbff,M2026-04,0.0,1.0,0.0,0.0,0.0,0.0,,0.0,
671a1e8200000000210035b5,M2026-04,0.0,1.0,0.0,0.0,0.0,0.0,,0.0,
673dc1d500000000080040bb,M2026-04,0.0,1.0,0.0,0.0,0.0,0.0,,0.0,
6758289700000000020256b3,M2026-04,0.0,1.0,0.0,0.0,0.0,0.0,,0.0,
6767e30a000000000800d940,M2026-04,0.0,3.0,0.0,0.0,0.0,0.0,,0.0,
6771066a000000000b0153df,M2026-04,0.0,2.0,0.0,0.0,0.0,0.0,,0.0,
6772730a000000000800ea07,M2026-04,0.0,1.0,0.0,0.0,0.0,0.0,,0.0,
6777b99b000000000902c554,M2026-04,0.0,1.0,0.0,0.0,0.0,0.0,,0.0,
677f7bd9000000000100a77d,M2026-04,0.0,2.0,0.0,0.0,0.0,0.0,,0.0,
67bd71a5000000002a001592,M2026-04,0.0,1.0,0.0,0.0,0.0,0.0,,0.0,
67e11541000000000e004e7a,M2026-04,0.0,1.0,0.0,0.0,0.0,0.0,,0.0,
6815ba66000000000e007f23,M2026-04,0.0,1.0,0.0,0.0,0.0,0.0,,0.0,
65bc5d0900000000080216ad,M2026-04,0.0,1.0,0.0,0.0,0.0,0.0,,0.0,
65fe8b5c000000000d00f095,M2026-04,0.0,1.0,0.0,0.0,0.0,0.0,,0.0,
66012e660000000012022140,M2026-04,0.0,1.0,0.0,0.0,0.0,0.0,,0.0,
662360c80000000001030bf3,M2026-04,0.01,1.0,1.0,0.0,0.0,1.0,0.01,10.0,
662361e70000000001007a50,M2026-04,0.0,1.0,0.0,0.0,0.0,0.0,,0.0,
66306b40000000001e03454c,M2026-04,0.0,1.0,0.0,0.0,0.0,0.0,,0.0,
6639de13000000001e031019,M2026-04,0.0,1.0,0.0,0.0,0.0,0.0,,0.0,
6668061e0000000006007804,M2026-04,0.0,2.0,0.0,0.0,0.0,0.0,,0.0,
66768143000000001e011fd6,M2026-04,0.0,1.0,0.0,0.0,0.0,0.0,,0.0,
6683b227000000001e0108a5,M2026-04,0.0,1.0,0.0,0.0,0.0,0.0,,0.0,
669a1cab0000000025017ce3,M2026-04,0.0,1.0,0.0,0.0,0.0,0.0,,0.0,
69293b78000000001e02862b,M2026-04,0.0,2.0,0.0,0.0,0.0,0.0,,0.0,
6933d69f000000001d03bd97,M2026-04,0.0,2.0,0.0,0.0,0.0,0.0,,0.0,
69354b60000000001e00aa84,M2026-04,0.0,1.0,0.0,0.0,0.0,0.0,,0.0,
693bc01c000000001d03c663,M2026-04,0.0,2.0,0.0,0.0,0.0,0.0,,0.0,
69a6a375000000001d012a11,M2026-04,0.04,20.0,2.0,0.0,0.0,0.1,0.02,2.0,
69a6f4cc0000000015033661,M2026-04,0.0,2.0,0.0,0.0,0.0,0.0,,0.0,
69ae792e000000001b01c54d,M2026-04,0.0,5.0,0.0,0.0,0.0,0.0,,0.0,
69b785f7000000002101037b,M2026-04,0.0,1.0,0.0,0.0,0.0,0.0,,0.0,
69b7a14300000000220031c0,M2026-04,0.0,4.0,0.0,0.0,0.0,0.0,,0.0,
69ba9ad6000000001a023187,M2026-04,0.0,2.0,0.0,0.0,0.0,0.0,,0.0,
69bbb2fa000000002102dd39,M2026-04,1.59,7.0,3.0,0.0,0.0,0.428571,0.53,227.142857,
69bd118700000000220011b2,M2026-04,0.0,1.0,0.0,0.0,0.0,0.0,,0.0,
69bd11d5000000001a030a01,M2026-04,0.0,2.0,0.0,0.0,0.0,0.0,,0.0,
69c258e400000000220002ec,M2026-04,0.0,13.0,0.0,0.0,0.0,0.0,,0.0,
69c4fc20000000001a0335fb,M2026-04,0.0,1.0,0.0,0.0,0.0,0.0,,0.0,
69d49918000000001a027488,M2026-04,5.22,16.0,1.0,0.0,0.0,0.0625,5.22,326.25,
69d76c9d000000001a030e8b,M2026-04,0.0,1.0,0.0,0.0,0.0,0.0,,0.0,
69d8c91f000000001a023d2d,M2026-04,0.0,2.0,0.0,0.0,0.0,0.0,,0.0,
69dca9fe000000002103a4d3,M2026-04,0.0,5.0,0.0,0.0,0.0,0.0,,0.0,
69ddfff300000000210381b5,M2026-04,0.0,8.0,0.0,0.0,0.0,0.0,,0.0,
63b7e4590000000022038166,M2026-04,0.0,4.0,0.0,0.0,0.0,0.0,,0.0,
648ed434000000000800f094,M2026-04,0.0,1.0,0.0,0.0,0.0,0.0,,0.0,
64ad47b4000000002b038a25,M2026-04,0.01,3.0,1.0,0.0,0.0,0.333333,0.01,3.333333,
64b9f4ed000000000c035a58,M2026-04,0.0,2.0,0.0,0.0,0.0,0.0,,0.0,
64d99c8000000000030203a1,M2026-04,0.0,1.0,0.0,0.0,0.0,0.0,,0.0,
6535e1fd000000001f03e179,M2026-04,0.0,1.0,0.0,0.0,0.0,0.0,,0.0,
6583f60c000000000700b8af,M2026-04,0.0,3.0,0.0,0.0,0.0,0.0,,0.0,
658e8bfc000000001d036ed2,M2026-04,0.0,1.0,0.0,0.0,0.0,0.0,,0.0,
659e6d76000000001102e7be,M2026-04,0.0,1.0,0.0,0.0,0.0,0.0,,0.0,
65a38bf2000000001e005fcb,M2026-04,0.0,1.0,0.0,0.0,0.0,0.0,,0.0,
65bc60fe0000000008022950,M2026-04,0.0,1.0,0.0,0.0,0.0,0.0,,0.0,
660d248a000000001a014521,M2026-04,0.0,2.0,0.0,0.0,0.0,0.0,,0.0,
6620bf580000000004019f2d,M2026-04,0.0,1.0,0.0,0.0,0.0,0.0,,0.0,
662c9cd60000000004019e85,M2026-04,0.0,1.0,0.0,0.0,0.0,0.0,,0.0,
66b47ad0000000001e01fdc0,M2026-04,0.0,1.0,0.0,0.0,0.0,0.0,,0.0,
66c99171000000001d017728,M2026-04,0.0,2.0,0.0,0.0,0.0,0.0,,0.0,
66d179e2000000001d01b84b,M2026-04,0.01,4.0,1.0,0.0,0.0,0.25,0.01,2.5,
66d6b449000000001d015e58,M2026-04,0.0,3.0,0.0,0.0,0.0,0.0,,0.0,
66f287b3000000001b0211f4,M2026-04,0.01,1.0,1.0,0.0,0.0,1.0,0.01,10.0,
66fe5b00000000001b02147c,M2026-04,0.04,3.0,1.0,0.0,0.0,0.333333,0.04,13.333333,
6707a3ea000000001902db4a,M2026-04,0.01,6.0,1.0,0.0,0.0,0.166667,0.01,1.666667,
6721ae13000000001b0126c3,M2026-04,0.0,1.0,0.0,0.0,0.0,0.0,,0.0,
672c2cfd00000000190176e7,M2026-04,0.01,3.0,1.0,0.0,0.0,0.333333,0.01,3.333333,
678cd6e7000000000a006a3c,M2026-04,0.0,1.0,0.0,0.0,0.0,0.0,,0.0,
67ad9f1a000000002903d131,M2026-04,0.0,1.0,0.0,0.0,0.0,0.0,,0.0,
68d25863000000001202f08f,M2026-04,0.0,1.0,0.0,0.0,0.0,0.0,,0.0,
693d34ce000000001e00e6db,M2026-04,0.0,2.0,0.0,0.0,0.0,0.0,,0.0,
69a69ecb00000000150237fb,M2026-04,0.0,1.0,0.0,0.0,0.0,0.0,,0.0,
69ce32e1000000001a027e78,M2026-04,0.0,1.0,0.0,0.0,0.0,0.0,,0.0,
69db4493000000001a033d3f,M2026-04,0.0,3.0,0.0,0.0,0.0,0.0,,0.0,
69dcaa3f000000001a023139,M2026-04,0.0,9.0,0.0,0.0,0.0,0.0,,0.0,
64bfa29d000000000a0186f9,M2026-04,0.0,1.0,0.0,0.0,0.0,0.0,,0.0,
64e9c9cb000000000c036ba7,M2026-04,0.0,1.0,0.0,0.0,0.0,0.0,,0.0,
653786db000000001e03fa90,M2026-04,0.0,1.0,0.0,0.0,0.0,0.0,,0.0,
6690f3ed0000000025002592,M2026-04,0.0,1.0,0.0,0.0,0.0,0.0,,0.0,
669f5e4e000000002701d816,M2026-04,0.0,1.0,0.0,0.0,0.0,0.0,,0.0,
66cd874b000000001d039372,M2026-04,0.0,1.0,0.0,0.0,0.0,0.0,,0.0,
671228c20000000026036fac,M2026-04,0.0,1.0,0.0,0.0,0.0,0.0,,0.0,
67457104000000000601682d,M2026-04,0.0,2.0,0.0,0.0,0.0,0.0,,0.0,
67b2e3d4000000001902f507,M2026-04,0.0,4.0,0.0,0.0,0.0,0.0,,0.0,
67d93fa9000000001c03de48,M2026-04,0.0,1.0,0.0,0.0,0.0,0.0,,0.0,
696aefeb0000000022032c06,M2026-04,0.0,1.0,0.0,0.0,0.0,0.0,,0.0,
6991bbf0000000001d0136ba,M2026-04,0.0,2.0,0.0,0.0,0.0,0.0,,0.0,
69a2ed630000000015030861,M2026-04,0.0,2.0,0.0,0.0,0.0,0.0,,0.0,
69b28398000000001b01e6e7,M2026-04,0.0,1.0,0.0,0.0,0.0,0.0,,0.0,
69ca3f300000000022003c4b,M2026-04,0.0,6.0,0.0,0.0,0.0,0.0,,0.0,
69ddffbf000000001a029ff1,M2026-04,0.0,1.0,0.0,0.0,0.0,0.0,,0.0,
640de7920000000013009df9,M2026-04,0.0,1.0,0.0,0.0,0.0,0.0,,0.0,
642a302200000000130115ff,M2026-04,0.0,1.0,0.0,0.0,0.0,0.0,,0.0,
64e96acc000000000b02a30a,M2026-04,0.0,1.0,0.0,0.0,0.0,0.0,,0.0,
6513d3cd000000001f03ee8a,M2026-04,0.0,2.0,0.0,0.0,0.0,0.0,,0.0,
652666cf000000001e00e3fe,M2026-04,0.0,1.0,0.0,0.0,0.0,0.0,,0.0,
65703a30000000000700a8c0,M2026-04,0.0,1.0,0.0,0.0,0.0,0.0,,0.0,
65e58787000000000102aa4b,M2026-04,0.03,12.0,3.0,0.0,0.0,0.25,0.01,2.5,
65e6f784000000000102b8cb,M2026-04,0.0,3.0,0.0,0.0,0.0,0.0,,0.0,
65fbe581000000001203c82b,M2026-04,0.0,1.0,0.0,0.0,0.0,0.0,,0.0,
6652ef870000000014019780,M2026-04,0.0,2.0,0.0,0.0,0.0,0.0,,0.0,
66640e3f00000000060041c0,M2026-04,0.0,1.0,0.0,0.0,0.0,0.0,,0.0,
669384d100000000250062d4,M2026-04,0.01,2.0,1.0,0.0,0.0,0.5,0.01,5.0,
66bf06a1000000001e01a50a,M2026-04,0.0,1.0,0.0,0.0,0.0,0.0,,0.0,
66dfef7b000000001e019645,M2026-04,0.0,1.0,0.0,0.0,0.0,0.0,,0.0,
66fcf909000000001a020735,M2026-04,0.0,1.0,0.0,0.0,0.0,0.0,,0.0,
67123f100000000021003d08,M2026-04,0.0,1.0,0.0,0.0,0.0,0.0,,0.0,
673dc19700000000070294b0,M2026-04,0.0,3.0,0.0,0.0,0.0,0.0,,0.0,
674aadee0000000007025e3a,M2026-04,0.0,1.0,0.0,0.0,0.0,0.0,,0.0,
675ffb77000000000900f40b,M2026-04,0.01,1.0,1.0,0.0,0.0,1.0,0.01,10.0,
6786059c0000000020021ef2,M2026-04,0.0,1.0,0.0,0.0,0.0,0.0,,0.0,
67ada00c000000002602ec80,M2026-04,0.0,1.0,0.0,0.0,0.0,0.0,,0.0,
6937ecf7000000000d03ecf4,M2026-04,0.0,2.0,0.0,0.0,0.0,0.0,,0.0,
694ba3e1000000001e02e9af,M2026-04,0.0,1.0,0.0,0.0,0.0,0.0,,0.0,
66de915b0000000012012811,M2026-04,0.0,1.0,0.0,0.0,0.0,0.0,,0.0,
674aeb8a0000000007036348,M2026-04,0.0,2.0,0.0,0.0,0.0,0.0,,0.0,
6788c95b0000000016035fab,M2026-04,0.0,4.0,0.0,0.0,0.0,0.0,,0.0,
68a831d8000000001d024d2f,M2026-04,0.0,1.0,0.0,0.0,0.0,0.0,,0.0,
68ad65fc000000001c00c43b,M2026-04,0.0,1.0,0.0,0.0,0.0,0.0,,0.0,
69aaa2b9000000001600a77a,M2026-04,0.0,1.0,0.0,0.0,0.0,0.0,,0.0,
69bbb35500000000210120c6,M2026-04,0.0,2.0,0.0,0.0,0.0,0.0,,0.0,
69c68d400000000022002f3b,M2026-04,0.0,1.0,0.0,0.0,0.0,0.0,,0.0,
63d150f60000000004005303,M2026-04,0.0,1.0,0.0,0.0,0.0,0.0,,0.0,
6435209d000000001303c9a0,M2026-04,0.0,1.0,0.0,0.0,0.0,0.0,,0.0,
6445df410000000013002058,M2026-04,0.0,1.0,0.0,0.0,0.0,0.0,,0.0,
644a1ab10000000013008603,M2026-04,0.0,2.0,0.0,0.0,0.0,0.0,,0.0,
6450dffa0000000027012a1c,M2026-04,0.0,2.0,0.0,0.0,0.0,0.0,,0.0,
646eb44c00000000140258c6,M2026-04,0.0,1.0,0.0,0.0,0.0,0.0,,0.0,
647413ba0000000013000676,M2026-04,0.0,1.0,0.0,0.0,0.0,0.0,,0.0,
647864ca000000001300c109,M2026-04,0.0,3.0,0.0,0.0,0.0,0.0,,0.0,
6479bd350000000013011ea2,M2026-04,0.0,1.0,0.0,0.0,0.0,0.0,,0.0,
647c5ce20000000013002f7f,M2026-04,0.0,1.0,0.0,0.0,0.0,0.0,,0.0,
64801e3b000000001300fc04,M2026-04,0.0,1.0,0.0,0.0,0.0,0.0,,0.0,
6491151a0000000013037a7a,M2026-04,0.0,3.0,0.0,0.0,0.0,0.0,,0.0,
64a94586000000003100a9aa,M2026-04,0.0,1.0,0.0,0.0,0.0,0.0,,0.0,
64b66eff000000001a013bfe,M2026-04,0.0,1.0,0.0,0.0,0.0,0.0,,0.0,
64b892600000000031009d5a,M2026-04,0.01,1.0,1.0,0.0,0.0,1.0,0.01,10.0,
64be2a48000000001201c5db,M2026-04,0.0,2.0,0.0,0.0,0.0,0.0,,0.0,
6507c488000000001f037838,M2026-04,0.0,1.0,0.0,0.0,0.0,0.0,,0.0,
652bde3a000000001e02b76e,M2026-04,0.0,1.0,0.0,0.0,0.0,0.0,,0.0,
65bc5179000000002c01550e,M2026-04,0.0,1.0,0.0,0.0,0.0,0.0,,0.0,
65bc5b9b000000002c03f944,M2026-04,0.0,2.0,0.0,0.0,0.0,0.0,,0.0,
65bc683f000000002b03dd7e,M2026-04,0.0,1.0,0.0,0.0,0.0,0.0,,0.0,
65e2e3dc000000000102bc06,M2026-04,0.0,1.0,0.0,0.0,0.0,0.0,,0.0,
65ec15f400000000030366d4,M2026-04,0.0,3.0,0.0,0.0,0.0,0.0,,0.0,
65ffd89700000000120227d7,M2026-04,0.0,1.0,0.0,0.0,0.0,0.0,,0.0,
66276b14000000000103205b,M2026-04,0.0,1.0,0.0,0.0,0.0,0.0,,0.0,
665c274800000000160102eb,M2026-04,0.0,1.0,0.0,0.0,0.0,0.0,,0.0,
66657d86000000000e03033b,M2026-04,0.0,1.0,0.0,0.0,0.0,0.0,,0.0,
66728fc600000000060042f5,M2026-04,0.09,1.0,1.0,0.0,0.0,1.0,0.09,90.0,
669a1ce90000000025000deb,M2026-04,0.0,1.0,0.0,0.0,0.0,0.0,,0.0,
66cd8a8a000000001d015356,M2026-04,0.67,3.0,1.0,0.0,0.0,0.333333,0.67,223.333333,
670c7007000000002100809a,M2026-04,0.0,3.0,0.0,0.0,0.0,0.0,,0.0,
673c666600000000070268ce,M2026-04,0.0,1.0,0.0,0.0,0.0,0.0,,0.0,
673ff963000000000201838b,M2026-04,0.0,1.0,0.0,0.0,0.0,0.0,,0.0,
676139f9000000000800da9f,M2026-04,0.0,1.0,0.0,0.0,0.0,0.0,,0.0,
68340f86000000000c03a431,M2026-04,0.0,1.0,0.0,0.0,0.0,0.0,,0.0,
695c7868000000001a01ee5a,M2026-04,0.0,1.0,0.0,0.0,0.0,0.0,,0.0,
6961afd0000000000a03f3f2,M2026-04,0.0,1.0,0.0,0.0,0.0,0.0,,0.0,
69bedcf70000000021038a01,M2026-04,0.0,1.0,0.0,0.0,0.0,0.0,,0.0,
69bedda8000000001a02602f,M2026-04,0.0,3.0,0.0,0.0,0.0,0.0,,0.0,
69d76c4f000000001a020b12,M2026-04,0.01,3.0,1.0,0.0,0.0,0.333333,0.01,3.333333,
63c610d6000000001f00d02c,M2026-04,0.0,1.0,0.0,0.0,0.0,0.0,,0.0,
6413b69d0000000012033226,M2026-04,0.0,2.0,0.0,0.0,0.0,0.0,,0.0,
6498ef2a00000000070390bc,M2026-04,0.0,1.0,0.0,0.0,0.0,0.0,,0.0,
64be3f380000000010033e63,M2026-04,0.0,1.0,0.0,0.0,0.0,0.0,,0.0,
64ddf7c0000000000c036d2f,M2026-04,0.0,1.0,0.0,0.0,0.0,0.0,,0.0,
64eac4a1000000000b02a3b2,M2026-04,0.0,1.0,0.0,0.0,0.0,0.0,,0.0,
64fd7b7e000000001e02aa82,M2026-04,0.0,3.0,0.0,0.0,0.0,0.0,,0.0,
654cfa6800000000330033e7,M2026-04,0.0,1.0,0.0,0.0,0.0,0.0,,0.0,
6551b5f70000000033000b08,M2026-04,0.0,1.0,0.0,0.0,0.0,0.0,,0.0,
657ff579000000000503a5f2,M2026-04,0.01,1.0,1.0,0.0,0.0,1.0,0.01,10.0,
65ae2181000000002c028313,M2026-04,0.0,1.0,0.0,0.0,0.0,0.0,,0.0,
65d851f200000000070272f8,M2026-04,0.01,3.0,1.0,0.0,0.0,0.333333,0.01,3.333333,
66067773000000001a013e75,M2026-04,0.0,1.0,0.0,0.0,0.0,0.0,,0.0,
664c63c700000000050071bf,M2026-04,0.0,1.0,0.0,0.0,0.0,0.0,,0.0,
66543f4600000000140183e1,M2026-04,0.0,1.0,0.0,0.0,0.0,0.0,,0.0,
66655c3d000000000e03183d,M2026-04,0.0,1.0,0.0,0.0,0.0,0.0,,0.0,
66810b1d000000001e011af8,M2026-04,0.01,1.0,1.0,0.0,0.0,1.0,0.01,10.0,
6687cd6f000000001f00738a,M2026-04,0.0,1.0,0.0,0.0,0.0,0.0,,0.0,
66a9efbd000000000600dadf,M2026-04,0.0,1.0,0.0,0.0,0.0,0.0,,0.0,
66d56c05000000001d017b4d,M2026-04,0.0,1.0,0.0,0.0,0.0,0.0,,0.0,
66e53e6b000000001e01bdeb,M2026-04,0.0,3.0,0.0,0.0,0.0,0.0,,0.0,
66ebbfe20000000012011994,M2026-04,0.0,1.0,0.0,0.0,0.0,0.0,,0.0,
670ccfa7000000002100b5d5,M2026-04,0.17,1.0,1.0,0.0,0.0,1.0,0.17,170.0,
67516c7d000000000203bab2,M2026-04,0.0,1.0,0.0,0.0,0.0,0.0,,0.0,
6752bc3b000000000601630b,M2026-04,0.0,1.0,0.0,0.0,0.0,0.0,,0.0,
675828d50000000002016d2a,M2026-04,0.0,1.0,0.0,0.0,0.0,0.0,,0.0,
67cd47000000000029027c4b,M2026-04,0.0,1.0,0.0,0.0,0.0,0.0,,0.0,
68ad64bb000000001c00fb29,M2026-04,0.0,1.0,0.0,0.0,0.0,0.0,,0.0,
692124ab000000001b0202d2,M2026-04,0.0,1.0,0.0,0.0,0.0,0.0,,0.0,
69250961000000001b022790,M2026-04,0.0,1.0,0.0,0.0,0.0,0.0,,0.0,
692c12e3000000001b0234f6,M2026-04,0.0,1.0,0.0,0.0,0.0,0.0,,0.0,
69367b1f000000000d03cf01,M2026-04,0.0,1.0,0.0,0.0,0.0,0.0,,0.0,
69733219000000002203954a,M2026-04,0.0,1.0,0.0,0.0,0.0,0.0,,0.0,
69e1fb9e000000001a02a60b,M2026-04,0.0,1.0,0.0,0.0,0.0,0.0,,0.0,
63caa0a000000000220381c1,M2026-04,0.0,1.0,0.0,0.0,0.0,0.0,,0.0,
63ec4bd200000000130366ac,M2026-04,0.0,1.0,0.0,0.0,0.0,0.0,,0.0,
6412e9f30000000027011f1b,M2026-04,0.0,1.0,0.0,0.0,0.0,0.0,,0.0,
64816203000000000703a74b,M2026-04,0.0,1.0,0.0,0.0,0.0,0.0,,0.0,
648a8a53000000000703aebc,M2026-04,0.0,1.0,0.0,0.0,0.0,0.0,,0.0,
64a541df000000001e0103e9,M2026-04,0.0,1.0,0.0,0.0,0.0,0.0,,0.0,
64bcccad000000000800e380,M2026-04,0.0,1.0,0.0,0.0,0.0,0.0,,0.0,
64f54b2f000000001f0343e2,M2026-04,0.0,1.0,0.0,0.0,0.0,0.0,,0.0,
64f695cd000000001e021a46,M2026-04,1.79,1.0,1.0,0.0,0.0,1.0,1.79,1790.0,
6566e8e5000000000f02a630,M2026-04,0.0,1.0,0.0,0.0,0.0,0.0,,0.0,
65a7809b0000000029030311,M2026-04,0.0,1.0,0.0,0.0,0.0,0.0,,0.0,
65e03828000000000102ac22,M2026-04,0.0,1.0,0.0,0.0,0.0,0.0,,0.0,
6634819b000000001e036b33,M2026-04,0.0,1.0,0.0,0.0,0.0,0.0,,0.0,
6662bcff000000000e031dda,M2026-04,0.0,1.0,0.0,0.0,0.0,0.0,,0.0,
693d33ef000000001e0023d9,M2026-04,0.0,1.0,0.0,0.0,0.0,0.0,,0.0,
63abeae70000000018010655,M2026-04,0.0,1.0,0.0,0.0,0.0,0.0,,0.0,
63bcd593000000001e03d82a,M2026-04,0.0,1.0,0.0,0.0,0.0,0.0,,0.0,
63c663db000000001c0071fa,M2026-04,0.0,1.0,0.0,0.0,0.0,0.0,,0.0,
63c685900000000019020aa8,M2026-04,0.0,3.0,0.0,0.0,0.0,0.0,,0.0,
63c762d50000000022039125,M2026-04,1.98,4.0,1.0,0.0,0.0,0.25,1.98,495.0,
63c7b8bd000000001f00ba81,M2026-04,0.01,2.0,1.0,0.0,0.0,0.5,0.01,5.0,
63d4e5c50000000008026233,M2026-04,0.0,2.0,0.0,0.0,0.0,0.0,,0.0,
63e9fdd8000000001303d408,M2026-04,0.0,1.0,0.0,0.0,0.0,0.0,,0.0,
648af25f00000000130357d2,M2026-04,0.0,1.0,0.0,0.0,0.0,0.0,,0.0,
648d82060000000014027398,M2026-04,0.0,1.0,0.0,0.0,0.0,0.0,,0.0,
64ba568e000000000b02886d,M2026-04,0.0,1.0,0.0,0.0,0.0,0.0,,0.0,
64be221f000000000103e4a1,M2026-04,0.0,2.0,0.0,0.0,0.0,0.0,,0.0,
64de0ba7000000001201c3b4,M2026-04,0.0,1.0,0.0,0.0,0.0,0.0,,0.0,
64fa7ddc000000001f005ac2,M2026-04,0.0,1.0,0.0,0.0,0.0,0.0,,0.0,
6502bc91000000001e03f6b6,M2026-04,0.0,1.0,0.0,0.0,0.0,0.0,,0.0,
669e2666000000002701300d,M2026-04,0.0,1.0,0.0,0.0,0.0,0.0,,0.0,
66c2fa3a000000001d018f27,M2026-04,0.0,1.0,0.0,0.0,0.0,0.0,,0.0,
6718c0aa0000000021004924,M2026-04,0.0,1.0,0.0,0.0,0.0,0.0,,0.0,
67456d16000000000201b5e0,M2026-04,0.0,1.0,0.0,0.0,0.0,0.0,,0.0,
67469a3a000000000201aff2,M2026-04,0.0,1.0,0.0,0.0,0.0,0.0,,0.0,
6788c98f00000000170024f9,M2026-04,0.0,1.0,0.0,0.0,0.0,0.0,,0.0,
69522fca00000000210314da,M2026-04,0.0,1.0,0.0,0.0,0.0,0.0,,0.0,
69572257000000001e02879a,M2026-04,0.0,3.0,0.0,0.0,0.0,0.0,,0.0,
696360850000000022008b45,M2026-04,0.0,1.0,0.0,0.0,0.0,0.0,,0.0,
69d21678000000001a026606,M2026-04,0.0,1.0,0.0,0.0,0.0,0.0,,0.0,
6530f0370000000020003a3e,M2026-04,0.0,1.0,0.0,0.0,0.0,0.0,,0.0,
65782f1f0000000009025759,M2026-04,0.0,2.0,0.0,0.0,0.0,0.0,,0.0,
65dc4ef1000000000702511f,M2026-04,0.0,1.0,0.0,0.0,0.0,0.0,,0.0,
65f00d090000000012020da1,M2026-04,0.0,1.0,0.0,0.0,0.0,0.0,,0.0,
65fbe4e10000000012021b83,M2026-04,0.0,1.0,0.0,0.0,0.0,0.0,,0.0,
661f7aba00000000010303de,M2026-04,0.0,1.0,0.0,0.0,0.0,0.0,,0.0,
664b036e0000000005004413,M2026-04,0.0,1.0,0.0,0.0,0.0,0.0,,0.0,
66695cd5000000000600432c,M2026-04,0.0,1.0,0.0,0.0,0.0,0.0,,0.0,
6698ca9c0000000025006219,M2026-04,0.0,1.0,0.0,0.0,0.0,0.0,,0.0,
66a749da0000000027011028,M2026-04,0.0,1.0,0.0,0.0,0.0,0.0,,0.0,
66c6eabf000000001d0146d6,M2026-04,0.0,1.0,0.0,0.0,0.0,0.0,,0.0,
66e538170000000012010428,M2026-04,0.0,1.0,0.0,0.0,0.0,0.0,,0.0,
66f11dca000000001b02255c,M2026-04,0.0,3.0,0.0,0.0,0.0,0.0,,0.0,
6718c00b0000000024018b4e,M2026-04,0.0,1.0,0.0,0.0,0.0,0.0,,0.0,
673dc13800000000070303da,M2026-04,0.0,1.0,0.0,0.0,0.0,0.0,,0.0,
67c2bb1e000000002903272f,M2026-04,0.0,1.0,0.0,0.0,0.0,0.0,,0.0,
692e8108000000001e026eb2,M2026-04,0.0,1.0,0.0,0.0,0.0,0.0,,0.0,
6981a44a0000000022021102,M2026-04,0.0,1.0,0.0,0.0,0.0,0.0,,0.0,
63e230c1000000001a01fdf5,M2026-04,0.07,1.0,1.0,0.0,0.0,1.0,0.07,70.0,
64196d000000000013037785,M2026-04,0.0,2.0,0.0,0.0,0.0,0.0,,0.0,
642f86e70000000027002ba3,M2026-04,0.0,1.0,0.0,0.0,0.0,0.0,,0.0,
64360a79000000001402567f,M2026-04,0.0,1.0,0.0,0.0,0.0,0.0,,0.0,
6440a1c50000000011010522,M2026-04,0.0,1.0,0.0,0.0,0.0,0.0,,0.0,
644f6f86000000001301588e,M2026-04,0.0,1.0,0.0,0.0,0.0,0.0,,0.0,
644f7e59000000001300a680,M2026-04,0.0,1.0,0.0,0.0,0.0,0.0,,0.0,
6455c62d0000000013014278,M2026-04,0.0,1.0,0.0,0.0,0.0,0.0,,0.0,
646c23ce0000000007038b2f,M2026-04,0.0,1.0,0.0,0.0,0.0,0.0,,0.0,
647c33bc0000000013012e42,M2026-04,0.0,2.0,0.0,0.0,0.0,0.0,,0.0,
648288300000000013016b94,M2026-04,0.0,1.0,0.0,0.0,0.0,0.0,,0.0,
648e7dab00000000130367d6,M2026-04,0.0,1.0,0.0,0.0,0.0,0.0,,0.0,
63b02492000000001f0129cc,M2026-05,0.26,15.0,1.0,0.0,0.0,0.066667,0.26,17.333333,
63bac1840000000018013e62,M2026-05,4.119999999999999,131.0,15.0,0.0,0.0,0.114504,0.274667,31.450382,
63be924c000000002202a578,M2026-05,0.0,1.0,0.0,0.0,0.0,0.0,,0.0,
63d1e16b000000001c00586f,M2026-05,0.9200000000000002,68.0,7.0,0.0,0.0,0.102941,0.131429,13.529412,
641256c200000000270132fe,M2026-05,0.0,1.0,0.0,0.0,0.0,0.0,,0.0,
643608590000000013014d16,M2026-05,0.0,1.0,0.0,0.0,0.0,0.0,,0.0,
6441e7670000000014024192,M2026-05,0.0,2.0,0.0,0.0,0.0,0.0,,0.0,
644b3ce5000000001303e843,M2026-05,0.0,2.0,0.0,0.0,0.0,0.0,,0.0,
644cb1fb000000001300d56a,M2026-05,0.0,9.0,0.0,0.0,0.0,0.0,,0.0,
645a11220000000013003af8,M2026-05,0.0,1.0,0.0,0.0,0.0,0.0,,0.0,
64657c3d000000001203eabb,M2026-05,0.0,1.0,0.0,0.0,0.0,0.0,,0.0,
6470abf2000000000800c4a1,M2026-05,0.0,9.0,0.0,0.0,0.0,0.0,,0.0,
647c5ce20000000013002f7f,M2026-05,0.02,6.0,1.0,0.0,0.0,0.166667,0.02,3.333333,
649149bf0000000014027599,M2026-05,0.34,12.0,1.0,0.0,0.0,0.083333,0.34,28.333333,
6496b3180000000013010c1f,M2026-05,0.01,3.0,1.0,0.0,0.0,0.333333,0.01,3.333333,
649953950000000013034155,M2026-05,2.05,185.0,23.0,0.0,0.0,0.124324,0.08913,11.081081,
64abc35b000000001c00c94a,M2026-05,0.07,10.0,1.0,0.0,0.0,0.1,0.07,7.0,
64b751b5000000002f026c7b,M2026-05,0.12000000000000001,61.0,10.0,0.0,0.0,0.163934,0.012,1.967213,
64b7c99d000000001c00c6cc,M2026-05,0.0,4.0,0.0,0.0,0.0,0.0,,0.0,
64b892600000000031009d5a,M2026-05,0.0,5.0,0.0,0.0,0.0,0.0,,0.0,
64ba539c000000000b02ac7e,M2026-05,0.0,1.0,0.0,0.0,0.0,0.0,,0.0,
64ba568e000000000b02886d,M2026-05,0.0,4.0,0.0,0.0,0.0,0.0,,0.0,
64ba580c0000000012019fd1,M2026-05,0.0,3.0,0.0,0.0,0.0,0.0,,0.0,
64d77fc8000000001700e3e7,M2026-05,0.0,3.0,0.0,0.0,0.0,0.0,,0.0,
64da0412000000000301e765,M2026-05,0.060000000000000005,21.0,4.0,0.0,0.0,0.190476,0.015,2.857143,
64de0ba7000000001201c3b4,M2026-05,0.01,2.0,1.0,0.0,0.0,0.5,0.01,5.0,
64df26380000000017018506,M2026-05,0.0,1.0,0.0,0.0,0.0,0.0,,0.0,
64df68ce00000000030235b3,M2026-05,0.25,77.0,6.0,0.0,0.0,0.077922,0.041667,3.246753,
64e7171b00000000030215fb,M2026-05,0.0,2.0,0.0,0.0,0.0,0.0,,0.0,
64e8b372000000001701a7d0,M2026-05,0.0,3.0,0.0,0.0,0.0,0.0,,0.0,
64f0abfe000000001e0318d0,M2026-05,0.0,2.0,0.0,0.0,0.0,0.0,,0.0,
64f30ba3000000001e032074,M2026-05,0.2,15.0,2.0,0.0,0.0,0.133333,0.1,13.333333,
64f9a90e000000001d0147d0,M2026-05,0.0,8.0,0.0,0.0,0.0,0.0,,0.0,
6502d053000000001f005221,M2026-05,0.03,16.0,3.0,0.0,0.0,0.1875,0.01,1.875,
650d4473000000001f036902,M2026-05,0.07,15.0,3.0,0.0,0.0,0.2,0.023333,4.666667,
650ed207000000001f004d91,M2026-05,0.07,23.0,4.0,0.0,0.0,0.173913,0.0175,3.043478,
652d3203000000001e0291eb,M2026-05,0.0,11.0,0.0,0.0,0.0,0.0,,0.0,
653f7c2d000000001e03cd7f,M2026-05,0.0,1.0,0.0,0.0,0.0,0.0,,0.0,
65421900000000001f0360c9,M2026-05,4.959999999999999,194.0,25.0,1.0,1.0,0.128866,0.1984,25.56701,4.96
654474a4000000001e03c726,M2026-05,0.01,3.0,1.0,0.0,0.0,0.333333,0.01,3.333333,
6544e4b5000000001f03b71c,M2026-05,0.8300000000000001,50.0,5.0,0.0,0.0,0.1,0.166,16.6,
6559ff5b000000003202dade,M2026-05,0.0,12.0,0.0,0.0,0.0,0.0,,0.0,
655c06f5000000003203b17a,M2026-05,0.0,4.0,0.0,0.0,0.0,0.0,,0.0,
655f1bab0000000032036bc8,M2026-05,0.0,3.0,0.0,0.0,0.0,0.0,,0.0,
6561bbbb00000000330035c0,M2026-05,0.01,5.0,1.0,0.0,0.0,0.2,0.01,2.0,
6569b4a6000000000901d800,M2026-05,0.09,14.0,3.0,0.0,0.0,0.214286,0.03,6.428571,
656c375a0000000009018fdf,M2026-05,0.0,4.0,0.0,0.0,0.0,0.0,,0.0,
65742c9300000000050398ca,M2026-05,0.0,2.0,0.0,0.0,0.0,0.0,,0.0,
6576b3bb000000000801f681,M2026-05,0.16,32.0,4.0,0.0,0.0,0.125,0.04,5.0,
657831de000000000703b9d8,M2026-05,0.5,13.0,2.0,0.0,0.0,0.153846,0.25,38.461538,
65790ce1000000000902303a,M2026-05,0.02,15.0,2.0,0.0,0.0,0.133333,0.01,1.333333,
658e8a76000000001c010a5a,M2026-05,0.0,4.0,0.0,0.0,0.0,0.0,,0.0,
65990c11000000001c0137af,M2026-05,0.01,13.0,1.0,0.0,0.0,0.076923,0.01,0.769231,
659baab8000000001e008c2c,M2026-05,0.31,13.0,1.0,0.0,0.0,0.076923,0.31,23.846154,
659bab08000000001a02a02b,M2026-05,1.18,78.0,14.0,0.0,0.0,0.179487,0.084286,15.128205,
65a240f4000000001c0103e8,M2026-05,1.03,57.0,6.0,0.0,0.0,0.105263,0.171667,18.070175,
65ae2071000000002b03dd4f,M2026-05,0.1,33.0,8.0,0.0,0.0,0.242424,0.0125,3.030303,
65ae21ae000000002c03fd67,M2026-05,0.56,143.0,18.0,0.0,0.0,0.125874,0.031111,3.916084,
65af7fb6000000002c028a8b,M2026-05,1.3800000000000001,29.0,3.0,0.0,0.0,0.103448,0.46,47.586207,
65b8abf1000000002c016b7a,M2026-05,5.33,134.0,13.0,0.0,0.0,0.097015,0.41,39.776119,
65bc472a000000002d0026f4,M2026-05,5.009999999999999,194.0,26.0,0.0,0.0,0.134021,0.192692,25.824742,
65bc4808000000002c02ab23,M2026-05,4.9799999999999995,79.0,13.0,0.0,0.0,0.164557,0.383077,63.037975,
65bc4db6000000002b03eb1d,M2026-05,0.0,1.0,0.0,0.0,0.0,0.0,,0.0,
65bc555c000000002b03c9e3,M2026-05,0.02,9.0,1.0,0.0,0.0,0.111111,0.02,2.222222,
65bc63b1000000002c03deec,M2026-05,0.0,11.0,0.0,0.0,0.0,0.0,,0.0,
65d325c800000000010292de,M2026-05,0.49000000000000005,103.0,22.0,0.0,0.0,0.213592,0.022273,4.757282,
65d7063c00000000070240c2,M2026-05,0.16,23.0,1.0,0.0,0.0,0.043478,0.16,6.956522,
65d86297000000000b022d6e,M2026-05,7.75,60.0,5.0,0.0,0.0,0.083333,1.55,129.166667,
65d9a308000000000102be01,M2026-05,0.01,3.0,1.0,0.0,0.0,0.333333,0.01,3.333333,
65daf721000000000102b017,M2026-05,4.01,19.0,5.0,0.0,0.0,0.263158,0.802,211.052632,
65dc4ded0000000007004fa4,M2026-05,0.0,6.0,0.0,0.0,0.0,0.0,,0.0,
65dd9bfd000000000102ae17,M2026-05,0.01,9.0,1.0,0.0,0.0,0.111111,0.01,1.111111,
65e1836f000000000102968b,M2026-05,0.8,156.0,25.0,0.0,0.0,0.160256,0.032,5.128205,
65e1b5a8000000000102af89,M2026-05,2.4699999999999993,97.0,14.0,0.0,0.0,0.14433,0.176429,25.463918,
65e58787000000000102aa4b,M2026-05,0.0,4.0,0.0,0.0,0.0,0.0,,0.0,
65e588e20000000001028416,M2026-05,3.22,242.0,36.0,1.0,0.0,0.14876,0.089444,13.305785,
65e9730b0000000001029980,M2026-05,0.24,17.0,1.0,0.0,0.0,0.058824,0.24,14.117647,
65ec182b0000000003035073,M2026-05,2.0500000000000003,165.0,29.0,0.0,0.0,0.175758,0.07069,12.424242,
65ec19a00000000004002dc3,M2026-05,0.0,1.0,0.0,0.0,0.0,0.0,,0.0,
65efaf2d000000001202067b,M2026-05,0.11999999999999998,60.0,10.0,0.0,0.0,0.166667,0.012,2.0,
65f2aeb80000000012022078,M2026-05,0.0,8.0,0.0,0.0,0.0,0.0,,0.0,
65fa9548000000001203cce9,M2026-05,3.9099999999999997,184.0,21.0,0.0,0.0,0.11413,0.18619,21.25,
65fbe4e10000000012021b83,M2026-05,0.0,4.0,0.0,0.0,0.0,0.0,,0.0,
65fe8ac6000000000d00e4bc,M2026-05,0.0,5.0,0.0,0.0,0.0,0.0,,0.0,
660279de000000001203fdaf,M2026-05,0.64,60.0,10.0,0.0,0.0,0.166667,0.064,10.666667,
660d0bd4000000001a0152d2,M2026-05,1.4900000000000002,255.0,35.0,0.0,0.0,0.137255,0.042571,5.843137,
660d2352000000001a00c854,M2026-05,0.03,31.0,3.0,0.0,0.0,0.096774,0.01,0.967742,
661251a4000000001a014554,M2026-05,1.34,33.0,5.0,0.0,0.0,0.151515,0.268,40.606061,
6612525a000000001a012c17,M2026-05,2.58,14.0,1.0,0.0,0.0,0.071429,2.58,184.285714,
6613a046000000001a01582d,M2026-05,18.51,428.0,58.0,1.0,1.0,0.135514,0.319138,43.247664,18.51
6613a0e3000000001a00fbff,M2026-05,0.22,17.0,1.0,0.0,0.0,0.058824,0.22,12.941176,
6618e8ba000000001a013290,M2026-05,0.0,13.0,0.0,0.0,0.0,0.0,,0.0,
661e2ecc0000000004019c71,M2026-05,0.32000000000000006,56.0,5.0,0.0,0.0,0.089286,0.064,5.714286,
6628b68f0000000001030d31,M2026-05,0.0,4.0,0.0,0.0,0.0,0.0,,0.0,
662c98f000000000010073e4,M2026-05,0.4900000000000001,97.0,13.0,0.0,0.0,0.134021,0.037692,5.051546,
662f53a1000000001e033ecd,M2026-05,0.37000000000000005,24.0,3.0,0.0,0.0,0.125,0.123333,15.416667,
66306d00000000001e03661f,M2026-05,0.0,12.0,0.0,0.0,0.0,0.0,,0.0,
66388d15000000001e032799,M2026-05,0.07,20.0,3.0,0.0,0.0,0.15,0.023333,3.5,
66446bc1000000001e0388b0,M2026-05,0.64,24.0,4.0,0.0,0.0,0.166667,0.16,26.666667,
66470da5000000001401840d,M2026-05,5.399999999999999,113.0,24.0,1.0,0.0,0.212389,0.225,47.787611,
66f51859000000001b022419,M2026-05,1.15,129.0,13.0,0.0,0.0,0.100775,0.088462,8.914729,
66f530bd000000001902dada,M2026-05,0.87,26.0,4.0,0.0,0.0,0.153846,0.2175,33.461538,
66f671ec000000001902d81f,M2026-05,0.06,23.0,1.0,0.0,0.0,0.043478,0.06,2.608696,
66f90338000000001a0216cf,M2026-05,0.0,2.0,0.0,0.0,0.0,0.0,,0.0,
66fbbad9000000001a023652,M2026-05,0.0,5.0,0.0,0.0,0.0,0.0,,0.0,
66fcf98f000000001a0211be,M2026-05,0.0,8.0,0.0,0.0,0.0,0.0,,0.0,
66fd0eab000000001902e45b,M2026-05,0.0,2.0,0.0,0.0,0.0,0.0,,0.0,
66fe4669000000001b023237,M2026-05,0.51,88.0,11.0,0.0,0.0,0.125,0.046364,5.795455,
6704e070000000001a020f5a,M2026-05,0.05,13.0,2.0,0.0,0.0,0.153846,0.025,3.846154,
6704f71a000000001902c846,M2026-05,0.0,2.0,0.0,0.0,0.0,0.0,,0.0,
670630e9000000001a023e3f,M2026-05,7.44,291.0,27.0,0.0,0.0,0.092784,0.275556,25.56701,
6708c545000000001a023f08,M2026-05,0.0,2.0,0.0,0.0,0.0,0.0,,0.0,
6708dcfb000000001902cdc0,M2026-05,0.2,34.0,7.0,0.0,0.0,0.205882,0.028571,5.882353,
670f7aec000000001b03d8ba,M2026-05,0.54,74.0,11.0,0.0,0.0,0.148649,0.049091,7.297297,
670f7b440000000021009b77,M2026-05,3.03,146.0,19.0,0.0,0.0,0.130137,0.159474,20.753425,
6710dd830000000021005a44,M2026-05,0.0,8.0,0.0,0.0,0.0,0.0,,0.0,
671228780000000021000351,M2026-05,2.6400000000000006,177.0,43.0,0.0,0.0,0.242938,0.061395,14.915254,
671a1d840000000021007489,M2026-05,0.0,8.0,0.0,0.0,0.0,0.0,,0.0,
671b4fb80000000021000b4e,M2026-05,0.12,41.0,4.0,0.0,0.0,0.097561,0.03,2.926829,
671b686800000000210089fc,M2026-05,0.0,7.0,0.0,0.0,0.0,0.0,,0.0,
671b68b30000000021006d0e,M2026-05,0.64,36.0,5.0,0.0,0.0,0.138889,0.128,17.777778,
671b693c00000000240172e9,M2026-05,0.05,7.0,1.0,0.0,0.0,0.142857,0.05,7.142857,
671c96b200000000260345a4,M2026-05,7.1499999999999995,189.0,28.0,0.0,0.0,0.148148,0.255357,37.830688,
67233b5c000000001b02caaf,M2026-05,0.0,3.0,0.0,0.0,0.0,0.0,,0.0,
67233baf0000000019016ec3,M2026-05,0.0,2.0,0.0,0.0,0.0,0.0,,0.0,
67234cc1000000001b028382,M2026-05,0.4,50.0,6.0,0.0,0.0,0.12,0.066667,8.0,
67234d6e000000001a01ca79,M2026-05,0.22000000000000003,12.0,3.0,0.0,0.0,0.25,0.073333,18.333333,
67287871000000001a01d18f,M2026-05,0.66,4.0,1.0,0.0,0.0,0.25,0.66,165.0,
672889300000000019019cda,M2026-05,0.0,3.0,0.0,0.0,0.0,0.0,,0.0,
67288a21000000001b028ca8,M2026-05,0.14,17.0,2.0,0.0,0.0,0.117647,0.07,8.235294,
672add42000000001901b372,M2026-05,1.08,55.0,4.0,0.0,0.0,0.072727,0.27,19.636364,
672c54d8000000001901413b,M2026-05,1.4200000000000006,459.0,92.0,0.0,0.0,0.200436,0.015435,3.093682,
672c566e000000001b02e654,M2026-05,0.02,17.0,2.0,0.0,0.0,0.117647,0.01,1.176471,
67330eb40000000019017f65,M2026-05,0.0,9.0,0.0,0.0,0.0,0.0,,0.0,
67330f2b000000001b02d91f,M2026-05,1.21,201.0,26.0,1.0,0.0,0.129353,0.046538,6.0199,
6734668d000000001901a58c,M2026-05,0.0,6.0,0.0,0.0,0.0,0.0,,0.0,
6739afde000000001b02f77c,M2026-05,0.13,18.0,3.0,0.0,0.0,0.166667,0.043333,7.222222,
6739b08e000000001b02fef2,M2026-05,0.0,2.0,0.0,0.0,0.0,0.0,,0.0,
673c662b0000000007026608,M2026-05,0.15,12.0,1.0,0.0,0.0,0.083333,0.15,12.5,
673c67660000000007027445,M2026-05,8.66,88.0,8.0,0.0,0.0,0.090909,1.0825,98.409091,
673c67a5000000000703171e,M2026-05,0.7000000000000001,57.0,8.0,0.0,0.0,0.140351,0.0875,12.280702,
673c67eb000000000800548f,M2026-05,0.16,12.0,1.0,0.0,0.0,0.083333,0.16,13.333333,
673dc06c0000000007033b2e,M2026-05,2.8499999999999996,228.0,38.0,0.0,0.0,0.166667,0.075,12.5,
673dc21a0000000007027227,M2026-05,0.0,3.0,0.0,0.0,0.0,0.0,,0.0,
673ff72c000000000203b3fe,M2026-05,12.239999999999998,43.0,6.0,0.0,0.0,0.139535,2.04,284.651163,
673ff8f1000000000202dabc,M2026-05,0.14,24.0,3.0,0.0,0.0,0.125,0.046667,5.833333,
673ffa76000000000202a6a8,M2026-05,0.8300000000000001,31.0,5.0,0.0,0.0,0.16129,0.166,26.774194,
6745652c000000000202fde8,M2026-05,6.710000000000001,59.0,3.0,1.0,0.0,0.050847,2.236667,113.728814,
67469a3a000000000201aff2,M2026-05,0.0,6.0,0.0,0.0,0.0,0.0,,0.0,
674aaf6b000000000703086d,M2026-05,0.0,4.0,0.0,0.0,0.0,0.0,,0.0,
674aafab0000000007029853,M2026-05,0.0,1.0,0.0,0.0,0.0,0.0,,0.0,
67516df5000000000202d63b,M2026-05,0.09,7.0,1.0,0.0,0.0,0.142857,0.09,12.857143,
67516e370000000002018c42,M2026-05,0.0,7.0,0.0,0.0,0.0,0.0,,0.0,
6758290a0000000002016fd5,M2026-05,0.26,12.0,1.0,0.0,0.0,0.083333,0.26,21.666667,
6759504b000000000103d787,M2026-05,0.01,4.0,1.0,0.0,0.0,0.25,0.01,2.5,
67595510000000000103d739,M2026-05,0.0,12.0,0.0,0.0,0.0,0.0,,0.0,
675d4e140000000001029d31,M2026-05,0.8900000000000001,60.0,8.0,0.0,0.0,0.133333,0.11125,14.833333,
67613936000000000900e5ff,M2026-05,0.01,11.0,1.0,0.0,0.0,0.090909,0.01,0.909091,
676e6e49000000001300e9d1,M2026-05,0.05,6.0,2.0,0.0,0.0,0.333333,0.025,8.333333,
6777b9cf000000000902c6e7,M2026-05,0.0,2.0,0.0,0.0,0.0,0.0,,0.0,
677e323e000000000b0206dc,M2026-05,0.0,1.0,0.0,0.0,0.0,0.0,,0.0,
678098fe000000000b020f17,M2026-05,0.0,3.0,0.0,0.0,0.0,0.0,,0.0,
6783730f000000001703b7c2,M2026-05,0.01,9.0,1.0,0.0,0.0,0.111111,0.01,1.111111,
6788c95b0000000016035fab,M2026-05,0.0,4.0,0.0,0.0,0.0,0.0,,0.0,
678a2f5d000000001901b4ba,M2026-05,0.04,10.0,1.0,0.0,0.0,0.1,0.04,4.0,
678cd7ad0000000016020981,M2026-05,0.02,6.0,2.0,0.0,0.0,0.333333,0.01,3.333333,
678dff020000000021002ef3,M2026-05,0.04,17.0,3.0,0.0,0.0,0.176471,0.013333,2.352941,
67a9a72c000000001801b956,M2026-05,0.4100000000000001,97.0,13.0,0.0,0.0,0.134021,0.031538,4.226804,
67aafd04000000001801b699,M2026-05,0.0,3.0,0.0,0.0,0.0,0.0,,0.0,
67ad9eaf000000002802b30b,M2026-05,1.9500000000000002,82.0,5.0,0.0,0.0,0.060976,0.39,23.780488,
67aefabe0000000018013d4f,M2026-05,0.0,6.0,0.0,0.0,0.0,0.0,,0.0,
67b43a4b00000000280298c5,M2026-05,0.58,25.0,7.0,0.0,0.0,0.28,0.082857,23.2,
67b43d3e000000002900a5f8,M2026-05,1.53,15.0,3.0,0.0,0.0,0.2,0.51,102.0,
67bd7224000000002602c76d,M2026-05,0.0,12.0,0.0,0.0,0.0,0.0,,0.0,
67cd47000000000029027c4b,M2026-05,0.0,1.0,0.0,0.0,0.0,0.0,,0.0,
67cd48010000000029017afe,M2026-05,0.23,18.0,1.0,0.0,0.0,0.055556,0.23,12.777778,
67ce630f0000000028037949,M2026-05,0.37,66.0,4.0,0.0,0.0,0.060606,0.0925,5.606061,
67ce6411000000002902de45,M2026-05,2.6300000000000003,125.0,18.0,0.0,0.0,0.144,0.146111,21.04,
67d5268d000000001b03e868,M2026-05,8.0,55.0,6.0,0.0,0.0,0.109091,1.333333,145.454545,
67d69d6b000000001e004308,M2026-05,0.28,6.0,1.0,0.0,0.0,0.166667,0.28,46.666667,
67d69e7b000000001c009c94,M2026-05,0.0,3.0,0.0,0.0,0.0,0.0,,0.0,
67dfcb2a000000000603cf39,M2026-05,3.02,19.0,1.0,0.0,0.0,0.052632,3.02,158.947368,
67e1159e000000000603a2bd,M2026-05,4.3100000000000005,68.0,6.0,0.0,0.0,0.088235,0.718333,63.382353,
68170e850000000023002506,M2026-05,0.01,8.0,1.0,0.0,0.0,0.125,0.01,1.25,
681da9dc000000002001e634,M2026-05,1.0900000000000003,215.0,32.0,0.0,0.0,0.148837,0.034063,5.069767,
681daa300000000021001968,M2026-05,0.08,19.0,2.0,0.0,0.0,0.105263,0.04,4.210526,
6822feb7000000000303b131,M2026-05,0.46,60.0,3.0,0.0,0.0,0.05,0.153333,7.666667,
6822ff69000000001101c6fe,M2026-05,0.0,7.0,0.0,0.0,0.0,0.0,,0.0,
6822ffcf000000000303b801,M2026-05,8.76,158.0,21.0,0.0,0.0,0.132911,0.417143,55.443038,
68299ca50000000023000e3f,M2026-05,0.31,61.0,2.0,0.0,0.0,0.032787,0.155,5.081967,
68299d25000000002301d4c6,M2026-05,0.05,30.0,4.0,0.0,0.0,0.133333,0.0125,1.666667,
68299dc90000000023012fb6,M2026-05,0.01,12.0,1.0,0.0,0.0,0.083333,0.01,0.833333,
68340d0d0000000012003fec,M2026-05,0.0,2.0,0.0,0.0,0.0,0.0,,0.0,
68341027000000000f038992,M2026-05,0.09999999999999999,40.0,4.0,0.0,0.0,0.1,0.025,2.5,
68395a24000000002100c53d,M2026-05,23.219999999999995,453.0,83.0,1.0,1.0,0.183223,0.279759,51.258278,23.22
683d63ea000000002001eb65,M2026-05,0.06,32.0,1.0,0.0,0.0,0.03125,0.06,1.875,
683d649900000000210085bc,M2026-05,0.13,19.0,5.0,0.0,0.0,0.263158,0.026,6.842105,
6843e1d0000000000f03b615,M2026-05,0.31000000000000005,65.0,11.0,0.0,0.0,0.169231,0.028182,4.769231,
6843e2390000000012003552,M2026-05,0.24,56.0,6.0,0.0,0.0,0.107143,0.04,4.285714,
6843e39f0000000012004d39,M2026-05,0.89,63.0,5.0,0.0,0.0,0.079365,0.178,14.126984,
68567116000000000d025a77,M2026-05,14.839999999999998,282.0,27.0,0.0,0.0,0.095745,0.54963,52.624113,
6857bad4000000000d01967e,M2026-05,0.0,5.0,0.0,0.0,0.0,0.0,,0.0,
685e5de000000000150216f9,M2026-05,8.29,182.0,11.0,0.0,0.0,0.06044,0.753636,45.549451,
68679a7f0000000023006fb7,M2026-05,1.6800000000000002,110.0,4.0,0.0,0.0,0.036364,0.42,15.272727,
687890df000000001c0361c2,M2026-05,0.0,31.0,0.0,0.0,0.0,0.0,,0.0,
6878924b000000001c03093d,M2026-05,0.64,42.0,3.0,0.0,0.0,0.071429,0.213333,15.238095,
68873dff0000000017037728,M2026-05,0.0,5.0,0.0,0.0,0.0,0.0,,0.0,
688b331a000000002502a180,M2026-05,0.16,9.0,1.0,0.0,0.0,0.111111,0.16,17.777778,
6895a53e00000000230321d8,M2026-05,3.6399999999999997,126.0,22.0,0.0,0.0,0.174603,0.165455,28.888889,
689ab98e0000000023021c3c,M2026-05,0.6,101.0,14.0,0.0,0.0,0.138614,0.042857,5.940594,
689ed9a1000000001d02c804,M2026-05,0.0,9.0,0.0,0.0,0.0,0.0,,0.0,
68a57274000000001c034a91,M2026-05,0.49,48.0,4.0,0.0,0.0,0.083333,0.1225,10.208333,
68b55e6f000000001d00caa1,M2026-05,0.0,4.0,0.0,0.0,0.0,0.0,,0.0,
68baa828000000001b033b3f,M2026-05,0.05,18.0,3.0,0.0,0.0,0.166667,0.016667,2.777778,
68bff0ef000000001d019dea,M2026-05,1.07,134.0,17.0,0.0,0.0,0.126866,0.062941,7.985075,
68bff2ae000000001d01a96e,M2026-05,0.02,33.0,2.0,0.0,0.0,0.060606,0.01,0.606061,
68c7d1fc000000001d0271c8,M2026-05,1.98,70.0,9.0,0.0,0.0,0.128571,0.22,28.285714,
68c7d2d7000000001d02e20f,M2026-05,0.35,5.0,1.0,0.0,0.0,0.2,0.35,70.0,
68db958100000000050336cb,M2026-05,0.27,54.0,7.0,0.0,0.0,0.12963,0.038571,5.0,
68e0e457000000000700ce1c,M2026-05,0.08,8.0,1.0,0.0,0.0,0.125,0.08,10.0,
68e0e4b10000000007003ead,M2026-05,1.73,137.0,15.0,0.0,0.0,0.109489,0.115333,12.627737,
68ef6601000000000301a9cb,M2026-05,0.0,3.0,0.0,0.0,0.0,0.0,,0.0,
692273930000000019024e90,M2026-05,0.0,6.0,0.0,0.0,0.0,0.0,,0.0,
6927e58e000000001f00ee4b,M2026-05,0.12,1.0,1.0,0.0,0.0,1.0,0.12,120.0,
69293a52000000001f00dec5,M2026-05,5.17,118.0,12.0,0.0,0.0,0.101695,0.430833,43.813559,
692a6de6000000001e03812d,M2026-05,4.08,87.0,10.0,0.0,0.0,0.114943,0.408,46.896552,
69327e83000000001f00ca08,M2026-05,0.01,9.0,1.0,0.0,0.0,0.111111,0.01,1.111111,
6936766c000000001b0237dc,M2026-05,6.470000000000001,202.0,15.0,0.0,0.0,0.074257,0.431333,32.029703,
69367987000000001b027d8f,M2026-05,2.9199999999999995,134.0,21.0,0.0,0.0,0.156716,0.139048,21.791045,
6937ecf7000000000d03ecf4,M2026-05,0.0,2.0,0.0,0.0,0.0,0.0,,0.0,
693d3688000000001e00be17,M2026-05,0.0,3.0,0.0,0.0,0.0,0.0,,0.0,
69410133000000001e0374c3,M2026-05,0.0,2.0,0.0,0.0,0.0,0.0,,0.0,
6944f5f2000000001f00a3d7,M2026-05,0.06999999999999999,32.0,2.0,0.0,0.0,0.0625,0.035,2.1875,
6950da0e0000000022032b4e,M2026-05,0.0,2.0,0.0,0.0,0.0,0.0,,0.0,
6954ad1b000000001e03a06f,M2026-05,2.09,7.0,1.0,0.0,0.0,0.142857,2.09,298.571429,
695877db000000001e02a155,M2026-05,0.0,5.0,0.0,0.0,0.0,0.0,,0.0,
6959c6f4000000001e028520,M2026-05,0.0,1.0,0.0,0.0,0.0,0.0,,0.0,
695c6cb0000000000e00ee19,M2026-05,0.0,4.0,0.0,0.0,0.0,0.0,,0.0,
695c7868000000001a01ee5a,M2026-05,0.0,1.0,0.0,0.0,0.0,0.0,,0.0,
6963652c000000002200a5f4,M2026-05,0.0,3.0,0.0,0.0,0.0,0.0,,0.0,
6968a7e1000000001a032b62,M2026-05,0.0,7.0,0.0,0.0,0.0,0.0,,0.0,
696ae6600000000021030946,M2026-05,0.0,2.0,0.0,0.0,0.0,0.0,,0.0,
696b2fb5000000002202224a,M2026-05,0.0,2.0,0.0,0.0,0.0,0.0,,0.0,
697215d3000000002102babe,M2026-05,0.10999999999999999,37.0,3.0,0.0,0.0,0.081081,0.036667,2.972973,
69747a91000000002202e8cb,M2026-05,6.7799999999999985,425.0,42.0,0.0,0.0,0.098824,0.161429,15.952941,
697483bc0000000021030797,M2026-05,9.43,289.0,29.0,0.0,0.0,0.100346,0.325172,32.629758,
69772f10000000002203adb7,M2026-05,0.0,13.0,0.0,0.0,0.0,0.0,,0.0,
69785b9800000000210301e7,M2026-05,0.51,52.0,4.0,0.0,0.0,0.076923,0.1275,9.807692,
6979aa20000000002203199c,M2026-05,0.96,70.0,9.0,0.0,0.0,0.128571,0.106667,13.714286,
697b62370000000022008079,M2026-05,0.0,9.0,0.0,0.0,0.0,0.0,,0.0,
697f3a7b0000000022038c46,M2026-05,1.3100000000000003,294.0,45.0,0.0,0.0,0.153061,0.029111,4.455782,
69806002000000002203a5e3,M2026-05,223.18000000000006,3553.0,290.0,7.0,4.0,0.081621,0.769586,62.814523,55.795
6981b7f200000000220207c4,M2026-05,0.43000000000000005,93.0,8.0,0.0,0.0,0.086022,0.05375,4.623656,
69848984000000002203b8c4,M2026-05,0.55,98.0,20.0,1.0,1.0,0.204082,0.0275,5.612245,0.55
6989a3c4000000001b014abc,M2026-05,0.0,6.0,0.0,0.0,0.0,0.0,,0.0,
698b25ad000000001b014b1d,M2026-05,0.0,4.0,0.0,0.0,0.0,0.0,,0.0,
699453d000000000150230b3,M2026-05,3.2500000000000004,424.0,98.0,1.0,0.0,0.231132,0.033163,7.665094,
699ead68000000001600b831,M2026-05,0.35,5.0,1.0,0.0,0.0,0.2,0.35,70.0,
69a184d200000000150204c6,M2026-05,4.83,39.0,2.0,0.0,0.0,0.051282,2.415,123.846154,
69a69ecb00000000150237fb,M2026-05,0.0,2.0,0.0,0.0,0.0,0.0,,0.0,
69aaa345000000001502198f,M2026-05,287.54,225.0,35.0,0.0,0.0,0.155556,8.215429,1277.955556,
69abed790000000015039bcf,M2026-05,1.46,115.0,17.0,0.0,0.0,0.147826,0.085882,12.695652,
69ad4ab700000000150218ef,M2026-05,0.0,3.0,0.0,0.0,0.0,0.0,,0.0,
69af8cfd00000000160099b4,M2026-05,2.64,266.0,38.0,0.0,0.0,0.142857,0.069474,9.924812,
69b12f420000000015033f3a,M2026-05,1.2,25.0,1.0,0.0,0.0,0.04,1.2,48.0,
69b3dc74000000001a029467,M2026-05,1.83,59.0,8.0,0.0,0.0,0.135593,0.22875,31.016949,
69b7a0fc0000000022003030,M2026-05,0.0,17.0,0.0,0.0,0.0,0.0,,0.0,
69b7a14300000000220031c0,M2026-05,0.0,6.0,0.0,0.0,0.0,0.0,,0.0,
69b92555000000001a0330c1,M2026-05,0.08,46.0,8.0,0.0,0.0,0.173913,0.01,1.73913,
69bd11d5000000001a030a01,M2026-05,0.0,6.0,0.0,0.0,0.0,0.0,,0.0,
69be6173000000002102df26,M2026-05,0.01,21.0,1.0,0.0,0.0,0.047619,0.01,0.47619,
69bedca5000000001a021915,M2026-05,3.7799999999999994,266.0,38.0,0.0,0.0,0.142857,0.099474,14.210526,
69bedcf70000000021038a01,M2026-05,0.0,4.0,0.0,0.0,0.0,0.0,,0.0,
69bedd4900000000220023ed,M2026-05,2.6599999999999984,116.0,19.0,0.0,0.0,0.163793,0.14,22.931034,
69c258e400000000220002ec,M2026-05,0.93,23.0,2.0,0.0,0.0,0.086957,0.465,40.434783,
69c3a080000000002102ca12,M2026-05,1.84,76.0,7.0,0.0,0.0,0.092105,0.262857,24.210526,
69c79a3c000000001a025f6e,M2026-05,0.02,4.0,1.0,0.0,0.0,0.25,0.02,5.0,
69cce0ed000000001a029e9d,M2026-05,0.04,18.0,4.0,0.0,0.0,0.222222,0.01,2.222222,
69d258ed000000002102fc18,M2026-05,0.35,11.0,1.0,0.0,0.0,0.090909,0.35,31.818182,
69d76c4f000000001a020b12,M2026-05,0.0,8.0,0.0,0.0,0.0,0.0,,0.0,
69d76c9d000000001a030e8b,M2026-05,0.0,1.0,0.0,0.0,0.0,0.0,,0.0,
69dca9fe000000002103a4d3,M2026-05,1.31,24.0,2.0,0.0,0.0,0.083333,0.655,54.583333,
69dcaa3f000000001a023139,M2026-05,0.51,12.0,1.0,0.0,0.0,0.083333,0.51,42.5,
69df4d36000000001a02813c,M2026-05,0.0,6.0,0.0,0.0,0.0,0.0,,0.0,
69e1fb9e000000001a02a60b,M2026-05,0.0,2.0,0.0,0.0,0.0,0.0,,0.0,
69e3479d00000000220012d6,M2026-05,1.26,11.0,1.0,0.0,0.0,0.090909,1.26,114.545455,
63aabe9e000000001f012388,M2026-05,0.0,17.0,0.0,0.0,0.0,0.0,,0.0,
63ac07b0000000001b015209,M2026-05,0.0,1.0,0.0,0.0,0.0,0.0,,0.0,
63ae5477000000001f0243c2,M2026-05,0.02,10.0,2.0,0.0,0.0,0.2,0.01,2.0,
63c610d6000000001f00d02c,M2026-05,0.0,4.0,0.0,0.0,0.0,0.0,,0.0,
63c762d50000000022039125,M2026-05,0.01,6.0,1.0,0.0,0.0,0.166667,0.01,1.666667,
63d2865200000000220297cf,M2026-05,0.0,1.0,0.0,0.0,0.0,0.0,,0.0,
63db7d5b00000000180129e5,M2026-05,0.0,9.0,0.0,0.0,0.0,0.0,,0.0,
63eeef9a000000001300f05c,M2026-05,0.0,1.0,0.0,0.0,0.0,0.0,,0.0,
6413b69d0000000012033226,M2026-05,0.01,8.0,1.0,0.0,0.0,0.125,0.01,1.25,
6435209d000000001303c9a0,M2026-05,0.0,1.0,0.0,0.0,0.0,0.0,,0.0,
6450d8cc000000000800eb4f,M2026-05,0.0,5.0,0.0,0.0,0.0,0.0,,0.0,
646dae200000000013032917,M2026-05,0.01,10.0,1.0,0.0,0.0,0.1,0.01,1.0,
647dc19b0000000027001ab4,M2026-05,0.0,1.0,0.0,0.0,0.0,0.0,,0.0,
6486b3ef0000000013015d36,M2026-05,0.0,8.0,0.0,0.0,0.0,0.0,,0.0,
64885b9c0000000011013a45,M2026-05,0.14,9.0,1.0,0.0,0.0,0.111111,0.14,15.555556,
648e7dab00000000130367d6,M2026-05,0.0,3.0,0.0,0.0,0.0,0.0,,0.0,
64918f0700000000140254d5,M2026-05,0.0,1.0,0.0,0.0,0.0,0.0,,0.0,
649ac8060000000007039048,M2026-05,0.0,2.0,0.0,0.0,0.0,0.0,,0.0,
64be2a48000000001201c5db,M2026-05,0.07999999999999999,16.0,4.0,0.0,0.0,0.25,0.02,5.0,
64be3839000000000b028a7e,M2026-05,0.0,4.0,0.0,0.0,0.0,0.0,,0.0,
64cb70bc0000000017019318,M2026-05,0.0,2.0,0.0,0.0,0.0,0.0,,0.0,
64cf1717000000000b02a9fc,M2026-05,0.0,1.0,0.0,0.0,0.0,0.0,,0.0,
64d39c140000000010031324,M2026-05,0.0,2.0,0.0,0.0,0.0,0.0,,0.0,
64d762d10000000010030702,M2026-05,0.0,3.0,0.0,0.0,0.0,0.0,,0.0,
64db4e87000000001701a578,M2026-05,3.3299999999999996,36.0,4.0,0.0,0.0,0.111111,0.8325,92.5,
64dc3f58000000001201ac60,M2026-05,0.01,7.0,1.0,0.0,0.0,0.142857,0.01,1.428571,
64e86dfc000000001700f546,M2026-05,0.0,2.0,0.0,0.0,0.0,0.0,,0.0,
64e9e1c4000000001701bbe7,M2026-05,0.03,5.0,1.0,0.0,0.0,0.2,0.03,6.0,
64ed5f72000000001e02ce33,M2026-05,0.0,4.0,0.0,0.0,0.0,0.0,,0.0,
64edb464000000001f0072b3,M2026-05,0.0,3.0,0.0,0.0,0.0,0.0,,0.0,
64f59f01000000001d017ff6,M2026-05,0.56,4.0,1.0,0.0,0.0,0.25,0.56,140.0,
64f69f4b000000001e02f1cd,M2026-05,0.0,6.0,0.0,0.0,0.0,0.0,,0.0,
64fc56f3000000001f0358b2,M2026-05,0.0,8.0,0.0,0.0,0.0,0.0,,0.0,
64fd33ff000000001e02958f,M2026-05,0.0,7.0,0.0,0.0,0.0,0.0,,0.0,
64fdc220000000001e02acb7,M2026-05,0.0,4.0,0.0,0.0,0.0,0.0,,0.0,
65080ae0000000001e020f0f,M2026-05,2.46,26.0,2.0,0.0,0.0,0.076923,1.23,94.615385,
650d82f6000000001e02d1c7,M2026-05,0.13,3.0,1.0,0.0,0.0,0.333333,0.13,43.333333,
6513ccca000000001f0070dc,M2026-05,0.0,2.0,0.0,0.0,0.0,0.0,,0.0,
6513d8780000000020001214,M2026-05,0.0,1.0,0.0,0.0,0.0,0.0,,0.0,
6513e021000000001f0075bd,M2026-05,0.08,11.0,2.0,0.0,0.0,0.181818,0.04,7.272727,
6530f0370000000020003a3e,M2026-05,0.0,7.0,0.0,0.0,0.0,0.0,,0.0,
6530f56b0000000020001851,M2026-05,0.0,5.0,0.0,0.0,0.0,0.0,,0.0,
653215c4000000001f036589,M2026-05,0.0,2.0,0.0,0.0,0.0,0.0,,0.0,
6533ce70000000001f036ec2,M2026-05,0.29,2.0,1.0,0.0,0.0,0.5,0.29,145.0,
65376aa7000000001e03f455,M2026-05,0.0,6.0,0.0,0.0,0.0,0.0,,0.0,
653b2a26000000001e02923e,M2026-05,0.0,1.0,0.0,0.0,0.0,0.0,,0.0,
653e2bbf000000001e02c9dd,M2026-05,0.0,3.0,0.0,0.0,0.0,0.0,,0.0,
654340ba000000001e0299de,M2026-05,8.01,145.0,20.0,0.0,0.0,0.137931,0.4005,55.241379,
6544c4a3000000001e00dd7c,M2026-05,0.0,4.0,0.0,0.0,0.0,0.0,,0.0,
654cea4e000000000f028244,M2026-05,0.0,1.0,0.0,0.0,0.0,0.0,,0.0,
65582685000000003202ea19,M2026-05,0.41000000000000003,15.0,2.0,0.0,0.0,0.133333,0.205,27.333333,
6559fc2200000000330060b6,M2026-05,0.0,12.0,0.0,0.0,0.0,0.0,,0.0,
655c05e3000000003203ab8c,M2026-05,0.0,2.0,0.0,0.0,0.0,0.0,,0.0,
6561bd1e0000000033005f0e,M2026-05,0.0,2.0,0.0,0.0,0.0,0.0,,0.0,
65644368000000003203b119,M2026-05,0.0,1.0,0.0,0.0,0.0,0.0,,0.0,
657ea4f40000000006028738,M2026-05,0.0,5.0,0.0,0.0,0.0,0.0,,0.0,
658149bd0000000009025675,M2026-05,0.0,12.0,0.0,0.0,0.0,0.0,,0.0,
658690ba000000003a00cb78,M2026-05,0.0,3.0,0.0,0.0,0.0,0.0,,0.0,
658691900000000038015b90,M2026-05,0.6,19.0,2.0,0.0,0.0,0.105263,0.3,31.578947,
658693750000000038025102,M2026-05,4.8,42.0,6.0,0.0,0.0,0.142857,0.8,114.285714,
658bd2b90000000011014222,M2026-05,0.17,7.0,1.0,0.0,0.0,0.142857,0.17,24.285714,
658d3111000000001d037f78,M2026-05,0.09,17.0,1.0,0.0,0.0,0.058824,0.09,5.294118,
658fd1cd000000001802864b,M2026-05,0.0,10.0,0.0,0.0,0.0,0.0,,0.0,
65950ec3000000001102cc42,M2026-05,0.0,3.0,0.0,0.0,0.0,0.0,,0.0,
6599081c000000001d026139,M2026-05,0.17,11.0,1.0,0.0,0.0,0.090909,0.17,15.454545,
65990c68000000001d031e7e,M2026-05,0.0,9.0,0.0,0.0,0.0,0.0,,0.0,
659ceec100000000180285c8,M2026-05,0.0,2.0,0.0,0.0,0.0,0.0,,0.0,
659e6e12000000001d025fd3,M2026-05,0.42000000000000004,45.0,5.0,0.0,0.0,0.111111,0.084,9.333333,
65a8d975000000002a010976,M2026-05,0.0,4.0,0.0,0.0,0.0,0.0,,0.0,
65aa2ac7000000002c00f823,M2026-05,0.02,6.0,2.0,0.0,0.0,0.333333,0.01,3.333333,
65aa2d28000000002d011eda,M2026-05,0.0,3.0,0.0,0.0,0.0,0.0,,0.0,
65ae1f56000000002c03897a,M2026-05,0.0,3.0,0.0,0.0,0.0,0.0,,0.0,
65af7e4e000000002c0397d4,M2026-05,0.03,38.0,3.0,0.0,0.0,0.078947,0.01,0.789474,
65af8165000000002c03ac04,M2026-05,0.01,3.0,1.0,0.0,0.0,0.333333,0.01,3.333333,
65af81bb000000002c0298e0,M2026-05,0.0,6.0,0.0,0.0,0.0,0.0,,0.0,
65b1c759000000002b03f79a,M2026-05,0.54,28.0,4.0,0.0,0.0,0.142857,0.135,19.285714,
65b1c862000000002b03fd34,M2026-05,0.0,1.0,0.0,0.0,0.0,0.0,,0.0,
65b1cb86000000002c016a5d,M2026-05,0.01,2.0,1.0,0.0,0.0,0.5,0.01,5.0,
65b8ac46000000002c013741,M2026-05,0.06999999999999999,42.0,4.0,0.0,0.0,0.095238,0.0175,1.666667,
65bc4e88000000002c028213,M2026-05,0.4,9.0,1.0,0.0,0.0,0.111111,0.4,44.444444,
65bc5280000000002c0124dc,M2026-05,6.309999999999999,102.0,8.0,0.0,0.0,0.078431,0.78875,61.862745,
65bc5f28000000000702bf1e,M2026-05,0.0,24.0,0.0,0.0,0.0,0.0,,0.0,
65bc68d7000000002c010735,M2026-05,0.30000000000000004,18.0,2.0,0.0,0.0,0.111111,0.15,16.666667,
65d5ad59000000000102854b,M2026-05,0.15999999999999998,62.0,6.0,0.0,0.0,0.096774,0.026667,2.580645,
65d9a37600000000070252e9,M2026-05,0.0,1.0,0.0,0.0,0.0,0.0,,0.0,
65dc4e990000000007005b79,M2026-05,0.0,6.0,0.0,0.0,0.0,0.0,,0.0,
65dd9d15000000000102808f,M2026-05,0.01,25.0,1.0,0.0,0.0,0.04,0.01,0.4,
65e1b4530000000003035d58,M2026-05,0.0,19.0,0.0,0.0,0.0,0.0,,0.0,
65e2e49a0000000001028986,M2026-05,0.17,72.0,4.0,0.0,0.0,0.055556,0.0425,2.361111,
65e58877000000000102bbfc,M2026-05,0.0,1.0,0.0,0.0,0.0,0.0,,0.0,
65e973a20000000003036a18,M2026-05,0.76,149.0,18.0,0.0,0.0,0.120805,0.042222,5.100671,
65eec2a300000000120230d4,M2026-05,1.97,35.0,4.0,0.0,0.0,0.114286,0.4925,56.285714,
65f553790000000012020778,M2026-05,0.1,16.0,4.0,0.0,0.0,0.25,0.025,6.25,
65f6a31900000000120222cf,M2026-05,0.02,7.0,1.0,0.0,0.0,0.142857,0.02,2.857143,
65f7db450000000014007fdf,M2026-05,0.0,1.0,0.0,0.0,0.0,0.0,,0.0,
65f9455c000000000d00d8fb,M2026-05,0.14,7.0,1.0,0.0,0.0,0.142857,0.14,20.0,
65ffd89700000000120227d7,M2026-05,0.0,3.0,0.0,0.0,0.0,0.0,,0.0,
66012e660000000012022140,M2026-05,0.0,3.0,0.0,0.0,0.0,0.0,,0.0,
6603d27e000000001203e831,M2026-05,2.42,7.0,1.0,0.0,0.0,0.142857,2.42,345.714286,
66091722000000001a0100c2,M2026-05,0.0,2.0,0.0,0.0,0.0,0.0,,0.0,
660a6865000000001a00dbc9,M2026-05,0.0,3.0,0.0,0.0,0.0,0.0,,0.0,
66110c18000000001a01306e,M2026-05,0.0,9.0,0.0,0.0,0.0,0.0,,0.0,
6618eaf6000000001a015070,M2026-05,0.7,10.0,2.0,0.0,0.0,0.2,0.35,70.0,
661f7b560000000004018a27,M2026-05,0.0,3.0,0.0,0.0,0.0,0.0,,0.0,
66220c67000000000401b2db,M2026-05,0.0,1.0,0.0,0.0,0.0,0.0,,0.0,
662617cb0000000001004d3b,M2026-05,0.0,1.0,0.0,0.0,0.0,0.0,,0.0,
662a0c65000000000401bd27,M2026-05,1.6900000000000002,17.0,2.0,0.0,0.0,0.117647,0.845,99.411765,
66306c29000000001e03990d,M2026-05,0.02,5.0,1.0,0.0,0.0,0.2,0.02,4.0,
663088c0000000001e0315ef,M2026-05,0.56,7.0,2.0,0.0,0.0,0.285714,0.28,80.0,
6635e9e2000000001e03772a,M2026-05,2.42,30.0,4.0,0.0,0.0,0.133333,0.605,80.666667,
6641c5a2000000001e030cf7,M2026-05,0.0,5.0,0.0,0.0,0.0,0.0,,0.0,
66431825000000001e03a1cf,M2026-05,0.0,6.0,0.0,0.0,0.0,0.0,,0.0,
664728240000000014018bd2,M2026-05,0.04,15.0,2.0,0.0,0.0,0.133333,0.02,2.666667,
6647289700000000050064a4,M2026-05,0.0,1.0,0.0,0.0,0.0,0.0,,0.0,
664c6420000000001401b0c2,M2026-05,0.8400000000000001,29.0,4.0,0.0,0.0,0.137931,0.21,28.965517,
664da673000000001601171d,M2026-05,0.58,8.0,1.0,0.0,0.0,0.125,0.58,72.5,
66504a020000000005004c87,M2026-05,1.3800000000000001,78.0,11.0,0.0,0.0,0.141026,0.125455,17.692308,
6652ef870000000014019780,M2026-05,0.0,6.0,0.0,0.0,0.0,0.0,,0.0,
66543e01000000001401a8a9,M2026-05,0.45000000000000007,63.0,3.0,0.0,0.0,0.047619,0.15,7.142857,
6656d14200000000160127f2,M2026-05,0.0,1.0,0.0,0.0,0.0,0.0,,0.0,
66583266000000001401855a,M2026-05,0.02,39.0,2.0,0.0,0.0,0.051282,0.01,0.512821,
665981f60000000016011633,M2026-05,2.7199999999999998,10.0,3.0,0.0,0.0,0.3,0.906667,272.0,
665ad331000000001401a71a,M2026-05,0.0,4.0,0.0,0.0,0.0,0.0,,0.0,
6664116c000000000e03018b,M2026-05,0.0,20.0,0.0,0.0,0.0,0.0,,0.0,
666567450000000006007835,M2026-05,2.54,158.0,12.0,0.0,0.0,0.075949,0.211667,16.075949,
66680350000000000d00d089,M2026-05,0.49,54.0,7.0,0.0,0.0,0.12963,0.07,9.074074,
6668061e0000000006007804,M2026-05,0.0,3.0,0.0,0.0,0.0,0.0,,0.0,
66695cd5000000000600432c,M2026-05,0.0,2.0,0.0,0.0,0.0,0.0,,0.0,
666bf7ab000000000d00d89e,M2026-05,0.02,8.0,1.0,0.0,0.0,0.125,0.02,2.5,
666d63c4000000000e032059,M2026-05,0.0,5.0,0.0,0.0,0.0,0.0,,0.0,
667680da000000001e011696,M2026-05,0.03,11.0,3.0,0.0,0.0,0.272727,0.01,2.727273,
667933df000000001c024221,M2026-05,0.34,41.0,6.0,0.0,0.0,0.146341,0.056667,8.292683,
667d178e000000001c027501,M2026-05,0.01,15.0,1.0,0.0,0.0,0.066667,0.01,0.666667,
667e69b0000000001c02458d,M2026-05,1.76,76.0,7.0,0.0,0.0,0.092105,0.251429,23.157895,
667e8872000000001c02578c,M2026-05,0.21,10.0,1.0,0.0,0.0,0.1,0.21,21.0,
668ba06d0000000025003455,M2026-05,0.0,7.0,0.0,0.0,0.0,0.0,,0.0,
668ba1b40000000025007bf7,M2026-05,0.0,2.0,0.0,0.0,0.0,0.0,,0.0,
6690f3ed0000000025002592,M2026-05,0.0,6.0,0.0,0.0,0.0,0.0,,0.0,
669628940000000025014407,M2026-05,0.03,21.0,3.0,0.0,0.0,0.142857,0.01,1.428571,
66962b3900000000250072ac,M2026-05,0.35000000000000003,44.0,2.0,0.0,0.0,0.045455,0.175,7.954545,
66a5fab0000000002701de52,M2026-05,0.0,4.0,0.0,0.0,0.0,0.0,,0.0,
66a74a780000000027011fa2,M2026-05,0.7200000000000001,98.0,13.0,0.0,0.0,0.132653,0.055385,7.346939,
66a9f071000000002701fcac,M2026-05,2.31,43.0,6.0,0.0,0.0,0.139535,0.385,53.72093,
66b1de10000000001e01c1ec,M2026-05,1.1400000000000001,150.0,24.0,0.0,0.0,0.16,0.0475,7.6,
66b3273c0000000025032bfc,M2026-05,0.31,126.0,14.0,0.0,0.0,0.111111,0.022143,2.460317,
66b71c260000000025031b53,M2026-05,0.01,3.0,1.0,0.0,0.0,0.333333,0.01,3.333333,
66bb1057000000001e01cee8,M2026-05,0.18,5.0,1.0,0.0,0.0,0.2,0.18,36.0,
66bc63b70000000025030e7d,M2026-05,0.47000000000000003,108.0,18.0,0.0,0.0,0.166667,0.026111,4.351852,
66bf228f0000000025031381,M2026-05,0.0,4.0,0.0,0.0,0.0,0.0,,0.0,
66c45b75000000001d0147d8,M2026-05,1.4400000000000002,110.0,16.0,0.0,0.0,0.145455,0.09,13.090909,
66c59dfb000000001d015b5f,M2026-05,0.01,10.0,1.0,0.0,0.0,0.1,0.01,1.0,
66c6e990000000001d01afe0,M2026-05,2.8999999999999995,222.0,33.0,1.0,1.0,0.148649,0.087879,13.063063,2.9
66c99238000000001d019762,M2026-05,10.33,331.0,47.0,0.0,0.0,0.141994,0.219787,31.208459,
66cd8b5c000000001d03be18,M2026-05,0.46,13.0,3.0,0.0,0.0,0.230769,0.153333,35.384615,
66d6b022000000001d014494,M2026-05,0.0,4.0,0.0,0.0,0.0,0.0,,0.0,
66dba50b000000001201274e,M2026-05,0.07,20.0,3.0,0.0,0.0,0.15,0.023333,3.5,
66dd561b000000001e01ae53,M2026-05,0.09,25.0,1.0,0.0,0.0,0.04,0.09,3.6,
66de9050000000001e01addd,M2026-05,9.729999999999999,385.0,64.0,0.0,0.0,0.166234,0.152031,25.272727,
66de90b3000000000c01a935,M2026-05,7.529999999999999,276.0,35.0,0.0,0.0,0.126812,0.215143,27.282609,
66dff03b0000000012013fe9,M2026-05,0.01,7.0,1.0,0.0,0.0,0.142857,0.01,1.428571,
66e2a0eb000000000c0189cb,M2026-05,0.01,7.0,1.0,0.0,0.0,0.142857,0.01,1.428571,
66e2a12c000000001e01aaa7,M2026-05,5.179999999999998,289.0,34.0,0.0,0.0,0.117647,0.152353,17.923875,
66e3edb8000000000c019691,M2026-05,0.27,36.0,3.0,0.0,0.0,0.083333,0.09,7.5,
66e538170000000012010428,M2026-05,0.05,7.0,2.0,0.0,0.0,0.285714,0.025,7.142857,
66e541ba0000000012012389,M2026-05,0.0,3.0,0.0,0.0,0.0,0.0,,0.0,
66e9349d0000000012011ec9,M2026-05,0.05,43.0,2.0,0.0,0.0,0.046512,0.025,1.162791,
66ea7fd0000000001201308d,M2026-05,0.16,30.0,5.0,0.0,0.0,0.166667,0.032,5.333333,
66ebc041000000000c01b331,M2026-05,0.47000000000000003,19.0,2.0,0.0,0.0,0.105263,0.235,24.736842,
66ebd8ac000000001e01aad6,M2026-05,0.06,2.0,2.0,0.0,0.0,1.0,0.03,30.0,
66efcc6f000000001e019094,M2026-05,0.14,7.0,2.0,0.0,0.0,0.285714,0.07,20.0,
66f11dca000000001b02255c,M2026-05,0.01,1.0,1.0,0.0,0.0,1.0,0.01,10.0,
66f3bc31000000001a023cee,M2026-05,3.69,261.0,31.0,0.0,0.0,0.118774,0.119032,14.137931,
66f90392000000001902f75b,M2026-05,0.0,3.0,0.0,0.0,0.0,0.0,,0.0,
66fcfa13000000001b023957,M2026-05,0.01,8.0,1.0,0.0,0.0,0.125,0.01,1.25,
67063284000000001902cbff,M2026-05,0.01,1.0,1.0,0.0,0.0,1.0,0.01,10.0,
6707a3ea000000001902db4a,M2026-05,0.0,3.0,0.0,0.0,0.0,0.0,,0.0,
670c6f600000000024015ad0,M2026-05,0.01,8.0,1.0,0.0,0.0,0.125,0.01,1.25,
670ccf4b000000001b03f061,M2026-05,0.01,13.0,1.0,0.0,0.0,0.076923,0.01,0.769231,
67123f100000000021003d08,M2026-05,0.0,3.0,0.0,0.0,0.0,0.0,,0.0,
6718c00b0000000024018b4e,M2026-05,0.01,3.0,1.0,0.0,0.0,0.333333,0.01,3.333333,
6719f7eb0000000026034e27,M2026-05,0.0,5.0,0.0,0.0,0.0,0.0,,0.0,
6719f854000000002401b794,M2026-05,0.0,4.0,0.0,0.0,0.0,0.0,,0.0,
671b4f78000000002100b648,M2026-05,0.0,1.0,0.0,0.0,0.0,0.0,,0.0,
67234df4000000001b0101ad,M2026-05,0.0,2.0,0.0,0.0,0.0,0.0,,0.0,
672ade53000000001b02cd18,M2026-05,0.0,2.0,0.0,0.0,0.0,0.0,,0.0,
673dc1d500000000080040bb,M2026-05,0.0,1.0,0.0,0.0,0.0,0.0,,0.0,
673ffa21000000000202e855,M2026-05,0.01,3.0,1.0,0.0,0.0,0.333333,0.01,3.333333,
67456ae0000000000203af51,M2026-05,0.0,4.0,0.0,0.0,0.0,0.0,,0.0,
67469ae4000000000202d3eb,M2026-05,0.0,8.0,0.0,0.0,0.0,0.0,,0.0,
674aadee0000000007025e3a,M2026-05,0.0,2.0,0.0,0.0,0.0,0.0,,0.0,
674aeb280000000008004264,M2026-05,0.0,1.0,0.0,0.0,0.0,0.0,,0.0,
674aeb8a0000000007036348,M2026-05,0.0,1.0,0.0,0.0,0.0,0.0,,0.0,
674ee731000000000201992f,M2026-05,0.01,20.0,1.0,0.0,0.0,0.05,0.01,0.5,
67516c7d000000000203bab2,M2026-05,0.0,4.0,0.0,0.0,0.0,0.0,,0.0,
6752bfca000000000601573d,M2026-05,0.0,4.0,0.0,0.0,0.0,0.0,,0.0,
6758281a00000000020163f7,M2026-05,0.75,3.0,1.0,0.0,0.0,0.333333,0.75,250.0,
6758294c0000000002035a8a,M2026-05,0.0,2.0,0.0,0.0,0.0,0.0,,0.0,
67594fb00000000002015dff,M2026-05,0.0,9.0,0.0,0.0,0.0,0.0,,0.0,
675950b700000000020355bf,M2026-05,0.0,3.0,0.0,0.0,0.0,0.0,,0.0,
675d4d94000000000103ea64,M2026-05,0.0,9.0,0.0,0.0,0.0,0.0,,0.0,
675ffbcb000000000b0147a3,M2026-05,0.0,1.0,0.0,0.0,0.0,0.0,,0.0,
676d2964000000001300b4c8,M2026-05,0.0,3.0,0.0,0.0,0.0,0.0,,0.0,
676d2ace0000000014024f1c,M2026-05,0.15,6.0,1.0,0.0,0.0,0.166667,0.15,25.0,
676e6cf7000000001300de4a,M2026-05,0.0,1.0,0.0,0.0,0.0,0.0,,0.0,
677904f80000000013008ea1,M2026-05,0.05,9.0,2.0,0.0,0.0,0.222222,0.025,5.555556,
6788cc78000000001801ecd9,M2026-05,0.97,27.0,3.0,0.0,0.0,0.111111,0.323333,35.925926,
678a2e8800000000180176ef,M2026-05,0.3,9.0,2.0,0.0,0.0,0.222222,0.15,33.333333,
67ada00c000000002602ec80,M2026-05,0.0,3.0,0.0,0.0,0.0,0.0,,0.0,
67b2e2a4000000001902eba3,M2026-05,0.0,1.0,0.0,0.0,0.0,0.0,,0.0,
67cc0e2a000000002a00e11f,M2026-05,0.0,2.0,0.0,0.0,0.0,0.0,,0.0,
67d528df000000001c00940f,M2026-05,0.03,3.0,3.0,0.0,0.0,1.0,0.01,10.0,
685670bb000000000b01fc31,M2026-05,0.19,44.0,3.0,0.0,0.0,0.068182,0.063333,4.318182,
68905bf700000000020039f5,M2026-05,0.0,2.0,0.0,0.0,0.0,0.0,,0.0,
6895a47700000000230382eb,M2026-05,0.0,7.0,0.0,0.0,0.0,0.0,,0.0,
68ad61bc000000001b02256d,M2026-05,0.0,2.0,0.0,0.0,0.0,0.0,,0.0,
68ad64bb000000001c00fb29,M2026-05,0.0,1.0,0.0,0.0,0.0,0.0,,0.0,
68ad65fc000000001c00c43b,M2026-05,0.0,2.0,0.0,0.0,0.0,0.0,,0.0,
68bff3dc000000001d020916,M2026-05,0.26,23.0,2.0,0.0,0.0,0.086957,0.13,11.304348,
68c7d0c6000000001d03456e,M2026-05,0.12,2.0,1.0,0.0,0.0,0.5,0.12,60.0,
6937eba70000000019025d07,M2026-05,0.0,4.0,0.0,0.0,0.0,0.0,,0.0,
693d34ce000000001e00e6db,M2026-05,0.01,7.0,1.0,0.0,0.0,0.142857,0.01,1.428571,
693fa93b000000001d03d6f0,M2026-05,0.0,6.0,0.0,0.0,0.0,0.0,,0.0,
6940b4c1000000001e02c4ec,M2026-05,0.17,5.0,1.0,0.0,0.0,0.2,0.17,34.0,
694de00a000000002202cfe6,M2026-05,0.0,2.0,0.0,0.0,0.0,0.0,,0.0,
695a18b8000000001e02350e,M2026-05,0.0,1.0,0.0,0.0,0.0,0.0,,0.0,
695c8593000000001a0246c8,M2026-05,0.01,7.0,1.0,0.0,0.0,0.142857,0.01,1.428571,
6965ff2b000000002202d194,M2026-05,0.09,16.0,3.0,0.0,0.0,0.1875,0.03,5.625,
6979d9d0000000002102890e,M2026-05,0.77,29.0,3.0,0.0,0.0,0.103448,0.256667,26.551724,
6982f243000000002202147c,M2026-05,0.0,10.0,0.0,0.0,0.0,0.0,,0.0,
6987020d0000000015038216,M2026-05,0.0,4.0,0.0,0.0,0.0,0.0,,0.0,
698892e0000000001d024712,M2026-05,0.0,13.0,0.0,0.0,0.0,0.0,,0.0,
69919e19000000001b01e5ec,M2026-05,0.0,13.0,0.0,0.0,0.0,0.0,,0.0,
69a2ed630000000015030861,M2026-05,0.0,2.0,0.0,0.0,0.0,0.0,,0.0,
69a6f026000000001600ae2a,M2026-05,0.0,1.0,0.0,0.0,0.0,0.0,,0.0,
69ad786b0000000015032dfb,M2026-05,4.529999999999999,26.0,2.0,0.0,0.0,0.076923,2.265,174.230769,
69bedda8000000001a02602f,M2026-05,0.11,6.0,1.0,0.0,0.0,0.166667,0.11,18.333333,
69ce32e1000000001a027e78,M2026-05,0.0,2.0,0.0,0.0,0.0,0.0,,0.0,
69d8c91f000000001a023d2d,M2026-05,0.0,1.0,0.0,0.0,0.0,0.0,,0.0,
69ddfff300000000210381b5,M2026-05,0.0,5.0,0.0,0.0,0.0,0.0,,0.0,
63d4e5c50000000008026233,M2026-05,0.0,1.0,0.0,0.0,0.0,0.0,,0.0,
64118cfe000000000800d128,M2026-05,0.0,16.0,0.0,0.0,0.0,0.0,,0.0,
6437553b0000000013035dc5,M2026-05,0.0,3.0,0.0,0.0,0.0,0.0,,0.0,
643d0bdd0000000013009678,M2026-05,0.0,7.0,0.0,0.0,0.0,0.0,,0.0,
6441fe5800000000130365fe,M2026-05,0.0,1.0,0.0,0.0,0.0,0.0,,0.0,
64bfa9d2000000000b02a2e0,M2026-05,0.0,2.0,0.0,0.0,0.0,0.0,,0.0,
64e09c0a00000000030214ee,M2026-05,0.0,4.0,0.0,0.0,0.0,0.0,,0.0,
650ea113000000001e0290e8,M2026-05,0.0,1.0,0.0,0.0,0.0,0.0,,0.0,
65339717000000001f03566a,M2026-05,0.0,8.0,0.0,0.0,0.0,0.0,,0.0,
65483c23000000001e00f291,M2026-05,0.0,5.0,0.0,0.0,0.0,0.0,,0.0,
65484ffb000000001e031daf,M2026-05,0.0,4.0,0.0,0.0,0.0,0.0,,0.0,
656c3832000000000602066f,M2026-05,0.0,19.0,0.0,0.0,0.0,0.0,,0.0,
6572c4880000000006023518,M2026-05,0.0,1.0,0.0,0.0,0.0,0.0,,0.0,
6572c56e0000000005039dfe,M2026-05,0.03,8.0,1.0,0.0,0.0,0.125,0.03,3.75,
65786cff000000000901b609,M2026-05,0.0,5.0,0.0,0.0,0.0,0.0,,0.0,
6585320c0000000006023fa7,M2026-05,0.0,13.0,0.0,0.0,0.0,0.0,,0.0,
658e8bfc000000001d036ed2,M2026-05,0.0,4.0,0.0,0.0,0.0,0.0,,0.0,
65950e93000000001102cbc9,M2026-05,0.0,2.0,0.0,0.0,0.0,0.0,,0.0,
65a78024000000002a015727,M2026-05,0.06,8.0,1.0,0.0,0.0,0.125,0.06,7.5,
65b1c682000000002c03ac02,M2026-05,0.01,2.0,1.0,0.0,0.0,0.5,0.01,5.0,
65b1cd36000000002b03d7cd,M2026-05,0.0,5.0,0.0,0.0,0.0,0.0,,0.0,
65bc5948000000002c02af3a,M2026-05,0.0,11.0,0.0,0.0,0.0,0.0,,0.0,
65d323e50000000007004ced,M2026-05,0.0,2.0,0.0,0.0,0.0,0.0,,0.0,
65d45f59000000000702751d,M2026-05,0.01,1.0,1.0,0.0,0.0,1.0,0.01,10.0,
65e1b549000000000102a921,M2026-05,0.0,7.0,0.0,0.0,0.0,0.0,,0.0,
65fe8a340000000012022e34,M2026-05,0.0,2.0,0.0,0.0,0.0,0.0,,0.0,
66091b49000000001a016fdb,M2026-05,0.11000000000000001,19.0,2.0,0.0,0.0,0.105263,0.055,5.789474,
661799dc000000001a017ad7,M2026-05,0.0,7.0,0.0,0.0,0.0,0.0,,0.0,
6631f6a8000000001e037d38,M2026-05,0.0,8.0,0.0,0.0,0.0,0.0,,0.0,
6631f74b000000001e032c9f,M2026-05,0.0,7.0,0.0,0.0,0.0,0.0,,0.0,
665835db00000000050072d2,M2026-05,0.05,6.0,2.0,0.0,0.0,0.333333,0.025,8.333333,
66713fcb000000000d00f84d,M2026-05,0.0,3.0,0.0,0.0,0.0,0.0,,0.0,
66d179e2000000001d01b84b,M2026-05,0.0,4.0,0.0,0.0,0.0,0.0,,0.0,
66d2ef0f000000001f03d5d9,M2026-05,0.0,5.0,0.0,0.0,0.0,0.0,,0.0,
66d56c05000000001d017b4d,M2026-05,0.0,1.0,0.0,0.0,0.0,0.0,,0.0,
66d91bd5000000001e018db7,M2026-05,0.09000000000000001,16.0,2.0,0.0,0.0,0.125,0.045,5.625,
66dd55c300000000120105cd,M2026-05,0.0,4.0,0.0,0.0,0.0,0.0,,0.0,
66de94b9000000000c01bcc0,M2026-05,0.02,8.0,1.0,0.0,0.0,0.125,0.02,2.5,
66e1498c0000000012011a52,M2026-05,0.03,9.0,2.0,0.0,0.0,0.222222,0.015,3.333333,
6704f6cf000000001902c0b1,M2026-05,0.0,2.0,0.0,0.0,0.0,0.0,,0.0,
670ccfff0000000024015a30,M2026-05,0.0,8.0,0.0,0.0,0.0,0.0,,0.0,
6721dd3700000000190193ac,M2026-05,0.03,2.0,1.0,0.0,0.0,0.5,0.03,15.0,
67331226000000001b0107e2,M2026-05,0.0,4.0,0.0,0.0,0.0,0.0,,0.0,
6739b019000000001a01e71c,M2026-05,0.01,15.0,1.0,0.0,0.0,0.066667,0.01,0.666667,
67668f78000000000b016d2b,M2026-05,0.0,1.0,0.0,0.0,0.0,0.0,,0.0,
6767e22c000000000900e235,M2026-05,0.01,1.0,1.0,0.0,0.0,1.0,0.01,10.0,
67c2bbdf000000002a00ebee,M2026-05,0.0,3.0,0.0,0.0,0.0,0.0,,0.0,
67d93fa9000000001c03de48,M2026-05,0.0,2.0,0.0,0.0,0.0,0.0,,0.0,
6933d7c0000000001e01245c,M2026-05,0.0,4.0,0.0,0.0,0.0,0.0,,0.0,
697cb24d000000002203bda3,M2026-05,0.0,3.0,0.0,0.0,0.0,0.0,,0.0,
69a6a375000000001d012a11,M2026-05,1.1400000000000001,43.0,6.0,0.0,0.0,0.139535,0.19,26.511628,
69e5e2ef000000001a0337bc,M2026-05,0.0,10.0,0.0,0.0,0.0,0.0,,0.0,
69edc7ab0000000038022757,M2026-05,0.0,5.0,0.0,0.0,0.0,0.0,,0.0,
63c374ad000000001f0222e0,M2026-05,0.0,1.0,0.0,0.0,0.0,0.0,,0.0,
63e0cd980000000004007785,M2026-05,0.21000000000000002,16.0,3.0,0.0,0.0,0.1875,0.07,13.125,
643363910000000013036c3a,M2026-05,0.0,2.0,0.0,0.0,0.0,0.0,,0.0,
6443908600000000270296f7,M2026-05,0.0,6.0,0.0,0.0,0.0,0.0,,0.0,
6443a4b900000000270127b2,M2026-05,0.11,19.0,4.0,0.0,0.0,0.210526,0.0275,5.789474,
64b67576000000002301e38c,M2026-05,0.0,1.0,0.0,0.0,0.0,0.0,,0.0,
64bc98a9000000000c0375c7,M2026-05,0.0,4.0,0.0,0.0,0.0,0.0,,0.0,
64d1b010000000000c0362b6,M2026-05,0.0,5.0,0.0,0.0,0.0,0.0,,0.0,
64e33439000000000c0370d9,M2026-05,0.32,29.0,1.0,0.0,0.0,0.034483,0.32,11.034483,
64eb0be4000000001003083d,M2026-05,0.04,5.0,1.0,0.0,0.0,0.2,0.04,8.0,
64f02a40000000001f03f24e,M2026-05,0.16,7.0,1.0,0.0,0.0,0.142857,0.16,22.857143,
650d68b1000000001f005742,M2026-05,0.0,2.0,0.0,0.0,0.0,0.0,,0.0,
650edcb2000000001d014334,M2026-05,0.0,3.0,0.0,0.0,0.0,0.0,,0.0,
6526147c000000001e00cd6e,M2026-05,0.0,1.0,0.0,0.0,0.0,0.0,,0.0,
652f3f7a000000001f00749b,M2026-05,0.0,10.0,0.0,0.0,0.0,0.0,,0.0,
653dd5f4000000001f03abf5,M2026-05,0.0,2.0,0.0,0.0,0.0,0.0,,0.0,
6559fa4b0000000032036726,M2026-05,0.79,1.0,1.0,0.0,0.0,1.0,0.79,790.0,
656444e2000000003300b9ef,M2026-05,0.0,2.0,0.0,0.0,0.0,0.0,,0.0,
6576b5010000000006029cb9,M2026-05,0.0,3.0,0.0,0.0,0.0,0.0,,0.0,
6581477d000000000901c441,M2026-05,0.82,1.0,1.0,0.0,0.0,1.0,0.82,820.0,
6583feb4000000000801c189,M2026-05,0.0,1.0,0.0,0.0,0.0,0.0,,0.0,
6593c7c0000000001d030fbd,M2026-05,0.0,4.0,0.0,0.0,0.0,0.0,,0.0,
65a4de98000000001e0081cb,M2026-05,0.02,15.0,2.0,0.0,0.0,0.133333,0.01,1.333333,
65af7f5c000000002c03c20e,M2026-05,0.01,11.0,1.0,0.0,0.0,0.090909,0.01,0.909091,
65b1ca54000000002c03808f,M2026-05,0.0,3.0,0.0,0.0,0.0,0.0,,0.0,
65b8ab3b0000000007029266,M2026-05,0.11999999999999998,15.0,4.0,0.0,0.0,0.266667,0.03,8.0,
65bc4b64000000002c02b6a4,M2026-05,0.0,2.0,0.0,0.0,0.0,0.0,,0.0,
65bc5b9b000000002c03f944,M2026-05,0.0,1.0,0.0,0.0,0.0,0.0,,0.0,
65e6f7ea000000000303422b,M2026-05,0.56,74.0,11.0,0.0,0.0,0.148649,0.050909,7.567568,
66125211000000001a014deb,M2026-05,0.23,8.0,1.0,0.0,0.0,0.125,0.23,28.75,
6617991e000000001a00c3b6,M2026-05,0.8,36.0,6.0,0.0,0.0,0.166667,0.133333,22.222222,
6618e9ec000000001a00cc81,M2026-05,0.0,2.0,0.0,0.0,0.0,0.0,,0.0,
6618eb85000000001a00ef17,M2026-05,0.04,13.0,2.0,0.0,0.0,0.153846,0.02,3.076923,
662f6cb7000000001e033756,M2026-05,0.73,2.0,1.0,0.0,0.0,0.5,0.73,365.0,
663c7e35000000001e03addc,M2026-05,0.0,5.0,0.0,0.0,0.0,0.0,,0.0,
665064a80000000014019457,M2026-05,0.01,2.0,1.0,0.0,0.0,0.5,0.01,5.0,
6662bcff000000000e031dda,M2026-05,0.0,2.0,0.0,0.0,0.0,0.0,,0.0,
66b327fd000000001e01ec55,M2026-05,0.0,10.0,0.0,0.0,0.0,0.0,,0.0,
66b47cde000000001e01f63c,M2026-05,0.24,14.0,1.0,0.0,0.0,0.071429,0.24,17.142857,
66c459aa000000001d01974a,M2026-05,0.0,4.0,0.0,0.0,0.0,0.0,,0.0,
66cd8a8a000000001d015356,M2026-05,0.08,5.0,1.0,0.0,0.0,0.2,0.08,16.0,
66ced86c000000001d01bb86,M2026-05,0.0,2.0,0.0,0.0,0.0,0.0,,0.0,
66d6b5e7000000001d014294,M2026-05,0.0,6.0,0.0,0.0,0.0,0.0,,0.0,
66e2a0a3000000000c01831f,M2026-05,0.04,4.0,1.0,0.0,0.0,0.25,0.04,10.0,
66ebbfe20000000012011994,M2026-05,0.0,2.0,0.0,0.0,0.0,0.0,,0.0,
670ccfa7000000002100b5d5,M2026-05,0.0,2.0,0.0,0.0,0.0,0.0,,0.0,
672c32a2000000001b02ce3f,M2026-05,0.0,6.0,0.0,0.0,0.0,0.0,,0.0,
673ff6dc000000000203b062,M2026-05,0.0,1.0,0.0,0.0,0.0,0.0,,0.0,
674aeac40000000007029d27,M2026-05,1.66,16.0,2.0,0.0,0.0,0.125,0.83,103.75,
6767e30a000000000800d940,M2026-05,0.16000000000000003,5.0,3.0,0.0,0.0,0.6,0.053333,32.0,
6767e32d000000000b00d6fd,M2026-05,0.43,3.0,1.0,0.0,0.0,0.333333,0.43,143.333333,
677f7bd9000000000100a77d,M2026-05,0.0,4.0,0.0,0.0,0.0,0.0,,0.0,
678605f0000000000b03acdc,M2026-05,0.0,1.0,0.0,0.0,0.0,0.0,,0.0,
664c63c700000000050071bf,M2026-05,0.0,2.0,0.0,0.0,0.0,0.0,,0.0,
665c274800000000160102eb,M2026-05,0.0,1.0,0.0,0.0,0.0,0.0,,0.0,
66601bb1000000000e0308b2,M2026-05,0.0,1.0,0.0,0.0,0.0,0.0,,0.0,
66641274000000000e031749,M2026-05,0.0,1.0,0.0,0.0,0.0,0.0,,0.0,
6669558b000000000d00fcef,M2026-05,0.0,2.0,0.0,0.0,0.0,0.0,,0.0,
66865775000000001c027faf,M2026-05,0.0,3.0,0.0,0.0,0.0,0.0,,0.0,
66af362f000000002701ffff,M2026-05,0.0,4.0,0.0,0.0,0.0,0.0,,0.0,
66d2c9dc000000001d0384ab,M2026-05,0.0,6.0,0.0,0.0,0.0,0.0,,0.0,
66dfefd8000000000c0185ed,M2026-05,0.01,15.0,1.0,0.0,0.0,0.066667,0.01,0.666667,
66e537d20000000012013dd5,M2026-05,0.0,1.0,0.0,0.0,0.0,0.0,,0.0,
66ee77af0000000012011770,M2026-05,0.9,5.0,4.0,0.0,0.0,0.8,0.225,180.0,
6708dde4000000001902e388,M2026-05,0.0,2.0,0.0,0.0,0.0,0.0,,0.0,
671ae7e4000000001b03d2eb,M2026-05,0.0,4.0,0.0,0.0,0.0,0.0,,0.0,
671e12ff00000000210076f5,M2026-05,0.0,6.0,0.0,0.0,0.0,0.0,,0.0,
673310ad000000001b029070,M2026-05,0.01,3.0,1.0,0.0,0.0,0.333333,0.01,3.333333,
675d4cd900000000020262bb,M2026-05,0.17,35.0,2.0,0.0,0.0,0.057143,0.085,4.857143,
67668f3d000000000b016a32,M2026-05,0.0,1.0,0.0,0.0,0.0,0.0,,0.0,
67b2e3d4000000001902f507,M2026-05,0.05,4.0,1.0,0.0,0.0,0.25,0.05,12.5,
67b58ed4000000002900e1f2,M2026-05,0.0,3.0,0.0,0.0,0.0,0.0,,0.0,
67c2bb1e000000002903272f,M2026-05,0.0,2.0,0.0,0.0,0.0,0.0,,0.0,
67ee4fe0000000001a006ef2,M2026-05,0.0,6.0,0.0,0.0,0.0,0.0,,0.0,
68e38f400000000004015879,M2026-05,0.0,1.0,0.0,0.0,0.0,0.0,,0.0,
692e8108000000001e026eb2,M2026-05,0.0,1.0,0.0,0.0,0.0,0.0,,0.0,
6968ae97000000000e00c7b4,M2026-05,0.0,1.0,0.0,0.0,0.0,0.0,,0.0,
696f8a1300000000220398ee,M2026-05,0.0,3.0,0.0,0.0,0.0,0.0,,0.0,
69b12517000000001d010985,M2026-05,0.67,3.0,1.0,0.0,0.0,0.333333,0.67,223.333333,
69e7226e000000001a025531,M2026-05,0.0,2.0,0.0,0.0,0.0,0.0,,0.0,
69e722b7000000001a023879,M2026-05,0.02,30.0,2.0,0.0,0.0,0.066667,0.01,0.666667,
69e887d2000000002102ffa4,M2026-05,0.72,17.0,2.0,0.0,0.0,0.117647,0.36,42.352941,
69eb22720000000020013003,M2026-05,0.02,10.0,2.0,0.0,0.0,0.2,0.01,2.0,
69ec8506000000003701f3f0,M2026-05,0.18,9.0,1.0,0.0,0.0,0.111111,0.18,20.0,
69edb08f000000003601db21,M2026-05,0.0,4.0,0.0,0.0,0.0,0.0,,0.0,
69edc7450000000036018931,M2026-05,0.0,4.0,0.0,0.0,0.0,0.0,,0.0,
69f70ce7000000003701f851,M2026-05,0.0,4.0,0.0,0.0,0.0,0.0,,0.0,
69f86844000000003701cda4,M2026-05,0.0,5.0,0.0,0.0,0.0,0.0,,0.0,
63b95ba9000000001b02720b,M2026-05,0.0,1.0,0.0,0.0,0.0,0.0,,0.0,
63be7b190000000022039474,M2026-05,0.0,1.0,0.0,0.0,0.0,0.0,,0.0,
63c8d157000000001f02357d,M2026-05,0.02,6.0,2.0,0.0,0.0,0.333333,0.01,3.333333,
64103807000000001300e751,M2026-05,0.0,1.0,0.0,0.0,0.0,0.0,,0.0,
64731fd70000000027000393,M2026-05,0.0,3.0,0.0,0.0,0.0,0.0,,0.0,
647ff2b30000000007039bef,M2026-05,0.0,1.0,0.0,0.0,0.0,0.0,,0.0,
649125430000000013033411,M2026-05,0.31,2.0,1.0,0.0,0.0,0.5,0.31,155.0,
649a3a030000000013034ef6,M2026-05,0.0,7.0,0.0,0.0,0.0,0.0,,0.0,
64ba491e000000000103ebcf,M2026-05,0.52,20.0,5.0,0.0,0.0,0.25,0.104,26.0,
64bfa29d000000000a0186f9,M2026-05,0.04,4.0,1.0,0.0,0.0,0.25,0.04,10.0,
64c642ae000000000800d6ec,M2026-05,0.0,4.0,0.0,0.0,0.0,0.0,,0.0,
64d61ee8000000001700f883,M2026-05,0.0,5.0,0.0,0.0,0.0,0.0,,0.0,
64ffe0a9000000002000203c,M2026-05,0.21000000000000002,18.0,2.0,0.0,0.0,0.111111,0.105,11.666667,
65098e58000000001e03ee2a,M2026-05,1.38,5.0,1.0,0.0,0.0,0.2,1.38,276.0,
650c0621000000001e03efb2,M2026-05,0.0,1.0,0.0,0.0,0.0,0.0,,0.0,
652610dc000000002000036e,M2026-05,0.0,4.0,0.0,0.0,0.0,0.0,,0.0,
65326a2f000000001d016284,M2026-05,0.61,9.0,2.0,0.0,0.0,0.222222,0.305,67.777778,
6535e1fd000000001f03e179,M2026-05,0.0,5.0,0.0,0.0,0.0,0.0,,0.0,
65450d0e000000001f035b08,M2026-05,0.0,2.0,0.0,0.0,0.0,0.0,,0.0,
654d9784000000003203940b,M2026-05,0.01,4.0,1.0,0.0,0.0,0.25,0.01,2.5,
6572c65f000000000901e49a,M2026-05,0.0,1.0,0.0,0.0,0.0,0.0,,0.0,
659e6d76000000001102e7be,M2026-05,0.0,3.0,0.0,0.0,0.0,0.0,,0.0,
659fa865000000001101406e,M2026-05,0.0,2.0,0.0,0.0,0.0,0.0,,0.0,
65a2414b000000001e007d30,M2026-05,0.0,2.0,0.0,0.0,0.0,0.0,,0.0,
65ae2181000000002c028313,M2026-05,0.0,1.0,0.0,0.0,0.0,0.0,,0.0,
65b8ad4a0000000008023e19,M2026-05,0.0,1.0,0.0,0.0,0.0,0.0,,0.0,
65b8adab000000002c02acdc,M2026-05,1.34,14.0,3.0,0.0,0.0,0.214286,0.446667,95.714286,
65bc65c0000000002c016d1b,M2026-05,0.0,5.0,0.0,0.0,0.0,0.0,,0.0,
65d851f200000000070272f8,M2026-05,0.01,5.0,1.0,0.0,0.0,0.2,0.01,2.0,
65f00d090000000012020da1,M2026-05,0.45,3.0,1.0,0.0,0.0,0.333333,0.45,150.0,
660919bf000000001a0151d2,M2026-05,0.0,2.0,0.0,0.0,0.0,0.0,,0.0,
660bbd49000000001a0175d7,M2026-05,0.0,2.0,0.0,0.0,0.0,0.0,,0.0,
66276ac40000000001007f6a,M2026-05,0.0,6.0,0.0,0.0,0.0,0.0,,0.0,
6635f17d000000001e035307,M2026-05,0.0,4.0,0.0,0.0,0.0,0.0,,0.0,
663dd44c000000001e0339f5,M2026-05,0.0,1.0,0.0,0.0,0.0,0.0,,0.0,
66b47ad0000000001e01fdc0,M2026-05,0.0,1.0,0.0,0.0,0.0,0.0,,0.0,
66d2c8de000000001d016630,M2026-05,0.0,1.0,0.0,0.0,0.0,0.0,,0.0,
66dd5665000000001e01b419,M2026-05,0.0,7.0,0.0,0.0,0.0,0.0,,0.0,
66f53123000000001a021621,M2026-05,0.0,2.0,0.0,0.0,0.0,0.0,,0.0,
670c7007000000002100809a,M2026-05,0.44,10.0,1.0,0.0,0.0,0.1,0.44,44.0,
6718abc70000000021009845,M2026-05,0.01,10.0,1.0,0.0,0.0,0.1,0.01,1.0,
672c2cfd00000000190176e7,M2026-05,0.0,2.0,0.0,0.0,0.0,0.0,,0.0,
673465a90000000019019a30,M2026-05,0.0,1.0,0.0,0.0,0.0,0.0,,0.0,
674ee864000000000201a856,M2026-05,0.0,3.0,0.0,0.0,0.0,0.0,,0.0,
6766903d000000000b00cbc1,M2026-05,0.0,2.0,0.0,0.0,0.0,0.0,,0.0,
699d6aa4000000001d010c38,M2026-05,0.0,8.0,0.0,0.0,0.0,0.0,,0.0,
69ba9ad6000000001a023187,M2026-05,0.02,5.0,1.0,0.0,0.0,0.2,0.02,4.0,
69c68d400000000022002f3b,M2026-05,0.0,3.0,0.0,0.0,0.0,0.0,,0.0,
69d62437000000001a029164,M2026-05,0.0,2.0,0.0,0.0,0.0,0.0,,0.0,
69ec80a6000000003701d6a0,M2026-05,0.03,38.0,3.0,0.0,0.0,0.078947,0.01,0.789474,
643a6a48000000001203da38,M2026-05,0.0,1.0,0.0,0.0,0.0,0.0,,0.0,
644f13f2000000001203ddf2,M2026-05,0.0,1.0,0.0,0.0,0.0,0.0,,0.0,
647ea1fe000000001303fb9a,M2026-05,0.0,3.0,0.0,0.0,0.0,0.0,,0.0,
64816203000000000703a74b,M2026-05,0.89,2.0,1.0,0.0,0.0,0.5,0.89,445.0,
648ab4b30000000013006987,M2026-05,0.01,7.0,1.0,0.0,0.0,0.142857,0.01,1.428571,
64ad47b4000000002b038a25,M2026-05,0.0,3.0,0.0,0.0,0.0,0.0,,0.0,
64c465a5000000000b02ad7b,M2026-05,0.0,2.0,0.0,0.0,0.0,0.0,,0.0,
64d34a70000000000c037709,M2026-05,0.0,3.0,0.0,0.0,0.0,0.0,,0.0,
64fefc69000000001e0233e0,M2026-05,0.02,9.0,2.0,0.0,0.0,0.222222,0.01,2.222222,
6513d6d3000000001e00e8bb,M2026-05,0.0,4.0,0.0,0.0,0.0,0.0,,0.0,
65424d36000000001e0220fd,M2026-05,0.04,7.0,1.0,0.0,0.0,0.142857,0.04,5.714286,
65703c1f00000000090243f0,M2026-05,0.01,9.0,1.0,0.0,0.0,0.111111,0.01,1.111111,
65742d5e0000000006021a86,M2026-05,0.0,3.0,0.0,0.0,0.0,0.0,,0.0,
658e8a1a000000001e00441a,M2026-05,1.46,1.0,1.0,0.0,0.0,1.0,1.46,1460.0,
65e038830000000003037718,M2026-05,0.0,7.0,0.0,0.0,0.0,0.0,,0.0,
65e6f784000000000102b8cb,M2026-05,0.0,6.0,0.0,0.0,0.0,0.0,,0.0,
6652ebc30000000005005357,M2026-05,0.01,3.0,1.0,0.0,0.0,0.333333,0.01,3.333333,
667d16bb000000001c026247,M2026-05,0.0,2.0,0.0,0.0,0.0,0.0,,0.0,
6683b227000000001e0108a5,M2026-05,0.0,1.0,0.0,0.0,0.0,0.0,,0.0,
66ade4700000000027010134,M2026-05,0.0,2.0,0.0,0.0,0.0,0.0,,0.0,
66bf08030000000025030cce,M2026-05,0.0,3.0,0.0,0.0,0.0,0.0,,0.0,
66c2f967000000001d01b9aa,M2026-05,0.0,2.0,0.0,0.0,0.0,0.0,,0.0,
67346646000000001901a207,M2026-05,0.0,3.0,0.0,0.0,0.0,0.0,,0.0,
675ffb77000000000900f40b,M2026-05,0.0,2.0,0.0,0.0,0.0,0.0,,0.0,
677905ba000000000902dfe3,M2026-05,0.07,5.0,1.0,0.0,0.0,0.2,0.07,14.0,
67fe0a96000000000f03bf0d,M2026-05,0.0,1.0,0.0,0.0,0.0,0.0,,0.0,
6856700e000000000d0253e5,M2026-05,0.22,2.0,1.0,0.0,0.0,0.5,0.22,110.0,
692d5bdd000000000d03d5e0,M2026-05,0.03,12.0,1.0,0.0,0.0,0.083333,0.03,2.5,
699c18a70000000015023477,M2026-05,1.13,5.0,1.0,0.0,0.0,0.2,1.13,226.0,
69a6f524000000001b01ec45,M2026-05,0.0,1.0,0.0,0.0,0.0,0.0,,0.0,
69d49918000000001a027488,M2026-05,3.35,14.0,3.0,0.0,0.0,0.214286,1.116667,239.285714,
69eda5e50000000037035f91,M2026-05,0.0,5.0,0.0,0.0,0.0,0.0,,0.0,
6434cd9e0000000013000f35,M2026-05,0.0,1.0,0.0,0.0,0.0,0.0,,0.0,
644f6f86000000001301588e,M2026-05,0.0,2.0,0.0,0.0,0.0,0.0,,0.0,
64a403e4000000002301c87d,M2026-05,0.0,7.0,0.0,0.0,0.0,0.0,,0.0,
64d05e36000000001701aff7,M2026-05,0.01,2.0,1.0,0.0,0.0,0.5,0.01,5.0,
64d99c8000000000030203a1,M2026-05,0.0,5.0,0.0,0.0,0.0,0.0,,0.0,
64ddf7c0000000000c036d2f,M2026-05,0.0,3.0,0.0,0.0,0.0,0.0,,0.0,
64e71d3f000000001003106b,M2026-05,0.0,7.0,0.0,0.0,0.0,0.0,,0.0,
64fbe901000000001d01424c,M2026-05,0.0,7.0,0.0,0.0,0.0,0.0,,0.0,
6502b1ee000000001f03f418,M2026-05,0.55,4.0,1.0,0.0,0.0,0.25,0.55,137.5,
650e8d36000000001e0210a9,M2026-05,0.01,3.0,1.0,0.0,0.0,0.333333,0.01,3.333333,
6540665f000000001f005eae,M2026-05,0.01,10.0,1.0,0.0,0.0,0.1,0.01,1.0,
65742f5e000000000503a6e2,M2026-05,0.0,4.0,0.0,0.0,0.0,0.0,,0.0,
65790ac5000000000901923f,M2026-05,0.09,8.0,1.0,0.0,0.0,0.125,0.09,11.25,
659baa1700000000110337f8,M2026-05,0.15,5.0,1.0,0.0,0.0,0.2,0.15,30.0,
65a7809b0000000029030311,M2026-05,0.01,4.0,1.0,0.0,0.0,0.25,0.01,2.5,
65ab8b1a000000002c00e10f,M2026-05,0.0,2.0,0.0,0.0,0.0,0.0,,0.0,
65ae1fa3000000002b03d89a,M2026-05,0.0,2.0,0.0,0.0,0.0,0.0,,0.0,
65bc6536000000002c02a510,M2026-05,0.06,6.0,1.0,0.0,0.0,0.166667,0.06,10.0,
65bda9b0000000000702ba34,M2026-05,0.08,8.0,1.0,0.0,0.0,0.125,0.08,10.0,
66067773000000001a013e75,M2026-05,0.0,2.0,0.0,0.0,0.0,0.0,,0.0,
660a8bb5000000001a00e333,M2026-05,0.0,6.0,0.0,0.0,0.0,0.0,,0.0,
662c98480000000001006691,M2026-05,0.0,2.0,0.0,0.0,0.0,0.0,,0.0,
663dd3ed000000001e034a11,M2026-05,0.0,2.0,0.0,0.0,0.0,0.0,,0.0,
663f23f1000000001e03a1db,M2026-05,0.0,2.0,0.0,0.0,0.0,0.0,,0.0,
6641c66e000000001e0384f1,M2026-05,0.0,1.0,0.0,0.0,0.0,0.0,,0.0,
66655c3d000000000e03183d,M2026-05,0.22,3.0,1.0,0.0,0.0,0.333333,0.22,73.333333,
666bf9060000000006006695,M2026-05,0.0,1.0,0.0,0.0,0.0,0.0,,0.0,
668e3fa80000000025001feb,M2026-05,6.609999999999999,4.0,2.0,0.0,0.0,0.5,3.305,1652.5,
6698cbde0000000025004364,M2026-05,0.01,8.0,1.0,0.0,0.0,0.125,0.01,1.25,
669a1cab0000000025017ce3,M2026-05,0.0,2.0,0.0,0.0,0.0,0.0,,0.0,
669e2606000000002701d9a2,M2026-05,0.0,3.0,0.0,0.0,0.0,0.0,,0.0,
66d2c828000000001d0155b9,M2026-05,0.0,2.0,0.0,0.0,0.0,0.0,,0.0,
66d2ee62000000001f018845,M2026-05,0.0,8.0,0.0,0.0,0.0,0.0,,0.0,
66ebd7ac000000001e01937e,M2026-05,0.0,1.0,0.0,0.0,0.0,0.0,,0.0,
674aaf0a000000000800733c,M2026-05,0.0,4.0,0.0,0.0,0.0,0.0,,0.0,
674aea94000000000702700f,M2026-05,0.0,4.0,0.0,0.0,0.0,0.0,,0.0,
676139f9000000000800da9f,M2026-05,0.0,1.0,0.0,0.0,0.0,0.0,,0.0,
6788c98f00000000170024f9,M2026-05,0.0,1.0,0.0,0.0,0.0,0.0,,0.0,
67aefb210000000018004e33,M2026-05,0.0,2.0,0.0,0.0,0.0,0.0,,0.0,
683d633500000000210059fe,M2026-05,0.56,1.0,1.0,0.0,0.0,1.0,0.56,560.0,
68873cb70000000015021ff1,M2026-05,0.0,3.0,0.0,0.0,0.0,0.0,,0.0,
68b29e9d000000001d01f402,M2026-05,0.0,1.0,0.0,0.0,0.0,0.0,,0.0,
68db94d10000000004000baa,M2026-05,0.0,1.0,0.0,0.0,0.0,0.0,,0.0,
694b48a2000000001e02c5a1,M2026-05,0.0,4.0,0.0,0.0,0.0,0.0,,0.0,
69806b890000000021033f5e,M2026-05,0.0,2.0,0.0,0.0,0.0,0.0,,0.0,
698348ae00000000220219f5,M2026-05,0.0,5.0,0.0,0.0,0.0,0.0,,0.0,
69eda28a000000003701d066,M2026-05,2.68,95.0,7.0,0.0,0.0,0.073684,0.382857,28.210526,
648a8a53000000000703aebc,M2026-05,0.01,2.0,1.0,0.0,0.0,0.5,0.01,5.0,
64bde94e000000000103d0c5,M2026-05,0.0,4.0,0.0,0.0,0.0,0.0,,0.0,
65b1c8d7000000002c0299fb,M2026-05,0.0,4.0,0.0,0.0,0.0,0.0,,0.0,
65f55570000000001203d5a7,M2026-05,0.67,2.0,1.0,0.0,0.0,0.5,0.67,335.0,
66373bac000000001e03170f,M2026-05,0.0,1.0,0.0,0.0,0.0,0.0,,0.0,
6847fe4c000000002101b1b4,M2026-05,0.38,9.0,2.0,0.0,0.0,0.222222,0.19,42.222222,
69c79a74000000002102e490,M2026-05,0.0,1.0,0.0,0.0,0.0,0.0,,0.0,
63b78ee8000000001f024f0e,M2026-05,0.0,1.0,0.0,0.0,0.0,0.0,,0.0,
63b7e4590000000022038166,M2026-05,0.08,6.0,1.0,0.0,0.0,0.166667,0.08,13.333333,
63b934f5000000001b014634,M2026-05,0.0,1.0,0.0,0.0,0.0,0.0,,0.0,
64f1ebcb000000001f004dee,M2026-05,0.0,1.0,0.0,0.0,0.0,0.0,,0.0,
64f71296000000001e02b2df,M2026-05,0.0,2.0,0.0,0.0,0.0,0.0,,0.0,
65081b6b000000001e0205f3,M2026-05,0.02,17.0,1.0,0.0,0.0,0.058824,0.02,1.176471,
65574eec000000003300a922,M2026-05,0.04,23.0,2.0,0.0,0.0,0.086957,0.02,1.73913,
658692df000000003802c87a,M2026-05,0.0,7.0,0.0,0.0,0.0,0.0,,0.0,
65b1c7c1000000002c03b2dd,M2026-05,0.0,3.0,0.0,0.0,0.0,0.0,,0.0,
65bc67c8000000002c02b0a1,M2026-05,0.0,5.0,0.0,0.0,0.0,0.0,,0.0,
65ec15f400000000030366d4,M2026-05,0.0,4.0,0.0,0.0,0.0,0.0,,0.0,
65f7e0d70000000012023c5a,M2026-05,0.0,6.0,0.0,0.0,0.0,0.0,,0.0,
660531ff000000001203f700,M2026-05,0.0,4.0,0.0,0.0,0.0,0.0,,0.0,
660d2401000000001a011a78,M2026-05,0.0,1.0,0.0,0.0,0.0,0.0,,0.0,
66110cc7000000001a013e7e,M2026-05,0.0,1.0,0.0,0.0,0.0,0.0,,0.0,
68a57197000000001d013760,M2026-05,0.0,15.0,0.0,0.0,0.0,0.0,,0.0,
693fa7a5000000001e00c62e,M2026-05,0.01,3.0,1.0,0.0,0.0,0.333333,0.01,3.333333,
6963622c000000002103e0fc,M2026-05,0.23,4.0,1.0,0.0,0.0,0.25,0.23,57.5,
69a6efd2000000001b014cba,M2026-05,0.0,1.0,0.0,0.0,0.0,0.0,,0.0,
69b3d5b70000000021038da1,M2026-05,0.0,2.0,0.0,0.0,0.0,0.0,,0.0,
69bbb35500000000210120c6,M2026-05,0.0,2.0,0.0,0.0,0.0,0.0,,0.0,
69db4441000000001a0245aa,M2026-05,0.0,2.0,0.0,0.0,0.0,0.0,,0.0,
69e098fe000000001a02a5f9,M2026-05,0.0,2.0,0.0,0.0,0.0,0.0,,0.0,
63ad6640000000001f00edf4,M2026-05,0.0,5.0,0.0,0.0,0.0,0.0,,0.0,
63b80610000000002203a7b1,M2026-05,0.0,2.0,0.0,0.0,0.0,0.0,,0.0,
63d20600000000001b0278c7,M2026-05,0.01,2.0,1.0,0.0,0.0,0.5,0.01,5.0,
63e313970000000018012062,M2026-05,0.0,3.0,0.0,0.0,0.0,0.0,,0.0,
643fc5080000000013012d9f,M2026-05,0.0,4.0,0.0,0.0,0.0,0.0,,0.0,
648c2aa300000000130337d6,M2026-05,0.62,8.0,1.0,0.0,0.0,0.125,0.62,77.5,
6491105000000000130365b1,M2026-05,0.0,4.0,0.0,0.0,0.0,0.0,,0.0,
649a3dec000000001300a176,M2026-05,0.08,15.0,5.0,0.0,0.0,0.333333,0.016,5.333333,
649d57d20000000027013f7e,M2026-05,0.0,2.0,0.0,0.0,0.0,0.0,,0.0,
64a541df000000001e0103e9,M2026-05,0.0,1.0,0.0,0.0,0.0,0.0,,0.0,
64d77bda000000000800c6ad,M2026-05,0.0,6.0,0.0,0.0,0.0,0.0,,0.0,
64e57d41000000000c0369a4,M2026-05,0.0,6.0,0.0,0.0,0.0,0.0,,0.0,
64e5ca97000000000b02be15,M2026-05,0.0,1.0,0.0,0.0,0.0,0.0,,0.0,
64f2ad18000000001f03dfb7,M2026-05,0.0,1.0,0.0,0.0,0.0,0.0,,0.0,
661f7aba00000000010303de,M2026-05,0.0,1.0,0.0,0.0,0.0,0.0,,0.0,
664c62ba0000000016011526,M2026-05,0.0,5.0,0.0,0.0,0.0,0.0,,0.0,
6659831900000000140194b3,M2026-05,0.15000000000000002,9.0,2.0,0.0,0.0,0.222222,0.075,16.666667,
665c1de600000000160104a2,M2026-05,0.0,3.0,0.0,0.0,0.0,0.0,,0.0,
6683b3a9000000001e012c98,M2026-05,0.0,2.0,0.0,0.0,0.0,0.0,,0.0,
6690e1430000000025017957,M2026-05,0.0,4.0,0.0,0.0,0.0,0.0,,0.0,
669a364a00000000250044ff,M2026-05,0.0,5.0,0.0,0.0,0.0,0.0,,0.0,
66c2fa3a000000001d018f27,M2026-05,0.0,1.0,0.0,0.0,0.0,0.0,,0.0,
66fd0e4d000000001a0235f6,M2026-05,0.0,2.0,0.0,0.0,0.0,0.0,,0.0,
6704f799000000001902d4ed,M2026-05,0.0,6.0,0.0,0.0,0.0,0.0,,0.0,
6721ae13000000001b0126c3,M2026-05,0.0,3.0,0.0,0.0,0.0,0.0,,0.0,
675d4de00000000002036372,M2026-05,0.48,10.0,2.0,0.0,0.0,0.2,0.24,48.0,
69250961000000001b022790,M2026-05,0.0,1.0,0.0,0.0,0.0,0.0,,0.0,
6944f331000000001e024269,M2026-05,0.0,2.0,0.0,0.0,0.0,0.0,,0.0,
69edaad80000000037037c37,M2026-05,0.72,61.0,2.0,0.0,0.0,0.032787,0.36,11.803279,
63cfbd2d0000000022029522,M2026-05,0.0,1.0,0.0,0.0,0.0,0.0,,0.0,
64da154d000000000301efcc,M2026-05,0.0,2.0,0.0,0.0,0.0,0.0,,0.0,
6513d5f6000000001d0161e5,M2026-05,0.0,3.0,0.0,0.0,0.0,0.0,,0.0,
656443fd0000000033002378,M2026-05,0.0,2.0,0.0,0.0,0.0,0.0,,0.0,
65bc5d0900000000080216ad,M2026-05,0.0,1.0,0.0,0.0,0.0,0.0,,0.0,
65bc663b000000002c013c29,M2026-05,0.0,1.0,0.0,0.0,0.0,0.0,,0.0,
65bdaa2d000000002c014a5e,M2026-05,1.07,2.0,1.0,0.0,0.0,0.5,1.07,535.0,
65e6d0ef0000000003035601,M2026-05,0.38,7.0,2.0,0.0,0.0,0.285714,0.19,54.285714,
66504a35000000000500512b,M2026-05,0.01,4.0,1.0,0.0,0.0,0.25,0.01,2.5,
66695c8d0000000006007cc3,M2026-05,0.0,1.0,0.0,0.0,0.0,0.0,,0.0,
66b9c345000000001e01ee39,M2026-05,0.59,1.0,1.0,0.0,0.0,1.0,0.59,590.0,
66f11cb0000000001902c988,M2026-05,0.0,1.0,0.0,0.0,0.0,0.0,,0.0,
66fe5b00000000001b02147c,M2026-05,0.0,3.0,0.0,0.0,0.0,0.0,,0.0,
6721dc0d0000000019017a30,M2026-05,0.0,6.0,0.0,0.0,0.0,0.0,,0.0,
67233adb000000001b02a1cb,M2026-05,0.0,1.0,0.0,0.0,0.0,0.0,,0.0,
675827c800000000020346b8,M2026-05,0.0,2.0,0.0,0.0,0.0,0.0,,0.0,
675951d6000000000203640f,M2026-05,0.17,3.0,2.0,0.0,0.0,0.666667,0.085,56.666667,
675ffb3b000000000800d621,M2026-05,0.0,1.0,0.0,0.0,0.0,0.0,,0.0,
675ffc66000000000800e54d,M2026-05,0.0,2.0,0.0,0.0,0.0,0.0,,0.0,
676e6d40000000000902cb3c,M2026-05,0.12,4.0,1.0,0.0,0.0,0.25,0.12,30.0,
688b3145000000002501aed8,M2026-05,0.0,4.0,0.0,0.0,0.0,0.0,,0.0,
692e7fa1000000001e039aa6,M2026-05,0.0,3.0,0.0,0.0,0.0,0.0,,0.0,
693923ff000000001e02dab6,M2026-05,0.78,52.0,7.0,0.0,0.0,0.134615,0.111429,15.0,
693bc13f000000001d03babb,M2026-05,0.0,2.0,0.0,0.0,0.0,0.0,,0.0,
69508d0e0000000022033295,M2026-05,0.0,3.0,0.0,0.0,0.0,0.0,,0.0,
69605e99000000000b00a172,M2026-05,0.0,2.0,0.0,0.0,0.0,0.0,,0.0,
69b901f800000000220023f4,M2026-05,0.0,3.0,0.0,0.0,0.0,0.0,,0.0,
69e88838000000001a024a9a,M2026-05,0.0,1.0,0.0,0.0,0.0,0.0,,0.0,
69e9d0d70000000020000800,M2026-05,0.0,3.0,0.0,0.0,0.0,0.0,,0.0,
63abeae70000000018010655,M2026-05,0.0,1.0,0.0,0.0,0.0,0.0,,0.0,
63b0f622000000001902147b,M2026-05,0.0,1.0,0.0,0.0,0.0,0.0,,0.0,
63bf785b000000001f0099fd,M2026-05,0.0,2.0,0.0,0.0,0.0,0.0,,0.0,
63d150f60000000004005303,M2026-05,0.0,1.0,0.0,0.0,0.0,0.0,,0.0,
63ec4bd200000000130366ac,M2026-05,0.0,1.0,0.0,0.0,0.0,0.0,,0.0,
63f6e0750000000027010dce,M2026-05,0.0,1.0,0.0,0.0,0.0,0.0,,0.0,
642e231d0000000011013cdc,M2026-05,0.0,1.0,0.0,0.0,0.0,0.0,,0.0,
6472c4870000000013013e9c,M2026-05,0.0,1.0,0.0,0.0,0.0,0.0,,0.0,
649fa261000000001300a019,M2026-05,0.0,1.0,0.0,0.0,0.0,0.0,,0.0,
64b899df000000002f0244a1,M2026-05,0.0,2.0,0.0,0.0,0.0,0.0,,0.0,
64c73536000000000b02bd76,M2026-05,0.0,1.0,0.0,0.0,0.0,0.0,,0.0,
64dcae4f000000000b02b120,M2026-05,0.0,1.0,0.0,0.0,0.0,0.0,,0.0,
64f6a542000000001f005ad1,M2026-05,0.0,1.0,0.0,0.0,0.0,0.0,,0.0,
650028bb000000001e03c5d9,M2026-05,0.0,1.0,0.0,0.0,0.0,0.0,,0.0,
650597af000000001d0177de,M2026-05,0.0,1.0,0.0,0.0,0.0,0.0,,0.0,
6543afdb000000001e033bd6,M2026-05,0.0,2.0,0.0,0.0,0.0,0.0,,0.0,
6561bca90000000033003ce3,M2026-05,0.0,1.0,0.0,0.0,0.0,0.0,,0.0,
6561be370000000032033e49,M2026-05,0.0,2.0,0.0,0.0,0.0,0.0,,0.0,
65782f1f0000000009025759,M2026-05,0.0,7.0,0.0,0.0,0.0,0.0,,0.0,
657ff579000000000503a5f2,M2026-05,0.0,3.0,0.0,0.0,0.0,0.0,,0.0,
6596551b000000001a002c64,M2026-05,0.0,2.0,0.0,0.0,0.0,0.0,,0.0,
65ab8bd5000000002d0105f4,M2026-05,0.0,2.0,0.0,0.0,0.0,0.0,,0.0,
65e6d3e6000000000400169f,M2026-05,0.0,1.0,0.0,0.0,0.0,0.0,,0.0,
65eac14b0000000003036931,M2026-05,0.0,5.0,0.0,0.0,0.0,0.0,,0.0,
65eec2ec000000001203e699,M2026-05,0.0,1.0,0.0,0.0,0.0,0.0,,0.0,
66027c4e00000000120215c0,M2026-05,0.0,4.0,0.0,0.0,0.0,0.0,,0.0,
6639e5ab000000001e033482,M2026-05,0.0,1.0,0.0,0.0,0.0,0.0,,0.0,
6662bc85000000000d00f271,M2026-05,0.0,1.0,0.0,0.0,0.0,0.0,,0.0,
667533f6000000001e0133a1,M2026-05,0.01,1.0,1.0,0.0,0.0,1.0,0.01,10.0,
6687a601000000001e011305,M2026-05,0.0,1.0,0.0,0.0,0.0,0.0,,0.0,
66d17b8f000000001d01591f,M2026-05,0.0,2.0,0.0,0.0,0.0,0.0,,0.0,
66fbba48000000001a022a56,M2026-05,0.01,6.0,1.0,0.0,0.0,0.166667,0.01,1.666667,
66fe4817000000001b021423,M2026-05,0.0,2.0,0.0,0.0,0.0,0.0,,0.0,
670c715e0000000021008949,M2026-05,0.53,3.0,2.0,0.0,0.0,0.666667,0.265,176.666667,
6710dd2a0000000024019e57,M2026-05,0.06999999999999999,5.0,2.0,0.0,0.0,0.4,0.035,14.0,
6718c0aa0000000021004924,M2026-05,0.0,4.0,0.0,0.0,0.0,0.0,,0.0,
6721ae8a000000001b02e61d,M2026-05,0.0,2.0,0.0,0.0,0.0,0.0,,0.0,
673080f4000000001b013614,M2026-05,0.0,4.0,0.0,0.0,0.0,0.0,,0.0,
673467640000000019016516,M2026-05,0.5,3.0,1.0,0.0,0.0,0.333333,0.5,166.666667,
67457104000000000601682d,M2026-05,0.0,1.0,0.0,0.0,0.0,0.0,,0.0,
675828d50000000002016d2a,M2026-05,0.01,2.0,1.0,0.0,0.0,0.5,0.01,5.0,
677f7e71000000001703f7bb,M2026-05,0.0,1.0,0.0,0.0,0.0,0.0,,0.0,
67bd70b40000000029034cdd,M2026-05,0.0,1.0,0.0,0.0,0.0,0.0,,0.0,
67cbabe1000000002803c4b9,M2026-05,0.01,2.0,1.0,0.0,0.0,0.5,0.01,5.0,
68e0e111000000000700fac3,M2026-05,0.01,3.0,1.0,0.0,0.0,0.333333,0.01,3.333333,
69354b60000000001e00aa84,M2026-05,0.0,2.0,0.0,0.0,0.0,0.0,,0.0,
6937edea000000001b03158a,M2026-05,0.0,3.0,0.0,0.0,0.0,0.0,,0.0,
696b33f1000000002200b243,M2026-05,0.0,3.0,0.0,0.0,0.0,0.0,,0.0,
6975d5030000000022032c1e,M2026-05,0.2,10.0,1.0,0.0,0.0,0.1,0.2,20.0,
69db4493000000001a033d3f,M2026-05,0.01,6.0,1.0,0.0,0.0,0.166667,0.01,1.666667,
69edabed00000000370342b3,M2026-05,0.0,1.0,0.0,0.0,0.0,0.0,,0.0,
64360a79000000001402567f,M2026-05,0.0,3.0,0.0,0.0,0.0,0.0,,0.0,
64435ab90000000013011bad,M2026-05,0.0,1.0,0.0,0.0,0.0,0.0,,0.0,
6473089100000000270016c2,M2026-05,0.0,1.0,0.0,0.0,0.0,0.0,,0.0,
64a90af7000000001a013f19,M2026-05,0.0,6.0,0.0,0.0,0.0,0.0,,0.0,
64e0a445000000000c035160,M2026-05,0.0,1.0,0.0,0.0,0.0,0.0,,0.0,
65019814000000001f03709a,M2026-05,0.0,1.0,0.0,0.0,0.0,0.0,,0.0,
6513d3cd000000001f03ee8a,M2026-05,0.0,3.0,0.0,0.0,0.0,0.0,,0.0,
653786db000000001e03fa90,M2026-05,0.0,1.0,0.0,0.0,0.0,0.0,,0.0,
653b27d9000000001d014f59,M2026-05,1.41,4.0,1.0,0.0,0.0,0.25,1.41,352.5,
6566e8e5000000000f02a630,M2026-05,0.0,2.0,0.0,0.0,0.0,0.0,,0.0,
656ee7ea0000000009018ecb,M2026-05,0.0,1.0,0.0,0.0,0.0,0.0,,0.0,
656ee9910000000007008160,M2026-05,0.0,1.0,0.0,0.0,0.0,0.0,,0.0,
65703a30000000000700a8c0,M2026-05,0.0,1.0,0.0,0.0,0.0,0.0,,0.0,
65950e200000000011033ae7,M2026-05,0.0,12.0,0.0,0.0,0.0,0.0,,0.0,
65a38b47000000001102c9f3,M2026-05,0.0,1.0,0.0,0.0,0.0,0.0,,0.0,
65a38bf2000000001e005fcb,M2026-05,0.0,2.0,0.0,0.0,0.0,0.0,,0.0,
65b1c94b000000002c03d4a3,M2026-05,0.0,3.0,0.0,0.0,0.0,0.0,,0.0,
65b8ab80000000002c0383b7,M2026-05,0.0,5.0,0.0,0.0,0.0,0.0,,0.0,
65f414d1000000000d00ef12,M2026-05,0.0,5.0,0.0,0.0,0.0,0.0,,0.0,
6628b5b6000000000401b502,M2026-05,0.0,1.0,0.0,0.0,0.0,0.0,,0.0,
662c9e02000000000401b6f4,M2026-05,0.02,4.0,2.0,0.0,0.0,0.5,0.01,5.0,
66347e89000000001e03b264,M2026-05,0.0,3.0,0.0,0.0,0.0,0.0,,0.0,
6639de80000000001e039673,M2026-05,0.04,1.0,1.0,0.0,0.0,1.0,0.04,40.0,
665063970000000016013bcc,M2026-05,0.0,3.0,0.0,0.0,0.0,0.0,,0.0,
66768143000000001e011fd6,M2026-05,0.0,1.0,0.0,0.0,0.0,0.0,,0.0,
66962e2800000000250155c9,M2026-05,0.0,3.0,0.0,0.0,0.0,0.0,,0.0,
66c9935b000000001d01b28a,M2026-05,0.0,1.0,0.0,0.0,0.0,0.0,,0.0,
66cc34fa000000001d01465c,M2026-05,0.02,4.0,2.0,0.0,0.0,0.5,0.01,5.0,
66ced78e000000001d01a548,M2026-05,0.0,1.0,0.0,0.0,0.0,0.0,,0.0,
66d2edd7000000001d01678f,M2026-05,0.1,5.0,1.0,0.0,0.0,0.2,0.1,20.0,
66ea8035000000000c0195be,M2026-05,0.0,4.0,0.0,0.0,0.0,0.0,,0.0,
6703954a000000001902e7a0,M2026-05,0.0,1.0,0.0,0.0,0.0,0.0,,0.0,
67516da40000000002038a90,M2026-05,0.0,4.0,0.0,0.0,0.0,0.0,,0.0,
6762805d000000000800d2bd,M2026-05,0.24000000000000002,7.0,3.0,0.0,0.0,0.428571,0.08,34.285714,
6767e10a000000000b00fd11,M2026-05,0.0,1.0,0.0,0.0,0.0,0.0,,0.0,
6805fb0c000000000f030f2f,M2026-05,0.0,1.0,0.0,0.0,0.0,0.0,,0.0,
697f212d00000000220305e3,M2026-05,0.0,2.0,0.0,0.0,0.0,0.0,,0.0,
6981a44a0000000022021102,M2026-05,0.0,1.0,0.0,0.0,0.0,0.0,,0.0,
69d0d7160000000022000bc4,M2026-05,0.0,3.0,0.0,0.0,0.0,0.0,,0.0,
63aa6adf000000001f020eb5,M2026-05,0.0,2.0,0.0,0.0,0.0,0.0,,0.0,
63e21bc7000000001b005bf1,M2026-05,0.0,7.0,0.0,0.0,0.0,0.0,,0.0,
64f6cab3000000001f03faa1,M2026-05,0.0,4.0,0.0,0.0,0.0,0.0,,0.0,
65260733000000001f007d4e,M2026-05,0.0,2.0,0.0,0.0,0.0,0.0,,0.0,
65260ace000000001e023539,M2026-05,0.0,1.0,0.0,0.0,0.0,0.0,,0.0,
657175120000000009025a57,M2026-05,0.0,2.0,0.0,0.0,0.0,0.0,,0.0,
657d5fcf0000000009026e98,M2026-05,0.0,2.0,0.0,0.0,0.0,0.0,,0.0,
65a2407a000000001d0276c8,M2026-05,0.0,1.0,0.0,0.0,0.0,0.0,,0.0,
65a4df1d000000001802bd6c,M2026-05,0.0,4.0,0.0,0.0,0.0,0.0,,0.0,
65ae1f07000000002c0138af,M2026-05,0.01,13.0,1.0,0.0,0.0,0.076923,0.01,0.769231,
65b1ce42000000002d003479,M2026-05,0.15000000000000002,11.0,3.0,0.0,0.0,0.272727,0.05,13.636364,
65e037630000000001029eb4,M2026-05,0.0,3.0,0.0,0.0,0.0,0.0,,0.0,
63f0a37d00000000130087a5,M2026-05,0.0,1.0,0.0,0.0,0.0,0.0,,0.0,
6491151a0000000013037a7a,M2026-05,0.0,1.0,0.0,0.0,0.0,0.0,,0.0,
64bcd8d2000000000a019b20,M2026-05,0.0,1.0,0.0,0.0,0.0,0.0,,0.0,
64bf2f07000000000103f152,M2026-05,1.08,3.0,1.0,0.0,0.0,0.333333,1.08,360.0,
64cb0494000000000800d733,M2026-05,0.0,2.0,0.0,0.0,0.0,0.0,,0.0,
64e08628000000000301f6dd,M2026-05,0.0,1.0,0.0,0.0,0.0,0.0,,0.0,
64e47b0d000000000a01aaae,M2026-05,0.0,2.0,0.0,0.0,0.0,0.0,,0.0,
6525fb8f000000001e00f768,M2026-05,0.0,1.0,0.0,0.0,0.0,0.0,,0.0,
65463d9c000000001e03fb1d,M2026-05,0.0,3.0,0.0,0.0,0.0,0.0,,0.0,
65868f08000000003403480b,M2026-05,0.0,1.0,0.0,0.0,0.0,0.0,,0.0,
65bc60fe0000000008022950,M2026-05,0.0,1.0,0.0,0.0,0.0,0.0,,0.0,
660bbc75000000001a010571,M2026-05,0.0,1.0,0.0,0.0,0.0,0.0,,0.0,
6618ebf1000000001a0138bc,M2026-05,0.0,3.0,0.0,0.0,0.0,0.0,,0.0,
66499a490000000016010c8f,M2026-05,0.0,1.0,0.0,0.0,0.0,0.0,,0.0,
665048bd0000000005006fa8,M2026-05,0.01,4.0,1.0,0.0,0.0,0.25,0.01,2.5,
66655cab000000000e03208f,M2026-05,0.0,1.0,0.0,0.0,0.0,0.0,,0.0,
667e6b75000000001c026fa0,M2026-05,0.01,14.0,1.0,0.0,0.0,0.071429,0.01,0.714286,
66a0b228000000000600db2f,M2026-05,0.0,1.0,0.0,0.0,0.0,0.0,,0.0,
66a20a7e000000002701f759,M2026-05,0.01,5.0,1.0,0.0,0.0,0.2,0.01,2.0,
66a89dfe000000000600c687,M2026-05,0.0,1.0,0.0,0.0,0.0,0.0,,0.0,
66c59bdc000000001d0398e2,M2026-05,0.0,5.0,0.0,0.0,0.0,0.0,,0.0,
66d6af4e000000001d01729e,M2026-05,0.0,1.0,0.0,0.0,0.0,0.0,,0.0,
66fd0de6000000001b020a7e,M2026-05,0.0,1.0,0.0,0.0,0.0,0.0,,0.0,
66fe58b0000000001a020753,M2026-05,0.0,2.0,0.0,0.0,0.0,0.0,,0.0,
66fe5979000000001902f72c,M2026-05,0.0,1.0,0.0,0.0,0.0,0.0,,0.0,
671a1e8200000000210035b5,M2026-05,0.08,4.0,2.0,0.0,0.0,0.5,0.04,20.0,
69474e28000000001b026885,M2026-05,0.0,4.0,0.0,0.0,0.0,0.0,,0.0,
694a4b6a000000001e036b23,M2026-05,0.0,1.0,0.0,0.0,0.0,0.0,,0.0,
69ca3f300000000022003c4b,M2026-05,0.0,3.0,0.0,0.0,0.0,0.0,,0.0,
69e5e28d000000002103a0ef,M2026-05,0.0,5.0,0.0,0.0,0.0,0.0,,0.0,
69f6f992000000003601a5c8,M2026-05,0.0,1.0,0.0,0.0,0.0,0.0,,0.0,
63caa0a000000000220381c1,M2026-05,0.01,4.0,1.0,0.0,0.0,0.25,0.01,2.5,
640aee48000000001303ed80,M2026-05,0.0,3.0,0.0,0.0,0.0,0.0,,0.0,
64e09ec4000000000103e944,M2026-05,0.0,1.0,0.0,0.0,0.0,0.0,,0.0,
6507f547000000001f036755,M2026-05,0.0,2.0,0.0,0.0,0.0,0.0,,0.0,
653cb459000000001f03948c,M2026-05,0.0,1.0,0.0,0.0,0.0,0.0,,0.0,
6541cb75000000001e03de8a,M2026-05,0.0,4.0,0.0,0.0,0.0,0.0,,0.0,
655827740000000032033b6b,M2026-05,0.01,3.0,1.0,0.0,0.0,0.333333,0.01,3.333333,
657424be000000000503b310,M2026-05,0.01,8.0,1.0,0.0,0.0,0.125,0.01,1.25,
658530cb000000000602b605,M2026-05,0.2,9.0,1.0,0.0,0.0,0.111111,0.2,22.222222,
65ffd92700000000120232a9,M2026-05,0.01,5.0,1.0,0.0,0.0,0.2,0.01,2.0,
667935ae000000001f007cb0,M2026-05,0.0,1.0,0.0,0.0,0.0,0.0,,0.0,
668f7a420000000025017adb,M2026-05,0.0,2.0,0.0,0.0,0.0,0.0,,0.0,
6690dfc30000000025006f65,M2026-05,0.0,1.0,0.0,0.0,0.0,0.0,,0.0,
66c0564b000000001e01e7a9,M2026-05,0.0,3.0,0.0,0.0,0.0,0.0,,0.0,
66c99171000000001d017728,M2026-05,0.0,1.0,0.0,0.0,0.0,0.0,,0.0,
66e53e6b000000001e01bdeb,M2026-05,0.0,1.0,0.0,0.0,0.0,0.0,,0.0,
673dc19700000000070294b0,M2026-05,0.0,1.0,0.0,0.0,0.0,0.0,,0.0,
674699fc000000000201ad65,M2026-05,0.0,1.0,0.0,0.0,0.0,0.0,,0.0,
676d29d10000000013001dcb,M2026-05,0.0,3.0,0.0,0.0,0.0,0.0,,0.0,
6786059c0000000020021ef2,M2026-05,0.0,1.0,0.0,0.0,0.0,0.0,,0.0,
67cd46b6000000002900f970,M2026-05,0.0,3.0,0.0,0.0,0.0,0.0,,0.0,
6815ba66000000000e007f23,M2026-05,0.0,1.0,0.0,0.0,0.0,0.0,,0.0,
6990569b000000001b01d21a,M2026-05,0.0,2.0,0.0,0.0,0.0,0.0,,0.0,
6991bbf0000000001d0136ba,M2026-05,0.0,2.0,0.0,0.0,0.0,0.0,,0.0,
69ae792e000000001b01c54d,M2026-05,0.0,3.0,0.0,0.0,0.0,0.0,,0.0,
69da0516000000001a030ff1,M2026-05,0.0,1.0,0.0,0.0,0.0,0.0,,0.0,
63a6a7af000000001e03f0a2,M2026-05,0.0,2.0,0.0,0.0,0.0,0.0,,0.0,
63aab8ca000000001f00d6e0,M2026-05,0.0,1.0,0.0,0.0,0.0,0.0,,0.0,
63ba316b000000002203a5ea,M2026-05,0.0,1.0,0.0,0.0,0.0,0.0,,0.0,
63d496d90000000002003dee,M2026-05,0.0,1.0,0.0,0.0,0.0,0.0,,0.0,
640e9b7d000000001300e321,M2026-05,0.0,3.0,0.0,0.0,0.0,0.0,,0.0,
6412e9f30000000027011f1b,M2026-05,0.0,2.0,0.0,0.0,0.0,0.0,,0.0,
6481313a0000000027000984,M2026-05,0.0,1.0,0.0,0.0,0.0,0.0,,0.0,
649b8a6f000000000800d9ef,M2026-05,0.0,2.0,0.0,0.0,0.0,0.0,,0.0,
64ad3f390000000034016f7d,M2026-05,0.0,2.0,0.0,0.0,0.0,0.0,,0.0,
64cc6c44000000000c03722e,M2026-05,0.0,1.0,0.0,0.0,0.0,0.0,,0.0,
64ec03c90000000012018d3c,M2026-05,0.0,1.0,0.0,0.0,0.0,0.0,,0.0,
64fec628000000001e00c68f,M2026-05,0.04,1.0,1.0,0.0,0.0,1.0,0.04,40.0,
654cf335000000000f02b89a,M2026-05,0.0,2.0,0.0,0.0,0.0,0.0,,0.0,
657ea361000000000602be25,M2026-05,0.0,1.0,0.0,0.0,0.0,0.0,,0.0,
660533ca000000001203def7,M2026-05,0.0,1.0,0.0,0.0,0.0,0.0,,0.0,
664728d70000000016012782,M2026-05,0.0,1.0,0.0,0.0,0.0,0.0,,0.0,
665ad25400000000050042a1,M2026-05,0.0,3.0,0.0,0.0,0.0,0.0,,0.0,
66655df3000000000d00d324,M2026-05,0.0,1.0,0.0,0.0,0.0,0.0,,0.0,
667683ec000000001c026cc0,M2026-05,0.0,3.0,0.0,0.0,0.0,0.0,,0.0,
668cfb6c00000000250066ee,M2026-05,0.01,3.0,1.0,0.0,0.0,0.333333,0.01,3.333333,
668f79690000000025004207,M2026-05,0.0,2.0,0.0,0.0,0.0,0.0,,0.0,
66f11d2b000000001b021750,M2026-05,0.0,4.0,0.0,0.0,0.0,0.0,,0.0,
66f6837c000000001b023d70,M2026-05,0.0,2.0,0.0,0.0,0.0,0.0,,0.0,
6730802e000000001a01cb7c,M2026-05,0.0,2.0,0.0,0.0,0.0,0.0,,0.0,
67456d16000000000201b5e0,M2026-05,0.0,1.0,0.0,0.0,0.0,0.0,,0.0,
676d2a41000000001300bc31,M2026-05,0.0,4.0,0.0,0.0,0.0,0.0,,0.0,
67b43c820000000029029d75,M2026-05,0.0,1.0,0.0,0.0,0.0,0.0,,0.0,
69367b1f000000000d03cf01,M2026-05,0.0,1.0,0.0,0.0,0.0,0.0,,0.0,
6944f0ec000000001f008341,M2026-05,0.0,1.0,0.0,0.0,0.0,0.0,,0.0,
69a3ff74000000001d027ea9,M2026-05,0.0,3.0,0.0,0.0,0.0,0.0,,0.0,
69b2848a000000001b0162c0,M2026-05,0.0,1.0,0.0,0.0,0.0,0.0,,0.0,
69e3482b000000002102da08,M2026-05,0.0,1.0,0.0,0.0,0.0,0.0,,0.0,
69eda70d000000003701ea0d,M2026-05,0.0,1.0,0.0,0.0,0.0,0.0,,0.0,
63d884cd000000001b00478e,M2026-05,0.0,1.0,0.0,0.0,0.0,0.0,,0.0,
649c1e3e0000000027001667,M2026-05,0.0,1.0,0.0,0.0,0.0,0.0,,0.0,
64b678fb000000001c019fa6,M2026-05,0.12,2.0,1.0,0.0,0.0,0.5,0.12,60.0,
64c463d5000000000b029372,M2026-05,0.0,2.0,0.0,0.0,0.0,0.0,,0.0,
64d3a2f00000000012019d91,M2026-05,0.19,2.0,1.0,0.0,0.0,0.5,0.19,95.0,
659e3f3b000000001d024c1f,M2026-05,0.01,2.0,1.0,0.0,0.0,0.5,0.01,5.0,
65dc4ef1000000000702511f,M2026-05,0.0,2.0,0.0,0.0,0.0,0.0,,0.0,
6639de13000000001e031019,M2026-05,0.0,1.0,0.0,0.0,0.0,0.0,,0.0,
669f5f30000000002701ee31,M2026-05,0.0,1.0,0.0,0.0,0.0,0.0,,0.0,
67175702000000002100023f,M2026-05,0.0,1.0,0.0,0.0,0.0,0.0,,0.0,
661cc91d000000001a01350d,M2026-05,0.0,1.0,0.0,0.0,0.0,0.0,,0.0,
66543f4600000000140183e1,M2026-05,0.0,1.0,0.0,0.0,0.0,0.0,,0.0,
66558d870000000016010f8e,M2026-05,0.0,2.0,0.0,0.0,0.0,0.0,,0.0,
66657d86000000000e03033b,M2026-05,0.0,1.0,0.0,0.0,0.0,0.0,,0.0,
666d631100000000060054c6,M2026-05,0.0,2.0,0.0,0.0,0.0,0.0,,0.0,
6683b3f2000000001e01337e,M2026-05,0.0,1.0,0.0,0.0,0.0,0.0,,0.0,
669a1b140000000025001d12,M2026-05,0.0,4.0,0.0,0.0,0.0,0.0,,0.0,
66ade2f0000000000600d65f,M2026-05,0.0,2.0,0.0,0.0,0.0,0.0,,0.0,
66b328b4000000001e01ff94,M2026-05,0.0,1.0,0.0,0.0,0.0,0.0,,0.0,
66cd874b000000001d039372,M2026-05,0.0,2.0,0.0,0.0,0.0,0.0,,0.0,
66de915b0000000012012811,M2026-05,0.0,1.0,0.0,0.0,0.0,0.0,,0.0,
66ee7769000000001e01bc1a,M2026-05,0.0,1.0,0.0,0.0,0.0,0.0,,0.0,
66fcf909000000001a020735,M2026-05,0.0,1.0,0.0,0.0,0.0,0.0,,0.0,
6717576700000000260370f7,M2026-05,0.0,1.0,0.0,0.0,0.0,0.0,,0.0,
6951db13000000002203b51f,M2026-05,0.0,2.0,0.0,0.0,0.0,0.0,,0.0,
69ae78c40000000015030f74,M2026-05,0.09,2.0,1.0,0.0,0.0,0.5,0.09,45.0,
69fef71f000000003803494e,M2026-05,0.01,6.0,1.0,0.0,0.0,0.166667,0.01,1.666667,
69fef7a4000000003802333b,M2026-05,0.0,1.0,0.0,0.0,0.0,0.0,,0.0,
6a004a1b000000003601b0de,M2026-05,2.13,6.0,1.0,0.0,0.0,0.166667,2.13,355.0,
63be269b000000001f00038a,M2026-05,0.0,3.0,0.0,0.0,0.0,0.0,,0.0,
63d4fc1d000000000d014d86,M2026-05,0.0,1.0,0.0,0.0,0.0,0.0,,0.0,
63e60c8100000000130072db,M2026-05,0.0,1.0,0.0,0.0,0.0,0.0,,0.0,
6445f10e000000001101210f,M2026-05,0.0,1.0,0.0,0.0,0.0,0.0,,0.0,
64b2653e000000002b03e74b,M2026-05,0.0,1.0,0.0,0.0,0.0,0.0,,0.0,
65043265000000001e02f175,M2026-05,0.0,2.0,0.0,0.0,0.0,0.0,,0.0,
650d7c6c000000001e0306a1,M2026-05,0.0,1.0,0.0,0.0,0.0,0.0,,0.0,
65a629b6000000002b012b8a,M2026-05,0.0,1.0,0.0,0.0,0.0,0.0,,0.0,
65e182c80000000004002036,M2026-05,0.0,2.0,0.0,0.0,0.0,0.0,,0.0,
65f00b180000000012022856,M2026-05,0.0,3.0,0.0,0.0,0.0,0.0,,0.0,
65f41358000000000d00cdcb,M2026-05,0.0,2.0,0.0,0.0,0.0,0.0,,0.0,
66543cfd0000000016012b60,M2026-05,0.0,1.0,0.0,0.0,0.0,0.0,,0.0,
6687d5f5000000001c026671,M2026-05,0.0,2.0,0.0,0.0,0.0,0.0,,0.0,
66a749da0000000027011028,M2026-05,0.0,1.0,0.0,0.0,0.0,0.0,,0.0,
66f517f8000000001902d5d7,M2026-05,0.0,1.0,0.0,0.0,0.0,0.0,,0.0,
6704e10b000000001a021c84,M2026-05,0.0,1.0,0.0,0.0,0.0,0.0,,0.0,
6735bdfa000000001b011277,M2026-05,0.0,3.0,0.0,0.0,0.0,0.0,,0.0,
67456be40000000002028bae,M2026-05,0.0,2.0,0.0,0.0,0.0,0.0,,0.0,
67516d4c00000000060175a3,M2026-05,0.0,3.0,0.0,0.0,0.0,0.0,,0.0,
68340f86000000000c03a431,M2026-05,0.0,1.0,0.0,0.0,0.0,0.0,,0.0,
69fda6f1000000003701c450,M2026-05,0.0,2.0,0.0,0.0,0.0,0.0,,0.0,
6a02e95400000000370375c9,M2026-05,0.0,1.0,0.0,0.0,0.0,0.0,,0.0,
6a06e7fd000000003700c5ed,M2026-05,0.0,5.0,0.0,0.0,0.0,0.0,,0.0,
6a083474000000003700d83a,M2026-05,0.28,4.0,1.0,0.0,0.0,0.25,0.28,70.0,
6a085c0a000000003700d0fb,M2026-05,4.43,35.0,2.0,0.0,0.0,0.057143,2.215,126.571429,
64e8b766000000000a019de1,M2026-05,0.0,1.0,0.0,0.0,0.0,0.0,,0.0,
6583f60c000000000700b8af,M2026-05,0.0,2.0,0.0,0.0,0.0,0.0,,0.0,
6620bf580000000004019f2d,M2026-05,0.0,2.0,0.0,0.0,0.0,0.0,,0.0,
6631f6e6000000001e032578,M2026-05,0.0,2.0,0.0,0.0,0.0,0.0,,0.0,
667e86d7000000001c026d3b,M2026-05,0.0,2.0,0.0,0.0,0.0,0.0,,0.0,
6735beb7000000001b011c67,M2026-05,0.0,1.0,0.0,0.0,0.0,0.0,,0.0,
6a0c287800000000370343e8,M2026-05,0.52,5.0,1.0,0.0,0.0,0.2,0.52,104.0,
642e21cc0000000014027514,M2026-05,0.0,2.0,0.0,0.0,0.0,0.0,,0.0,
64474a0e00000000270005fd,M2026-05,0.0,1.0,0.0,0.0,0.0,0.0,,0.0,
646c2d91000000002702afba,M2026-05,0.0,1.0,0.0,0.0,0.0,0.0,,0.0,
647413ba0000000013000676,M2026-05,0.0,1.0,0.0,0.0,0.0,0.0,,0.0,
65260089000000001e00c9f4,M2026-05,0.0,1.0,0.0,0.0,0.0,0.0,,0.0,
6537743d000000001f03c687,M2026-05,0.0,3.0,0.0,0.0,0.0,0.0,,0.0,
65bdaab20000000008021f46,M2026-05,0.0,1.0,0.0,0.0,0.0,0.0,,0.0,
667a86e9000000001e01159c,M2026-05,0.0,1.0,0.0,0.0,0.0,0.0,,0.0,
6694d9740000000025017b55,M2026-05,0.01,1.0,1.0,0.0,0.0,1.0,0.01,10.0,
66d6b449000000001d015e58,M2026-05,0.0,2.0,0.0,0.0,0.0,0.0,,0.0,
6708c2b6000000001a020873,M2026-05,0.0,1.0,0.0,0.0,0.0,0.0,,0.0,
697381260000000022031320,M2026-05,0.0,1.0,0.0,0.0,0.0,0.0,,0.0,
69cdfe5a000000001a0285e9,M2026-05,0.0,1.0,0.0,0.0,0.0,0.0,,0.0,
63e1c119000000001d020e83,M2026-05,0.0,2.0,0.0,0.0,0.0,0.0,,0.0,
6430bb920000000013007c52,M2026-05,0.0,1.0,0.0,0.0,0.0,0.0,,0.0,
648853080000000027028b3b,M2026-05,0.0,1.0,0.0,0.0,0.0,0.0,,0.0,
648d82060000000014027398,M2026-05,0.0,1.0,0.0,0.0,0.0,0.0,,0.0,
64d06925000000000800d4a3,M2026-05,0.0,2.0,0.0,0.0,0.0,0.0,,0.0,
64d25f39000000001701bff5,M2026-05,0.0,3.0,0.0,0.0,0.0,0.0,,0.0,
6513de540000000020002c99,M2026-05,0.08,1.0,1.0,0.0,0.0,1.0,0.08,80.0,
65d45c9700000000070242f4,M2026-05,0.0,1.0,0.0,0.0,0.0,0.0,,0.0,
65d705ef000000000102aa45,M2026-05,0.0,1.0,0.0,0.0,0.0,0.0,,0.0,
66768207000000001e013081,M2026-05,0.0,1.0,0.0,0.0,0.0,0.0,,0.0,
66c6f449000000001d018d92,M2026-05,0.58,8.0,1.0,0.0,0.0,0.125,0.58,72.5,
673dc0260000000007034e63,M2026-05,0.0,1.0,0.0,0.0,0.0,0.0,,0.0,
675d4d1100000000020358b0,M2026-05,0.0,1.0,0.0,0.0,0.0,0.0,,0.0,
67a9a76f000000001902fa90,M2026-05,0.0,2.0,0.0,0.0,0.0,0.0,,0.0,
6948e7ce000000001e03002b,M2026-05,0.0,3.0,0.0,0.0,0.0,0.0,,0.0,
673312f9000000001b011208,M2026-05,0.0,1.0,0.0,0.0,0.0,0.0,,0.0,
674aaff50000000007038eb4,M2026-05,0.0,1.0,0.0,0.0,0.0,0.0,,0.0,
67516ce8000000000202c7bb,M2026-05,0.0,2.0,0.0,0.0,0.0,0.0,,0.0,
6759516100000000010290c4,M2026-05,0.0,1.0,0.0,0.0,0.0,0.0,,0.0,
6777b99b000000000902c554,M2026-05,0.0,1.0,0.0,0.0,0.0,0.0,,0.0,
67cbab34000000002a00dd7a,M2026-05,0.0,1.0,0.0,0.0,0.0,0.0,,0.0,
6815bb02000000000d017b28,M2026-05,0.0,1.0,0.0,0.0,0.0,0.0,,0.0,
6933d69f000000001d03bd97,M2026-05,0.0,2.0,0.0,0.0,0.0,0.0,,0.0,
695b71c7000000000d00aa46,M2026-05,0.0,6.0,0.0,0.0,0.0,0.0,,0.0,
6a0ebc7a0000000038037c7f,M2026-05,0.0,1.0,0.0,0.0,0.0,0.0,,0.0,
6a0ebe6c0000000036030a7f,M2026-05,0.0,4.0,0.0,0.0,0.0,0.0,,0.0,
6a10262b0000000036031b9a,M2026-05,0.0,6.0,0.0,0.0,0.0,0.0,,0.0,
6a1153de0000000038021066,M2026-05,0.0,4.0,0.0,0.0,0.0,0.0,,0.0,
66713e70000000000e030251,M2026-05,0.13,2.0,1.0,0.0,0.0,0.5,0.13,65.0,
68b55da9000000001d00c602,M2026-05,0.0,1.0,0.0,0.0,0.0,0.0,,0.0,
659cef07000000001d029781,M2026-05,0.0,2.0,0.0,0.0,0.0,0.0,,0.0,
659fa7f9000000001d027449,M2026-05,0.02,1.0,1.0,0.0,0.0,1.0,0.02,20.0,
65b8a808000000000802253f,M2026-05,0.0,2.0,0.0,0.0,0.0,0.0,,0.0,
65bdab55000000002c03af1e,M2026-05,0.0,1.0,0.0,0.0,0.0,0.0,,0.0,
65bdadb1000000002b03c0dc,M2026-05,0.0,1.0,0.0,0.0,0.0,0.0,,0.0,
661e312d0000000001031ee9,M2026-05,0.0,1.0,0.0,0.0,0.0,0.0,,0.0,
663dd36a000000001e039675,M2026-05,0.0,2.0,0.0,0.0,0.0,0.0,,0.0,
669779360000000025002a34,M2026-05,0.0,1.0,0.0,0.0,0.0,0.0,,0.0,
671e1238000000001b03dca9,M2026-05,0.0,1.0,0.0,0.0,0.0,0.0,,0.0,
689aba910000000023038a7c,M2026-05,0.0,4.0,0.0,0.0,0.0,0.0,,0.0,
69549014000000001e02e0a1,M2026-05,0.0,4.0,0.0,0.0,0.0,0.0,,0.0,
698ee2ae00000000150201e0,M2026-05,0.0,1.0,0.0,0.0,0.0,0.0,,0.0,
69cf8712000000001a0322e6,M2026-05,0.0,1.0,0.0,0.0,0.0,0.0,,0.0,
69f9a0ac000000003701d937,M2026-05,0.0,2.0,0.0,0.0,0.0,0.0,,0.0,
6a0198ba000000003601f6e1,M2026-05,0.0,1.0,0.0,0.0,0.0,0.0,,0.0,
6a043c4e000000003701edcd,M2026-05,0.0,1.0,0.0,0.0,0.0,0.0,,0.0,
6a09c38a000000003601b6b3,M2026-05,0.01,10.0,1.0,0.0,0.0,0.1,0.01,1.0,
6a0db0b5000000003601f6a2,M2026-05,0.0,1.0,0.0,0.0,0.0,0.0,,0.0,
6445df410000000013002058,M2026-05,0.0,1.0,0.0,0.0,0.0,0.0,,0.0,
6471b8940000000012031833,M2026-05,0.0,1.0,0.0,0.0,0.0,0.0,,0.0,
6497998d0000000013007217,M2026-05,0.0,1.0,0.0,0.0,0.0,0.0,,0.0,
64b66eff000000001a013bfe,M2026-05,0.0,1.0,0.0,0.0,0.0,0.0,,0.0,
6513d048000000001f03450f,M2026-05,0.0,1.0,0.0,0.0,0.0,0.0,,0.0,
66261964000000000103139b,M2026-05,0.0,1.0,0.0,0.0,0.0,0.0,,0.0,
668e3eaa0000000025000697,M2026-05,0.0,1.0,0.0,0.0,0.0,0.0,,0.0,
66c6eabf000000001d0146d6,M2026-05,0.0,2.0,0.0,0.0,0.0,0.0,,0.0,
66f5318c000000001902f0de,M2026-05,0.0,1.0,0.0,0.0,0.0,0.0,,0.0,
66f902e0000000001b021b1b,M2026-05,0.0,1.0,0.0,0.0,0.0,0.0,,0.0,
67ad9f1a000000002903d131,M2026-05,0.0,1.0,0.0,0.0,0.0,0.0,,0.0,
67bd71a5000000002a001592,M2026-05,0.0,1.0,0.0,0.0,0.0,0.0,,0.0,
69fb0f64000000003703635a,M2026-05,0.0,1.0,0.0,0.0,0.0,0.0,,0.0,
63dcd13d0000000008023f58,M2026-05,0.0,1.0,0.0,0.0,0.0,0.0,,0.0,
64420971000000000703b16e,M2026-05,0.0,1.0,0.0,0.0,0.0,0.0,,0.0,
644dde0a0000000013004943,M2026-05,0.0,1.0,0.0,0.0,0.0,0.0,,0.0,
64772a340000000013005fbf,M2026-05,0.0,1.0,0.0,0.0,0.0,0.0,,0.0,
64e4844e000000000800dc3d,M2026-05,0.0,1.0,0.0,0.0,0.0,0.0,,0.0,
653fb174000000001f03622e,M2026-05,0.0,1.0,0.0,0.0,0.0,0.0,,0.0,
65869241000000001502f1cc,M2026-05,0.0,1.0,0.0,0.0,0.0,0.0,,0.0,
659908c2000000001101dd00,M2026-05,0.0,1.0,0.0,0.0,0.0,0.0,,0.0,
65a62c61000000002b016521,M2026-05,0.0,2.0,0.0,0.0,0.0,0.0,,0.0,
65ab7d28000000002b03d305,M2026-05,0.0,3.0,0.0,0.0,0.0,0.0,,0.0,
65f00bd200000000120235d0,M2026-05,0.0,1.0,0.0,0.0,0.0,0.0,,0.0,
65fbe60c000000001203d300,M2026-05,0.0,1.0,0.0,0.0,0.0,0.0,,0.0,
6614ef3c000000001a0160a4,M2026-05,0.0,1.0,0.0,0.0,0.0,0.0,,0.0,
66826d99000000001c025ea0,M2026-05,0.0,1.0,0.0,0.0,0.0,0.0,,0.0,
6746997b000000000201a834,M2026-05,0.0,2.0,0.0,0.0,0.0,0.0,,0.0,
6843e3d5000000000f030828,M2026-05,0.0,1.0,0.0,0.0,0.0,0.0,,0.0,
69327b87000000001e038224,M2026-05,0.0,1.0,0.0,0.0,0.0,0.0,,0.0,
69c7de83000000002200122e,M2026-05,0.0,2.0,0.0,0.0,0.0,0.0,,0.0,
69cb73d4000000002103b56b,M2026-05,0.0,1.0,0.0,0.0,0.0,0.0,,0.0,
63bfccdd0000000018010220,M2026-05,0.0,1.0,0.0,0.0,0.0,0.0,,0.0,
644a1ab10000000013008603,M2026-05,0.0,1.0,0.0,0.0,0.0,0.0,,0.0,
658fd433000000001101fd24,M2026-05,0.0,2.0,0.0,0.0,0.0,0.0,,0.0,
65a8dd4a000000002b007f20,M2026-05,0.0,1.0,0.0,0.0,0.0,0.0,,0.0,
69522fca00000000210314da,M2026-05,0.0,1.0,0.0,0.0,0.0,0.0,,0.0,
695480f6000000001e032231,M2026-05,0.0,1.0,0.0,0.0,0.0,0.0,,0.0,
69733219000000002203954a,M2026-05,0.0,1.0,0.0,0.0,0.0,0.0,,0.0,
6985e5f7000000001d02693a,M2026-05,0.0,1.0,0.0,0.0,0.0,0.0,,0.0,
698855fe0000000015023f61,M2026-05,0.0,1.0,0.0,0.0,0.0,0.0,,0.0,
69b28398000000001b01e6e7,M2026-05,0.26,1.0,1.0,0.0,0.0,1.0,0.26,260.0,
69b4c0c0000000001a02650e,M2026-05,0.0,1.0,0.0,0.0,0.0,0.0,,0.0,
69ba6581000000001a032032,M2026-05,0.0,1.0,0.0,0.0,0.0,0.0,,0.0,
69bbb2fa000000002102dd39,M2026-05,0.0,1.0,0.0,0.0,0.0,0.0,,0.0,
63a6a3e9000000001c0076f9,M2026-05,0.0,1.0,0.0,0.0,0.0,0.0,,0.0,
63b17bf9000000001c037e8d,M2026-05,0.0,1.0,0.0,0.0,0.0,0.0,,0.0,
63c685900000000019020aa8,M2026-05,0.0,1.0,0.0,0.0,0.0,0.0,,0.0,
63e706f7000000001203c808,M2026-05,0.0,2.0,0.0,0.0,0.0,0.0,,0.0,
640fe2940000000011012ded,M2026-05,0.0,1.0,0.0,0.0,0.0,0.0,,0.0,
6440a1c50000000011010522,M2026-05,0.0,1.0,0.0,0.0,0.0,0.0,,0.0,
645779d5000000001303d263,M2026-05,0.0,1.0,0.0,0.0,0.0,0.0,,0.0,
6476c3a9000000001301098f,M2026-05,0.0,1.0,0.0,0.0,0.0,0.0,,0.0,
64801e3b000000001300fc04,M2026-05,0.0,1.0,0.0,0.0,0.0,0.0,,0.0,
648af25f00000000130357d2,M2026-05,0.0,1.0,0.0,0.0,0.0,0.0,,0.0,
65eec22e000000000d00d991,M2026-05,0.0,1.0,0.0,0.0,0.0,0.0,,0.0,
662209cf000000000401bdda,M2026-05,0.0,1.0,0.0,0.0,0.0,0.0,,0.0,
66753344000000001e01232e,M2026-05,0.0,2.0,0.0,0.0,0.0,0.0,,0.0,
669e2666000000002701300d,M2026-05,0.0,1.0,0.0,0.0,0.0,0.0,,0.0,
66d56d39000000001d039306,M2026-05,0.0,1.0,0.0,0.0,0.0,0.0,,0.0,
66efcced0000000012012c96,M2026-05,0.0,1.0,0.0,0.0,0.0,0.0,,0.0,
64e6d1b40000000017018214,M2026-05,0.49,1.0,1.0,0.0,0.0,1.0,0.49,490.0,
654cee910000000032035ab0,M2026-05,0.0,1.0,0.0,0.0,0.0,0.0,,0.0,
65bc5703000000002c03e4e6,M2026-05,0.0,1.0,0.0,0.0,0.0,0.0,,0.0,
66713d9e000000000e033098,M2026-05,0.0,1.0,0.0,0.0,0.0,0.0,,0.0,
668a46f6000000001e0121a8,M2026-05,0.0,1.0,0.0,0.0,0.0,0.0,,0.0,
671228c20000000026036fac,M2026-05,0.04,2.0,1.0,0.0,0.0,0.5,0.04,20.0,
672aeaa2000000001b02b2d0,M2026-05,0.0,1.0,0.0,0.0,0.0,0.0,,0.0,
6731a9510000000019018f3f,M2026-05,0.04,2.0,1.0,0.0,0.0,0.5,0.04,20.0,
68131f74000000002102ed49,M2026-05,0.0,1.0,0.0,0.0,0.0,0.0,,0.0,
682edb7f000000000f033905,M2026-05,0.0,1.0,0.0,0.0,0.0,0.0,,0.0,
69d21678000000001a026606,M2026-05,0.01,1.0,1.0,0.0,0.0,1.0,0.01,10.0,
6a12cdea0000000038023999,M2026-05,0.0,1.0,0.0,0.0,0.0,0.0,,0.0,
6a141975000000003701c0f1,M2026-05,0.0,1.0,0.0,0.0,0.0,0.0,,0.0,
6a16b0e90000000036033433,M2026-05,0.0,3.0,0.0,0.0,0.0,0.0,,0.0,
6a1805d70000000038021c3e,M2026-05,0.0,1.0,0.0,0.0,0.0,0.0,,0.0,
6a19663100000000370365b8,M2026-05,0.0,1.0,0.0,0.0,0.0,0.0,,0.0,
64db5a0a00000000100323e3,M2026-05,0.0,1.0,0.0,0.0,0.0,0.0,,0.0,
64edc437000000001e03fdad,M2026-05,0.0,1.0,0.0,0.0,0.0,0.0,,0.0,
650e94f4000000001e0233b1,M2026-05,0.0,1.0,0.0,0.0,0.0,0.0,,0.0,
656d8a14000000000901ca58,M2026-05,0.0,1.0,0.0,0.0,0.0,0.0,,0.0,
6597b9f50000000018028ea3,M2026-05,0.0,2.0,0.0,0.0,0.0,0.0,,0.0,
65b1cd86000000002d003099,M2026-05,0.0,1.0,0.0,0.0,0.0,0.0,,0.0,
65daf5f00000000001029df0,M2026-05,0.0,1.0,0.0,0.0,0.0,0.0,,0.0,
65ed67840000000012022c45,M2026-05,0.0,1.0,0.0,0.0,0.0,0.0,,0.0,
6639e6a3000000001e030a1d,M2026-05,0.0,1.0,0.0,0.0,0.0,0.0,,0.0,
669a36e300000000250168f4,M2026-05,0.0,1.0,0.0,0.0,0.0,0.0,,0.0,
67120ab1000000001b03f5db,M2026-05,0.0,1.0,0.0,0.0,0.0,0.0,,0.0,
6718ab00000000002401b0f6,M2026-05,0.0,1.0,0.0,0.0,0.0,0.0,,0.0,
67b58b820000000029029858,M2026-05,0.0,1.0,0.0,0.0,0.0,0.0,,0.0,
67bc2355000000002901a829,M2026-05,0.0,1.0,0.0,0.0,0.0,0.0,,0.0,
69f868b8000000003701d0aa,M2026-05,0.0,1.0,0.0,0.0,0.0,0.0,,0.0,
6a09838e000000003700c538,M2026-05,0.0,1.0,0.0,0.0,0.0,0.0,,0.0,
6a16af500000000037037c1c,M2026-05,0.0,2.0,0.0,0.0,0.0,0.0,,0.0,
64ec58be000000000c036777,M2026-05,0.0,1.0,0.0,0.0,0.0,0.0,,0.0,
65377ec6000000001e02c1a9,M2026-05,0.0,1.0,0.0,0.0,0.0,0.0,,0.0,
65450c1a000000001f00681e,M2026-05,0.0,1.0,0.0,0.0,0.0,0.0,,0.0,
65814838000000000901a935,M2026-05,0.0,1.0,0.0,0.0,0.0,0.0,,0.0,
658935df0000000018028297,M2026-05,0.0,1.0,0.0,0.0,0.0,0.0,,0.0,
65893aca000000001e008c3b,M2026-05,0.0,1.0,0.0,0.0,0.0,0.0,,0.0,
658d3182000000001e005c39,M2026-05,0.0,1.0,0.0,0.0,0.0,0.0,,0.0,
65af7d44000000002d0034c9,M2026-05,0.0,1.0,0.0,0.0,0.0,0.0,,0.0,
65bc6454000000002b03cc1c,M2026-05,0.0,1.0,0.0,0.0,0.0,0.0,,0.0,
65bdac47000000002c015250,M2026-05,0.0,1.0,0.0,0.0,0.0,0.0,,0.0,
65f413de000000001203d56c,M2026-05,0.0,1.0,0.0,0.0,0.0,0.0,,0.0,
6620bcdd000000000401aeee,M2026-05,0.0,1.0,0.0,0.0,0.0,0.0,,0.0,
66306b40000000001e03454c,M2026-05,0.0,1.0,0.0,0.0,0.0,0.0,,0.0,
664ef80500000000050079a5,M2026-05,0.0,1.0,0.0,0.0,0.0,0.0,,0.0,
665ec9d70000000006007027,M2026-05,0.0,1.0,0.0,0.0,0.0,0.0,,0.0,
66728fc600000000060042f5,M2026-05,0.0,1.0,0.0,0.0,0.0,0.0,,0.0,
6693844d0000000025005814,M2026-05,0.0,1.0,0.0,0.0,0.0,0.0,,0.0,
63ad6640000000001f00edf4,M2026-06,0.0,3.0,0.0,0.0,0.0,0.0,,0.0,
63bac1840000000018013e62,M2026-06,0.48000000000000004,59.0,6.0,0.0,0.0,0.101695,0.08,8.135593,
63d1e16b000000001c00586f,M2026-06,0.03,52.0,3.0,0.0,0.0,0.057692,0.01,0.576923,
643fc5080000000013012d9f,M2026-06,0.0,2.0,0.0,0.0,0.0,0.0,,0.0,
6443a4b900000000270127b2,M2026-06,5.1,31.0,7.0,0.0,0.0,0.225806,0.728571,164.516129,
648c2aa300000000130337d6,M2026-06,0.0,3.0,0.0,0.0,0.0,0.0,,0.0,
64951a9f0000000013015ca4,M2026-06,0.0,1.0,0.0,0.0,0.0,0.0,,0.0,
649953950000000013034155,M2026-06,1.2500000000000002,85.0,12.0,1.0,0.0,0.141176,0.104167,14.705882,
64b751b5000000002f026c7b,M2026-06,3.23,17.0,3.0,0.0,0.0,0.176471,1.076667,190.0,
64b7c99d000000001c00c6cc,M2026-06,0.0,1.0,0.0,0.0,0.0,0.0,,0.0,
64ba491e000000000103ebcf,M2026-06,0.02,15.0,2.0,0.0,0.0,0.133333,0.01,1.333333,
64be2a48000000001201c5db,M2026-06,0.01,3.0,1.0,0.0,0.0,0.333333,0.01,3.333333,
64d762d10000000010030702,M2026-06,0.53,3.0,1.0,0.0,0.0,0.333333,0.53,176.666667,
64d77fc8000000001700e3e7,M2026-06,0.0,1.0,0.0,0.0,0.0,0.0,,0.0,
64da0412000000000301e765,M2026-06,0.0,3.0,0.0,0.0,0.0,0.0,,0.0,
64db4e87000000001701a578,M2026-06,2.74,32.0,2.0,0.0,0.0,0.0625,1.37,85.625,
64df68ce00000000030235b3,M2026-06,0.0,8.0,0.0,0.0,0.0,0.0,,0.0,
64e33439000000000c0370d9,M2026-06,0.0,9.0,0.0,0.0,0.0,0.0,,0.0,
64e5ca97000000000b02be15,M2026-06,0.0,1.0,0.0,0.0,0.0,0.0,,0.0,
64e71d3f000000001003106b,M2026-06,0.0,3.0,0.0,0.0,0.0,0.0,,0.0,
64f02a40000000001f03f24e,M2026-06,0.66,7.0,2.0,0.0,0.0,0.285714,0.33,94.285714,
64f30ba3000000001e032074,M2026-06,0.16999999999999998,6.0,2.0,0.0,0.0,0.333333,0.085,28.333333,
64fc56f3000000001f0358b2,M2026-06,0.0,4.0,0.0,0.0,0.0,0.0,,0.0,
64fd33ff000000001e02958f,M2026-06,0.01,5.0,1.0,0.0,0.0,0.2,0.01,2.0,
64fec628000000001e00c68f,M2026-06,0.0,2.0,0.0,0.0,0.0,0.0,,0.0,
65081b6b000000001e0205f3,M2026-06,0.18000000000000002,9.0,2.0,0.0,0.0,0.222222,0.09,20.0,
65098e58000000001e03ee2a,M2026-06,0.0,3.0,0.0,0.0,0.0,0.0,,0.0,
650e8d36000000001e0210a9,M2026-06,0.0,1.0,0.0,0.0,0.0,0.0,,0.0,
6513d5f6000000001d0161e5,M2026-06,0.0,2.0,0.0,0.0,0.0,0.0,,0.0,
6530f0370000000020003a3e,M2026-06,0.0,2.0,0.0,0.0,0.0,0.0,,0.0,
6541cb75000000001e03de8a,M2026-06,0.0,1.0,0.0,0.0,0.0,0.0,,0.0,
65421900000000001f0360c9,M2026-06,10.43,105.0,18.0,0.0,0.0,0.171429,0.579444,99.333333,
654340ba000000001e0299de,M2026-06,0.46,104.0,16.0,0.0,0.0,0.153846,0.02875,4.423077,
6544e4b5000000001f03b71c,M2026-06,0.07,28.0,4.0,0.0,0.0,0.142857,0.0175,2.5,
65574eec000000003300a922,M2026-06,0.05,13.0,1.0,0.0,0.0,0.076923,0.05,3.846154,
657424be000000000503b310,M2026-06,0.0,2.0,0.0,0.0,0.0,0.0,,0.0,
65742f5e000000000503a6e2,M2026-06,0.0,3.0,0.0,0.0,0.0,0.0,,0.0,
6576b3bb000000000801f681,M2026-06,0.13,14.0,2.0,0.0,0.0,0.142857,0.065,9.285714,
65790ac5000000000901923f,M2026-06,0.05,4.0,1.0,0.0,0.0,0.25,0.05,12.5,
658693750000000038025102,M2026-06,0.01,48.0,1.0,0.0,0.0,0.020833,0.01,0.208333,
658fd1cd000000001802864b,M2026-06,0.0,4.0,0.0,0.0,0.0,0.0,,0.0,
6597b9f50000000018028ea3,M2026-06,0.0,1.0,0.0,0.0,0.0,0.0,,0.0,
6599081c000000001d026139,M2026-06,0.0,7.0,0.0,0.0,0.0,0.0,,0.0,
659bab08000000001a02a02b,M2026-06,6.779999999999999,73.0,9.0,0.0,0.0,0.123288,0.753333,92.876712,
659e6e12000000001d025fd3,M2026-06,0.22,14.0,1.0,0.0,0.0,0.071429,0.22,15.714286,
65a4de98000000001e0081cb,M2026-06,0.0,7.0,0.0,0.0,0.0,0.0,,0.0,
65a7809b0000000029030311,M2026-06,0.01,4.0,1.0,0.0,0.0,0.25,0.01,2.5,
65ae2071000000002b03dd4f,M2026-06,0.21000000000000002,26.0,2.0,0.0,0.0,0.076923,0.105,8.076923,
65ae21ae000000002c03fd67,M2026-06,0.26,40.0,8.0,0.0,0.0,0.2,0.0325,6.5,
65af7e4e000000002c0397d4,M2026-06,0.5800000000000001,24.0,6.0,0.0,0.0,0.25,0.096667,24.166667,
65af7f5c000000002c03c20e,M2026-06,0.0,1.0,0.0,0.0,0.0,0.0,,0.0,
65b8ab3b0000000007029266,M2026-06,0.14,17.0,1.0,0.0,0.0,0.058824,0.14,8.235294,
65b8ac46000000002c013741,M2026-06,0.0,19.0,0.0,0.0,0.0,0.0,,0.0,
65b8adab000000002c02acdc,M2026-06,0.0,11.0,0.0,0.0,0.0,0.0,,0.0,
65bc472a000000002d0026f4,M2026-06,0.82,57.0,5.0,0.0,0.0,0.087719,0.164,14.385965,
65bc4808000000002c02ab23,M2026-06,1.5,65.0,11.0,0.0,0.0,0.169231,0.136364,23.076923,
65bc5280000000002c0124dc,M2026-06,0.09,34.0,4.0,0.0,0.0,0.117647,0.0225,2.647059,
65bc5f28000000000702bf1e,M2026-06,0.0,2.0,0.0,0.0,0.0,0.0,,0.0,
65bda9b0000000000702ba34,M2026-06,0.0,2.0,0.0,0.0,0.0,0.0,,0.0,
65d325c800000000010292de,M2026-06,0.4600000000000001,68.0,12.0,0.0,0.0,0.176471,0.038333,6.764706,
65d86297000000000b022d6e,M2026-06,2.06,34.0,3.0,0.0,0.0,0.088235,0.686667,60.588235,
65daf721000000000102b017,M2026-06,0.78,17.0,4.0,0.0,0.0,0.235294,0.195,45.882353,
65e1836f000000000102968b,M2026-06,0.33,39.0,7.0,0.0,0.0,0.179487,0.047143,8.461538,
65e1b5a8000000000102af89,M2026-06,0.81,68.0,11.0,0.0,0.0,0.161765,0.073636,11.911765,
65e2e49a0000000001028986,M2026-06,0.25,28.0,2.0,0.0,0.0,0.071429,0.125,8.928571,
65e58787000000000102aa4b,M2026-06,0.0,4.0,0.0,0.0,0.0,0.0,,0.0,
65e588e20000000001028416,M2026-06,0.9000000000000001,103.0,16.0,0.0,0.0,0.15534,0.05625,8.737864,
65e6f7ea000000000303422b,M2026-06,0.05,27.0,2.0,0.0,0.0,0.074074,0.025,1.851852,
65e973a20000000003036a18,M2026-06,0.4200000000000001,76.0,14.0,0.0,0.0,0.184211,0.03,5.526316,
65ec182b0000000003035073,M2026-06,0.4800000000000001,123.0,16.0,0.0,0.0,0.130081,0.03,3.902439,
65ed67840000000012022c45,M2026-06,0.0,1.0,0.0,0.0,0.0,0.0,,0.0,
65eec2a300000000120230d4,M2026-06,0.02,9.0,2.0,0.0,0.0,0.222222,0.01,2.222222,
65f7e0d70000000012023c5a,M2026-06,0.0,3.0,0.0,0.0,0.0,0.0,,0.0,
65fa9548000000001203cce9,M2026-06,0.22,33.0,4.0,0.0,0.0,0.121212,0.055,6.666667,
660279de000000001203fdaf,M2026-06,0.66,20.0,2.0,0.0,0.0,0.1,0.33,33.0,
6603d2d0000000001203eea9,M2026-06,0.0,1.0,0.0,0.0,0.0,0.0,,0.0,
660d0bd4000000001a0152d2,M2026-06,0.16000000000000003,59.0,8.0,0.0,0.0,0.135593,0.02,2.711864,
660d2352000000001a00c854,M2026-06,0.05,9.0,1.0,0.0,0.0,0.111111,0.05,5.555556,
66110c18000000001a01306e,M2026-06,0.0,4.0,0.0,0.0,0.0,0.0,,0.0,
6613a046000000001a01582d,M2026-06,12.379999999999999,414.0,55.0,0.0,0.0,0.13285,0.225091,29.903382,
6618eb85000000001a00ef17,M2026-06,0.49,8.0,1.0,0.0,0.0,0.125,0.49,61.25,
662c98f000000000010073e4,M2026-06,0.91,16.0,3.0,0.0,0.0,0.1875,0.303333,56.875,
66306d00000000001e03661f,M2026-06,0.01,5.0,1.0,0.0,0.0,0.2,0.01,2.0,
6635e9e2000000001e03772a,M2026-06,6.63,32.0,3.0,0.0,0.0,0.09375,2.21,207.1875,
66388dfa000000001e03aa84,M2026-06,0.0,2.0,0.0,0.0,0.0,0.0,,0.0,
66446bc1000000001e0388b0,M2026-06,0.0,5.0,0.0,0.0,0.0,0.0,,0.0,
66470da5000000001401840d,M2026-06,6.339999999999999,118.0,22.0,0.0,0.0,0.186441,0.288182,53.728814,
664728240000000014018bd2,M2026-06,0.01,6.0,1.0,0.0,0.0,0.166667,0.01,1.666667,
665048bd0000000005006fa8,M2026-06,0.02,9.0,2.0,0.0,0.0,0.222222,0.01,2.222222,
66504a020000000005004c87,M2026-06,0.7100000000000001,59.0,9.0,0.0,0.0,0.152542,0.078889,12.033898,
66543e01000000001401a8a9,M2026-06,0.01,12.0,1.0,0.0,0.0,0.083333,0.01,0.833333,
66558c77000000001601385c,M2026-06,0.0,1.0,0.0,0.0,0.0,0.0,,0.0,
666567450000000006007835,M2026-06,0.23,35.0,4.0,0.0,0.0,0.114286,0.0575,6.571429,
6683b3a9000000001e012c98,M2026-06,0.02,4.0,2.0,0.0,0.0,0.5,0.01,5.0,
669f5f30000000002701ee31,M2026-06,0.0,2.0,0.0,0.0,0.0,0.0,,0.0,
66a74a780000000027011fa2,M2026-06,6.5299999999999985,39.0,7.0,0.0,0.0,0.179487,0.932857,167.435897,
66a9f071000000002701fcac,M2026-06,0.14,10.0,1.0,0.0,0.0,0.1,0.14,14.0,
66b1de10000000001e01c1ec,M2026-06,0.43000000000000005,49.0,6.0,0.0,0.0,0.122449,0.071667,8.77551,
66bc63b70000000025030e7d,M2026-06,0.18999999999999997,107.0,19.0,0.0,0.0,0.17757,0.01,1.775701,
66bf08030000000025030cce,M2026-06,0.02,2.0,1.0,0.0,0.0,0.5,0.02,10.0,
6450d8cc000000000800eb4f,M2026-06,0.0,1.0,0.0,0.0,0.0,0.0,,0.0,
648a8a53000000000703aebc,M2026-06,0.0,1.0,0.0,0.0,0.0,0.0,,0.0,
6491105000000000130365b1,M2026-06,0.06999999999999999,5.0,2.0,0.0,0.0,0.4,0.035,14.0,
64ad3f390000000034016f7d,M2026-06,0.0,1.0,0.0,0.0,0.0,0.0,,0.0,
64bcd8d2000000000a019b20,M2026-06,0.0,1.0,0.0,0.0,0.0,0.0,,0.0,
64d77bda000000000800c6ad,M2026-06,0.01,5.0,1.0,0.0,0.0,0.2,0.01,2.0,
64da154d000000000301efcc,M2026-06,0.0,1.0,0.0,0.0,0.0,0.0,,0.0,
64dcb208000000001201947b,M2026-06,0.0,2.0,0.0,0.0,0.0,0.0,,0.0,
64e57d41000000000c0369a4,M2026-06,0.0,2.0,0.0,0.0,0.0,0.0,,0.0,
64ec03c90000000012018d3c,M2026-06,0.0,2.0,0.0,0.0,0.0,0.0,,0.0,
64f59f01000000001d017ff6,M2026-06,0.0,2.0,0.0,0.0,0.0,0.0,,0.0,
64fdc220000000001e02acb7,M2026-06,0.05,6.0,1.0,0.0,0.0,0.166667,0.05,8.333333,
6502b1ee000000001f03f418,M2026-06,0.0,5.0,0.0,0.0,0.0,0.0,,0.0,
650d68b1000000001f005742,M2026-06,0.0,2.0,0.0,0.0,0.0,0.0,,0.0,
650ed207000000001f004d91,M2026-06,0.01,16.0,1.0,0.0,0.0,0.0625,0.01,0.625,
6513d6d3000000001e00e8bb,M2026-06,0.0,2.0,0.0,0.0,0.0,0.0,,0.0,
65326a2f000000001d016284,M2026-06,0.01,8.0,1.0,0.0,0.0,0.125,0.01,1.25,
6533cc95000000001e02db3d,M2026-06,0.0,2.0,0.0,0.0,0.0,0.0,,0.0,
65376aa7000000001e03f455,M2026-06,0.0,2.0,0.0,0.0,0.0,0.0,,0.0,
655c05e3000000003203ab8c,M2026-06,0.0,3.0,0.0,0.0,0.0,0.0,,0.0,
656c3832000000000602066f,M2026-06,0.0,6.0,0.0,0.0,0.0,0.0,,0.0,
658691900000000038015b90,M2026-06,0.0,6.0,0.0,0.0,0.0,0.0,,0.0,
658fd29a000000001102ccf2,M2026-06,0.0,2.0,0.0,0.0,0.0,0.0,,0.0,
65990c11000000001c0137af,M2026-06,0.01,5.0,1.0,0.0,0.0,0.2,0.01,2.0,
65a240f4000000001c0103e8,M2026-06,0.0,18.0,0.0,0.0,0.0,0.0,,0.0,
65b1c94b000000002c03d4a3,M2026-06,0.0,2.0,0.0,0.0,0.0,0.0,,0.0,
65b1ce42000000002d003479,M2026-06,0.0,3.0,0.0,0.0,0.0,0.0,,0.0,
65b8ab80000000002c0383b7,M2026-06,0.0,2.0,0.0,0.0,0.0,0.0,,0.0,
65b8abf1000000002c016b7a,M2026-06,1.86,24.0,2.0,0.0,0.0,0.083333,0.93,77.5,
65bc5b9b000000002c03f944,M2026-06,0.01,1.0,1.0,0.0,0.0,1.0,0.01,10.0,
65bc68d7000000002c010735,M2026-06,0.0,10.0,0.0,0.0,0.0,0.0,,0.0,
65d5ad59000000000102854b,M2026-06,1.09,30.0,5.0,0.0,0.0,0.166667,0.218,36.333333,
65d9a308000000000102be01,M2026-06,0.21,7.0,1.0,0.0,0.0,0.142857,0.21,30.0,
65dc4ded0000000007004fa4,M2026-06,0.01,3.0,1.0,0.0,0.0,0.333333,0.01,3.333333,
65dd9bfd000000000102ae17,M2026-06,0.0,2.0,0.0,0.0,0.0,0.0,,0.0,
65dd9d15000000000102808f,M2026-06,0.0,9.0,0.0,0.0,0.0,0.0,,0.0,
65e038830000000003037718,M2026-06,0.0,1.0,0.0,0.0,0.0,0.0,,0.0,
65e1b4530000000003035d58,M2026-06,0.05,11.0,3.0,0.0,0.0,0.272727,0.016667,4.545455,
65e1b549000000000102a921,M2026-06,0.0,2.0,0.0,0.0,0.0,0.0,,0.0,
65e2e5f2000000000303655e,M2026-06,0.69,3.0,1.0,0.0,0.0,0.333333,0.69,230.0,
65e9730b0000000001029980,M2026-06,0.0,8.0,0.0,0.0,0.0,0.0,,0.0,
65efaf2d000000001202067b,M2026-06,0.8400000000000001,183.0,36.0,1.0,1.0,0.196721,0.023333,4.590164,0.84
65f414d1000000000d00ef12,M2026-06,0.01,1.0,1.0,0.0,0.0,1.0,0.01,10.0,
65f553790000000012020778,M2026-06,0.87,7.0,1.0,0.0,0.0,0.142857,0.87,124.285714,
66091b49000000001a016fdb,M2026-06,0.0,2.0,0.0,0.0,0.0,0.0,,0.0,
661251a4000000001a014554,M2026-06,0.08,16.0,3.0,0.0,0.0,0.1875,0.026667,5.0,
6613a0e3000000001a00fbff,M2026-06,0.0,10.0,0.0,0.0,0.0,0.0,,0.0,
6617991e000000001a00c3b6,M2026-06,0.0,6.0,0.0,0.0,0.0,0.0,,0.0,
6618eaf6000000001a015070,M2026-06,0.0,6.0,0.0,0.0,0.0,0.0,,0.0,
661e2ecc0000000004019c71,M2026-06,0.0,8.0,0.0,0.0,0.0,0.0,,0.0,
661f7b560000000004018a27,M2026-06,0.0,1.0,0.0,0.0,0.0,0.0,,0.0,
66261964000000000103139b,M2026-06,0.0,2.0,0.0,0.0,0.0,0.0,,0.0,
662f53a1000000001e033ecd,M2026-06,0.41,11.0,1.0,0.0,0.0,0.090909,0.41,37.272727,
6631f6e6000000001e032578,M2026-06,0.02,1.0,1.0,0.0,0.0,1.0,0.02,20.0,
663f23f1000000001e03a1db,M2026-06,0.0,1.0,0.0,0.0,0.0,0.0,,0.0,
66583266000000001401855a,M2026-06,0.11,7.0,1.0,0.0,0.0,0.142857,0.11,15.714286,
665835db00000000050072d2,M2026-06,0.01,4.0,1.0,0.0,0.0,0.25,0.01,2.5,
667680da000000001e011696,M2026-06,0.0,1.0,0.0,0.0,0.0,0.0,,0.0,
667933df000000001c024221,M2026-06,0.01,8.0,1.0,0.0,0.0,0.125,0.01,1.25,
667d178e000000001c027501,M2026-06,0.0,2.0,0.0,0.0,0.0,0.0,,0.0,
667e69b0000000001c02458d,M2026-06,0.25,31.0,1.0,0.0,0.0,0.032258,0.25,8.064516,
6683b227000000001e0108a5,M2026-06,0.0,1.0,0.0,0.0,0.0,0.0,,0.0,
668a45d7000000001e010b41,M2026-06,0.19,4.0,2.0,0.0,0.0,0.5,0.095,47.5,
668ba06d0000000025003455,M2026-06,0.0,2.0,0.0,0.0,0.0,0.0,,0.0,
669628940000000025014407,M2026-06,0.01,8.0,1.0,0.0,0.0,0.125,0.01,1.25,
6698cbde0000000025004364,M2026-06,0.62,7.0,2.0,0.0,0.0,0.285714,0.31,88.571429,
66b3273c0000000025032bfc,M2026-06,0.6100000000000001,31.0,8.0,0.0,0.0,0.258065,0.07625,19.677419,
66b47cde000000001e01f63c,M2026-06,0.0,6.0,0.0,0.0,0.0,0.0,,0.0,
66c0564b000000001e01e7a9,M2026-06,0.0,3.0,0.0,0.0,0.0,0.0,,0.0,
66c45b75000000001d0147d8,M2026-06,7.19,60.0,18.0,0.0,0.0,0.3,0.399444,119.833333,
66c6e990000000001d01afe0,M2026-06,1.1500000000000001,60.0,18.0,0.0,0.0,0.3,0.063889,19.166667,
66c99238000000001d019762,M2026-06,4.939999999999999,100.0,11.0,0.0,0.0,0.11,0.449091,49.4,
66ced78e000000001d01a548,M2026-06,0.0,2.0,0.0,0.0,0.0,0.0,,0.0,
66d6b022000000001d014494,M2026-06,0.59,2.0,1.0,0.0,0.0,0.5,0.59,295.0,
66dd561b000000001e01ae53,M2026-06,0.0,8.0,0.0,0.0,0.0,0.0,,0.0,
66de9050000000001e01addd,M2026-06,0.39,58.0,6.0,0.0,0.0,0.103448,0.065,6.724138,
66e2a12c000000001e01aaa7,M2026-06,0.74,156.0,19.0,0.0,0.0,0.121795,0.038947,4.74359,
66e3edb8000000000c019691,M2026-06,0.0,6.0,0.0,0.0,0.0,0.0,,0.0,
66ee77af0000000012011770,M2026-06,0.0,5.0,0.0,0.0,0.0,0.0,,0.0,
66f11d2b000000001b021750,M2026-06,0.01,1.0,1.0,0.0,0.0,1.0,0.01,10.0,
66f3bc31000000001a023cee,M2026-06,1.28,70.0,11.0,0.0,0.0,0.157143,0.116364,18.285714,
66f51859000000001b022419,M2026-06,0.05,42.0,3.0,0.0,0.0,0.071429,0.016667,1.190476,
66f530bd000000001902dada,M2026-06,2.93,13.0,2.0,0.0,0.0,0.153846,1.465,225.384615,
66fe4669000000001b023237,M2026-06,0.33000000000000007,55.0,9.0,0.0,0.0,0.163636,0.036667,6.0,
6704e070000000001a020f5a,M2026-06,0.01,2.0,1.0,0.0,0.0,0.5,0.01,5.0,
6704e10b000000001a021c84,M2026-06,0.0,2.0,0.0,0.0,0.0,0.0,,0.0,
670630e9000000001a023e3f,M2026-06,3.5100000000000002,92.0,9.0,0.0,0.0,0.097826,0.39,38.152174,
670c6f600000000024015ad0,M2026-06,0.0,5.0,0.0,0.0,0.0,0.0,,0.0,
670c715e0000000021008949,M2026-06,0.0,2.0,0.0,0.0,0.0,0.0,,0.0,
670ccfff0000000024015a30,M2026-06,0.0,3.0,0.0,0.0,0.0,0.0,,0.0,
670f7aec000000001b03d8ba,M2026-06,0.02,15.0,2.0,0.0,0.0,0.133333,0.01,1.333333,
670f7b440000000021009b77,M2026-06,0.21000000000000002,100.0,9.0,0.0,0.0,0.09,0.023333,2.1,
6710dd830000000021005a44,M2026-06,0.01,1.0,1.0,0.0,0.0,1.0,0.01,10.0,
671228780000000021000351,M2026-06,0.38000000000000006,69.0,16.0,0.0,0.0,0.231884,0.02375,5.507246,
6718abc70000000021009845,M2026-06,0.85,11.0,2.0,0.0,0.0,0.181818,0.425,77.272727,
6719f7eb0000000026034e27,M2026-06,0.0,3.0,0.0,0.0,0.0,0.0,,0.0,
671b4fb80000000021000b4e,M2026-06,1.1500000000000001,231.0,39.0,0.0,0.0,0.168831,0.029487,4.978355,
671b68b30000000021006d0e,M2026-06,0.12,69.0,12.0,0.0,0.0,0.173913,0.01,1.73913,
671c96b200000000260345a4,M2026-06,0.5900000000000001,51.0,9.0,0.0,0.0,0.176471,0.065556,11.568627,
672add42000000001901b372,M2026-06,0.16,13.0,2.0,0.0,0.0,0.153846,0.08,12.307692,
672c54d8000000001901413b,M2026-06,2.749999999999999,213.0,39.0,1.0,1.0,0.183099,0.070513,12.910798,2.75
67330eb40000000019017f65,M2026-06,0.56,4.0,1.0,0.0,0.0,0.25,0.56,140.0,
67330f2b000000001b02d91f,M2026-06,0.0,40.0,0.0,0.0,0.0,0.0,,0.0,
673310ad000000001b029070,M2026-06,0.0,2.0,0.0,0.0,0.0,0.0,,0.0,
673c662b0000000007026608,M2026-06,0.01,4.0,1.0,0.0,0.0,0.25,0.01,2.5,
673c67660000000007027445,M2026-06,0.08,13.0,1.0,0.0,0.0,0.076923,0.08,6.153846,
673c67a5000000000703171e,M2026-06,2.83,226.0,22.0,0.0,0.0,0.097345,0.128636,12.522124,
673dc06c0000000007033b2e,M2026-06,4.27,120.0,26.0,2.0,0.0,0.216667,0.164231,35.583333,
673ff72c000000000203b3fe,M2026-06,0.0,7.0,0.0,0.0,0.0,0.0,,0.0,
6745652c000000000202fde8,M2026-06,3.45,23.0,4.0,1.0,1.0,0.173913,0.8625,150.0,3.45
67469ae4000000000202d3eb,M2026-06,0.0,2.0,0.0,0.0,0.0,0.0,,0.0,
67516ce8000000000202c7bb,M2026-06,0.0,1.0,0.0,0.0,0.0,0.0,,0.0,
67516d4c00000000060175a3,M2026-06,0.0,2.0,0.0,0.0,0.0,0.0,,0.0,
6758290a0000000002016fd5,M2026-06,0.0,5.0,0.0,0.0,0.0,0.0,,0.0,
6758294c0000000002035a8a,M2026-06,0.0,2.0,0.0,0.0,0.0,0.0,,0.0,
675d4de00000000002036372,M2026-06,0.01,10.0,1.0,0.0,0.0,0.1,0.01,1.0,
675d4e140000000001029d31,M2026-06,0.04,39.0,2.0,0.0,0.0,0.051282,0.02,1.025641,
6766903d000000000b00cbc1,M2026-06,0.01,1.0,1.0,0.0,0.0,1.0,0.01,10.0,
678372a1000000001703fbd2,M2026-06,0.0,2.0,0.0,0.0,0.0,0.0,,0.0,
6788cc78000000001801ecd9,M2026-06,0.0,9.0,0.0,0.0,0.0,0.0,,0.0,
678cd7ad0000000016020981,M2026-06,0.03,2.0,1.0,0.0,0.0,0.5,0.03,15.0,
67a9a72c000000001801b956,M2026-06,0.08,42.0,4.0,0.0,0.0,0.095238,0.02,1.904762,
67ad9eaf000000002802b30b,M2026-06,0.01,16.0,1.0,0.0,0.0,0.0625,0.01,0.625,
67b43a4b00000000280298c5,M2026-06,0.1,10.0,1.0,0.0,0.0,0.1,0.1,10.0,
67cc0df300000000290134ae,M2026-06,0.01,2.0,1.0,0.0,0.0,0.5,0.01,5.0,
67ce630f0000000028037949,M2026-06,0.01,20.0,1.0,0.0,0.0,0.05,0.01,0.5,
67ce6411000000002902de45,M2026-06,0.17,44.0,3.0,0.0,0.0,0.068182,0.056667,3.863636,
67d5268d000000001b03e868,M2026-06,5.39,109.0,13.0,0.0,0.0,0.119266,0.414615,49.449541,
67d5286c000000001d014a7e,M2026-06,0.0,1.0,0.0,0.0,0.0,0.0,,0.0,
67e1159e000000000603a2bd,M2026-06,0.0,13.0,0.0,0.0,0.0,0.0,,0.0,
681da9dc000000002001e634,M2026-06,0.04,40.0,4.0,0.0,0.0,0.1,0.01,1.0,
6822feb7000000000303b131,M2026-06,0.0,8.0,0.0,0.0,0.0,0.0,,0.0,
68341027000000000f038992,M2026-06,0.44,13.0,1.0,0.0,0.0,0.076923,0.44,33.846154,
68395a24000000002100c53d,M2026-06,4.669999999999999,193.0,34.0,0.0,0.0,0.176166,0.137353,24.196891,
683d63ea000000002001eb65,M2026-06,0.0,3.0,0.0,0.0,0.0,0.0,,0.0,
6843e1d0000000000f03b615,M2026-06,0.05,34.0,2.0,0.0,0.0,0.058824,0.025,1.470588,
6843e2390000000012003552,M2026-06,0.0,15.0,0.0,0.0,0.0,0.0,,0.0,
68567116000000000d025a77,M2026-06,3.7099999999999995,88.0,9.0,0.0,0.0,0.102273,0.412222,42.159091,
685e5de000000000150216f9,M2026-06,0.43,35.0,1.0,0.0,0.0,0.028571,0.43,12.285714,
68679a7f0000000023006fb7,M2026-06,0.0,10.0,0.0,0.0,0.0,0.0,,0.0,
687890df000000001c0361c2,M2026-06,0.0,19.0,0.0,0.0,0.0,0.0,,0.0,
6895a47700000000230382eb,M2026-06,0.0,2.0,0.0,0.0,0.0,0.0,,0.0,
6895a53e00000000230321d8,M2026-06,3.8499999999999996,50.0,10.0,0.0,0.0,0.2,0.385,77.0,
689ab98e0000000023021c3c,M2026-06,0.09,34.0,7.0,0.0,0.0,0.205882,0.012857,2.647059,
68a57274000000001c034a91,M2026-06,0.08,10.0,1.0,0.0,0.0,0.1,0.08,8.0,
68baa828000000001b033b3f,M2026-06,1.82,17.0,4.0,0.0,0.0,0.235294,0.455,107.058824,
68bff0ef000000001d019dea,M2026-06,0.94,54.0,10.0,0.0,0.0,0.185185,0.094,17.407407,
68c7d1fc000000001d0271c8,M2026-06,0.15,18.0,1.0,0.0,0.0,0.055556,0.15,8.333333,
68db958100000000050336cb,M2026-06,0.0,7.0,0.0,0.0,0.0,0.0,,0.0,
68e0e457000000000700ce1c,M2026-06,0.31,15.0,1.0,0.0,0.0,0.066667,0.31,20.666667,
68e0e4b10000000007003ead,M2026-06,0.0,14.0,0.0,0.0,0.0,0.0,,0.0,
6936766c000000001b0237dc,M2026-06,13.120000000000001,84.0,11.0,0.0,0.0,0.130952,1.192727,156.190476,
69367987000000001b027d8f,M2026-06,0.34,99.0,16.0,0.0,0.0,0.161616,0.02125,3.434343,
693923ff000000001e02dab6,M2026-06,7.39,69.0,7.0,0.0,0.0,0.101449,1.055714,107.101449,
693bc13f000000001d03babb,M2026-06,0.0,2.0,0.0,0.0,0.0,0.0,,0.0,
6944f5f2000000001f00a3d7,M2026-06,5.09,17.0,2.0,0.0,0.0,0.117647,2.545,299.411765,
6950da0e0000000022032b4e,M2026-06,0.0,1.0,0.0,0.0,0.0,0.0,,0.0,
6954ad1b000000001e03a06f,M2026-06,0.0,4.0,0.0,0.0,0.0,0.0,,0.0,
695877db000000001e02a155,M2026-06,0.0,1.0,0.0,0.0,0.0,0.0,,0.0,
695c8593000000001a0246c8,M2026-06,8.879999999999999,5.0,2.0,0.0,0.0,0.4,4.44,1776.0,
69605e99000000000b00a172,M2026-06,0.0,1.0,0.0,0.0,0.0,0.0,,0.0,
697215d3000000002102babe,M2026-06,1.11,34.0,7.0,0.0,0.0,0.205882,0.158571,32.647059,
69747a91000000002202e8cb,M2026-06,3.3,141.0,18.0,0.0,0.0,0.12766,0.183333,23.404255,
697483bc0000000021030797,M2026-06,4.26,149.0,15.0,0.0,0.0,0.100671,0.284,28.590604,
6979aa20000000002203199c,M2026-06,0.01,14.0,1.0,0.0,0.0,0.071429,0.01,0.714286,
6979d9d0000000002102890e,M2026-06,0.0,11.0,0.0,0.0,0.0,0.0,,0.0,
697f3a7b0000000022038c46,M2026-06,6.709999999999997,265.0,53.0,1.0,0.0,0.2,0.126604,25.320755,
69806002000000002203a5e3,M2026-06,125.56000000000002,1666.0,150.0,4.0,2.0,0.090036,0.837067,75.366146,62.78
698348ae00000000220219f5,M2026-06,0.0,2.0,0.0,0.0,0.0,0.0,,0.0,
69848984000000002203b8c4,M2026-06,0.24,146.0,22.0,0.0,0.0,0.150685,0.010909,1.643836,
698892e0000000001d024712,M2026-06,0.0,4.0,0.0,0.0,0.0,0.0,,0.0,
6989a3c4000000001b014abc,M2026-06,0.0,1.0,0.0,0.0,0.0,0.0,,0.0,
69919e19000000001b01e5ec,M2026-06,0.0,9.0,0.0,0.0,0.0,0.0,,0.0,
699453d000000000150230b3,M2026-06,5.63,280.0,63.0,0.0,0.0,0.225,0.089365,20.107143,
69aaa345000000001502198f,M2026-06,0.39999999999999997,33.0,6.0,0.0,0.0,0.181818,0.066667,12.121212,
69abed790000000015039bcf,M2026-06,0.30000000000000004,51.0,7.0,0.0,0.0,0.137255,0.042857,5.882353,
69ad786b0000000015032dfb,M2026-06,0.0,6.0,0.0,0.0,0.0,0.0,,0.0,
69af8cfd00000000160099b4,M2026-06,9.399999999999999,159.0,17.0,0.0,0.0,0.106918,0.552941,59.119497,
69b3dc74000000001a029467,M2026-06,0.06999999999999999,46.0,7.0,0.0,0.0,0.152174,0.01,1.521739,
69bedca5000000001a021915,M2026-06,7.64,40.0,7.0,0.0,0.0,0.175,1.091429,191.0,
69bedd4900000000220023ed,M2026-06,0.33,185.0,21.0,0.0,0.0,0.113514,0.015714,1.783784,
69c258e400000000220002ec,M2026-06,0.74,12.0,1.0,0.0,0.0,0.083333,0.74,61.666667,
69c3a080000000002102ca12,M2026-06,1.01,73.0,4.0,0.0,0.0,0.054795,0.2525,13.835616,
69cce0ed000000001a029e9d,M2026-06,1.6700000000000002,33.0,9.0,0.0,0.0,0.272727,0.185556,50.606061,
69d62437000000001a029164,M2026-06,0.0,1.0,0.0,0.0,0.0,0.0,,0.0,
69dca9fe000000002103a4d3,M2026-06,4.11,15.0,3.0,1.0,0.0,0.2,1.37,274.0,
69e5e28d000000002103a0ef,M2026-06,0.15000000000000002,9.0,2.0,0.0,0.0,0.222222,0.075,16.666667,
69e887d2000000002102ffa4,M2026-06,0.0,14.0,0.0,0.0,0.0,0.0,,0.0,
69eb22720000000020013003,M2026-06,0.0,6.0,0.0,0.0,0.0,0.0,,0.0,
69ec80a6000000003701d6a0,M2026-06,0.85,40.0,5.0,0.0,0.0,0.125,0.17,21.25,
69eda28a000000003701d066,M2026-06,11.29,72.0,10.0,1.0,0.0,0.138889,1.129,156.805556,
69fef71f000000003803494e,M2026-06,0.0,5.0,0.0,0.0,0.0,0.0,,0.0,
6a06e7fd000000003700c5ed,M2026-06,0.54,16.0,1.0,0.0,0.0,0.0625,0.54,33.75,
6a083474000000003700d83a,M2026-06,0.21000000000000002,4.0,2.0,0.0,0.0,0.5,0.105,52.5,
63b02492000000001f0129cc,M2026-06,0.31,5.0,1.0,0.0,0.0,0.2,0.31,62.0,
63b95ba9000000001b02720b,M2026-06,0.0,1.0,0.0,0.0,0.0,0.0,,0.0,
63be7b190000000022039474,M2026-06,0.0,2.0,0.0,0.0,0.0,0.0,,0.0,
63caa0a000000000220381c1,M2026-06,0.0,1.0,0.0,0.0,0.0,0.0,,0.0,
63e1c119000000001d020e83,M2026-06,0.01,2.0,1.0,0.0,0.0,0.5,0.01,5.0,
63e21bc7000000001b005bf1,M2026-06,0.04,9.0,1.0,0.0,0.0,0.111111,0.04,4.444444,
64118cfe000000000800d128,M2026-06,0.0,2.0,0.0,0.0,0.0,0.0,,0.0,
64420971000000000703b16e,M2026-06,0.0,1.0,0.0,0.0,0.0,0.0,,0.0,
6443908600000000270296f7,M2026-06,0.0,2.0,0.0,0.0,0.0,0.0,,0.0,
646dae200000000013032917,M2026-06,0.0,6.0,0.0,0.0,0.0,0.0,,0.0,
6482d85000000000130311fd,M2026-06,0.0,3.0,0.0,0.0,0.0,0.0,,0.0,
648af25f00000000130357d2,M2026-06,0.0,1.0,0.0,0.0,0.0,0.0,,0.0,
648d5661000000000703a3ba,M2026-06,0.0,2.0,0.0,0.0,0.0,0.0,,0.0,
649149bf0000000014027599,M2026-06,0.0,6.0,0.0,0.0,0.0,0.0,,0.0,
649683e90000000013014859,M2026-06,0.0,1.0,0.0,0.0,0.0,0.0,,0.0,
649a3dec000000001300a176,M2026-06,0.02,10.0,2.0,0.0,0.0,0.2,0.01,2.0,
64a403e4000000002301c87d,M2026-06,0.0,3.0,0.0,0.0,0.0,0.0,,0.0,
64bde94e000000000103d0c5,M2026-06,0.0,8.0,0.0,0.0,0.0,0.0,,0.0,
64cb70bc0000000017019318,M2026-06,0.0,2.0,0.0,0.0,0.0,0.0,,0.0,
64dcae4f000000000b02b120,M2026-06,0.0,1.0,0.0,0.0,0.0,0.0,,0.0,
64e8b766000000000a019de1,M2026-06,0.0,2.0,0.0,0.0,0.0,0.0,,0.0,
64eb0be4000000001003083d,M2026-06,0.0,2.0,0.0,0.0,0.0,0.0,,0.0,
64fefc69000000001e0233e0,M2026-06,0.0,8.0,0.0,0.0,0.0,0.0,,0.0,
65080ae0000000001e020f0f,M2026-06,0.0,5.0,0.0,0.0,0.0,0.0,,0.0,
650d4473000000001f036902,M2026-06,0.0,3.0,0.0,0.0,0.0,0.0,,0.0,
6526387e000000001e00cc07,M2026-06,0.0,2.0,0.0,0.0,0.0,0.0,,0.0,
6540665f000000001f005eae,M2026-06,0.0,5.0,0.0,0.0,0.0,0.0,,0.0,
65424d36000000001e0220fd,M2026-06,0.0,4.0,0.0,0.0,0.0,0.0,,0.0,
654d9784000000003203940b,M2026-06,0.33,6.0,1.0,0.0,0.0,0.166667,0.33,55.0,
65582685000000003202ea19,M2026-06,0.01,5.0,1.0,0.0,0.0,0.2,0.01,2.0,
655828cd0000000032039552,M2026-06,0.0,2.0,0.0,0.0,0.0,0.0,,0.0,
6559fc2200000000330060b6,M2026-06,0.0,5.0,0.0,0.0,0.0,0.0,,0.0,
655f20540000000032037fef,M2026-06,0.0,1.0,0.0,0.0,0.0,0.0,,0.0,
6565b0e3000000003300715b,M2026-06,0.0,3.0,0.0,0.0,0.0,0.0,,0.0,
6569b4a6000000000901d800,M2026-06,0.01,4.0,1.0,0.0,0.0,0.25,0.01,2.5,
656c375a0000000009018fdf,M2026-06,0.0,1.0,0.0,0.0,0.0,0.0,,0.0,
658bd2b90000000011014222,M2026-06,0.67,3.0,1.0,0.0,0.0,0.333333,0.67,223.333333,
659baab8000000001e008c2c,M2026-06,0.02,11.0,2.0,0.0,0.0,0.181818,0.01,1.818182,
65b8a7b6000000002c028fec,M2026-06,0.0,3.0,0.0,0.0,0.0,0.0,,0.0,
65bc555c000000002b03c9e3,M2026-06,0.21000000000000002,8.0,2.0,0.0,0.0,0.25,0.105,26.25,
65bc63b1000000002c03deec,M2026-06,0.0,8.0,0.0,0.0,0.0,0.0,,0.0,
65bdaa2d000000002c014a5e,M2026-06,0.0,4.0,0.0,0.0,0.0,0.0,,0.0,
65d7063c00000000070240c2,M2026-06,0.23,8.0,1.0,0.0,0.0,0.125,0.23,28.75,
65dc4ef1000000000702511f,M2026-06,0.0,3.0,0.0,0.0,0.0,0.0,,0.0,
66163edc000000001a016bc9,M2026-06,0.0,5.0,0.0,0.0,0.0,0.0,,0.0,
6618e9ec000000001a00cc81,M2026-06,0.0,1.0,0.0,0.0,0.0,0.0,,0.0,
66347e89000000001e03b264,M2026-06,0.21,4.0,1.0,0.0,0.0,0.25,0.21,52.5,
6641c5a2000000001e030cf7,M2026-06,0.01,2.0,1.0,0.0,0.0,0.5,0.01,5.0,
6647289700000000050064a4,M2026-06,0.0,1.0,0.0,0.0,0.0,0.0,,0.0,
6652ebc30000000005005357,M2026-06,0.0,1.0,0.0,0.0,0.0,0.0,,0.0,
66601bb1000000000e0308b2,M2026-06,0.02,2.0,1.0,0.0,0.0,0.5,0.02,10.0,
666d4ae8000000000d00e0f7,M2026-06,0.0,1.0,0.0,0.0,0.0,0.0,,0.0,
667e6b75000000001c026fa0,M2026-06,0.01,5.0,1.0,0.0,0.0,0.2,0.01,2.0,
66962b3900000000250072ac,M2026-06,0.0,2.0,0.0,0.0,0.0,0.0,,0.0,
66ced86c000000001d01bb86,M2026-06,0.0,3.0,0.0,0.0,0.0,0.0,,0.0,
66d2ee62000000001f018845,M2026-06,0.0,2.0,0.0,0.0,0.0,0.0,,0.0,
66dfefd8000000000c0185ed,M2026-06,0.02,4.0,2.0,0.0,0.0,0.5,0.01,5.0,
66ea7fd0000000001201308d,M2026-06,0.01,13.0,1.0,0.0,0.0,0.076923,0.01,0.769231,
66f671ec000000001902d81f,M2026-06,0.01,10.0,1.0,0.0,0.0,0.1,0.01,1.0,
66fcfa13000000001b023957,M2026-06,0.0,1.0,0.0,0.0,0.0,0.0,,0.0,
6707a6c4000000001902e5bf,M2026-06,0.0,2.0,0.0,0.0,0.0,0.0,,0.0,
6708dcfb000000001902cdc0,M2026-06,5.75,29.0,4.0,0.0,0.0,0.137931,1.4375,198.275862,
671a1e8200000000210035b5,M2026-06,0.0,1.0,0.0,0.0,0.0,0.0,,0.0,
67234cc1000000001b028382,M2026-06,0.19,24.0,5.0,0.0,0.0,0.208333,0.038,7.916667,
672ade53000000001b02cd18,M2026-06,0.01,6.0,1.0,0.0,0.0,0.166667,0.01,1.666667,
672c566e000000001b02e654,M2026-06,2.15,11.0,1.0,0.0,0.0,0.090909,2.15,195.454545,
6731a8c40000000019017c0c,M2026-06,0.0,2.0,0.0,0.0,0.0,0.0,,0.0,
673312f9000000001b011208,M2026-06,0.0,1.0,0.0,0.0,0.0,0.0,,0.0,
673ffa21000000000202e855,M2026-06,0.0,4.0,0.0,0.0,0.0,0.0,,0.0,
6752bfca000000000601573d,M2026-06,0.0,2.0,0.0,0.0,0.0,0.0,,0.0,
675828d50000000002016d2a,M2026-06,0.0,1.0,0.0,0.0,0.0,0.0,,0.0,
675950b700000000020355bf,M2026-06,0.14,3.0,1.0,0.0,0.0,0.333333,0.14,46.666667,
675d4cd900000000020262bb,M2026-06,0.06999999999999999,30.0,5.0,0.0,0.0,0.166667,0.014,2.333333,
675d4d94000000000103ea64,M2026-06,0.0,3.0,0.0,0.0,0.0,0.0,,0.0,
6762805d000000000800d2bd,M2026-06,0.01,4.0,1.0,0.0,0.0,0.25,0.01,2.5,
6767e32d000000000b00d6fd,M2026-06,0.03,2.0,1.0,0.0,0.0,0.5,0.03,15.0,
678a2e8800000000180176ef,M2026-06,0.0,5.0,0.0,0.0,0.0,0.0,,0.0,
67aefabe0000000018013d4f,M2026-06,0.0,3.0,0.0,0.0,0.0,0.0,,0.0,
67cd48010000000029017afe,M2026-06,0.01,9.0,1.0,0.0,0.0,0.111111,0.01,1.111111,
6822ffcf000000000303b801,M2026-06,0.68,26.0,1.0,0.0,0.0,0.038462,0.68,26.153846,
68299ca50000000023000e3f,M2026-06,0.35,18.0,2.0,0.0,0.0,0.111111,0.175,19.444444,
68299d25000000002301d4c6,M2026-06,0.01,10.0,1.0,0.0,0.0,0.1,0.01,1.0,
68299dc90000000023012fb6,M2026-06,0.03,11.0,3.0,0.0,0.0,0.272727,0.01,2.727273,
6843e39f0000000012004d39,M2026-06,0.0,15.0,0.0,0.0,0.0,0.0,,0.0,
685670bb000000000b01fc31,M2026-06,0.24,23.0,1.0,0.0,0.0,0.043478,0.24,10.434783,
68873dff0000000017037728,M2026-06,0.0,2.0,0.0,0.0,0.0,0.0,,0.0,
68a57197000000001d013760,M2026-06,0.0,4.0,0.0,0.0,0.0,0.0,,0.0,
68bff3dc000000001d020916,M2026-06,0.0,5.0,0.0,0.0,0.0,0.0,,0.0,
692a6de6000000001e03812d,M2026-06,0.0,23.0,0.0,0.0,0.0,0.0,,0.0,
692d5bdd000000000d03d5e0,M2026-06,0.19,4.0,2.0,0.0,0.0,0.5,0.095,47.5,
695b71c7000000000d00aa46,M2026-06,0.0,3.0,0.0,0.0,0.0,0.0,,0.0,
6965ff2b000000002202d194,M2026-06,0.0,2.0,0.0,0.0,0.0,0.0,,0.0,
69772f10000000002203adb7,M2026-06,1.12,13.0,2.0,0.0,0.0,0.153846,0.56,86.153846,
6990569b000000001b01d21a,M2026-06,0.0,3.0,0.0,0.0,0.0,0.0,,0.0,
69a3ff74000000001d027ea9,M2026-06,0.0,3.0,0.0,0.0,0.0,0.0,,0.0,
69a6a375000000001d012a11,M2026-06,0.18000000000000002,20.0,2.0,0.0,0.0,0.1,0.09,9.0,
69b12f420000000015033f3a,M2026-06,0.0,6.0,0.0,0.0,0.0,0.0,,0.0,
69b92555000000001a0330c1,M2026-06,0.01,13.0,1.0,0.0,0.0,0.076923,0.01,0.769231,
69be6173000000002102df26,M2026-06,0.0,2.0,0.0,0.0,0.0,0.0,,0.0,
69d49918000000001a027488,M2026-06,0.0,5.0,0.0,0.0,0.0,0.0,,0.0,
69ec8506000000003701f3f0,M2026-06,0.0,4.0,0.0,0.0,0.0,0.0,,0.0,
69edaad80000000037037c37,M2026-06,0.0,26.0,0.0,0.0,0.0,0.0,,0.0,
6a0198ba000000003601f6e1,M2026-06,0.0,1.0,0.0,0.0,0.0,0.0,,0.0,
6a085c0a000000003700d0fb,M2026-06,0.38,8.0,1.0,0.0,0.0,0.125,0.38,47.5,
63aabacb000000002202b632,M2026-06,0.0,1.0,0.0,0.0,0.0,0.0,,0.0,
63aabe9e000000001f012388,M2026-06,0.0,5.0,0.0,0.0,0.0,0.0,,0.0,
63d4e5c50000000008026233,M2026-06,0.01,2.0,1.0,0.0,0.0,0.5,0.01,5.0,
63db7d5b00000000180129e5,M2026-06,0.0,1.0,0.0,0.0,0.0,0.0,,0.0,
63e0cd980000000004007785,M2026-06,0.0,4.0,0.0,0.0,0.0,0.0,,0.0,
6450de99000000000800ca13,M2026-06,0.0,1.0,0.0,0.0,0.0,0.0,,0.0,
64885b9c0000000011013a45,M2026-06,0.06,7.0,1.0,0.0,0.0,0.142857,0.06,8.571429,
64c72ad2000000000a01af2e,M2026-06,0.0,2.0,0.0,0.0,0.0,0.0,,0.0,
64edb464000000001f0072b3,M2026-06,0.0,5.0,0.0,0.0,0.0,0.0,,0.0,
64f2f15e000000001f0056fe,M2026-06,0.0,1.0,0.0,0.0,0.0,0.0,,0.0,
650282cb000000001e0306e4,M2026-06,0.0,1.0,0.0,0.0,0.0,0.0,,0.0,
6502d053000000001f005221,M2026-06,0.0,2.0,0.0,0.0,0.0,0.0,,0.0,
6513ccca000000001f0070dc,M2026-06,0.01,2.0,1.0,0.0,0.0,0.5,0.01,5.0,
6513e021000000001f0075bd,M2026-06,0.05,10.0,4.0,0.0,0.0,0.4,0.0125,5.0,
65326e4e000000001e00f8d7,M2026-06,0.0,1.0,0.0,0.0,0.0,0.0,,0.0,
653b27d9000000001d014f59,M2026-06,0.0,1.0,0.0,0.0,0.0,0.0,,0.0,
6559ff5b000000003202dade,M2026-06,0.03,7.0,1.0,0.0,0.0,0.142857,0.03,4.285714,
65703c1f00000000090243f0,M2026-06,0.0,1.0,0.0,0.0,0.0,0.0,,0.0,
65a8d975000000002a010976,M2026-06,0.01,2.0,1.0,0.0,0.0,0.5,0.01,5.0,
65af7fb6000000002c028a8b,M2026-06,0.0,8.0,0.0,0.0,0.0,0.0,,0.0,
65b1c8d7000000002c0299fb,M2026-06,0.1,4.0,1.0,0.0,0.0,0.25,0.1,25.0,
65e6d3e6000000000400169f,M2026-06,0.0,2.0,0.0,0.0,0.0,0.0,,0.0,
65fe8ac6000000000d00e4bc,M2026-06,0.0,1.0,0.0,0.0,0.0,0.0,,0.0,
66091722000000001a0100c2,M2026-06,0.0,1.0,0.0,0.0,0.0,0.0,,0.0,
66125211000000001a014deb,M2026-06,0.0,3.0,0.0,0.0,0.0,0.0,,0.0,
66276ac40000000001007f6a,M2026-06,0.0,1.0,0.0,0.0,0.0,0.0,,0.0,
6628b5b6000000000401b502,M2026-06,0.0,1.0,0.0,0.0,0.0,0.0,,0.0,
663088c0000000001e0315ef,M2026-06,0.01,3.0,1.0,0.0,0.0,0.333333,0.01,3.333333,
6664116c000000000e03018b,M2026-06,0.0,3.0,0.0,0.0,0.0,0.0,,0.0,
66768143000000001e011fd6,M2026-06,0.0,1.0,0.0,0.0,0.0,0.0,,0.0,
668f79c80000000025016f5c,M2026-06,0.0,1.0,0.0,0.0,0.0,0.0,,0.0,
66962e2800000000250155c9,M2026-06,0.0,2.0,0.0,0.0,0.0,0.0,,0.0,
66a20a7e000000002701f759,M2026-06,0.0,2.0,0.0,0.0,0.0,0.0,,0.0,
66a9efbd000000000600dadf,M2026-06,0.0,1.0,0.0,0.0,0.0,0.0,,0.0,
66de90b3000000000c01a935,M2026-06,0.29,39.0,3.0,0.0,0.0,0.076923,0.096667,7.435897,
66e2a0eb000000000c0189cb,M2026-06,0.04,5.0,1.0,0.0,0.0,0.2,0.04,8.0,
66ea8035000000000c0195be,M2026-06,0.0,1.0,0.0,0.0,0.0,0.0,,0.0,
66ebc041000000000c01b331,M2026-06,0.0,6.0,0.0,0.0,0.0,0.0,,0.0,
6708c2b6000000001a020873,M2026-06,0.0,1.0,0.0,0.0,0.0,0.0,,0.0,
670ccfa7000000002100b5d5,M2026-06,0.0,1.0,0.0,0.0,0.0,0.0,,0.0,
671a1d840000000021007489,M2026-06,0.0,1.0,0.0,0.0,0.0,0.0,,0.0,
671ae7e4000000001b03d2eb,M2026-06,0.0,1.0,0.0,0.0,0.0,0.0,,0.0,
671b693c00000000240172e9,M2026-06,0.0,3.0,0.0,0.0,0.0,0.0,,0.0,
6735bdfa000000001b011277,M2026-06,0.0,1.0,0.0,0.0,0.0,0.0,,0.0,
673ffa76000000000202a6a8,M2026-06,0.03,10.0,1.0,0.0,0.0,0.1,0.03,3.0,
674ee731000000000201992f,M2026-06,0.0,5.0,0.0,0.0,0.0,0.0,,0.0,
6758289700000000020256b3,M2026-06,0.0,1.0,0.0,0.0,0.0,0.0,,0.0,
675951d6000000000203640f,M2026-06,0.0,2.0,0.0,0.0,0.0,0.0,,0.0,
677105fe000000000900fbd5,M2026-06,0.0,1.0,0.0,0.0,0.0,0.0,,0.0,
685e5cb200000000120317a7,M2026-06,0.0,1.0,0.0,0.0,0.0,0.0,,0.0,
6933d508000000001e008232,M2026-06,0.0,1.0,0.0,0.0,0.0,0.0,,0.0,
69675bdf000000001a02cd50,M2026-06,0.0,1.0,0.0,0.0,0.0,0.0,,0.0,
6968a7e1000000001a032b62,M2026-06,0.0,2.0,0.0,0.0,0.0,0.0,,0.0,
696aefeb0000000022032c06,M2026-06,0.0,1.0,0.0,0.0,0.0,0.0,,0.0,
69785b9800000000210301e7,M2026-06,0.0,9.0,0.0,0.0,0.0,0.0,,0.0,
6981b7f200000000220207c4,M2026-06,0.03,17.0,2.0,0.0,0.0,0.117647,0.015,1.764706,
69a184d200000000150204c6,M2026-06,0.0,1.0,0.0,0.0,0.0,0.0,,0.0,
69b901f800000000220023f4,M2026-06,0.02,4.0,1.0,0.0,0.0,0.25,0.02,5.0,
69bd11d5000000001a030a01,M2026-06,0.0,1.0,0.0,0.0,0.0,0.0,,0.0,
69d76c9d000000001a030e8b,M2026-06,0.0,2.0,0.0,0.0,0.0,0.0,,0.0,
69f868b8000000003701d0aa,M2026-06,0.0,1.0,0.0,0.0,0.0,0.0,,0.0,
69fc5589000000003601b35e,M2026-06,0.0,1.0,0.0,0.0,0.0,0.0,,0.0,
6a09c38a000000003601b6b3,M2026-06,0.35,22.0,3.0,0.0,0.0,0.136364,0.116667,15.909091,
63be924c000000002202a578,M2026-06,0.0,1.0,0.0,0.0,0.0,0.0,,0.0,
6412e9f30000000027011f1b,M2026-06,0.0,1.0,0.0,0.0,0.0,0.0,,0.0,
644b3ce5000000001303e843,M2026-06,0.0,1.0,0.0,0.0,0.0,0.0,,0.0,
647c33bc0000000013012e42,M2026-06,0.0,1.0,0.0,0.0,0.0,0.0,,0.0,
64801e3b000000001300fc04,M2026-06,0.0,1.0,0.0,0.0,0.0,0.0,,0.0,
6481313a0000000027000984,M2026-06,0.0,1.0,0.0,0.0,0.0,0.0,,0.0,
648ab4b30000000013006987,M2026-06,4.41,4.0,1.0,0.0,0.0,0.25,4.41,1102.5,
64903f2c0000000013011439,M2026-06,0.0,1.0,0.0,0.0,0.0,0.0,,0.0,
6497a379000000001300806d,M2026-06,0.0,8.0,0.0,0.0,0.0,0.0,,0.0,
649a3a030000000013034ef6,M2026-06,0.0,2.0,0.0,0.0,0.0,0.0,,0.0,
64ba539c000000000b02ac7e,M2026-06,0.01,1.0,1.0,0.0,0.0,1.0,0.01,10.0,
64be3839000000000b028a7e,M2026-06,0.0,2.0,0.0,0.0,0.0,0.0,,0.0,
64be3f380000000010033e63,M2026-06,0.0,1.0,0.0,0.0,0.0,0.0,,0.0,
64c5c5c9000000000800cb2f,M2026-06,0.0,3.0,0.0,0.0,0.0,0.0,,0.0,
64d1b010000000000c0362b6,M2026-06,0.0,1.0,0.0,0.0,0.0,0.0,,0.0,
64d25f39000000001701bff5,M2026-06,0.0,4.0,0.0,0.0,0.0,0.0,,0.0,
64e47b0d000000000a01aaae,M2026-06,0.0,2.0,0.0,0.0,0.0,0.0,,0.0,
64f9a90e000000001d0147d0,M2026-06,0.0,1.0,0.0,0.0,0.0,0.0,,0.0,
64fbe901000000001d01424c,M2026-06,0.0,2.0,0.0,0.0,0.0,0.0,,0.0,
64ffe0a9000000002000203c,M2026-06,0.0,7.0,0.0,0.0,0.0,0.0,,0.0,
6507f8df000000001e02869b,M2026-06,0.0,2.0,0.0,0.0,0.0,0.0,,0.0,
65260ace000000001e023539,M2026-06,0.0,2.0,0.0,0.0,0.0,0.0,,0.0,
652f3f7a000000001f00749b,M2026-06,0.0,2.0,0.0,0.0,0.0,0.0,,0.0,
65377ec6000000001e02c1a9,M2026-06,0.0,1.0,0.0,0.0,0.0,0.0,,0.0,
6544c4a3000000001e00dd7c,M2026-06,0.0,4.0,0.0,0.0,0.0,0.0,,0.0,
65450f54000000001e02ef11,M2026-06,3.85,1.0,1.0,0.0,0.0,1.0,3.85,3850.0,
657175120000000009025a57,M2026-06,0.0,1.0,0.0,0.0,0.0,0.0,,0.0,
657831de000000000703b9d8,M2026-06,0.0,5.0,0.0,0.0,0.0,0.0,,0.0,
658d3111000000001d037f78,M2026-06,0.0,5.0,0.0,0.0,0.0,0.0,,0.0,
6596551b000000001a002c64,M2026-06,0.0,2.0,0.0,0.0,0.0,0.0,,0.0,
65a78024000000002a015727,M2026-06,0.23,4.0,1.0,0.0,0.0,0.25,0.23,57.5,
65b1c759000000002b03f79a,M2026-06,0.0,9.0,0.0,0.0,0.0,0.0,,0.0,
65bc4db6000000002b03eb1d,M2026-06,0.01,1.0,1.0,0.0,0.0,1.0,0.01,10.0,
65bc5948000000002c02af3a,M2026-06,0.16,12.0,1.0,0.0,0.0,0.083333,0.16,13.333333,
65eac14b0000000003036931,M2026-06,0.0,1.0,0.0,0.0,0.0,0.0,,0.0,
65f944fe0000000012022427,M2026-06,0.0,1.0,0.0,0.0,0.0,0.0,,0.0,
65ffd84b000000000d00cc71,M2026-06,0.0,1.0,0.0,0.0,0.0,0.0,,0.0,
6614ef3c000000001a0160a4,M2026-06,0.0,1.0,0.0,0.0,0.0,0.0,,0.0,
662a0c65000000000401bd27,M2026-06,0.23,6.0,1.0,0.0,0.0,0.166667,0.23,38.333333,
662c98480000000001006691,M2026-06,0.0,1.0,0.0,0.0,0.0,0.0,,0.0,
663c7e35000000001e03addc,M2026-06,0.0,1.0,0.0,0.0,0.0,0.0,,0.0,
665c2805000000000500608c,M2026-06,0.0,2.0,0.0,0.0,0.0,0.0,,0.0,
66680350000000000d00d089,M2026-06,0.01,6.0,1.0,0.0,0.0,0.166667,0.01,1.666667,
667e86d7000000001c026d3b,M2026-06,0.0,1.0,0.0,0.0,0.0,0.0,,0.0,
668e3f470000000025015d77,M2026-06,0.0,1.0,0.0,0.0,0.0,0.0,,0.0,
669a364a00000000250044ff,M2026-06,0.0,2.0,0.0,0.0,0.0,0.0,,0.0,
66a0b228000000000600db2f,M2026-06,0.0,1.0,0.0,0.0,0.0,0.0,,0.0,
66ade4700000000027010134,M2026-06,0.0,2.0,0.0,0.0,0.0,0.0,,0.0,
66bb1057000000001e01cee8,M2026-06,0.0,3.0,0.0,0.0,0.0,0.0,,0.0,
66c6f449000000001d018d92,M2026-06,0.0,2.0,0.0,0.0,0.0,0.0,,0.0,
66d2c9dc000000001d0384ab,M2026-06,0.01,3.0,1.0,0.0,0.0,0.333333,0.01,3.333333,
66d91bd5000000001e018db7,M2026-06,0.0,3.0,0.0,0.0,0.0,0.0,,0.0,
66e9349d0000000012011ec9,M2026-06,0.01,9.0,1.0,0.0,0.0,0.111111,0.01,1.111111,
66ebd7ac000000001e01937e,M2026-06,0.0,2.0,0.0,0.0,0.0,0.0,,0.0,
66efcc6f000000001e019094,M2026-06,0.0,5.0,0.0,0.0,0.0,0.0,,0.0,
66f5318c000000001902f0de,M2026-06,0.0,1.0,0.0,0.0,0.0,0.0,,0.0,
6704f799000000001902d4ed,M2026-06,0.01,4.0,1.0,0.0,0.0,0.25,0.01,2.5,
67287871000000001a01d18f,M2026-06,0.0,1.0,0.0,0.0,0.0,0.0,,0.0,
672889300000000019019cda,M2026-06,0.0,1.0,0.0,0.0,0.0,0.0,,0.0,
673080f4000000001b013614,M2026-06,0.0,1.0,0.0,0.0,0.0,0.0,,0.0,
67346646000000001901a207,M2026-06,0.0,2.0,0.0,0.0,0.0,0.0,,0.0,
6734668d000000001901a58c,M2026-06,0.0,3.0,0.0,0.0,0.0,0.0,,0.0,
67346709000000001901ab3c,M2026-06,0.0,1.0,0.0,0.0,0.0,0.0,,0.0,
6739b019000000001a01e71c,M2026-06,0.19,8.0,2.0,0.0,0.0,0.25,0.095,23.75,
673dc0260000000007034e63,M2026-06,0.0,2.0,0.0,0.0,0.0,0.0,,0.0,
673ff8f1000000000202dabc,M2026-06,0.0,5.0,0.0,0.0,0.0,0.0,,0.0,
674aeac40000000007029d27,M2026-06,0.0,3.0,0.0,0.0,0.0,0.0,,0.0,
6758281a00000000020163f7,M2026-06,0.0,2.0,0.0,0.0,0.0,0.0,,0.0,
67a9a76f000000001902fa90,M2026-06,0.0,5.0,0.0,0.0,0.0,0.0,,0.0,
6878924b000000001c03093d,M2026-06,0.0,4.0,0.0,0.0,0.0,0.0,,0.0,
68e0e111000000000700fac3,M2026-06,0.0,1.0,0.0,0.0,0.0,0.0,,0.0,
68e38f400000000004015879,M2026-06,0.0,1.0,0.0,0.0,0.0,0.0,,0.0,
69269ad2000000001f00df99,M2026-06,0.0,1.0,0.0,0.0,0.0,0.0,,0.0,
69293a52000000001f00dec5,M2026-06,0.16,27.0,2.0,0.0,0.0,0.074074,0.08,5.925926,
69327b87000000001e038224,M2026-06,0.0,1.0,0.0,0.0,0.0,0.0,,0.0,
69327e83000000001f00ca08,M2026-06,0.0,4.0,0.0,0.0,0.0,0.0,,0.0,
6933d69f000000001d03bd97,M2026-06,0.0,4.0,0.0,0.0,0.0,0.0,,0.0,
69522fca00000000210314da,M2026-06,0.0,2.0,0.0,0.0,0.0,0.0,,0.0,
695480f6000000001e032231,M2026-06,0.0,2.0,0.0,0.0,0.0,0.0,,0.0,
69549014000000001e02e0a1,M2026-06,0.0,4.0,0.0,0.0,0.0,0.0,,0.0,
697b62370000000022008079,M2026-06,0.0,3.0,0.0,0.0,0.0,0.0,,0.0,
699ead68000000001600b831,M2026-06,0.0,3.0,0.0,0.0,0.0,0.0,,0.0,
69b7a0fc0000000022003030,M2026-06,0.0,3.0,0.0,0.0,0.0,0.0,,0.0,
69bbb2fa000000002102dd39,M2026-06,0.0,5.0,0.0,0.0,0.0,0.0,,0.0,
69bedda8000000001a02602f,M2026-06,0.0,4.0,0.0,0.0,0.0,0.0,,0.0,
69d21678000000001a026606,M2026-06,0.0,4.0,0.0,0.0,0.0,0.0,,0.0,
69d4b05d000000001a0272a1,M2026-06,0.0,1.0,0.0,0.0,0.0,0.0,,0.0,
69df4d36000000001a02813c,M2026-06,0.0,2.0,0.0,0.0,0.0,0.0,,0.0,
69eda70d000000003701ea0d,M2026-06,0.0,1.0,0.0,0.0,0.0,0.0,,0.0,
69f86844000000003701cda4,M2026-06,0.0,1.0,0.0,0.0,0.0,0.0,,0.0,
6a0c287800000000370343e8,M2026-06,0.0,8.0,0.0,0.0,0.0,0.0,,0.0,
6a0c560b000000003601bd95,M2026-06,0.0,2.0,0.0,0.0,0.0,0.0,,0.0,
6a0db0b5000000003601f6a2,M2026-06,0.0,2.0,0.0,0.0,0.0,0.0,,0.0,
6a16af500000000037037c1c,M2026-06,0.0,3.0,0.0,0.0,0.0,0.0,,0.0,
63ae5477000000001f0243c2,M2026-06,0.0,5.0,0.0,0.0,0.0,0.0,,0.0,
64e9e1c4000000001701bbe7,M2026-06,0.0,1.0,0.0,0.0,0.0,0.0,,0.0,
653dd5f4000000001f03abf5,M2026-06,0.0,2.0,0.0,0.0,0.0,0.0,,0.0,
658530cb000000000602b605,M2026-06,0.0,4.0,0.0,0.0,0.0,0.0,,0.0,
6585320c0000000006023fa7,M2026-06,0.0,3.0,0.0,0.0,0.0,0.0,,0.0,
659ceec100000000180285c8,M2026-06,0.0,1.0,0.0,0.0,0.0,0.0,,0.0,
66c2f967000000001d01b9aa,M2026-06,0.0,1.0,0.0,0.0,0.0,0.0,,0.0,
670c7007000000002100809a,M2026-06,0.0,6.0,0.0,0.0,0.0,0.0,,0.0,
67331226000000001b0107e2,M2026-06,0.0,3.0,0.0,0.0,0.0,0.0,,0.0,
673c67eb000000000800548f,M2026-06,0.0,5.0,0.0,0.0,0.0,0.0,,0.0,
67516df5000000000202d63b,M2026-06,0.0,1.0,0.0,0.0,0.0,0.0,,0.0,
67594fb00000000002015dff,M2026-06,0.0,3.0,0.0,0.0,0.0,0.0,,0.0,
678dff020000000021002ef3,M2026-06,0.0,1.0,0.0,0.0,0.0,0.0,,0.0,
6815ba66000000000e007f23,M2026-06,0.01,1.0,1.0,0.0,0.0,1.0,0.01,10.0,
681daa300000000021001968,M2026-06,0.0,1.0,0.0,0.0,0.0,0.0,,0.0,
6975d5030000000022032c1e,M2026-06,0.9099999999999999,7.0,2.0,0.0,0.0,0.285714,0.455,130.0,
6982f243000000002202147c,M2026-06,0.0,4.0,0.0,0.0,0.0,0.0,,0.0,
69ddffbf000000001a029ff1,M2026-06,0.0,1.0,0.0,0.0,0.0,0.0,,0.0,
6a043c4e000000003701edcd,M2026-06,0.0,1.0,0.0,0.0,0.0,0.0,,0.0,
6a12cdea0000000038023999,M2026-06,0.01,2.0,1.0,0.0,0.0,0.5,0.01,5.0,
65bc5703000000002c03e4e6,M2026-06,0.0,1.0,0.0,0.0,0.0,0.0,,0.0,
6631f74b000000001e032c9f,M2026-06,0.0,1.0,0.0,0.0,0.0,0.0,,0.0,
666d63c4000000000e032059,M2026-06,0.0,1.0,0.0,0.0,0.0,0.0,,0.0,
66af362f000000002701ffff,M2026-06,0.0,1.0,0.0,0.0,0.0,0.0,,0.0,
66d56c05000000001d017b4d,M2026-06,0.0,1.0,0.0,0.0,0.0,0.0,,0.0,
66d6b5e7000000001d014294,M2026-06,0.0,1.0,0.0,0.0,0.0,0.0,,0.0,
66dd5665000000001e01b419,M2026-06,0.0,1.0,0.0,0.0,0.0,0.0,,0.0,
6735bd4b000000001901780f,M2026-06,0.0,2.0,0.0,0.0,0.0,0.0,,0.0,
673ff6dc000000000203b062,M2026-06,0.01,1.0,1.0,0.0,0.0,1.0,0.01,10.0,
6767e30a000000000800d940,M2026-06,0.0,1.0,0.0,0.0,0.0,0.0,,0.0,
676d29d10000000013001dcb,M2026-06,0.0,1.0,0.0,0.0,0.0,0.0,,0.0,
676d2a41000000001300bc31,M2026-06,0.0,2.0,0.0,0.0,0.0,0.0,,0.0,
6788c95b0000000016035fab,M2026-06,0.0,2.0,0.0,0.0,0.0,0.0,,0.0,
68ad64bb000000001c00fb29,M2026-06,0.0,1.0,0.0,0.0,0.0,0.0,,0.0,
68c52a62000000001d023bb9,M2026-06,0.02,1.0,1.0,0.0,0.0,1.0,0.02,20.0,
693d34ce000000001e00e6db,M2026-06,0.0,2.0,0.0,0.0,0.0,0.0,,0.0,
6940b4c1000000001e02c4ec,M2026-06,0.0,2.0,0.0,0.0,0.0,0.0,,0.0,
6948e7ce000000001e03002b,M2026-06,0.19,4.0,1.0,0.0,0.0,0.25,0.19,47.5,
695a18b8000000001e02350e,M2026-06,0.0,1.0,0.0,0.0,0.0,0.0,,0.0,
6961afd0000000000a03f3f2,M2026-06,0.0,1.0,0.0,0.0,0.0,0.0,,0.0,
697381260000000022031320,M2026-06,0.0,1.0,0.0,0.0,0.0,0.0,,0.0,
69b785f7000000002101037b,M2026-06,0.0,2.0,0.0,0.0,0.0,0.0,,0.0,
69ba9ad6000000001a023187,M2026-06,0.12,2.0,1.0,0.0,0.0,0.5,0.12,60.0,
69e493f50000000021011353,M2026-06,0.0,1.0,0.0,0.0,0.0,0.0,,0.0,
69e722b7000000001a023879,M2026-06,0.01,9.0,1.0,0.0,0.0,0.111111,0.01,1.111111,
69e9d0d70000000020000800,M2026-06,0.0,4.0,0.0,0.0,0.0,0.0,,0.0,
69eda5e50000000037035f91,M2026-06,0.0,2.0,0.0,0.0,0.0,0.0,,0.0,
6a004a1b000000003601b0de,M2026-06,0.49,5.0,1.0,0.0,0.0,0.2,0.49,98.0,
6a10262b0000000036031b9a,M2026-06,0.22,8.0,2.0,0.0,0.0,0.25,0.11,27.5,
6434cd9e0000000013000f35,M2026-06,0.0,1.0,0.0,0.0,0.0,0.0,,0.0,
64772a340000000013005fbf,M2026-06,0.0,1.0,0.0,0.0,0.0,0.0,,0.0,
6497998d0000000013007217,M2026-06,0.0,1.0,0.0,0.0,0.0,0.0,,0.0,
649ac8060000000007039048,M2026-06,0.0,1.0,0.0,0.0,0.0,0.0,,0.0,
64a90af7000000001a013f19,M2026-06,0.84,6.0,1.0,0.0,0.0,0.166667,0.84,140.0,
653e2bbf000000001e02c9dd,M2026-06,0.0,2.0,0.0,0.0,0.0,0.0,,0.0,
65484ffb000000001e031daf,M2026-06,0.0,1.0,0.0,0.0,0.0,0.0,,0.0,
655827740000000032033b6b,M2026-06,0.0,1.0,0.0,0.0,0.0,0.0,,0.0,
6583f60c000000000700b8af,M2026-06,0.0,2.0,0.0,0.0,0.0,0.0,,0.0,
658e8bfc000000001d036ed2,M2026-06,0.0,2.0,0.0,0.0,0.0,0.0,,0.0,
658fd215000000001d03322d,M2026-06,0.0,2.0,0.0,0.0,0.0,0.0,,0.0,
65950e200000000011033ae7,M2026-06,0.03,3.0,1.0,0.0,0.0,0.333333,0.03,10.0,
65a62c61000000002b016521,M2026-06,0.0,3.0,0.0,0.0,0.0,0.0,,0.0,
65af7eb5000000002c0344cc,M2026-06,0.0,1.0,0.0,0.0,0.0,0.0,,0.0,
65b1cd86000000002d003099,M2026-06,0.0,1.0,0.0,0.0,0.0,0.0,,0.0,
65bc67c8000000002c02b0a1,M2026-06,0.0,3.0,0.0,0.0,0.0,0.0,,0.0,
65f55570000000001203d5a7,M2026-06,0.0,1.0,0.0,0.0,0.0,0.0,,0.0,
65ffd92700000000120232a9,M2026-06,0.0,3.0,0.0,0.0,0.0,0.0,,0.0,
6618e8ba000000001a013290,M2026-06,0.0,2.0,0.0,0.0,0.0,0.0,,0.0,
66388d15000000001e032799,M2026-06,0.0,3.0,0.0,0.0,0.0,0.0,,0.0,
665064a80000000014019457,M2026-06,0.0,1.0,0.0,0.0,0.0,0.0,,0.0,
66695c8d0000000006007cc3,M2026-06,0.0,1.0,0.0,0.0,0.0,0.0,,0.0,
66826d99000000001c025ea0,M2026-06,0.0,2.0,0.0,0.0,0.0,0.0,,0.0,
66b87cc9000000001e01cf93,M2026-06,0.0,2.0,0.0,0.0,0.0,0.0,,0.0,
66d17b8f000000001d01591f,M2026-06,0.0,1.0,0.0,0.0,0.0,0.0,,0.0,
66e2a0a3000000000c01831f,M2026-06,0.0,1.0,0.0,0.0,0.0,0.0,,0.0,
66f902e0000000001b021b1b,M2026-06,0.0,2.0,0.0,0.0,0.0,0.0,,0.0,
66f90338000000001a0216cf,M2026-06,1.44,2.0,1.0,1.0,1.0,0.5,1.44,720.0,1.44
66fbbad9000000001a023652,M2026-06,0.0,1.0,0.0,0.0,0.0,0.0,,0.0,
6718bfc80000000024017edc,M2026-06,0.01,1.0,1.0,0.0,0.0,1.0,0.01,10.0,
6718c00b0000000024018b4e,M2026-06,0.01,2.0,1.0,0.0,0.0,0.5,0.01,5.0,
6718c0aa0000000021004924,M2026-06,0.0,1.0,0.0,0.0,0.0,0.0,,0.0,
6719f854000000002401b794,M2026-06,0.22,2.0,1.0,0.0,0.0,0.5,0.22,110.0,
67234d6e000000001a01ca79,M2026-06,0.0,6.0,0.0,0.0,0.0,0.0,,0.0,
67516c7d000000000203bab2,M2026-06,0.0,1.0,0.0,0.0,0.0,0.0,,0.0,
677ba1d4000000001a01f830,M2026-06,0.0,1.0,0.0,0.0,0.0,0.0,,0.0,
67dfcb2a000000000603cf39,M2026-06,0.0,1.0,0.0,0.0,0.0,0.0,,0.0,
689ed9a1000000001d02c804,M2026-06,0.0,1.0,0.0,0.0,0.0,0.0,,0.0,
68b55e6f000000001d00caa1,M2026-06,0.0,1.0,0.0,0.0,0.0,0.0,,0.0,
6937edea000000001b03158a,M2026-06,0.0,2.0,0.0,0.0,0.0,0.0,,0.0,
699d6aa4000000001d010c38,M2026-06,0.0,1.0,0.0,0.0,0.0,0.0,,0.0,
69ba6581000000001a032032,M2026-06,0.0,1.0,0.0,0.0,0.0,0.0,,0.0,
6a02e95400000000370375c9,M2026-06,0.0,1.0,0.0,0.0,0.0,0.0,,0.0,
6a12ccf300000000370359fc,M2026-06,0.0,3.0,0.0,0.0,0.0,0.0,,0.0,
6a13cd370000000038021517,M2026-06,0.0,1.0,0.0,0.0,0.0,0.0,,0.0,
63d150f60000000004005303,M2026-06,0.0,3.0,0.0,0.0,0.0,0.0,,0.0,
63ddcdfa0000000004004a50,M2026-06,0.0,1.0,0.0,0.0,0.0,0.0,,0.0,
6441fe5800000000130365fe,M2026-06,0.0,1.0,0.0,0.0,0.0,0.0,,0.0,
64d05e36000000001701aff7,M2026-06,0.0,1.0,0.0,0.0,0.0,0.0,,0.0,
64f69f4b000000001e02f1cd,M2026-06,0.0,2.0,0.0,0.0,0.0,0.0,,0.0,
652d3203000000001e0291eb,M2026-06,0.01,2.0,1.0,0.0,0.0,0.5,0.01,5.0,
658149bd0000000009025675,M2026-06,0.0,1.0,0.0,0.0,0.0,0.0,,0.0,
65a2414b000000001e007d30,M2026-06,0.0,3.0,0.0,0.0,0.0,0.0,,0.0,
65a38bf2000000001e005fcb,M2026-06,0.0,1.0,0.0,0.0,0.0,0.0,,0.0,
65af7d44000000002d0034c9,M2026-06,0.0,1.0,0.0,0.0,0.0,0.0,,0.0,
65bdab55000000002c03af1e,M2026-06,0.0,1.0,0.0,0.0,0.0,0.0,,0.0,
65dc4e990000000007005b79,M2026-06,0.01,5.0,1.0,0.0,0.0,0.2,0.01,2.0,
65e971f20000000003034ab7,M2026-06,0.0,1.0,0.0,0.0,0.0,0.0,,0.0,
65ed6873000000001203f4b4,M2026-06,0.0,1.0,0.0,0.0,0.0,0.0,,0.0,
65fa95ba000000000d00de2e,M2026-06,0.0,1.0,0.0,0.0,0.0,0.0,,0.0,
65fe8a340000000012022e34,M2026-06,0.0,1.0,0.0,0.0,0.0,0.0,,0.0,
66012f21000000000d00dc7b,M2026-06,0.0,1.0,0.0,0.0,0.0,0.0,,0.0,
6635f17d000000001e035307,M2026-06,0.0,2.0,0.0,0.0,0.0,0.0,,0.0,
663f2e0f000000001e031253,M2026-06,0.0,1.0,0.0,0.0,0.0,0.0,,0.0,
664c62ba0000000016011526,M2026-06,0.0,1.0,0.0,0.0,0.0,0.0,,0.0,
664c6420000000001401b0c2,M2026-06,0.09999999999999999,8.0,2.0,0.0,0.0,0.25,0.05,12.5,
66504a35000000000500512b,M2026-06,0.0,2.0,0.0,0.0,0.0,0.0,,0.0,
665ec9d70000000006007027,M2026-06,0.0,1.0,0.0,0.0,0.0,0.0,,0.0,
66728ddb00000000060056f3,M2026-06,0.0,1.0,0.0,0.0,0.0,0.0,,0.0,
667683ec000000001c026cc0,M2026-06,0.0,1.0,0.0,0.0,0.0,0.0,,0.0,
668ba1b40000000025007bf7,M2026-06,0.01,1.0,1.0,0.0,0.0,1.0,0.01,10.0,
66a20542000000002701edab,M2026-06,0.0,1.0,0.0,0.0,0.0,0.0,,0.0,
66cd8a8a000000001d015356,M2026-06,0.0,1.0,0.0,0.0,0.0,0.0,,0.0,
66f28805000000001a020840,M2026-06,0.0,1.0,0.0,0.0,0.0,0.0,,0.0,
671e12ff00000000210076f5,M2026-06,0.0,2.0,0.0,0.0,0.0,0.0,,0.0,
672c2cfd00000000190176e7,M2026-06,0.0,2.0,0.0,0.0,0.0,0.0,,0.0,
67456ae0000000000203af51,M2026-06,0.0,1.0,0.0,0.0,0.0,0.0,,0.0,
67456d16000000000201b5e0,M2026-06,0.0,1.0,0.0,0.0,0.0,0.0,,0.0,
674ee864000000000201a856,M2026-06,0.0,2.0,0.0,0.0,0.0,0.0,,0.0,
678605f0000000000b03acdc,M2026-06,0.0,1.0,0.0,0.0,0.0,0.0,,0.0,
67bd70b40000000029034cdd,M2026-06,0.0,1.0,0.0,0.0,0.0,0.0,,0.0,
67c2bbdf000000002a00ebee,M2026-06,0.01,5.0,1.0,0.0,0.0,0.2,0.01,2.0,
68bff2ae000000001d01a96e,M2026-06,0.01,3.0,1.0,0.0,0.0,0.333333,0.01,3.333333,
69367b1f000000000d03cf01,M2026-06,0.0,1.0,0.0,0.0,0.0,0.0,,0.0,
69508d0e0000000022033295,M2026-06,0.0,2.0,0.0,0.0,0.0,0.0,,0.0,
696ae6600000000021030946,M2026-06,0.0,2.0,0.0,0.0,0.0,0.0,,0.0,
69bbb35500000000210120c6,M2026-06,0.0,1.0,0.0,0.0,0.0,0.0,,0.0,
69e88838000000001a024a9a,M2026-06,0.02,2.0,1.0,0.0,0.0,0.5,0.02,10.0,
63abeae70000000018010655,M2026-06,0.01,2.0,1.0,0.0,0.0,0.5,0.01,5.0,
63b7e4590000000022038166,M2026-06,1.12,2.0,1.0,0.0,0.0,0.5,1.12,560.0,
63b934f5000000001b014634,M2026-06,0.0,1.0,0.0,0.0,0.0,0.0,,0.0,
63c7b8bd000000001f00ba81,M2026-06,0.0,1.0,0.0,0.0,0.0,0.0,,0.0,
63c8d157000000001f02357d,M2026-06,0.0,1.0,0.0,0.0,0.0,0.0,,0.0,
644cb1fb000000001300d56a,M2026-06,0.0,2.0,0.0,0.0,0.0,0.0,,0.0,
649fa261000000001300a019,M2026-06,0.0,1.0,0.0,0.0,0.0,0.0,,0.0,
64b9f4ed000000000c035a58,M2026-06,0.0,2.0,0.0,0.0,0.0,0.0,,0.0,
64f32c0f000000002000138d,M2026-06,0.0,1.0,0.0,0.0,0.0,0.0,,0.0,
6513d048000000001f03450f,M2026-06,0.0,1.0,0.0,0.0,0.0,0.0,,0.0,
65376d00000000001d017824,M2026-06,0.0,1.0,0.0,0.0,0.0,0.0,,0.0,
6583f59d000000000801dd26,M2026-06,0.0,1.0,0.0,0.0,0.0,0.0,,0.0,
6593c7c0000000001d030fbd,M2026-06,0.0,1.0,0.0,0.0,0.0,0.0,,0.0,
65aa2ac7000000002c00f823,M2026-06,0.3,2.0,1.0,0.0,0.0,0.5,0.3,150.0,
65ae2181000000002c028313,M2026-06,0.0,1.0,0.0,0.0,0.0,0.0,,0.0,
65e6d0ef0000000003035601,M2026-06,0.0,1.0,0.0,0.0,0.0,0.0,,0.0,
663dd3ed000000001e034a11,M2026-06,0.0,1.0,0.0,0.0,0.0,0.0,,0.0,
664999db000000001401b9b7,M2026-06,0.0,2.0,0.0,0.0,0.0,0.0,,0.0,
664da673000000001601171d,M2026-06,0.0,1.0,0.0,0.0,0.0,0.0,,0.0,
66d179e2000000001d01b84b,M2026-06,0.0,4.0,0.0,0.0,0.0,0.0,,0.0,
671e1238000000001b03dca9,M2026-06,0.0,2.0,0.0,0.0,0.0,0.0,,0.0,
672c32a2000000001b02ce3f,M2026-06,0.0,1.0,0.0,0.0,0.0,0.0,,0.0,
67595510000000000103d739,M2026-06,0.0,4.0,0.0,0.0,0.0,0.0,,0.0,
67bd71a5000000002a001592,M2026-06,0.0,1.0,0.0,0.0,0.0,0.0,,0.0,
6933d7c0000000001e01245c,M2026-06,0.0,2.0,0.0,0.0,0.0,0.0,,0.0,
694b48a2000000001e02c5a1,M2026-06,0.0,1.0,0.0,0.0,0.0,0.0,,0.0,
644f13f2000000001203ddf2,M2026-06,0.0,2.0,0.0,0.0,0.0,0.0,,0.0,
657ff579000000000503a5f2,M2026-06,0.0,2.0,0.0,0.0,0.0,0.0,,0.0,
664b036e0000000005004413,M2026-06,0.0,1.0,0.0,0.0,0.0,0.0,,0.0,
66c2fa3a000000001d018f27,M2026-06,0.0,1.0,0.0,0.0,0.0,0.0,,0.0,
689aba910000000023038a7c,M2026-06,0.0,1.0,0.0,0.0,0.0,0.0,,0.0,
693fa7a5000000001e00c62e,M2026-06,0.09,4.0,1.0,0.0,0.0,0.25,0.09,22.5,
63ad6167000000001f001eef,M2026-06,0.0,1.0,0.0,0.0,0.0,0.0,,0.0,
64a68278000000002f024cde,M2026-06,0.0,1.0,0.0,0.0,0.0,0.0,,0.0,
654474a4000000001e03c726,M2026-06,0.0,1.0,0.0,0.0,0.0,0.0,,0.0,
66110cc7000000001a013e7e,M2026-06,0.0,1.0,0.0,0.0,0.0,0.0,,0.0,
663c7eac000000001e03b7ae,M2026-06,0.0,7.0,0.0,0.0,0.0,0.0,,0.0,
665983b70000000016013d80,M2026-06,0.0,4.0,0.0,0.0,0.0,0.0,,0.0,
6721dc0d0000000019017a30,M2026-06,0.0,1.0,0.0,0.0,0.0,0.0,,0.0,
69ddfff300000000210381b5,M2026-06,0.0,2.0,0.0,0.0,0.0,0.0,,0.0,
69fb0ef8000000003601dea2,M2026-06,0.0,3.0,0.0,0.0,0.0,0.0,,0.0,
69fef7a4000000003802333b,M2026-06,0.0,1.0,0.0,0.0,0.0,0.0,,0.0,
6a1fd3f70000000008033a96,M2026-06,0.01,10.0,1.0,0.0,0.0,0.1,0.01,1.0,
6a31522c0000000022014313,M2026-06,0.0,1.0,0.0,0.0,0.0,0.0,,0.0,
6a33df8a000000001003fa91,M2026-06,0.21,1.0,1.0,0.0,0.0,1.0,0.21,210.0,
63bb8bd7000000001f0119fe,M2026-06,0.0,2.0,0.0,0.0,0.0,0.0,,0.0,
63ef4d8f000000001300d25b,M2026-06,0.0,1.0,0.0,0.0,0.0,0.0,,0.0,
63f82edc000000001300813d,M2026-06,0.01,1.0,1.0,0.0,0.0,1.0,0.01,10.0,
642e231d0000000011013cdc,M2026-06,0.15,81.0,4.0,0.0,0.0,0.049383,0.0375,1.851852,
64b8a1eb000000000800fa47,M2026-06,0.0,1.0,0.0,0.0,0.0,0.0,,0.0,
64d20ebb000000001201a162,M2026-06,0.0,3.0,0.0,0.0,0.0,0.0,,0.0,
65786cff000000000901b609,M2026-06,0.0,1.0,0.0,0.0,0.0,0.0,,0.0,
65ae1fa3000000002b03d89a,M2026-06,0.0,1.0,0.0,0.0,0.0,0.0,,0.0,
6668061e0000000006007804,M2026-06,0.0,2.0,0.0,0.0,0.0,0.0,,0.0,
6694d9740000000025017b55,M2026-06,0.0,1.0,0.0,0.0,0.0,0.0,,0.0,
66cd8b5c000000001d03be18,M2026-06,0.0,3.0,0.0,0.0,0.0,0.0,,0.0,
66d02953000000001d03a5bc,M2026-06,0.0,1.0,0.0,0.0,0.0,0.0,,0.0,
6437553b0000000013035dc5,M2026-06,0.0,3.0,0.0,0.0,0.0,0.0,,0.0,
65bc4b64000000002c02b6a4,M2026-06,0.0,1.0,0.0,0.0,0.0,0.0,,0.0,
65bc5179000000002c01550e,M2026-06,0.0,2.0,0.0,0.0,0.0,0.0,,0.0,
65f9455c000000000d00d8fb,M2026-06,0.0,3.0,0.0,0.0,0.0,0.0,,0.0,
660bbc75000000001a010571,M2026-06,0.0,1.0,0.0,0.0,0.0,0.0,,0.0,
665c28db00000000160123b0,M2026-06,0.0,1.0,0.0,0.0,0.0,0.0,,0.0,
666aafd60000000006007638,M2026-06,0.01,2.0,1.0,0.0,0.0,0.5,0.01,5.0,
66713fcb000000000d00f84d,M2026-06,0.0,1.0,0.0,0.0,0.0,0.0,,0.0,
66bf078d0000000025033ff9,M2026-06,0.0,1.0,0.0,0.0,0.0,0.0,,0.0,
66de915b0000000012012811,M2026-06,0.0,1.0,0.0,0.0,0.0,0.0,,0.0,
66f53123000000001a021621,M2026-06,0.0,3.0,0.0,0.0,0.0,0.0,,0.0,
671b686800000000210089fc,M2026-06,0.27,2.0,1.0,0.0,0.0,0.5,0.27,135.0,
674aaf0a000000000800733c,M2026-06,0.0,2.0,0.0,0.0,0.0,0.0,,0.0,
67613936000000000900e5ff,M2026-06,0.13,2.0,1.0,0.0,0.0,0.5,0.13,65.0,
677904f80000000013008ea1,M2026-06,0.0,2.0,0.0,0.0,0.0,0.0,,0.0,
67790536000000000902db5a,M2026-06,0.0,1.0,0.0,0.0,0.0,0.0,,0.0,
67aafd04000000001801b699,M2026-06,0.0,1.0,0.0,0.0,0.0,0.0,,0.0,
68170e850000000023002506,M2026-06,0.0,1.0,0.0,0.0,0.0,0.0,,0.0,
67bd7224000000002602c76d,M2026-06,0.0,1.0,0.0,0.0,0.0,0.0,,0.0,
69474e28000000001b026885,M2026-06,0.0,2.0,0.0,0.0,0.0,0.0,,0.0,
69a2ed630000000015030861,M2026-06,0.0,1.0,0.0,0.0,0.0,0.0,,0.0,
69db4493000000001a033d3f,M2026-06,0.0,3.0,0.0,0.0,0.0,0.0,,0.0,
69edb11c000000003601de80,M2026-06,0.0,1.0,0.0,0.0,0.0,0.0,,0.0,
69edc7ab0000000038022757,M2026-06,0.0,1.0,0.0,0.0,0.0,0.0,,0.0,
6a26588d0000000007028a41,M2026-06,0.0,17.0,0.0,0.0,0.0,0.0,,0.0,
6a265ad6000000000701144a,M2026-06,0.0,2.0,0.0,0.0,0.0,0.0,,0.0,
6a2bb58b00000000080259aa,M2026-06,0.0,1.0,0.0,0.0,0.0,0.0,,0.0,
6a2fbc130000000021019987,M2026-06,0.01,3.0,1.0,0.0,0.0,0.333333,0.01,3.333333,
6a3152ab0000000021023bcd,M2026-06,0.01,6.0,1.0,0.0,0.0,0.166667,0.01,1.666667,
641256c200000000270132fe,M2026-06,0.0,3.0,0.0,0.0,0.0,0.0,,0.0,
64435ab90000000013011bad,M2026-06,0.01,4.0,1.0,0.0,0.0,0.25,0.01,2.5,
6450dd100000000013005320,M2026-06,0.0,2.0,0.0,0.0,0.0,0.0,,0.0,
646758af0000000014025a64,M2026-06,0.0,1.0,0.0,0.0,0.0,0.0,,0.0,
6474a2810000000013016307,M2026-06,0.0,7.0,0.0,0.0,0.0,0.0,,0.0,
649d57d20000000027013f7e,M2026-06,0.0,2.0,0.0,0.0,0.0,0.0,,0.0,
64fb1a88000000001e03fae6,M2026-06,0.0,1.0,0.0,0.0,0.0,0.0,,0.0,
64fd7b7e000000001e02aa82,M2026-06,0.0,1.0,0.0,0.0,0.0,0.0,,0.0,
65019814000000001f03709a,M2026-06,0.0,7.0,0.0,0.0,0.0,0.0,,0.0,
650d82f6000000001e02d1c7,M2026-06,0.0,1.0,0.0,0.0,0.0,0.0,,0.0,
6513d3cd000000001f03ee8a,M2026-06,0.0,1.0,0.0,0.0,0.0,0.0,,0.0,
6561bd1e0000000033005f0e,M2026-06,0.0,1.0,0.0,0.0,0.0,0.0,,0.0,
65814838000000000901a935,M2026-06,0.0,1.0,0.0,0.0,0.0,0.0,,0.0,
65893aca000000001e008c3b,M2026-06,0.0,1.0,0.0,0.0,0.0,0.0,,0.0,
6597b914000000001e004811,M2026-06,0.0,1.0,0.0,0.0,0.0,0.0,,0.0,
66027c4e00000000120215c0,M2026-06,0.0,1.0,0.0,0.0,0.0,0.0,,0.0,
6603d27e000000001203e831,M2026-06,0.0,2.0,0.0,0.0,0.0,0.0,,0.0,
669a36e300000000250168f4,M2026-06,0.0,1.0,0.0,0.0,0.0,0.0,,0.0,
66fbba48000000001a022a56,M2026-06,0.0,2.0,0.0,0.0,0.0,0.0,,0.0,
67457104000000000601682d,M2026-06,0.03,1.0,1.0,0.0,0.0,1.0,0.03,30.0,
67cd47000000000029027c4b,M2026-06,0.0,1.0,0.0,0.0,0.0,0.0,,0.0,
67d91fa6000000001b03a9dc,M2026-06,0.0,1.0,0.0,0.0,0.0,0.0,,0.0,
69e1fc58000000001a032718,M2026-06,0.0,2.0,0.0,0.0,0.0,0.0,,0.0,
6a1d4680000000003701de4c,M2026-06,0.0,2.0,0.0,0.0,0.0,0.0,,0.0,
6a2bb62d00000000070200a5,M2026-06,0.01,5.0,1.0,0.0,0.0,0.2,0.01,2.0,
6a2fbb4a0000000007026748,M2026-06,0.0,2.0,0.0,0.0,0.0,0.0,,0.0,
6a3285840000000008000cac,M2026-06,0.0,1.0,0.0,0.0,0.0,0.0,,0.0,
6a361ddd000000001102e5cf,M2026-06,0.0,1.0,0.0,0.0,0.0,0.0,,0.0,
63b4f9d1000000001c0362e5,M2026-06,0.0,2.0,0.0,0.0,0.0,0.0,,0.0,
63bcd593000000001e03d82a,M2026-06,0.0,3.0,0.0,0.0,0.0,0.0,,0.0,
63bfccdd0000000018010220,M2026-06,0.0,1.0,0.0,0.0,0.0,0.0,,0.0,
63c663db000000001c0071fa,M2026-06,0.83,1.0,1.0,0.0,0.0,1.0,0.83,830.0,
63dcd13d0000000008023f58,M2026-06,0.0,1.0,0.0,0.0,0.0,0.0,,0.0,
63e07409000000001a025ed7,M2026-06,0.0,4.0,0.0,0.0,0.0,0.0,,0.0,
63f8878a0000000012030c53,M2026-06,0.0,1.0,0.0,0.0,0.0,0.0,,0.0,
64103807000000001300e751,M2026-06,0.0,1.0,0.0,0.0,0.0,0.0,,0.0,
642e21cc0000000014027514,M2026-06,0.0,2.0,0.0,0.0,0.0,0.0,,0.0,
642f86e70000000027002ba3,M2026-06,0.0,1.0,0.0,0.0,0.0,0.0,,0.0,
647864ca000000001300c109,M2026-06,0.01,1.0,1.0,0.0,0.0,1.0,0.01,10.0,
64a14cc60000000013012577,M2026-06,0.0,1.0,0.0,0.0,0.0,0.0,,0.0,
64a2acd7000000002f024ce4,M2026-06,0.0,1.0,0.0,0.0,0.0,0.0,,0.0,
64bc98a9000000000c0375c7,M2026-06,0.0,1.0,0.0,0.0,0.0,0.0,,0.0,
64db5a0a00000000100323e3,M2026-06,0.0,2.0,0.0,0.0,0.0,0.0,,0.0,
64dc3f58000000001201ac60,M2026-06,0.0,1.0,0.0,0.0,0.0,0.0,,0.0,
64ddf7c0000000000c036d2f,M2026-06,0.0,1.0,0.0,0.0,0.0,0.0,,0.0,
64ed5f72000000001e02ce33,M2026-06,0.0,2.0,0.0,0.0,0.0,0.0,,0.0,
650c0621000000001e03efb2,M2026-06,0.01,1.0,1.0,0.0,0.0,1.0,0.01,10.0,
655829b700000000320304d4,M2026-06,0.0,2.0,0.0,0.0,0.0,0.0,,0.0,
6561bca90000000033003ce3,M2026-06,0.0,2.0,0.0,0.0,0.0,0.0,,0.0,
65742c9300000000050398ca,M2026-06,0.0,2.0,0.0,0.0,0.0,0.0,,0.0,
65783f12000000000801e534,M2026-06,0.01,5.0,1.0,0.0,0.0,0.2,0.01,2.0,
65869241000000001502f1cc,M2026-06,0.0,9.0,0.0,0.0,0.0,0.0,,0.0,
66e538170000000012010428,M2026-06,0.0,2.0,0.0,0.0,0.0,0.0,,0.0,
6735be5c000000001b011792,M2026-06,0.0,1.0,0.0,0.0,0.0,0.0,,0.0,
674aebc200000000070396ff,M2026-06,0.0,1.0,0.0,0.0,0.0,0.0,,0.0,
675d4d1100000000020358b0,M2026-06,0.0,1.0,0.0,0.0,0.0,0.0,,0.0,
676e6d40000000000902cb3c,M2026-06,0.0,1.0,0.0,0.0,0.0,0.0,,0.0,
678098fe000000000b020f17,M2026-06,0.0,1.0,0.0,0.0,0.0,0.0,,0.0,
67b43d3e000000002900a5f8,M2026-06,0.0,4.0,0.0,0.0,0.0,0.0,,0.0,
6805fb0c000000000f030f2f,M2026-06,0.0,1.0,0.0,0.0,0.0,0.0,,0.0,
6822ff69000000001101c6fe,M2026-06,0.0,2.0,0.0,0.0,0.0,0.0,,0.0,
689ab9f50000000022039b48,M2026-06,0.0,1.0,0.0,0.0,0.0,0.0,,0.0,
68f88ddc0000000005032cde,M2026-06,0.0,1.0,0.0,0.0,0.0,0.0,,0.0,
695c6cb0000000000e00ee19,M2026-06,0.0,1.0,0.0,0.0,0.0,0.0,,0.0,
696f8a1300000000220398ee,M2026-06,0.0,2.0,0.0,0.0,0.0,0.0,,0.0,
6975d464000000002200b412,M2026-06,0.0,1.0,0.0,0.0,0.0,0.0,,0.0,
69ce5721000000001a030e4f,M2026-06,0.0,3.0,0.0,0.0,0.0,0.0,,0.0,
6a09838e000000003700c538,M2026-06,0.0,1.0,0.0,0.0,0.0,0.0,,0.0,
6a1e984c000000000702261b,M2026-06,0.0,3.0,0.0,0.0,0.0,0.0,,0.0,
6a229110000000002200a7e0,M2026-06,0.0,1.0,0.0,0.0,0.0,0.0,,0.0,
63d2865200000000220297cf,M2026-06,0.0,1.0,0.0,0.0,0.0,0.0,,0.0,
6491151a0000000013037a7a,M2026-06,0.31,3.0,1.0,0.0,0.0,0.333333,0.31,103.333333,
649823ba00000000110130b6,M2026-06,0.0,3.0,0.0,0.0,0.0,0.0,,0.0,
64e8b372000000001701a7d0,M2026-06,0.0,1.0,0.0,0.0,0.0,0.0,,0.0,
650edcb2000000001d014334,M2026-06,0.01,1.0,1.0,0.0,0.0,1.0,0.01,10.0,
654cea4e000000000f028244,M2026-06,0.01,1.0,1.0,0.0,0.0,1.0,0.01,10.0,
6560725f000000003203214a,M2026-06,0.0,1.0,0.0,0.0,0.0,0.0,,0.0,
65684aa20000000033004882,M2026-06,0.0,1.0,0.0,0.0,0.0,0.0,,0.0,
65790db70000000009023395,M2026-06,0.0,1.0,0.0,0.0,0.0,0.0,,0.0,
65a38ba90000000011030b82,M2026-06,0.0,1.0,0.0,0.0,0.0,0.0,,0.0,
65a4df1d000000001802bd6c,M2026-06,0.0,2.0,0.0,0.0,0.0,0.0,,0.0,
65bc663b000000002c013c29,M2026-06,0.0,1.0,0.0,0.0,0.0,0.0,,0.0,
65e182c80000000004002036,M2026-06,0.0,2.0,0.0,0.0,0.0,0.0,,0.0,
666d631100000000060054c6,M2026-06,0.0,1.0,0.0,0.0,0.0,0.0,,0.0,
66b327fd000000001e01ec55,M2026-06,0.0,1.0,0.0,0.0,0.0,0.0,,0.0,
670394ef000000001a023e78,M2026-06,0.0,1.0,0.0,0.0,0.0,0.0,,0.0,
67233adb000000001b02a1cb,M2026-06,0.0,2.0,0.0,0.0,0.0,0.0,,0.0,
673dc19700000000070294b0,M2026-06,0.0,5.0,0.0,0.0,0.0,0.0,,0.0,
6789cea30000000003020dcd,M2026-06,0.0,1.0,0.0,0.0,0.0,0.0,,0.0,
67ee4fe0000000001a006ef2,M2026-06,0.0,2.0,0.0,0.0,0.0,0.0,,0.0,
682edb7f000000000f033905,M2026-06,0.0,1.0,0.0,0.0,0.0,0.0,,0.0,
683d649900000000210085bc,M2026-06,0.0,1.0,0.0,0.0,0.0,0.0,,0.0,
68873b690000000013013abe,M2026-06,0.0,1.0,0.0,0.0,0.0,0.0,,0.0,
68db94d10000000004000baa,M2026-06,0.0,1.0,0.0,0.0,0.0,0.0,,0.0,
6944f331000000001e024269,M2026-06,0.0,1.0,0.0,0.0,0.0,0.0,,0.0,
69733219000000002203954a,M2026-06,0.0,1.0,0.0,0.0,0.0,0.0,,0.0,
69a6efd2000000001b014cba,M2026-06,0.0,1.0,0.0,0.0,0.0,0.0,,0.0,
6a2152b1000000003603164f,M2026-06,0.0,2.0,0.0,0.0,0.0,0.0,,0.0,
6a2bb452000000002101bc10,M2026-06,0.0,1.0,0.0,0.0,0.0,0.0,,0.0,
6a33e09d000000000f01fc99,M2026-06,0.0,1.0,0.0,0.0,0.0,0.0,,0.0,
63f9d335000000000800ca3d,M2026-06,0.0,2.0,0.0,0.0,0.0,0.0,,0.0,
64a3efe4000000002301e25f,M2026-06,0.0,1.0,0.0,0.0,0.0,0.0,,0.0,
6507b92f000000001f038941,M2026-06,0.0,1.0,0.0,0.0,0.0,0.0,,0.0,
674aaf6b000000000703086d,M2026-06,0.0,1.0,0.0,0.0,0.0,0.0,,0.0,
674aafab0000000007029853,M2026-06,0.0,1.0,0.0,0.0,0.0,0.0,,0.0,
67613c39000000000800f745,M2026-06,0.0,1.0,0.0,0.0,0.0,0.0,,0.0,
677905ba000000000902dfe3,M2026-06,0.0,1.0,0.0,0.0,0.0,0.0,,0.0,
693bbefd000000001d03ffd0,M2026-06,0.0,1.0,0.0,0.0,0.0,0.0,,0.0,
69f9a0ac000000003701d937,M2026-06,0.0,1.0,0.0,0.0,0.0,0.0,,0.0,
6937eba70000000019025d07,M2026-06,0.0,1.0,0.0,0.0,0.0,0.0,,0.0,
695a1cc2000000001e020cb3,M2026-06,0.01,6.0,1.0,0.0,0.0,0.166667,0.01,1.666667,
695c7868000000001a01ee5a,M2026-06,0.0,2.0,0.0,0.0,0.0,0.0,,0.0,
696360850000000022008b45,M2026-06,0.0,1.0,0.0,0.0,0.0,0.0,,0.0,
69ca3f300000000022003c4b,M2026-06,0.0,2.0,0.0,0.0,0.0,0.0,,0.0,
69d258ed000000002102fc18,M2026-06,0.0,1.0,0.0,0.0,0.0,0.0,,0.0,
69fb0f64000000003703635a,M2026-06,0.0,1.0,0.0,0.0,0.0,0.0,,0.0,
643608590000000013014d16,M2026-06,0.0,2.0,0.0,0.0,0.0,0.0,,0.0,
643a6a48000000001203da38,M2026-06,0.0,1.0,0.0,0.0,0.0,0.0,,0.0,
6486b3ef0000000013015d36,M2026-06,0.0,1.0,0.0,0.0,0.0,0.0,,0.0,
64cb0494000000000800d733,M2026-06,0.0,2.0,0.0,0.0,0.0,0.0,,0.0,
64cc6c44000000000c03722e,M2026-06,0.0,2.0,0.0,0.0,0.0,0.0,,0.0,
64f2ad18000000001f03dfb7,M2026-06,0.0,1.0,0.0,0.0,0.0,0.0,,0.0,
6507f547000000001f036755,M2026-06,0.0,1.0,0.0,0.0,0.0,0.0,,0.0,
6572c56e0000000005039dfe,M2026-06,0.0,1.0,0.0,0.0,0.0,0.0,,0.0,
65742d5e0000000006021a86,M2026-06,0.0,1.0,0.0,0.0,0.0,0.0,,0.0,
65782f1f0000000009025759,M2026-06,0.0,1.0,0.0,0.0,0.0,0.0,,0.0,
6583feb4000000000801c189,M2026-06,0.0,1.0,0.0,0.0,0.0,0.0,,0.0,
658e8df6000000001a02aaa1,M2026-06,0.0,1.0,0.0,0.0,0.0,0.0,,0.0,
65950ec3000000001102cc42,M2026-06,0.0,1.0,0.0,0.0,0.0,0.0,,0.0,
65ae1f07000000002c0138af,M2026-06,0.34,2.0,1.0,0.0,0.0,0.5,0.34,170.0,
65bc6536000000002c02a510,M2026-06,0.0,1.0,0.0,0.0,0.0,0.0,,0.0,
65bc65c0000000002c016d1b,M2026-06,0.0,1.0,0.0,0.0,0.0,0.0,,0.0,
65d851f200000000070272f8,M2026-06,0.0,1.0,0.0,0.0,0.0,0.0,,0.0,
65f00b180000000012022856,M2026-06,0.0,1.0,0.0,0.0,0.0,0.0,,0.0,
65f6a31900000000120222cf,M2026-06,0.16,2.0,1.0,0.0,0.0,0.5,0.16,80.0,
65fbebff000000000d00d2db,M2026-06,0.0,1.0,0.0,0.0,0.0,0.0,,0.0,
660533ca000000001203def7,M2026-06,0.0,1.0,0.0,0.0,0.0,0.0,,0.0,
661799dc000000001a017ad7,M2026-06,0.0,1.0,0.0,0.0,0.0,0.0,,0.0,
66373c20000000001e03475e,M2026-06,0.01,1.0,1.0,0.0,0.0,1.0,0.01,10.0,
66655df3000000000d00d324,M2026-06,0.0,1.0,0.0,0.0,0.0,0.0,,0.0,
66713d9e000000000e033098,M2026-06,0.0,1.0,0.0,0.0,0.0,0.0,,0.0,
6690dfc30000000025006f65,M2026-06,0.0,1.0,0.0,0.0,0.0,0.0,,0.0,
66ea7f51000000000c018282,M2026-06,0.0,1.0,0.0,0.0,0.0,0.0,,0.0,
66ee7769000000001e01bc1a,M2026-06,0.0,1.0,0.0,0.0,0.0,0.0,,0.0,
688b331a000000002502a180,M2026-06,0.0,1.0,0.0,0.0,0.0,0.0,,0.0,
68ad65fc000000001c00c43b,M2026-06,0.0,1.0,0.0,0.0,0.0,0.0,,0.0,
63b17bf9000000001c037e8d,M2026-06,0.0,3.0,0.0,0.0,0.0,0.0,,0.0,
63d884cd000000001b00478e,M2026-06,0.0,1.0,0.0,0.0,0.0,0.0,,0.0,
63f0a37d00000000130087a5,M2026-06,0.0,1.0,0.0,0.0,0.0,0.0,,0.0,
6470abf2000000000800c4a1,M2026-06,0.0,1.0,0.0,0.0,0.0,0.0,,0.0,
647ff2b30000000007039bef,M2026-06,0.0,1.0,0.0,0.0,0.0,0.0,,0.0,
64911e890000000027029e52,M2026-06,0.0,1.0,0.0,0.0,0.0,0.0,,0.0,
64c463d5000000000b029372,M2026-06,0.0,2.0,0.0,0.0,0.0,0.0,,0.0,
64d3a2f00000000012019d91,M2026-06,0.0,1.0,0.0,0.0,0.0,0.0,,0.0,
64d74b3b0000000012019ddd,M2026-06,0.0,1.0,0.0,0.0,0.0,0.0,,0.0,
64edc437000000001e03fdad,M2026-06,0.0,1.0,0.0,0.0,0.0,0.0,,0.0,
64f0abfe000000001e0318d0,M2026-06,0.0,1.0,0.0,0.0,0.0,0.0,,0.0,
6525fb8f000000001e00f768,M2026-06,0.0,1.0,0.0,0.0,0.0,0.0,,0.0,
65260ea8000000001e02fe9d,M2026-06,0.0,1.0,0.0,0.0,0.0,0.0,,0.0,
6561bbbb00000000330035c0,M2026-06,0.0,2.0,0.0,0.0,0.0,0.0,,0.0,
659908c2000000001101dd00,M2026-06,0.0,1.0,0.0,0.0,0.0,0.0,,0.0,
659cef07000000001d029781,M2026-06,0.0,1.0,0.0,0.0,0.0,0.0,,0.0,
65b1c7c1000000002c03b2dd,M2026-06,0.0,1.0,0.0,0.0,0.0,0.0,,0.0,
65b1cb86000000002c016a5d,M2026-06,0.0,1.0,0.0,0.0,0.0,0.0,,0.0,
65bc60fe0000000008022950,M2026-06,0.0,1.0,0.0,0.0,0.0,0.0,,0.0,
661f7aba00000000010303de,M2026-06,0.0,1.0,0.0,0.0,0.0,0.0,,0.0,
6620bcdd000000000401aeee,M2026-06,0.0,1.0,0.0,0.0,0.0,0.0,,0.0,
66a89dfe000000000600c687,M2026-06,0.0,2.0,0.0,0.0,0.0,0.0,,0.0,
66c59bdc000000001d0398e2,M2026-06,0.0,2.0,0.0,0.0,0.0,0.0,,0.0,
66dba50b000000001201274e,M2026-06,0.0,1.0,0.0,0.0,0.0,0.0,,0.0,
66de94b9000000000c01bcc0,M2026-06,0.0,2.0,0.0,0.0,0.0,0.0,,0.0,
6721dd3700000000190193ac,M2026-06,0.0,1.0,0.0,0.0,0.0,0.0,,0.0,
6730802e000000001a01cb7c,M2026-06,0.0,1.0,0.0,0.0,0.0,0.0,,0.0,
67668f78000000000b016d2b,M2026-06,0.0,1.0,0.0,0.0,0.0,0.0,,0.0,
67668fcb000000000900e34d,M2026-06,0.0,1.0,0.0,0.0,0.0,0.0,,0.0,
678a2f5d000000001901b4ba,M2026-06,0.0,1.0,0.0,0.0,0.0,0.0,,0.0,
67c01e9a000000002503ebd4,M2026-06,0.0,1.0,0.0,0.0,0.0,0.0,,0.0,
67cbab34000000002a00dd7a,M2026-06,0.0,1.0,0.0,0.0,0.0,0.0,,0.0,
68ad61bc000000001b02256d,M2026-06,0.0,1.0,0.0,0.0,0.0,0.0,,0.0,
68b55da9000000001d00c602,M2026-06,0.0,1.0,0.0,0.0,0.0,0.0,,0.0,
68c7d0c6000000001d03456e,M2026-06,0.0,1.0,0.0,0.0,0.0,0.0,,0.0,
6927e58e000000001f00ee4b,M2026-06,0.0,1.0,0.0,0.0,0.0,0.0,,0.0,
69806b890000000021033f5e,M2026-06,0.0,1.0,0.0,0.0,0.0,0.0,,0.0,
69a6f026000000001600ae2a,M2026-06,0.0,1.0,0.0,0.0,0.0,0.0,,0.0,
69e5e2ef000000001a0337bc,M2026-06,0.0,1.0,0.0,0.0,0.0,0.0,,0.0,
63ae5477000000001f0243c2,M2026-07,0.01,4.0,1.0,0.0,0.0,0.25,0.01,2.5,
63b02492000000001f0129cc,M2026-07,0.0,3.0,0.0,0.0,0.0,0.0,,0.0,
63bac1840000000018013e62,M2026-07,0.09,41.0,4.0,0.0,0.0,0.097561,0.0225,2.195122,
63d1e16b000000001c00586f,M2026-07,0.33,30.0,4.0,0.0,0.0,0.133333,0.0825,11.0,
63f9d335000000000800ca3d,M2026-07,0.0,2.0,0.0,0.0,0.0,0.0,,0.0,
640de7920000000013009df9,M2026-07,0.0,5.0,0.0,0.0,0.0,0.0,,0.0,
642a302200000000130115ff,M2026-07,0.0,15.0,0.0,0.0,0.0,0.0,,0.0,
643d0bdd0000000013009678,M2026-07,0.0,3.0,0.0,0.0,0.0,0.0,,0.0,
6443a4b900000000270127b2,M2026-07,0.0,5.0,0.0,0.0,0.0,0.0,,0.0,
644cb1fb000000001300d56a,M2026-07,0.0,5.0,0.0,0.0,0.0,0.0,,0.0,
6486b3ef0000000013015d36,M2026-07,0.0,2.0,0.0,0.0,0.0,0.0,,0.0,
6491151a0000000013037a7a,M2026-07,0.0,1.0,0.0,0.0,0.0,0.0,,0.0,
649149bf0000000014027599,M2026-07,0.0,3.0,0.0,0.0,0.0,0.0,,0.0,
6496b3180000000013010c1f,M2026-07,0.0,2.0,0.0,0.0,0.0,0.0,,0.0,
649953950000000013034155,M2026-07,4.319999999999999,75.0,7.0,0.0,0.0,0.093333,0.617143,57.6,
649fa261000000001300a019,M2026-07,0.0,1.0,0.0,0.0,0.0,0.0,,0.0,
64a3efe4000000002301e25f,M2026-07,0.0,1.0,0.0,0.0,0.0,0.0,,0.0,
64a90af7000000001a013f19,M2026-07,0.0,4.0,0.0,0.0,0.0,0.0,,0.0,
64b892600000000031009d5a,M2026-07,0.01,2.0,1.0,0.0,0.0,0.5,0.01,5.0,
64b8a1eb000000000800fa47,M2026-07,0.0,2.0,0.0,0.0,0.0,0.0,,0.0,
64ba491e000000000103ebcf,M2026-07,0.0,5.0,0.0,0.0,0.0,0.0,,0.0,
64bde94e000000000103d0c5,M2026-07,0.0,7.0,0.0,0.0,0.0,0.0,,0.0,
64c73536000000000b02bd76,M2026-07,0.0,2.0,0.0,0.0,0.0,0.0,,0.0,
64d74b3b0000000012019ddd,M2026-07,0.0,2.0,0.0,0.0,0.0,0.0,,0.0,
64de0ba7000000001201c3b4,M2026-07,0.0,1.0,0.0,0.0,0.0,0.0,,0.0,
64df681a000000001700c017,M2026-07,0.0,1.0,0.0,0.0,0.0,0.0,,0.0,
64e09c0a00000000030214ee,M2026-07,0.0,2.0,0.0,0.0,0.0,0.0,,0.0,
64e33439000000000c0370d9,M2026-07,0.08,10.0,3.0,0.0,0.0,0.3,0.026667,8.0,
64e47b0d000000000a01aaae,M2026-07,0.0,1.0,0.0,0.0,0.0,0.0,,0.0,
64edb464000000001f0072b3,M2026-07,0.01,4.0,1.0,0.0,0.0,0.25,0.01,2.5,
64f30ba3000000001e032074,M2026-07,0.24,9.0,2.0,0.0,0.0,0.222222,0.12,26.666667,
64f9a90e000000001d0147d0,M2026-07,0.0,2.0,0.0,0.0,0.0,0.0,,0.0,
650c0621000000001e03efb2,M2026-07,0.0,1.0,0.0,0.0,0.0,0.0,,0.0,
650ed207000000001f004d91,M2026-07,4.34,9.0,2.0,0.0,0.0,0.222222,2.17,482.222222,
652666cf000000001e00e3fe,M2026-07,0.0,1.0,0.0,0.0,0.0,0.0,,0.0,
653756c4000000001f03d449,M2026-07,0.0,1.0,0.0,0.0,0.0,0.0,,0.0,
653cb459000000001f03948c,M2026-07,0.0,2.0,0.0,0.0,0.0,0.0,,0.0,
653dd5f4000000001f03abf5,M2026-07,0.0,1.0,0.0,0.0,0.0,0.0,,0.0,
6540665f000000001f005eae,M2026-07,0.0,3.0,0.0,0.0,0.0,0.0,,0.0,
65421900000000001f0360c9,M2026-07,1.1400000000000001,91.0,14.0,0.0,0.0,0.153846,0.081429,12.527473,
654340ba000000001e0299de,M2026-07,0.65,45.0,6.0,0.0,0.0,0.133333,0.108333,14.444444,
6544c4a3000000001e00dd7c,M2026-07,0.0,2.0,0.0,0.0,0.0,0.0,,0.0,
6544e4b5000000001f03b71c,M2026-07,0.73,15.0,3.0,0.0,0.0,0.2,0.243333,48.666667,
655828cd0000000032039552,M2026-07,0.0,6.0,0.0,0.0,0.0,0.0,,0.0,
6559ff5b000000003202dade,M2026-07,0.0,3.0,0.0,0.0,0.0,0.0,,0.0,
6565b0e3000000003300715b,M2026-07,0.0,5.0,0.0,0.0,0.0,0.0,,0.0,
65703a30000000000700a8c0,M2026-07,0.0,6.0,0.0,0.0,0.0,0.0,,0.0,
6583feb4000000000801c189,M2026-07,0.08,1.0,1.0,0.0,0.0,1.0,0.08,80.0,
658693750000000038025102,M2026-07,0.78,33.0,1.0,0.0,0.0,0.030303,0.78,23.636364,
658935df0000000018028297,M2026-07,0.0,4.0,0.0,0.0,0.0,0.0,,0.0,
6599081c000000001d026139,M2026-07,0.08,4.0,2.0,0.0,0.0,0.5,0.04,20.0,
659baab8000000001e008c2c,M2026-07,0.26,5.0,1.0,0.0,0.0,0.2,0.26,52.0,
659bab08000000001a02a02b,M2026-07,0.65,57.0,10.0,0.0,0.0,0.175439,0.065,11.403509,
65a4de98000000001e0081cb,M2026-07,0.15,13.0,3.0,0.0,0.0,0.230769,0.05,11.538462,
65a78024000000002a015727,M2026-07,0.0,2.0,0.0,0.0,0.0,0.0,,0.0,
65ae2071000000002b03dd4f,M2026-07,0.01,3.0,1.0,0.0,0.0,0.333333,0.01,3.333333,
65ae21ae000000002c03fd67,M2026-07,0.0,18.0,0.0,0.0,0.0,0.0,,0.0,
65af7e4e000000002c0397d4,M2026-07,0.0,8.0,0.0,0.0,0.0,0.0,,0.0,
65af7fb6000000002c028a8b,M2026-07,0.0,5.0,0.0,0.0,0.0,0.0,,0.0,
65b1c94b000000002c03d4a3,M2026-07,1.27,2.0,1.0,0.0,0.0,0.5,1.27,635.0,
65b8ac46000000002c013741,M2026-07,0.0,12.0,0.0,0.0,0.0,0.0,,0.0,
65b8adab000000002c02acdc,M2026-07,0.0,6.0,0.0,0.0,0.0,0.0,,0.0,
65bc472a000000002d0026f4,M2026-07,0.33,23.0,2.0,0.0,0.0,0.086957,0.165,14.347826,
65bc4db6000000002b03eb1d,M2026-07,0.0,2.0,0.0,0.0,0.0,0.0,,0.0,
65bc5280000000002c0124dc,M2026-07,0.77,44.0,10.0,0.0,0.0,0.227273,0.077,17.5,
65bc5948000000002c02af3a,M2026-07,0.02,12.0,1.0,0.0,0.0,0.083333,0.02,1.666667,
65bc68d7000000002c010735,M2026-07,0.11,5.0,1.0,0.0,0.0,0.2,0.11,22.0,
65bda9b0000000000702ba34,M2026-07,0.0,3.0,0.0,0.0,0.0,0.0,,0.0,
65bdaa2d000000002c014a5e,M2026-07,0.77,7.0,1.0,0.0,0.0,0.142857,0.77,110.0,
65d325c800000000010292de,M2026-07,0.67,54.0,9.0,0.0,0.0,0.166667,0.074444,12.407407,
65d5ad59000000000102854b,M2026-07,0.02,22.0,2.0,1.0,0.0,0.090909,0.01,0.909091,
65d86297000000000b022d6e,M2026-07,14.42,125.0,22.0,1.0,0.0,0.176,0.655455,115.36,
65daf721000000000102b017,M2026-07,0.0,7.0,0.0,0.0,0.0,0.0,,0.0,
65e2e49a0000000001028986,M2026-07,0.0,10.0,0.0,0.0,0.0,0.0,,0.0,
65e588e20000000001028416,M2026-07,3.08,103.0,19.0,0.0,0.0,0.184466,0.162105,29.902913,
65e973a20000000003036a18,M2026-07,0.91,58.0,9.0,0.0,0.0,0.155172,0.101111,15.689655,
65ec182b0000000003035073,M2026-07,0.15,75.0,15.0,0.0,0.0,0.2,0.01,2.0,
65eec2a300000000120230d4,M2026-07,0.18,10.0,3.0,0.0,0.0,0.3,0.06,18.0,
65efaf2d000000001202067b,M2026-07,0.13,25.0,4.0,0.0,0.0,0.16,0.0325,5.2,
65f553790000000012020778,M2026-07,0.0,1.0,0.0,0.0,0.0,0.0,,0.0,
65f6a31900000000120222cf,M2026-07,0.0,2.0,0.0,0.0,0.0,0.0,,0.0,
65fa9548000000001203cce9,M2026-07,2.14,94.0,13.0,0.0,0.0,0.138298,0.164615,22.765957,
660d0bd4000000001a0152d2,M2026-07,0.0,13.0,0.0,0.0,0.0,0.0,,0.0,
660d2352000000001a00c854,M2026-07,0.0,1.0,0.0,0.0,0.0,0.0,,0.0,
661251a4000000001a014554,M2026-07,0.0,4.0,0.0,0.0,0.0,0.0,,0.0,
6612525a000000001a012c17,M2026-07,0.27,5.0,1.0,0.0,0.0,0.2,0.27,54.0,
6613a046000000001a01582d,M2026-07,3.72,172.0,25.0,1.0,0.0,0.145349,0.1488,21.627907,
661799dc000000001a017ad7,M2026-07,0.0,1.0,0.0,0.0,0.0,0.0,,0.0,
6618e8ba000000001a013290,M2026-07,0.0,1.0,0.0,0.0,0.0,0.0,,0.0,
661e2ecc0000000004019c71,M2026-07,0.01,7.0,1.0,0.0,0.0,0.142857,0.01,1.428571,
662f53a1000000001e033ecd,M2026-07,0.0,2.0,0.0,0.0,0.0,0.0,,0.0,
663088c0000000001e0315ef,M2026-07,0.0,2.0,0.0,0.0,0.0,0.0,,0.0,
6635e9e2000000001e03772a,M2026-07,0.19,24.0,2.0,0.0,0.0,0.083333,0.095,7.916667,
66388d15000000001e032799,M2026-07,0.0,2.0,0.0,0.0,0.0,0.0,,0.0,
66470da5000000001401840d,M2026-07,0.15000000000000002,37.0,5.0,0.0,0.0,0.135135,0.03,4.054054,
6647289700000000050064a4,M2026-07,0.0,1.0,0.0,0.0,0.0,0.0,,0.0,
66504a020000000005004c87,M2026-07,0.0,23.0,0.0,0.0,0.0,0.0,,0.0,
66543e01000000001401a8a9,M2026-07,0.0,3.0,0.0,0.0,0.0,0.0,,0.0,
66695c8d0000000006007cc3,M2026-07,0.0,1.0,0.0,0.0,0.0,0.0,,0.0,
667d178e000000001c027501,M2026-07,0.19,3.0,1.0,0.0,0.0,0.333333,0.19,63.333333,
670630e9000000001a023e3f,M2026-07,13.699999999999998,173.0,19.0,0.0,0.0,0.109827,0.721053,79.190751,
670c7007000000002100809a,M2026-07,0.0,8.0,0.0,0.0,0.0,0.0,,0.0,
670c715e0000000021008949,M2026-07,0.0,2.0,0.0,0.0,0.0,0.0,,0.0,
670f7aec000000001b03d8ba,M2026-07,0.27,23.0,5.0,0.0,0.0,0.217391,0.054,11.73913,
670f7b440000000021009b77,M2026-07,5.08,52.0,11.0,0.0,0.0,0.211538,0.461818,97.692308,
671228780000000021000351,M2026-07,0.29000000000000004,66.0,13.0,0.0,0.0,0.19697,0.022308,4.393939,
671b4fb80000000021000b4e,M2026-07,12.02,194.0,31.0,0.0,0.0,0.159794,0.387742,61.958763,
671c96b200000000260345a4,M2026-07,0.12,30.0,3.0,0.0,0.0,0.1,0.04,4.0,
672ade53000000001b02cd18,M2026-07,0.03,5.0,1.0,0.0,0.0,0.2,0.03,6.0,
672c54d8000000001901413b,M2026-07,0.38,32.0,5.0,0.0,0.0,0.15625,0.076,11.875,
67330eb40000000019017f65,M2026-07,0.0,2.0,0.0,0.0,0.0,0.0,,0.0,
67330f2b000000001b02d91f,M2026-07,0.0,16.0,0.0,0.0,0.0,0.0,,0.0,
6739b08e000000001b02fef2,M2026-07,0.0,1.0,0.0,0.0,0.0,0.0,,0.0,
673c67a5000000000703171e,M2026-07,6.25,142.0,21.0,0.0,0.0,0.147887,0.297619,44.014085,
673dc06c0000000007033b2e,M2026-07,5.83,75.0,14.0,0.0,0.0,0.186667,0.416429,77.733333,
67594fb00000000002015dff,M2026-07,0.0,2.0,0.0,0.0,0.0,0.0,,0.0,
675d4e140000000001029d31,M2026-07,0.5,39.0,6.0,0.0,0.0,0.153846,0.083333,12.820513,
6783730f000000001703b7c2,M2026-07,0.0,2.0,0.0,0.0,0.0,0.0,,0.0,
67ada00c000000002602ec80,M2026-07,13.04,4.0,1.0,1.0,1.0,0.25,13.04,3260.0,13.04
67cd48010000000029017afe,M2026-07,0.01,10.0,1.0,0.0,0.0,0.1,0.01,1.0,
67d5268d000000001b03e868,M2026-07,1.0699999999999998,70.0,2.0,0.0,0.0,0.028571,0.535,15.285714,
681da9dc000000002001e634,M2026-07,0.23,28.0,1.0,0.0,0.0,0.035714,0.23,8.214286,
6822feb7000000000303b131,M2026-07,0.0,5.0,0.0,0.0,0.0,0.0,,0.0,
6822ffcf000000000303b801,M2026-07,6.859999999999999,95.0,12.0,0.0,0.0,0.126316,0.571667,72.210526,
68395a24000000002100c53d,M2026-07,1.88,109.0,16.0,0.0,0.0,0.146789,0.1175,17.247706,
68567116000000000d025a77,M2026-07,0.32999999999999996,71.0,5.0,0.0,0.0,0.070423,0.066,4.647887,
6895a53e00000000230321d8,M2026-07,13.38,86.0,14.0,0.0,0.0,0.162791,0.955714,155.581395,
68bff0ef000000001d019dea,M2026-07,6.83,60.0,12.0,0.0,0.0,0.2,0.569167,113.833333,
68db958100000000050336cb,M2026-07,0.03,16.0,3.0,0.0,0.0,0.1875,0.01,1.875,
69293a52000000001f00dec5,M2026-07,2.4000000000000004,32.0,8.0,1.0,0.0,0.25,0.3,75.0,
6936766c000000001b0237dc,M2026-07,4.13,76.0,13.0,0.0,0.0,0.171053,0.317692,54.342105,
69367987000000001b027d8f,M2026-07,22.209999999999997,102.0,21.0,0.0,0.0,0.205882,1.057619,217.745098,
6937eba70000000019025d07,M2026-07,0.0,2.0,0.0,0.0,0.0,0.0,,0.0,
693923ff000000001e02dab6,M2026-07,0.35,25.0,2.0,0.0,0.0,0.08,0.175,14.0,
69474e28000000001b026885,M2026-07,0.0,7.0,0.0,0.0,0.0,0.0,,0.0,
695877db000000001e02a155,M2026-07,0.0,4.0,0.0,0.0,0.0,0.0,,0.0,
697215d3000000002102babe,M2026-07,6.19,25.0,5.0,0.0,0.0,0.2,1.238,247.6,
69747a91000000002202e8cb,M2026-07,58.660000000000004,394.0,51.0,1.0,0.0,0.129442,1.150196,148.883249,
697483bc0000000021030797,M2026-07,0.96,85.0,7.0,0.0,0.0,0.082353,0.137143,11.294118,
69772f10000000002203adb7,M2026-07,3.23,18.0,1.0,0.0,0.0,0.055556,3.23,179.444444,
6979aa20000000002203199c,M2026-07,0.12000000000000001,9.0,3.0,0.0,0.0,0.333333,0.04,13.333333,
697f3a7b0000000022038c46,M2026-07,0.73,28.0,4.0,0.0,0.0,0.142857,0.1825,26.071429,
69806002000000002203a5e3,M2026-07,189.66,2739.0,193.0,6.0,1.0,0.070464,0.982694,69.24425,189.66
69848984000000002203b8c4,M2026-07,0.03,42.0,3.0,0.0,0.0,0.071429,0.01,0.714286,
699453d000000000150230b3,M2026-07,0.09999999999999999,29.0,5.0,0.0,0.0,0.172414,0.02,3.448276,
69a6a375000000001d012a11,M2026-07,0.01,19.0,1.0,0.0,0.0,0.052632,0.01,0.526316,
69aaa345000000001502198f,M2026-07,0.63,33.0,6.0,0.0,0.0,0.181818,0.105,19.090909,
69abed790000000015039bcf,M2026-07,0.53,76.0,18.0,0.0,0.0,0.236842,0.029444,6.973684,
69af8cfd00000000160099b4,M2026-07,3.18,83.0,13.0,0.0,0.0,0.156627,0.244615,38.313253,
69b12f420000000015033f3a,M2026-07,0.28,7.0,1.0,0.0,0.0,0.142857,0.28,40.0,
69b3dc74000000001a029467,M2026-07,0.03,27.0,2.0,0.0,0.0,0.074074,0.015,1.111111,
69bbb35500000000210120c6,M2026-07,0.0,1.0,0.0,0.0,0.0,0.0,,0.0,
69bedca5000000001a021915,M2026-07,0.8200000000000001,68.0,9.0,0.0,0.0,0.132353,0.091111,12.058824,
69cce0ed000000001a029e9d,M2026-07,1.1300000000000001,10.0,3.0,0.0,0.0,0.3,0.376667,113.0,
69d230ff000000001a027d5b,M2026-07,0.0,1.0,0.0,0.0,0.0,0.0,,0.0,
69e9d0d70000000020000800,M2026-07,0.0,2.0,0.0,0.0,0.0,0.0,,0.0,
69eb22720000000020013003,M2026-07,0.0,3.0,0.0,0.0,0.0,0.0,,0.0,
69eda28a000000003701d066,M2026-07,1.5299999999999998,34.0,3.0,0.0,0.0,0.088235,0.51,45.0,
69edb1980000000036018960,M2026-07,0.0,1.0,0.0,0.0,0.0,0.0,,0.0,
6a043c4e000000003701edcd,M2026-07,0.0,3.0,0.0,0.0,0.0,0.0,,0.0,
6a06e7fd000000003700c5ed,M2026-07,0.01,9.0,1.0,0.0,0.0,0.111111,0.01,1.111111,
6a09c38a000000003601b6b3,M2026-07,0.19,13.0,1.0,0.0,0.0,0.076923,0.19,14.615385,
6a1fd3f70000000008033a96,M2026-07,0.02,16.0,2.0,0.0,0.0,0.125,0.01,1.25,
6a3152ab0000000021023bcd,M2026-07,0.01,23.0,1.0,0.0,0.0,0.043478,0.01,0.434783,
63b4f9d1000000001c0362e5,M2026-07,0.0,3.0,0.0,0.0,0.0,0.0,,0.0,
63dc7bd4000000001d01c2a0,M2026-07,0.0,1.0,0.0,0.0,0.0,0.0,,0.0,
63e0cd980000000004007785,M2026-07,0.0,3.0,0.0,0.0,0.0,0.0,,0.0,
642e231d0000000011013cdc,M2026-07,0.0,5.0,0.0,0.0,0.0,0.0,,0.0,
64d77bda000000000800c6ad,M2026-07,0.0,2.0,0.0,0.0,0.0,0.0,,0.0,
65004061000000001f0346d2,M2026-07,0.0,1.0,0.0,0.0,0.0,0.0,,0.0,
6502b1ee000000001f03f418,M2026-07,0.36,1.0,1.0,0.0,0.0,1.0,0.36,360.0,
65043265000000001e02f175,M2026-07,0.01,1.0,1.0,0.0,0.0,1.0,0.01,10.0,
65080ae0000000001e020f0f,M2026-07,1.04,5.0,1.0,0.0,0.0,0.2,1.04,208.0,
6513ce6f000000001e03ff42,M2026-07,0.0,1.0,0.0,0.0,0.0,0.0,,0.0,
6513d5f6000000001d0161e5,M2026-07,0.0,1.0,0.0,0.0,0.0,0.0,,0.0,
6513e021000000001f0075bd,M2026-07,0.01,7.0,1.0,0.0,0.0,0.142857,0.01,1.428571,
654474a4000000001e03c726,M2026-07,0.01,3.0,1.0,0.0,0.0,0.333333,0.01,3.333333,
65582685000000003202ea19,M2026-07,0.0,1.0,0.0,0.0,0.0,0.0,,0.0,
657831de000000000703b9d8,M2026-07,0.02,3.0,1.0,0.0,0.0,0.333333,0.02,6.666667,
65b8abf1000000002c016b7a,M2026-07,0.23,26.0,1.0,0.0,0.0,0.038462,0.23,8.846154,
65d9a37600000000070252e9,M2026-07,0.0,2.0,0.0,0.0,0.0,0.0,,0.0,
65e038830000000003037718,M2026-07,0.0,1.0,0.0,0.0,0.0,0.0,,0.0,
65e1b5a8000000000102af89,M2026-07,4.3,63.0,13.0,0.0,0.0,0.206349,0.330769,68.253968,
6603d27e000000001203e831,M2026-07,0.0,2.0,0.0,0.0,0.0,0.0,,0.0,
662617cb0000000001004d3b,M2026-07,0.0,4.0,0.0,0.0,0.0,0.0,,0.0,
66583266000000001401855a,M2026-07,0.04,12.0,4.0,0.0,0.0,0.333333,0.01,3.333333,
6664116c000000000e03018b,M2026-07,0.0,4.0,0.0,0.0,0.0,0.0,,0.0,
666567450000000006007835,M2026-07,0.08,18.0,1.0,0.0,0.0,0.055556,0.08,4.444444,
667e69b0000000001c02458d,M2026-07,0.04,8.0,2.0,0.0,0.0,0.25,0.02,5.0,
66a74a780000000027011fa2,M2026-07,0.6900000000000001,22.0,7.0,0.0,0.0,0.318182,0.098571,31.363636,
66b1de10000000001e01c1ec,M2026-07,0.05,38.0,5.0,0.0,0.0,0.131579,0.01,1.315789,
66b3273c0000000025032bfc,M2026-07,0.01,11.0,1.0,0.0,0.0,0.090909,0.01,0.909091,
66b47cde000000001e01f63c,M2026-07,0.01,6.0,1.0,0.0,0.0,0.166667,0.01,1.666667,
66bc63b70000000025030e7d,M2026-07,0.2700000000000001,63.0,11.0,0.0,0.0,0.174603,0.024545,4.285714,
66c59bdc000000001d0398e2,M2026-07,0.15,2.0,1.0,0.0,0.0,0.5,0.15,75.0,
66c6e990000000001d01afe0,M2026-07,7.41,67.0,9.0,0.0,0.0,0.134328,0.823333,110.597015,
66c99238000000001d019762,M2026-07,4.01,72.0,11.0,0.0,0.0,0.152778,0.364545,55.694444,
66cae5f6000000001d0175f6,M2026-07,0.1,1.0,1.0,0.0,0.0,1.0,0.1,100.0,
66de9050000000001e01addd,M2026-07,36.309999999999995,264.0,49.0,0.0,0.0,0.185606,0.74102,137.537879,
66de90b3000000000c01a935,M2026-07,3.5700000000000003,137.0,23.0,0.0,0.0,0.167883,0.155217,26.058394,
66e2a12c000000001e01aaa7,M2026-07,3.73,61.0,6.0,0.0,0.0,0.098361,0.621667,61.147541,
66e3edb8000000000c019691,M2026-07,0.0,3.0,0.0,0.0,0.0,0.0,,0.0,
66e93453000000000c01af8d,M2026-07,0.0,1.0,0.0,0.0,0.0,0.0,,0.0,
66f3bc31000000001a023cee,M2026-07,0.0,25.0,0.0,0.0,0.0,0.0,,0.0,
66fe4669000000001b023237,M2026-07,0.08,20.0,2.0,0.0,0.0,0.1,0.04,4.0,
6704f799000000001902d4ed,M2026-07,0.0,1.0,0.0,0.0,0.0,0.0,,0.0,
6708dcfb000000001902cdc0,M2026-07,0.0,13.0,0.0,0.0,0.0,0.0,,0.0,
670c6f600000000024015ad0,M2026-07,0.01,2.0,1.0,0.0,0.0,0.5,0.01,5.0,
671e12ff00000000210076f5,M2026-07,0.0,1.0,0.0,0.0,0.0,0.0,,0.0,
6721ae13000000001b0126c3,M2026-07,0.0,1.0,0.0,0.0,0.0,0.0,,0.0,
67234cc1000000001b028382,M2026-07,0.02,11.0,2.0,0.0,0.0,0.181818,0.01,1.818182,
672add42000000001901b372,M2026-07,0.0,18.0,0.0,0.0,0.0,0.0,,0.0,
673c67660000000007027445,M2026-07,0.0,1.0,0.0,0.0,0.0,0.0,,0.0,
673c67eb000000000800548f,M2026-07,0.39,6.0,2.0,0.0,0.0,0.333333,0.195,65.0,
6745652c000000000202fde8,M2026-07,0.0,11.0,0.0,0.0,0.0,0.0,,0.0,
67516df5000000000202d63b,M2026-07,0.0,1.0,0.0,0.0,0.0,0.0,,0.0,
675951d6000000000203640f,M2026-07,0.0,2.0,0.0,0.0,0.0,0.0,,0.0,
67595510000000000103d739,M2026-07,0.45,7.0,2.0,0.0,0.0,0.285714,0.225,64.285714,
67613936000000000900e5ff,M2026-07,0.0,6.0,0.0,0.0,0.0,0.0,,0.0,
6777b9cf000000000902c6e7,M2026-07,0.0,1.0,0.0,0.0,0.0,0.0,,0.0,
67a9a76f000000001902fa90,M2026-07,0.0,2.0,0.0,0.0,0.0,0.0,,0.0,
67ad9eaf000000002802b30b,M2026-07,7.359999999999999,33.0,6.0,0.0,0.0,0.181818,1.226667,223.030303,
67ce630f0000000028037949,M2026-07,0.01,16.0,1.0,0.0,0.0,0.0625,0.01,0.625,
6843e1d0000000000f03b615,M2026-07,7.83,23.0,7.0,0.0,0.0,0.304348,1.118571,340.434783,
6843e39f0000000012004d39,M2026-07,0.0,2.0,0.0,0.0,0.0,0.0,,0.0,
687890df000000001c0361c2,M2026-07,0.24,17.0,2.0,0.0,0.0,0.117647,0.12,14.117647,
689ab98e0000000023021c3c,M2026-07,2.829999999999999,30.0,7.0,0.0,0.0,0.233333,0.404286,94.333333,
689ed9a1000000001d02c804,M2026-07,0.0,2.0,0.0,0.0,0.0,0.0,,0.0,
68e0e4b10000000007003ead,M2026-07,0.1,11.0,1.0,0.0,0.0,0.090909,0.1,9.090909,
694b48a2000000001e02c5a1,M2026-07,0.0,1.0,0.0,0.0,0.0,0.0,,0.0,
6982f243000000002202147c,M2026-07,0.0,3.0,0.0,0.0,0.0,0.0,,0.0,
69ae792e000000001b01c54d,M2026-07,0.0,3.0,0.0,0.0,0.0,0.0,,0.0,
69ec80a6000000003701d6a0,M2026-07,0.55,23.0,2.0,0.0,0.0,0.086957,0.275,23.913043,
69edb08f000000003601db21,M2026-07,1.06,4.0,2.0,0.0,0.0,0.5,0.53,265.0,
6a0db0b5000000003601f6a2,M2026-07,0.0,14.0,0.0,0.0,0.0,0.0,,0.0,
6a1564e2000000003703527c,M2026-07,0.0,1.0,0.0,0.0,0.0,0.0,,0.0,
6a1bfe0a0000000036030504,M2026-07,0.0,2.0,0.0,0.0,0.0,0.0,,0.0,
6a2bb62d00000000070200a5,M2026-07,0.0,16.0,0.0,0.0,0.0,0.0,,0.0,
63aabe9e000000001f012388,M2026-07,0.0,5.0,0.0,0.0,0.0,0.0,,0.0,
63cbc637000000002203a3e9,M2026-07,0.0,1.0,0.0,0.0,0.0,0.0,,0.0,
63cfbd2d0000000022029522,M2026-07,0.0,9.0,0.0,0.0,0.0,0.0,,0.0,
6450de99000000000800ca13,M2026-07,0.0,3.0,0.0,0.0,0.0,0.0,,0.0,
6491105000000000130365b1,M2026-07,0.01,2.0,1.0,0.0,0.0,0.5,0.01,5.0,
6497a379000000001300806d,M2026-07,0.0,1.0,0.0,0.0,0.0,0.0,,0.0,
64b2653e000000002b03e74b,M2026-07,0.0,2.0,0.0,0.0,0.0,0.0,,0.0,
64be32ec000000000c03608e,M2026-07,0.0,2.0,0.0,0.0,0.0,0.0,,0.0,
64c465a5000000000b02ad7b,M2026-07,0.0,5.0,0.0,0.0,0.0,0.0,,0.0,
64eb0be4000000001003083d,M2026-07,0.0,1.0,0.0,0.0,0.0,0.0,,0.0,
650282cb000000001e0306e4,M2026-07,0.0,1.0,0.0,0.0,0.0,0.0,,0.0,
6530f0370000000020003a3e,M2026-07,0.0,3.0,0.0,0.0,0.0,0.0,,0.0,
65463d9c000000001e03fb1d,M2026-07,0.0,2.0,0.0,0.0,0.0,0.0,,0.0,
65574eec000000003300a922,M2026-07,0.06999999999999999,11.0,2.0,0.0,0.0,0.181818,0.035,6.363636,
6566e8e5000000000f02a630,M2026-07,0.01,2.0,1.0,0.0,0.0,0.5,0.01,5.0,
65790ce1000000000902303a,M2026-07,0.0,1.0,0.0,0.0,0.0,0.0,,0.0,
6583f59d000000000801dd26,M2026-07,0.0,1.0,0.0,0.0,0.0,0.0,,0.0,
658d3111000000001d037f78,M2026-07,0.0,5.0,0.0,0.0,0.0,0.0,,0.0,
65a4df1d000000001802bd6c,M2026-07,0.0,1.0,0.0,0.0,0.0,0.0,,0.0,
65aa2ac7000000002c00f823,M2026-07,8.96,3.0,1.0,0.0,0.0,0.333333,8.96,2986.666667,
65b1ce42000000002d003479,M2026-07,0.0,1.0,0.0,0.0,0.0,0.0,,0.0,
662c98f000000000010073e4,M2026-07,0.01,6.0,1.0,0.0,0.0,0.166667,0.01,1.666667,
66306d00000000001e03661f,M2026-07,0.0,1.0,0.0,0.0,0.0,0.0,,0.0,
66431825000000001e03a1cf,M2026-07,0.0,3.0,0.0,0.0,0.0,0.0,,0.0,
669384d100000000250062d4,M2026-07,0.0,1.0,0.0,0.0,0.0,0.0,,0.0,
669628940000000025014407,M2026-07,0.0,2.0,0.0,0.0,0.0,0.0,,0.0,
669f5f30000000002701ee31,M2026-07,0.0,2.0,0.0,0.0,0.0,0.0,,0.0,
66a9f071000000002701fcac,M2026-07,0.0,3.0,0.0,0.0,0.0,0.0,,0.0,
66b47ad0000000001e01fdc0,M2026-07,0.01,2.0,1.0,0.0,0.0,0.5,0.01,5.0,
66bf08030000000025030cce,M2026-07,0.0,4.0,0.0,0.0,0.0,0.0,,0.0,
66c45b75000000001d0147d8,M2026-07,1.96,58.0,10.0,0.0,0.0,0.172414,0.196,33.793103,
66d6b449000000001d015e58,M2026-07,0.0,1.0,0.0,0.0,0.0,0.0,,0.0,
66dd561b000000001e01ae53,M2026-07,0.0,3.0,0.0,0.0,0.0,0.0,,0.0,
66dd5665000000001e01b419,M2026-07,0.0,1.0,0.0,0.0,0.0,0.0,,0.0,
66e9349d0000000012011ec9,M2026-07,0.02,7.0,1.0,0.0,0.0,0.142857,0.02,2.857143,
66ebc041000000000c01b331,M2026-07,0.0,7.0,0.0,0.0,0.0,0.0,,0.0,
66f51859000000001b022419,M2026-07,0.16999999999999998,32.0,6.0,0.0,0.0,0.1875,0.028333,5.3125,
66fcfa13000000001b023957,M2026-07,0.0,4.0,0.0,0.0,0.0,0.0,,0.0,
67123f100000000021003d08,M2026-07,0.0,1.0,0.0,0.0,0.0,0.0,,0.0,
6718ab00000000002401b0f6,M2026-07,0.0,1.0,0.0,0.0,0.0,0.0,,0.0,
671b68b30000000021006d0e,M2026-07,0.03,15.0,3.0,0.0,0.0,0.2,0.01,2.0,
673ff72c000000000203b3fe,M2026-07,0.19,14.0,3.0,0.0,0.0,0.214286,0.063333,13.571429,
673ffa21000000000202e855,M2026-07,0.0,2.0,0.0,0.0,0.0,0.0,,0.0,
674aea94000000000702700f,M2026-07,0.0,1.0,0.0,0.0,0.0,0.0,,0.0,
67516ce8000000000202c7bb,M2026-07,0.0,2.0,0.0,0.0,0.0,0.0,,0.0,
675d4d94000000000103ea64,M2026-07,0.0,1.0,0.0,0.0,0.0,0.0,,0.0,
67a9a72c000000001801b956,M2026-07,0.05,15.0,1.0,0.0,0.0,0.066667,0.05,3.333333,
67ce6411000000002902de45,M2026-07,7.930000000000001,32.0,8.0,0.0,0.0,0.25,0.99125,247.8125,
6856700e000000000d0253e5,M2026-07,12.82,1.0,1.0,0.0,0.0,1.0,12.82,12820.0,
685670bb000000000b01fc31,M2026-07,0.13999999999999999,16.0,2.0,0.0,0.0,0.125,0.07,8.75,
685e5de000000000150216f9,M2026-07,0.29,12.0,1.0,0.0,0.0,0.083333,0.29,24.166667,
6895a8330000000023033a03,M2026-07,0.0,1.0,0.0,0.0,0.0,0.0,,0.0,
68baa828000000001b033b3f,M2026-07,0.01,10.0,1.0,0.0,0.0,0.1,0.01,1.0,
69201ad0000000001e00a12d,M2026-07,0.0,1.0,0.0,0.0,0.0,0.0,,0.0,
692a6de6000000001e03812d,M2026-07,0.0,19.0,0.0,0.0,0.0,0.0,,0.0,
6949f799000000001e031534,M2026-07,0.0,2.0,0.0,0.0,0.0,0.0,,0.0,
69523072000000002203125f,M2026-07,0.0,1.0,0.0,0.0,0.0,0.0,,0.0,
69549014000000001e02e0a1,M2026-07,3.53,8.0,1.0,1.0,0.0,0.125,3.53,441.25,
6959c6f4000000001e028520,M2026-07,0.0,2.0,0.0,0.0,0.0,0.0,,0.0,
696f8a1300000000220398ee,M2026-07,0.0,1.0,0.0,0.0,0.0,0.0,,0.0,
699c18a70000000015023477,M2026-07,0.0,1.0,0.0,0.0,0.0,0.0,,0.0,
69bedd4900000000220023ed,M2026-07,0.01,8.0,1.0,0.0,0.0,0.125,0.01,1.25,
69c3a080000000002102ca12,M2026-07,2.19,21.0,1.0,0.0,0.0,0.047619,2.19,104.285714,
69dca9fe000000002103a4d3,M2026-07,1.38,3.0,1.0,0.0,0.0,0.333333,1.38,460.0,
69df4d36000000001a02813c,M2026-07,0.01,2.0,1.0,0.0,0.0,0.5,0.01,5.0,
69e5e28d000000002103a0ef,M2026-07,0.07,9.0,1.0,0.0,0.0,0.111111,0.07,7.777778,
6a1153de0000000038021066,M2026-07,0.01,3.0,1.0,0.0,0.0,0.333333,0.01,3.333333,
6a1fcda8000000000803c1e3,M2026-07,0.0,1.0,0.0,0.0,0.0,0.0,,0.0,
6a2bb58b00000000080259aa,M2026-07,0.0,2.0,0.0,0.0,0.0,0.0,,0.0,
6a2fbc130000000021019987,M2026-07,0.0,4.0,0.0,0.0,0.0,0.0,,0.0,
63be7b190000000022039474,M2026-07,0.0,1.0,0.0,0.0,0.0,0.0,,0.0,
63e313970000000018012062,M2026-07,0.0,1.0,0.0,0.0,0.0,0.0,,0.0,
63e60c8100000000130072db,M2026-07,0.0,2.0,0.0,0.0,0.0,0.0,,0.0,
64103807000000001300e751,M2026-07,0.0,1.0,0.0,0.0,0.0,0.0,,0.0,
6445df410000000013002058,M2026-07,0.0,2.0,0.0,0.0,0.0,0.0,,0.0,
6450dffa0000000027012a1c,M2026-07,0.0,2.0,0.0,0.0,0.0,0.0,,0.0,
647863c8000000001203c36d,M2026-07,0.0,1.0,0.0,0.0,0.0,0.0,,0.0,
648ab4b30000000013006987,M2026-07,0.03,1.0,1.0,0.0,0.0,1.0,0.03,30.0,
64db4e87000000001701a578,M2026-07,7.7,23.0,3.0,0.0,0.0,0.130435,2.566667,334.782609,
64df68ce00000000030235b3,M2026-07,0.35,18.0,1.0,0.0,0.0,0.055556,0.35,19.444444,
64fbe901000000001d01424c,M2026-07,0.0,5.0,0.0,0.0,0.0,0.0,,0.0,
64ffe0a9000000002000203c,M2026-07,0.0,8.0,0.0,0.0,0.0,0.0,,0.0,
65098e58000000001e03ee2a,M2026-07,0.0,2.0,0.0,0.0,0.0,0.0,,0.0,
650aa612000000001f006376,M2026-07,0.0,1.0,0.0,0.0,0.0,0.0,,0.0,
6540ca51000000001e0327c4,M2026-07,0.0,3.0,0.0,0.0,0.0,0.0,,0.0,
6566e851000000000f02624b,M2026-07,0.0,1.0,0.0,0.0,0.0,0.0,,0.0,
65703c1f00000000090243f0,M2026-07,0.0,1.0,0.0,0.0,0.0,0.0,,0.0,
6576b3bb000000000801f681,M2026-07,0.2,10.0,4.0,0.0,0.0,0.4,0.05,20.0,
657909e2000000000503ace1,M2026-07,0.0,1.0,0.0,0.0,0.0,0.0,,0.0,
658fd1cd000000001802864b,M2026-07,0.0,4.0,0.0,0.0,0.0,0.0,,0.0,
658fd29a000000001102ccf2,M2026-07,0.0,1.0,0.0,0.0,0.0,0.0,,0.0,
65950e200000000011033ae7,M2026-07,0.07,4.0,1.0,0.0,0.0,0.25,0.07,17.5,
659baa1700000000110337f8,M2026-07,0.73,2.0,1.0,0.0,0.0,0.5,0.73,365.0,
659ceec100000000180285c8,M2026-07,0.0,1.0,0.0,0.0,0.0,0.0,,0.0,
65a240f4000000001c0103e8,M2026-07,0.0,8.0,0.0,0.0,0.0,0.0,,0.0,
65af7f5c000000002c03c20e,M2026-07,0.0,7.0,0.0,0.0,0.0,0.0,,0.0,
65b8ab3b0000000007029266,M2026-07,0.0,3.0,0.0,0.0,0.0,0.0,,0.0,
65bc4808000000002c02ab23,M2026-07,0.0,8.0,0.0,0.0,0.0,0.0,,0.0,
65e1b549000000000102a921,M2026-07,0.0,1.0,0.0,0.0,0.0,0.0,,0.0,
65e6f7ea000000000303422b,M2026-07,0.01,11.0,1.0,0.0,0.0,0.090909,0.01,0.909091,
65f2aeb80000000012022078,M2026-07,0.0,3.0,0.0,0.0,0.0,0.0,,0.0,
660279de000000001203fdaf,M2026-07,0.0,2.0,0.0,0.0,0.0,0.0,,0.0,
66027a4c0000000012022e90,M2026-07,0.01,3.0,1.0,0.0,0.0,0.333333,0.01,3.333333,
66027c4e00000000120215c0,M2026-07,0.0,2.0,0.0,0.0,0.0,0.0,,0.0,
6613a0e3000000001a00fbff,M2026-07,0.0,3.0,0.0,0.0,0.0,0.0,,0.0,
6614eee3000000001a00f934,M2026-07,0.0,1.0,0.0,0.0,0.0,0.0,,0.0,
66347e89000000001e03b264,M2026-07,0.0,1.0,0.0,0.0,0.0,0.0,,0.0,
664c6420000000001401b0c2,M2026-07,0.0,3.0,0.0,0.0,0.0,0.0,,0.0,
666bf9060000000006006695,M2026-07,0.0,1.0,0.0,0.0,0.0,0.0,,0.0,
667933df000000001c024221,M2026-07,0.0,1.0,0.0,0.0,0.0,0.0,,0.0,
6687d5f5000000001c026671,M2026-07,0.0,1.0,0.0,0.0,0.0,0.0,,0.0,
6690f3ed0000000025002592,M2026-07,0.08,3.0,1.0,0.0,0.0,0.333333,0.08,26.666667,
66962b3900000000250072ac,M2026-07,0.0,3.0,0.0,0.0,0.0,0.0,,0.0,
669a364a00000000250044ff,M2026-07,0.0,2.0,0.0,0.0,0.0,0.0,,0.0,
66a5fab0000000002701de52,M2026-07,1.56,6.0,1.0,0.0,0.0,0.166667,1.56,260.0,
66b71c260000000025031b53,M2026-07,0.0,2.0,0.0,0.0,0.0,0.0,,0.0,
66bb1057000000001e01cee8,M2026-07,0.0,1.0,0.0,0.0,0.0,0.0,,0.0,
66c9935b000000001d01b28a,M2026-07,0.0,1.0,0.0,0.0,0.0,0.0,,0.0,
66cd8a8a000000001d015356,M2026-07,0.0,2.0,0.0,0.0,0.0,0.0,,0.0,
66d56c05000000001d017b4d,M2026-07,0.0,1.0,0.0,0.0,0.0,0.0,,0.0,
6739b019000000001a01e71c,M2026-07,0.0,3.0,0.0,0.0,0.0,0.0,,0.0,
674aafab0000000007029853,M2026-07,0.0,4.0,0.0,0.0,0.0,0.0,,0.0,
674aeac40000000007029d27,M2026-07,0.08,3.0,1.0,0.0,0.0,0.333333,0.08,26.666667,
6758294c0000000002035a8a,M2026-07,0.02,2.0,1.0,0.0,0.0,0.5,0.02,10.0,
675d4cd900000000020262bb,M2026-07,0.01,14.0,1.0,0.0,0.0,0.071429,0.01,0.714286,
675d4d1100000000020358b0,M2026-07,0.0,1.0,0.0,0.0,0.0,0.0,,0.0,
67613c39000000000800f745,M2026-07,2.41,4.0,2.0,0.0,0.0,0.5,1.205,602.5,
676d2a41000000001300bc31,M2026-07,0.0,1.0,0.0,0.0,0.0,0.0,,0.0,
676e6d40000000000902cb3c,M2026-07,1.19,5.0,1.0,0.0,0.0,0.2,1.19,238.0,
6788cc78000000001801ecd9,M2026-07,0.01,7.0,1.0,0.0,0.0,0.142857,0.01,1.428571,
67aafd04000000001801b699,M2026-07,0.0,1.0,0.0,0.0,0.0,0.0,,0.0,
67b43a4b00000000280298c5,M2026-07,4.39,10.0,2.0,0.0,0.0,0.2,2.195,439.0,
67b43d3e000000002900a5f8,M2026-07,0.0,2.0,0.0,0.0,0.0,0.0,,0.0,
67bd71a5000000002a001592,M2026-07,0.0,2.0,0.0,0.0,0.0,0.0,,0.0,
6843e2390000000012003552,M2026-07,0.0,9.0,0.0,0.0,0.0,0.0,,0.0,
68679a7f0000000023006fb7,M2026-07,0.0,3.0,0.0,0.0,0.0,0.0,,0.0,
68a57274000000001c034a91,M2026-07,0.0,2.0,0.0,0.0,0.0,0.0,,0.0,
68bff2ae000000001d01a96e,M2026-07,0.88,10.0,2.0,0.0,0.0,0.2,0.44,88.0,
68e0e457000000000700ce1c,M2026-07,0.0,4.0,0.0,0.0,0.0,0.0,,0.0,
692273930000000019024e90,M2026-07,0.0,3.0,0.0,0.0,0.0,0.0,,0.0,
6944f5f2000000001f00a3d7,M2026-07,0.01,13.0,1.0,0.0,0.0,0.076923,0.01,0.769231,
6979d9d0000000002102890e,M2026-07,0.0,10.0,0.0,0.0,0.0,0.0,,0.0,
698ee2ae00000000150201e0,M2026-07,0.0,5.0,0.0,0.0,0.0,0.0,,0.0,
69a6f524000000001b01ec45,M2026-07,0.0,1.0,0.0,0.0,0.0,0.0,,0.0,
69b92555000000001a0330c1,M2026-07,0.0,3.0,0.0,0.0,0.0,0.0,,0.0,
69d258ed000000002102fc18,M2026-07,0.0,3.0,0.0,0.0,0.0,0.0,,0.0,
69d49918000000001a027488,M2026-07,0.0,2.0,0.0,0.0,0.0,0.0,,0.0,
69ec8506000000003701f3f0,M2026-07,0.0,2.0,0.0,0.0,0.0,0.0,,0.0,
69eda13b000000003601a9af,M2026-07,0.0,1.0,0.0,0.0,0.0,0.0,,0.0,
69edaad80000000037037c37,M2026-07,0.0,1.0,0.0,0.0,0.0,0.0,,0.0,
6a004a1b000000003601b0de,M2026-07,0.34,2.0,1.0,0.0,0.0,0.5,0.34,170.0,
6a02e95400000000370375c9,M2026-07,0.0,3.0,0.0,0.0,0.0,0.0,,0.0,
6a12ccf300000000370359fc,M2026-07,0.01,2.0,1.0,0.0,0.0,0.5,0.01,5.0,
6a2152b1000000003603164f,M2026-07,0.0,15.0,0.0,0.0,0.0,0.0,,0.0,
6a2659e70000000007028df4,M2026-07,0.31,8.0,2.0,0.0,0.0,0.25,0.155,38.75,
6a265ad6000000000701144a,M2026-07,0.0,2.0,0.0,0.0,0.0,0.0,,0.0,
6a33e09d000000000f01fc99,M2026-07,0.36,7.0,1.0,0.0,0.0,0.142857,0.36,51.428571,
63a6a7af000000001e03f0a2,M2026-07,0.0,4.0,0.0,0.0,0.0,0.0,,0.0,
63c374ad000000001f0222e0,M2026-07,0.0,1.0,0.0,0.0,0.0,0.0,,0.0,
63d5dec5000000001b0062e6,M2026-07,0.0,1.0,0.0,0.0,0.0,0.0,,0.0,
63d884cd000000001b00478e,M2026-07,0.0,1.0,0.0,0.0,0.0,0.0,,0.0,
6450d8cc000000000800eb4f,M2026-07,0.0,2.0,0.0,0.0,0.0,0.0,,0.0,
646dae200000000013032917,M2026-07,0.0,4.0,0.0,0.0,0.0,0.0,,0.0,
64704ff40000000012031bca,M2026-07,0.01,1.0,1.0,0.0,0.0,1.0,0.01,10.0,
649a3dec000000001300a176,M2026-07,0.0,2.0,0.0,0.0,0.0,0.0,,0.0,
64bc98a9000000000c0375c7,M2026-07,0.0,2.0,0.0,0.0,0.0,0.0,,0.0,
64be2a48000000001201c5db,M2026-07,0.01,4.0,1.0,0.0,0.0,0.25,0.01,2.5,
64fc56f3000000001f0358b2,M2026-07,1.52,5.0,1.0,0.0,0.0,0.2,1.52,304.0,
64fdc220000000001e02acb7,M2026-07,0.88,3.0,2.0,0.0,0.0,0.666667,0.44,293.333333,
65081b6b000000001e0205f3,M2026-07,0.21,5.0,1.0,0.0,0.0,0.2,0.21,42.0,
6513d3cd000000001f03ee8a,M2026-07,0.0,2.0,0.0,0.0,0.0,0.0,,0.0,
656c3832000000000602066f,M2026-07,0.0,4.0,0.0,0.0,0.0,0.0,,0.0,
65782f1f0000000009025759,M2026-07,0.0,1.0,0.0,0.0,0.0,0.0,,0.0,
658149bd0000000009025675,M2026-07,0.0,1.0,0.0,0.0,0.0,0.0,,0.0,
658530cb000000000602b605,M2026-07,2.63,9.0,1.0,0.0,0.0,0.111111,2.63,292.222222,
65a7809b0000000029030311,M2026-07,0.0,1.0,0.0,0.0,0.0,0.0,,0.0,
65a8dd4a000000002b007f20,M2026-07,11.92,6.0,1.0,0.0,0.0,0.166667,11.92,1986.666667,
65bc5f28000000000702bf1e,M2026-07,0.01,4.0,1.0,0.0,0.0,0.25,0.01,2.5,
65dd9d15000000000102808f,M2026-07,0.0,4.0,0.0,0.0,0.0,0.0,,0.0,
662209cf000000000401bdda,M2026-07,0.0,1.0,0.0,0.0,0.0,0.0,,0.0,
66446bc1000000001e0388b0,M2026-07,0.0,2.0,0.0,0.0,0.0,0.0,,0.0,
6645bc0e000000001e038d19,M2026-07,0.0,1.0,0.0,0.0,0.0,0.0,,0.0,
667e6b75000000001c026fa0,M2026-07,0.0,2.0,0.0,0.0,0.0,0.0,,0.0,
66810a30000000001e010813,M2026-07,0.0,1.0,0.0,0.0,0.0,0.0,,0.0,
6698cbde0000000025004364,M2026-07,0.0,2.0,0.0,0.0,0.0,0.0,,0.0,
66a749da0000000027011028,M2026-07,0.0,1.0,0.0,0.0,0.0,0.0,,0.0,
66ade2f0000000000600d65f,M2026-07,0.0,1.0,0.0,0.0,0.0,0.0,,0.0,
66ced78e000000001d01a548,M2026-07,0.82,1.0,2.0,0.0,0.0,2.0,0.41,820.0,
66d02953000000001d03a5bc,M2026-07,0.0,2.0,0.0,0.0,0.0,0.0,,0.0,
66dba50b000000001201274e,M2026-07,0.0,2.0,0.0,0.0,0.0,0.0,,0.0,
66dd55c300000000120105cd,M2026-07,0.0,4.0,0.0,0.0,0.0,0.0,,0.0,
66f11cb0000000001902c988,M2026-07,0.0,4.0,0.0,0.0,0.0,0.0,,0.0,
6718c0aa0000000021004924,M2026-07,0.0,4.0,0.0,0.0,0.0,0.0,,0.0,
671a1e8200000000210035b5,M2026-07,0.0,1.0,0.0,0.0,0.0,0.0,,0.0,
672889300000000019019cda,M2026-07,0.0,4.0,0.0,0.0,0.0,0.0,,0.0,
6734668d000000001901a58c,M2026-07,0.0,1.0,0.0,0.0,0.0,0.0,,0.0,
673ffa76000000000202a6a8,M2026-07,0.0,6.0,0.0,0.0,0.0,0.0,,0.0,
6752bc3b000000000601630b,M2026-07,0.0,1.0,0.0,0.0,0.0,0.0,,0.0,
6767e30a000000000800d940,M2026-07,0.0,2.0,0.0,0.0,0.0,0.0,,0.0,
6767e32d000000000b00d6fd,M2026-07,0.0,2.0,0.0,0.0,0.0,0.0,,0.0,
67d69e7b000000001c009c94,M2026-07,0.0,1.0,0.0,0.0,0.0,0.0,,0.0,
68299ca50000000023000e3f,M2026-07,1.5499999999999998,15.0,4.0,0.0,0.0,0.266667,0.3875,103.333333,
68c7d1fc000000001d0271c8,M2026-07,0.0,3.0,0.0,0.0,0.0,0.0,,0.0,
68e0e111000000000700fac3,M2026-07,0.0,1.0,0.0,0.0,0.0,0.0,,0.0,
68f88ddc0000000005032cde,M2026-07,0.0,1.0,0.0,0.0,0.0,0.0,,0.0,
6933d69f000000001d03bd97,M2026-07,0.0,9.0,0.0,0.0,0.0,0.0,,0.0,
69367b1f000000000d03cf01,M2026-07,0.0,1.0,0.0,0.0,0.0,0.0,,0.0,
693d34ce000000001e00e6db,M2026-07,0.0,3.0,0.0,0.0,0.0,0.0,,0.0,
69410133000000001e0374c3,M2026-07,0.0,2.0,0.0,0.0,0.0,0.0,,0.0,
6948e7ce000000001e03002b,M2026-07,0.0,3.0,0.0,0.0,0.0,0.0,,0.0,
696ae6600000000021030946,M2026-07,0.0,3.0,0.0,0.0,0.0,0.0,,0.0,
6981b7f200000000220207c4,M2026-07,0.05,16.0,3.0,0.0,0.0,0.1875,0.016667,3.125,
69a184d200000000150204c6,M2026-07,0.0,2.0,0.0,0.0,0.0,0.0,,0.0,
69b7a14300000000220031c0,M2026-07,0.0,4.0,0.0,0.0,0.0,0.0,,0.0,
69be6173000000002102df26,M2026-07,0.0,3.0,0.0,0.0,0.0,0.0,,0.0,
69d62437000000001a029164,M2026-07,0.38,2.0,1.0,0.0,0.0,0.5,0.38,190.0,
6a1e97240000000021023a94,M2026-07,0.01,4.0,1.0,0.0,0.0,0.25,0.01,2.5,
6a1e984c000000000702261b,M2026-07,0.01,10.0,0.0,0.0,0.0,0.0,,1.0,
6a2fbb4a0000000007026748,M2026-07,0.0,4.0,0.0,0.0,0.0,0.0,,0.0,
6a3285250000000006036986,M2026-07,0.0,3.0,0.0,0.0,0.0,0.0,,0.0,
6a37dbc00000000007010aeb,M2026-07,0.06,3.0,1.0,0.0,0.0,0.333333,0.06,20.0,
6a3e801f00000000170099f9,M2026-07,0.0,16.0,0.0,0.0,0.0,0.0,,0.0,
6a3e80560000000016026366,M2026-07,0.0,3.0,0.0,0.0,0.0,0.0,,0.0,
6a3fc707000000001503f655,M2026-07,0.01,31.0,1.0,0.0,0.0,0.032258,0.01,0.322581,
6a411f31000000001503cdc6,M2026-07,0.32,6.0,2.0,0.0,0.0,0.333333,0.16,53.333333,
6a411feb000000001c026d77,M2026-07,0.0,6.0,0.0,0.0,0.0,0.0,,0.0,
6a43d0ae00000000070218a6,M2026-07,0.0,6.0,0.0,0.0,0.0,0.0,,0.0,
6a461d10000000001503ecd1,M2026-07,0.0,5.0,0.0,0.0,0.0,0.0,,0.0,
6a461f48000000001603f1dd,M2026-07,0.0,10.0,0.0,0.0,0.0,0.0,,0.0,
6a4bb15b000000000f02b750,M2026-07,0.0,5.0,0.0,0.0,0.0,0.0,,0.0,
6a4f9788000000001c0270e7,M2026-07,0.0,1.0,0.0,0.0,0.0,0.0,,0.0,
6a50ecc80000000015025d8c,M2026-07,0.0,2.0,0.0,0.0,0.0,0.0,,0.0,
6a524dd3000000001c027db5,M2026-07,0.01,2.0,0.0,0.0,0.0,0.0,,5.0,
6a5319fb0000000017008b81,M2026-07,0.0,1.0,0.0,0.0,0.0,0.0,,0.0,
6a578aa20000000016024109,M2026-07,0.0,6.0,0.0,0.0,0.0,0.0,,0.0,
6a578aea00000000170280e1,M2026-07,0.0,5.0,0.0,0.0,0.0,0.0,,0.0,
6a58f896000000001003c010,M2026-07,0.06,8.0,1.0,0.0,0.0,0.125,0.06,7.5,
6a58f989000000000f01f14b,M2026-07,0.0,11.0,0.0,0.0,0.0,0.0,,0.0,
6a5a3375000000001b01d245,M2026-07,0.0,8.0,0.0,0.0,0.0,0.0,,0.0,
63aa6adf000000001f020eb5,M2026-07,0.0,1.0,0.0,0.0,0.0,0.0,,0.0,
63b80610000000002203a7b1,M2026-07,0.0,2.0,0.0,0.0,0.0,0.0,,0.0,
63d2865200000000220297cf,M2026-07,0.52,5.0,1.0,0.0,0.0,0.2,0.52,104.0,
647aac950000000013000112,M2026-07,0.0,2.0,0.0,0.0,0.0,0.0,,0.0,
64ad3f390000000034016f7d,M2026-07,0.0,1.0,0.0,0.0,0.0,0.0,,0.0,
64b751b5000000002f026c7b,M2026-07,0.0,4.0,0.0,0.0,0.0,0.0,,0.0,
64da0412000000000301e765,M2026-07,0.0,2.0,0.0,0.0,0.0,0.0,,0.0,
64f6cab3000000001f03faa1,M2026-07,0.0,3.0,0.0,0.0,0.0,0.0,,0.0,
6502d053000000001f005221,M2026-07,0.0,1.0,0.0,0.0,0.0,0.0,,0.0,
6507f8df000000001e02869b,M2026-07,0.0,1.0,0.0,0.0,0.0,0.0,,0.0,
652f3f7a000000001f00749b,M2026-07,0.0,3.0,0.0,0.0,0.0,0.0,,0.0,
654d9784000000003203940b,M2026-07,0.0,3.0,0.0,0.0,0.0,0.0,,0.0,
656ee9910000000007008160,M2026-07,0.0,5.0,0.0,0.0,0.0,0.0,,0.0,
6585320c0000000006023fa7,M2026-07,0.0,3.0,0.0,0.0,0.0,0.0,,0.0,
65aa2d28000000002d011eda,M2026-07,0.0,1.0,0.0,0.0,0.0,0.0,,0.0,
65ae1fa3000000002b03d89a,M2026-07,0.0,1.0,0.0,0.0,0.0,0.0,,0.0,
65e1b4530000000003035d58,M2026-07,0.0,2.0,0.0,0.0,0.0,0.0,,0.0,
65e9730b0000000001029980,M2026-07,1.05,3.0,1.0,0.0,0.0,0.333333,1.05,350.0,
65eac14b0000000003036931,M2026-07,0.0,1.0,0.0,0.0,0.0,0.0,,0.0,
664728240000000014018bd2,M2026-07,0.0,1.0,0.0,0.0,0.0,0.0,,0.0,
66680350000000000d00d089,M2026-07,0.03,6.0,3.0,0.0,0.0,0.5,0.01,5.0,
6668061e0000000006007804,M2026-07,0.0,2.0,0.0,0.0,0.0,0.0,,0.0,
668f79c80000000025016f5c,M2026-07,0.0,1.0,0.0,0.0,0.0,0.0,,0.0,
66a9efbd000000000600dadf,M2026-07,0.0,1.0,0.0,0.0,0.0,0.0,,0.0,
66ade4700000000027010134,M2026-07,0.0,2.0,0.0,0.0,0.0,0.0,,0.0,
66bf06a1000000001e01a50a,M2026-07,0.0,1.0,0.0,0.0,0.0,0.0,,0.0,
66cd8b5c000000001d03be18,M2026-07,0.0,1.0,0.0,0.0,0.0,0.0,,0.0,
66d91bd5000000001e018db7,M2026-07,0.0,3.0,0.0,0.0,0.0,0.0,,0.0,
66ea7fd0000000001201308d,M2026-07,0.0,9.0,0.0,0.0,0.0,0.0,,0.0,
66f530bd000000001902dada,M2026-07,0.01,7.0,1.0,0.0,0.0,0.142857,0.01,1.428571,
6708c2b6000000001a020873,M2026-07,0.0,1.0,0.0,0.0,0.0,0.0,,0.0,
67234d6e000000001a01ca79,M2026-07,0.0,2.0,0.0,0.0,0.0,0.0,,0.0,
673c662b0000000007026608,M2026-07,0.0,1.0,0.0,0.0,0.0,0.0,,0.0,
673dc0260000000007034e63,M2026-07,0.0,1.0,0.0,0.0,0.0,0.0,,0.0,
675ffb3b000000000800d621,M2026-07,0.0,1.0,0.0,0.0,0.0,0.0,,0.0,
6762805d000000000800d2bd,M2026-07,0.0,2.0,0.0,0.0,0.0,0.0,,0.0,
67cd46b6000000002900f970,M2026-07,0.0,1.0,0.0,0.0,0.0,0.0,,0.0,
6857bad4000000000d01967e,M2026-07,0.0,1.0,0.0,0.0,0.0,0.0,,0.0,
6878924b000000001c03093d,M2026-07,0.0,5.0,0.0,0.0,0.0,0.0,,0.0,
68873b690000000013013abe,M2026-07,0.0,2.0,0.0,0.0,0.0,0.0,,0.0,
69354b60000000001e00aa84,M2026-07,0.0,1.0,0.0,0.0,0.0,0.0,,0.0,
6937edea000000001b03158a,M2026-07,0.0,1.0,0.0,0.0,0.0,0.0,,0.0,
693fa93b000000001d03d6f0,M2026-07,0.0,1.0,0.0,0.0,0.0,0.0,,0.0,
695c6cb0000000000e00ee19,M2026-07,0.0,1.0,0.0,0.0,0.0,0.0,,0.0,
69c258e400000000220002ec,M2026-07,0.0,7.0,0.0,0.0,0.0,0.0,,0.0,
69e722b7000000001a023879,M2026-07,0.02,6.0,2.0,0.0,0.0,0.333333,0.01,3.333333,
69e88838000000001a024a9a,M2026-07,0.0,2.0,0.0,0.0,0.0,0.0,,0.0,
69f9a0ac000000003701d937,M2026-07,0.01,4.0,1.0,0.0,0.0,0.25,0.01,2.5,
69fef71f000000003803494e,M2026-07,0.07,9.0,0.0,0.0,0.0,0.0,,7.777778,
6a09838e000000003700c538,M2026-07,0.0,1.0,0.0,0.0,0.0,0.0,,0.0,
6a3fc773000000001700ad0b,M2026-07,0.0,4.0,0.0,0.0,0.0,0.0,,0.0,
6a4bb1b1000000001003fd71,M2026-07,0.0,1.0,0.0,0.0,0.0,0.0,,0.0,
6a4d1ee80000000015024645,M2026-07,0.0,1.0,0.0,0.0,0.0,0.0,,0.0,
6a4e5a040000000007021e5f,M2026-07,0.0,2.0,0.0,0.0,0.0,0.0,,0.0,
6a54736f000000001603e895,M2026-07,0.24,3.0,1.0,0.0,0.0,0.333333,0.24,80.0,
6a55daa20000000017028083,M2026-07,0.0,1.0,0.0,0.0,0.0,0.0,,0.0,
63d496d90000000002003dee,M2026-07,0.0,1.0,0.0,0.0,0.0,0.0,,0.0,
6561be370000000032033e49,M2026-07,0.0,9.0,0.0,0.0,0.0,0.0,,0.0,
657ea361000000000602be25,M2026-07,0.0,6.0,0.0,0.0,0.0,0.0,,0.0,
6718abc70000000021009845,M2026-07,0.0,10.0,0.0,0.0,0.0,0.0,,0.0,
67ce62cf00000000290364e9,M2026-07,0.0,1.0,0.0,0.0,0.0,0.0,,0.0,
67e11541000000000e004e7a,M2026-07,0.0,1.0,0.0,0.0,0.0,0.0,,0.0,
66826d99000000001c025ea0,M2026-07,0.0,2.0,0.0,0.0,0.0,0.0,,0.0,
66962e2800000000250155c9,M2026-07,0.0,3.0,0.0,0.0,0.0,0.0,,0.0,
669779360000000025002a34,M2026-07,0.0,2.0,0.0,0.0,0.0,0.0,,0.0,
66dff03b0000000012013fe9,M2026-07,0.0,1.0,0.0,0.0,0.0,0.0,,0.0,
66e149c3000000000c01a4a8,M2026-07,0.0,1.0,0.0,0.0,0.0,0.0,,0.0,
66e2a0eb000000000c0189cb,M2026-07,0.0,1.0,0.0,0.0,0.0,0.0,,0.0,
66f90338000000001a0216cf,M2026-07,0.0,1.0,0.0,0.0,0.0,0.0,,0.0,
66fd0e4d000000001a0235f6,M2026-07,0.0,1.0,0.0,0.0,0.0,0.0,,0.0,
66fe5b00000000001b02147c,M2026-07,0.0,1.0,0.0,0.0,0.0,0.0,,0.0,
671a1d840000000021007489,M2026-07,0.0,1.0,0.0,0.0,0.0,0.0,,0.0,
67469ae4000000000202d3eb,M2026-07,0.0,2.0,0.0,0.0,0.0,0.0,,0.0,
674ee731000000000201992f,M2026-07,0.0,2.0,0.0,0.0,0.0,0.0,,0.0,
6758290a0000000002016fd5,M2026-07,0.15,2.0,1.0,0.0,0.0,0.5,0.15,75.0,
675d4de00000000002036372,M2026-07,0.0,3.0,0.0,0.0,0.0,0.0,,0.0,
67bd70b40000000029034cdd,M2026-07,0.0,1.0,0.0,0.0,0.0,0.0,,0.0,
67cd47000000000029027c4b,M2026-07,0.0,3.0,0.0,0.0,0.0,0.0,,0.0,
683d633500000000210059fe,M2026-07,0.0,1.0,0.0,0.0,0.0,0.0,,0.0,
692d072a000000000d03b03b,M2026-07,0.0,1.0,0.0,0.0,0.0,0.0,,0.0,
692d5bdd000000000d03d5e0,M2026-07,0.08,2.0,1.0,0.0,0.0,0.5,0.08,40.0,
693bbefd000000001d03ffd0,M2026-07,0.0,4.0,0.0,0.0,0.0,0.0,,0.0,
693d3688000000001e00be17,M2026-07,0.0,1.0,0.0,0.0,0.0,0.0,,0.0,
693fa7a5000000001e00c62e,M2026-07,0.0,1.0,0.0,0.0,0.0,0.0,,0.0,
693faaaa000000001e015f45,M2026-07,0.0,1.0,0.0,0.0,0.0,0.0,,0.0,
6975d464000000002200b412,M2026-07,0.0,2.0,0.0,0.0,0.0,0.0,,0.0,
69327b87000000001e038224,M2026-07,0.0,1.0,0.0,0.0,0.0,0.0,,0.0,
69b2848a000000001b0162c0,M2026-07,0.0,3.0,0.0,0.0,0.0,0.0,,0.0,
69e49380000000001a022d0e,M2026-07,0.01,1.0,1.0,1.0,1.0,1.0,0.01,10.0,0.01
69fc5589000000003601b35e,M2026-07,0.19,4.0,1.0,0.0,0.0,0.25,0.19,47.5,
69fef7a4000000003802333b,M2026-07,0.0,6.0,0.0,0.0,0.0,0.0,,0.0,
6a004ab7000000003700c017,M2026-07,0.0,5.0,0.0,0.0,0.0,0.0,,0.0,
6a16b0e90000000036033433,M2026-07,0.92,10.0,1.0,0.0,0.0,0.1,0.92,92.0,
640aee48000000001303ed80,M2026-07,0.0,6.0,0.0,0.0,0.0,0.0,,0.0,
64911e890000000027029e52,M2026-07,0.0,1.0,0.0,0.0,0.0,0.0,,0.0,
64c72ad2000000000a01af2e,M2026-07,0.0,1.0,0.0,0.0,0.0,0.0,,0.0,
64cc6c44000000000c03722e,M2026-07,0.0,1.0,0.0,0.0,0.0,0.0,,0.0,
64d20ebb000000001201a162,M2026-07,0.0,1.0,0.0,0.0,0.0,0.0,,0.0,
64d61ee8000000001700f883,M2026-07,0.0,2.0,0.0,0.0,0.0,0.0,,0.0,
64e09ec4000000000103e944,M2026-07,0.0,1.0,0.0,0.0,0.0,0.0,,0.0,
64f02a40000000001f03f24e,M2026-07,0.0,3.0,0.0,0.0,0.0,0.0,,0.0,
6533d06e000000001f03d3c4,M2026-07,0.0,1.0,0.0,0.0,0.0,0.0,,0.0,
65376aa7000000001e03f455,M2026-07,0.0,4.0,0.0,0.0,0.0,0.0,,0.0,
659e6e12000000001d025fd3,M2026-07,0.0,3.0,0.0,0.0,0.0,0.0,,0.0,
66695cd5000000000600432c,M2026-07,0.0,1.0,0.0,0.0,0.0,0.0,,0.0,
668e3eaa0000000025000697,M2026-07,0.22,1.0,1.0,0.0,0.0,1.0,0.22,220.0,
66cc34fa000000001d01465c,M2026-07,0.0,2.0,0.0,0.0,0.0,0.0,,0.0,
66d17bd8000000001d03a2c5,M2026-07,0.0,1.0,0.0,0.0,0.0,0.0,,0.0,
66f671ec000000001902d81f,M2026-07,0.01,1.0,1.0,0.0,0.0,1.0,0.01,10.0,
67346646000000001901a207,M2026-07,0.0,1.0,0.0,0.0,0.0,0.0,,0.0,
673ff8f1000000000202dabc,M2026-07,0.0,1.0,0.0,0.0,0.0,0.0,,0.0,
67d93fa9000000001c03de48,M2026-07,0.03,2.0,1.0,0.0,0.0,0.5,0.03,15.0,
68299dc90000000023012fb6,M2026-07,0.0,2.0,0.0,0.0,0.0,0.0,,0.0,
68db951d0000000004010755,M2026-07,0.0,1.0,0.0,0.0,0.0,0.0,,0.0,
697b62370000000022008079,M2026-07,0.0,2.0,0.0,0.0,0.0,0.0,,0.0,
69a5535c000000001d012b36,M2026-07,0.0,1.0,0.0,0.0,0.0,0.0,,0.0,
69a69ecb00000000150237fb,M2026-07,0.0,1.0,0.0,0.0,0.0,0.0,,0.0,
69ba9ad6000000001a023187,M2026-07,0.0,2.0,0.0,0.0,0.0,0.0,,0.0,
6a1aad040000000038034dce,M2026-07,0.0,1.0,0.0,0.0,0.0,0.0,,0.0,
6a26588d0000000007028a41,M2026-07,0.01,6.0,1.0,0.0,0.0,0.166667,0.01,1.666667,
6a4912320000000016026bf1,M2026-07,0.0,4.0,0.0,0.0,0.0,0.0,,0.0,
63a6a3e9000000001c0076f9,M2026-07,0.0,1.0,0.0,0.0,0.0,0.0,,0.0,
63cd00110000000002003301,M2026-07,0.0,2.0,0.0,0.0,0.0,0.0,,0.0,
63db29840000000004005070,M2026-07,0.0,2.0,0.0,0.0,0.0,0.0,,0.0,
63db7d5b00000000180129e5,M2026-07,0.0,2.0,0.0,0.0,0.0,0.0,,0.0,
64a54c03000000001201176c,M2026-07,0.0,1.0,0.0,0.0,0.0,0.0,,0.0,
64bfa6cf000000001201991b,M2026-07,0.0,1.0,0.0,0.0,0.0,0.0,,0.0,
64e9e1c4000000001701bbe7,M2026-07,0.0,2.0,0.0,0.0,0.0,0.0,,0.0,
64fd33ff000000001e02958f,M2026-07,0.0,3.0,0.0,0.0,0.0,0.0,,0.0,
650d4473000000001f036902,M2026-07,0.25,1.0,1.0,0.0,0.0,1.0,0.25,250.0,
652d3203000000001e0291eb,M2026-07,0.0,1.0,0.0,0.0,0.0,0.0,,0.0,
653b27d9000000001d014f59,M2026-07,0.0,1.0,0.0,0.0,0.0,0.0,,0.0,
653fb174000000001f03622e,M2026-07,0.0,3.0,0.0,0.0,0.0,0.0,,0.0,
65484ffb000000001e031daf,M2026-07,0.01,5.0,1.0,0.0,0.0,0.2,0.01,2.0,
655c05e3000000003203ab8c,M2026-07,0.0,1.0,0.0,0.0,0.0,0.0,,0.0,
65bc60fe0000000008022950,M2026-07,2.92,12.0,1.0,1.0,1.0,0.083333,2.92,243.333333,2.92
65fa97e5000000001203c05a,M2026-07,0.0,3.0,0.0,0.0,0.0,0.0,,0.0,
66655df3000000000d00d324,M2026-07,0.0,1.0,0.0,0.0,0.0,0.0,,0.0,
666aafd60000000006007638,M2026-07,0.0,1.0,0.0,0.0,0.0,0.0,,0.0,
667bcab8000000001c027a7a,M2026-07,0.0,1.0,0.0,0.0,0.0,0.0,,0.0,
6687a59d000000001c027af2,M2026-07,0.0,1.0,0.0,0.0,0.0,0.0,,0.0,
68170dbd000000002300c01c,M2026-07,0.0,3.0,0.0,0.0,0.0,0.0,,0.0,
68341027000000000f038992,M2026-07,0.0,2.0,0.0,0.0,0.0,0.0,,0.0,
6954ad1b000000001e03a06f,M2026-07,0.56,3.0,1.0,0.0,0.0,0.333333,0.56,186.666667,
698892e0000000001d024712,M2026-07,0.0,2.0,0.0,0.0,0.0,0.0,,0.0,
69ae78c40000000015030f74,M2026-07,0.0,5.0,0.0,0.0,0.0,0.0,,0.0,
69be6614000000001a0316a9,M2026-07,0.56,4.0,1.0,0.0,0.0,0.25,0.56,140.0,
69ce32e1000000001a027e78,M2026-07,0.0,1.0,0.0,0.0,0.0,0.0,,0.0,
69e1fb9e000000001a02a60b,M2026-07,0.0,1.0,0.0,0.0,0.0,0.0,,0.0,
69f868b8000000003701d0aa,M2026-07,0.0,2.0,0.0,0.0,0.0,0.0,,0.0,
6a3285840000000008000cac,M2026-07,0.0,2.0,0.0,0.0,0.0,0.0,,0.0,
6473089100000000270016c2,M2026-07,1.02,1.0,1.0,0.0,0.0,1.0,1.02,1020.0,
647413ba0000000013000676,M2026-07,0.01,1.0,1.0,0.0,0.0,1.0,0.01,10.0,
64d3a2f00000000012019d91,M2026-07,0.0,2.0,0.0,0.0,0.0,0.0,,0.0,
6526057e000000002000040f,M2026-07,0.0,2.0,0.0,0.0,0.0,0.0,,0.0,
6569b4a6000000000901d800,M2026-07,0.0,1.0,0.0,0.0,0.0,0.0,,0.0,
6572c65f000000000901e49a,M2026-07,0.0,2.0,0.0,0.0,0.0,0.0,,0.0,
658e8a76000000001c010a5a,M2026-07,0.0,1.0,0.0,0.0,0.0,0.0,,0.0,
659cef07000000001d029781,M2026-07,0.0,1.0,0.0,0.0,0.0,0.0,,0.0,
65b1c759000000002b03f79a,M2026-07,0.0,5.0,0.0,0.0,0.0,0.0,,0.0,
65b8aad0000000002c0363ac,M2026-07,0.0,1.0,0.0,0.0,0.0,0.0,,0.0,
665048bd0000000005006fa8,M2026-07,0.0,4.0,0.0,0.0,0.0,0.0,,0.0,
669e2606000000002701d9a2,M2026-07,0.0,1.0,0.0,0.0,0.0,0.0,,0.0,
66a36fee0000000027010d62,M2026-07,0.25,2.0,1.0,0.0,0.0,0.5,0.25,125.0,
66b327fd000000001e01ec55,M2026-07,0.0,1.0,0.0,0.0,0.0,0.0,,0.0,
66e1498c0000000012011a52,M2026-07,0.0,4.0,0.0,0.0,0.0,0.0,,0.0,
66f682cd000000001b022b20,M2026-07,0.0,1.0,0.0,0.0,0.0,0.0,,0.0,
66fe58b0000000001a020753,M2026-07,0.0,1.0,0.0,0.0,0.0,0.0,,0.0,
672c566e000000001b02e654,M2026-07,0.0,3.0,0.0,0.0,0.0,0.0,,0.0,
675ffbcb000000000b0147a3,M2026-07,0.18,1.0,1.0,0.0,0.0,1.0,0.18,180.0,
67b58b820000000029029858,M2026-07,0.0,1.0,0.0,0.0,0.0,0.0,,0.0,
689057d10000000002001d43,M2026-07,0.0,2.0,0.0,0.0,0.0,0.0,,0.0,
68ef6601000000000301a9cb,M2026-07,0.0,1.0,0.0,0.0,0.0,0.0,,0.0,
693136b3000000001e02c40d,M2026-07,0.0,3.0,0.0,0.0,0.0,0.0,,0.0,
697cb24d000000002203bda3,M2026-07,0.0,1.0,0.0,0.0,0.0,0.0,,0.0,
69f70ce7000000003701f851,M2026-07,0.22,1.0,0.0,0.0,0.0,0.0,,220.0,
69fb0f64000000003703635a,M2026-07,0.23,1.0,0.0,0.0,0.0,0.0,,230.0,
6a01986e0000000038023ec4,M2026-07,0.5700000000000001,3.0,0.0,0.0,0.0,0.0,,190.0,
6a06e595000000003601d03d,M2026-07,0.0,1.0,0.0,0.0,0.0,0.0,,0.0,
6a0d775e00000000370346cc,M2026-07,0.0,1.0,0.0,0.0,0.0,0.0,,0.0,
6a16af500000000037037c1c,M2026-07,0.62,5.0,1.0,0.0,0.0,0.2,0.62,124.0,
6a3d3401000000001602798f,M2026-07,0.0,1.0,0.0,0.0,0.0,0.0,,0.0,
6a450182000000001700a2da,M2026-07,0.0,5.0,0.0,0.0,0.0,0.0,,0.0,
63b17bf9000000001c037e8d,M2026-07,0.0,1.0,0.0,0.0,0.0,0.0,,0.0,
64474a0e00000000270005fd,M2026-07,0.02,2.0,1.0,0.0,0.0,0.5,0.02,10.0,
6472c4870000000013013e9c,M2026-07,0.0,1.0,0.0,0.0,0.0,0.0,,0.0,
6476c3a9000000001301098f,M2026-07,0.0,1.0,0.0,0.0,0.0,0.0,,0.0,
64d1b010000000000c0362b6,M2026-07,0.0,3.0,0.0,0.0,0.0,0.0,,0.0,
64d25f39000000001701bff5,M2026-07,0.0,1.0,0.0,0.0,0.0,0.0,,0.0,
64db5a0a00000000100323e3,M2026-07,0.0,1.0,0.0,0.0,0.0,0.0,,0.0,
650d874d000000001f004907,M2026-07,0.0,1.0,0.0,0.0,0.0,0.0,,0.0,
6513ccca000000001f0070dc,M2026-07,0.0,1.0,0.0,0.0,0.0,0.0,,0.0,
65260153000000001d01526e,M2026-07,0.0,1.0,0.0,0.0,0.0,0.0,,0.0,
65260ace000000001e023539,M2026-07,0.0,1.0,0.0,0.0,0.0,0.0,,0.0,
65326a2f000000001d016284,M2026-07,0.0,1.0,0.0,0.0,0.0,0.0,,0.0,
657424be000000000503b310,M2026-07,2.49,2.0,1.0,0.0,0.0,0.5,2.49,1245.0,
6593c7c0000000001d030fbd,M2026-07,0.01,1.0,1.0,0.0,0.0,1.0,0.01,10.0,
65b8ab80000000002c0383b7,M2026-07,0.0,1.0,0.0,0.0,0.0,0.0,,0.0,
65d7063c00000000070240c2,M2026-07,0.0,2.0,0.0,0.0,0.0,0.0,,0.0,
665981f60000000016011633,M2026-07,0.01,1.0,1.0,0.0,0.0,1.0,0.01,10.0,
66655c3d000000000e03183d,M2026-07,0.0,1.0,0.0,0.0,0.0,0.0,,0.0,
66c59dfb000000001d015b5f,M2026-07,0.01,69.0,1.0,0.0,0.0,0.014493,0.01,0.144928,
66de94b9000000000c01bcc0,M2026-07,0.0,1.0,0.0,0.0,0.0,0.0,,0.0,
6708dde4000000001902e388,M2026-07,0.0,1.0,0.0,0.0,0.0,0.0,,0.0,
67457104000000000601682d,M2026-07,0.0,1.0,0.0,0.0,0.0,0.0,,0.0,
6752bfca000000000601573d,M2026-07,0.0,1.0,0.0,0.0,0.0,0.0,,0.0,
676d29d10000000013001dcb,M2026-07,0.0,1.0,0.0,0.0,0.0,0.0,,0.0,
67c2bbdf000000002a00ebee,M2026-07,0.0,2.0,0.0,0.0,0.0,0.0,,0.0,
67e1159e000000000603a2bd,M2026-07,0.01,4.0,1.0,0.0,0.0,0.25,0.01,2.5,
68e38f400000000004015879,M2026-07,0.0,1.0,0.0,0.0,0.0,0.0,,0.0,
692124ab000000001b0202d2,M2026-07,7.71,1.0,1.0,0.0,0.0,1.0,7.71,7710.0,
69327e83000000001f00ca08,M2026-07,0.0,2.0,0.0,0.0,0.0,0.0,,0.0,
6933d7c0000000001e01245c,M2026-07,0.01,2.0,1.0,0.0,0.0,0.5,0.01,5.0,
694f3ad60000000022039775,M2026-07,0.0,2.0,0.0,0.0,0.0,0.0,,0.0,
6965f72a0000000022008d1f,M2026-07,0.0,3.0,0.0,0.0,0.0,0.0,,0.0,
696b2fb5000000002202224a,M2026-07,0.0,1.0,0.0,0.0,0.0,0.0,,0.0,
69db4441000000001a0245aa,M2026-07,0.0,1.0,0.0,0.0,0.0,0.0,,0.0,
69e1fc58000000001a032718,M2026-07,0.0,1.0,0.0,0.0,0.0,0.0,,0.0,
69e493f50000000021011353,M2026-07,0.0,1.0,0.0,0.0,0.0,0.0,,0.0,
69edb11c000000003601de80,M2026-07,0.0,1.0,0.0,0.0,0.0,0.0,,0.0,
69edc7ab0000000038022757,M2026-07,0.0,1.0,0.0,0.0,0.0,0.0,,0.0,
6a1d463700000000370378a8,M2026-07,0.0,1.0,0.0,0.0,0.0,0.0,,0.0,
6a2bb452000000002101bc10,M2026-07,0.0,1.0,0.0,0.0,0.0,0.0,,0.0,
6a2bb4d90000000021020b61,M2026-07,0.0,1.0,0.0,0.0,0.0,0.0,,0.0,
63b1500c000000001c006e54,M2026-07,0.0,1.0,0.0,0.0,0.0,0.0,,0.0,
6434cd9e0000000013000f35,M2026-07,0.0,1.0,0.0,0.0,0.0,0.0,,0.0,
64360a79000000001402567f,M2026-07,0.0,2.0,0.0,0.0,0.0,0.0,,0.0,
647c33bc0000000013012e42,M2026-07,0.0,1.0,0.0,0.0,0.0,0.0,,0.0,
64da154d000000000301efcc,M2026-07,0.0,1.0,0.0,0.0,0.0,0.0,,0.0,
65097e20000000001e00ca76,M2026-07,0.0,1.0,0.0,0.0,0.0,0.0,,0.0,
65424d36000000001e0220fd,M2026-07,0.0,2.0,0.0,0.0,0.0,0.0,,0.0,
65450c1a000000001f00681e,M2026-07,0.0,1.0,0.0,0.0,0.0,0.0,,0.0,
65450f54000000001e02ef11,M2026-07,0.0,1.0,0.0,0.0,0.0,0.0,,0.0,
6561bbbb00000000330035c0,M2026-07,0.0,3.0,0.0,0.0,0.0,0.0,,0.0,
6596551b000000001a002c64,M2026-07,0.0,1.0,0.0,0.0,0.0,0.0,,0.0,
65af81bb000000002c0298e0,M2026-07,0.0,1.0,0.0,0.0,0.0,0.0,,0.0,
65e58787000000000102aa4b,M2026-07,0.0,2.0,0.0,0.0,0.0,0.0,,0.0,
6620bcdd000000000401aeee,M2026-07,0.0,1.0,0.0,0.0,0.0,0.0,,0.0,
6635f17d000000001e035307,M2026-07,0.0,2.0,0.0,0.0,0.0,0.0,,0.0,
66499a490000000016010c8f,M2026-07,0.02,2.0,1.0,0.0,0.0,0.5,0.02,10.0,
66657d86000000000e03033b,M2026-07,0.0,1.0,0.0,0.0,0.0,0.0,,0.0,
66f11dca000000001b02255c,M2026-07,0.0,1.0,0.0,0.0,0.0,0.0,,0.0,
673dc13800000000070303da,M2026-07,0.0,1.0,0.0,0.0,0.0,0.0,,0.0,
678605f0000000000b03acdc,M2026-07,0.0,1.0,0.0,0.0,0.0,0.0,,0.0,
678a2e8800000000180176ef,M2026-07,0.0,1.0,0.0,0.0,0.0,0.0,,0.0,
695a1cc2000000001e020cb3,M2026-07,0.0,1.0,0.0,0.0,0.0,0.0,,0.0,
696360850000000022008b45,M2026-07,0.0,1.0,0.0,0.0,0.0,0.0,,0.0,
69785b9800000000210301e7,M2026-07,0.0,2.0,0.0,0.0,0.0,0.0,,0.0,
6981a44a0000000022021102,M2026-07,0.0,1.0,0.0,0.0,0.0,0.0,,0.0,
69e887d2000000002102ffa4,M2026-07,0.19,3.0,1.0,0.0,0.0,0.333333,0.19,63.333333,
69eda5e50000000037035f91,M2026-07,0.0,1.0,0.0,0.0,0.0,0.0,,0.0,
69fb0ef8000000003601dea2,M2026-07,0.01,2.0,0.0,0.0,0.0,0.0,,5.0,
69fc8338000000003603197b,M2026-07,0.0,1.0,0.0,0.0,0.0,0.0,,0.0,
6a083474000000003700d83a,M2026-07,0.0,3.0,0.0,0.0,0.0,0.0,,0.0,
6a085c0a000000003700d0fb,M2026-07,0.2,1.0,0.0,0.0,0.0,0.0,,200.0,
6a31522c0000000022014313,M2026-07,0.0,1.0,0.0,0.0,0.0,0.0,,0.0,
6a4d1e97000000002003bcf3,M2026-07,0.0,1.0,0.0,0.0,0.0,0.0,,0.0,
63e21bc7000000001b005bf1,M2026-07,0.34,2.0,1.0,0.0,0.0,0.5,0.34,170.0,
63ef4d8f000000001300d25b,M2026-07,0.0,1.0,0.0,0.0,0.0,0.0,,0.0,
64816203000000000703a74b,M2026-07,0.0,1.0,0.0,0.0,0.0,0.0,,0.0,
6497998d0000000013007217,M2026-07,0.0,2.0,0.0,0.0,0.0,0.0,,0.0,
65814838000000000901a935,M2026-07,0.0,1.0,0.0,0.0,0.0,0.0,,0.0,
658bd2b90000000011014222,M2026-07,0.0,1.0,0.0,0.0,0.0,0.0,,0.0,
65bc555c000000002b03c9e3,M2026-07,0.04,3.0,2.0,0.0,0.0,0.666667,0.02,13.333333,
65e6d0ef0000000003035601,M2026-07,0.0,2.0,0.0,0.0,0.0,0.0,,0.0,
662a0c65000000000401bd27,M2026-07,0.0,2.0,0.0,0.0,0.0,0.0,,0.0,
66558c77000000001601385c,M2026-07,0.0,1.0,0.0,0.0,0.0,0.0,,0.0,
66d6b5e7000000001d014294,M2026-07,0.0,1.0,0.0,0.0,0.0,0.0,,0.0,
6721ae8a000000001b02e61d,M2026-07,0.0,1.0,0.0,0.0,0.0,0.0,,0.0,
6758289700000000020256b3,M2026-07,0.0,1.0,0.0,0.0,0.0,0.0,,0.0,
69573ae9000000001e02d4fc,M2026-07,0.0,1.0,0.0,0.0,0.0,0.0,,0.0,
69a2ed630000000015030861,M2026-07,0.0,1.0,0.0,0.0,0.0,0.0,,0.0,
69a3ff74000000001d027ea9,M2026-07,0.0,2.0,0.0,0.0,0.0,0.0,,0.0,
69ad786b0000000015032dfb,M2026-07,0.0,4.0,0.0,0.0,0.0,0.0,,0.0,
69d8c91f000000001a023d2d,M2026-07,0.0,1.0,0.0,0.0,0.0,0.0,,0.0,
69e098fe000000001a02a5f9,M2026-07,0.0,1.0,0.0,0.0,0.0,0.0,,0.0,
6a0c560b000000003601bd95,M2026-07,0.0,1.0,0.0,0.0,0.0,0.0,,0.0,
63be269b000000001f00038a,M2026-07,0.0,1.0,0.0,0.0,0.0,0.0,,0.0,
63bfccdd0000000018010220,M2026-07,0.0,1.0,0.0,0.0,0.0,0.0,,0.0,
63c8d157000000001f02357d,M2026-07,0.0,1.0,0.0,0.0,0.0,0.0,,0.0,
63d150f60000000004005303,M2026-07,0.0,6.0,0.0,0.0,0.0,0.0,,0.0,
63da468b0000000008023fc1,M2026-07,0.0,1.0,0.0,0.0,0.0,0.0,,0.0,
6412e9f30000000027011f1b,M2026-07,0.0,2.0,0.0,0.0,0.0,0.0,,0.0,
644c96e200000000140259cf,M2026-07,0.0,1.0,0.0,0.0,0.0,0.0,,0.0,
64772a340000000013005fbf,M2026-07,0.0,1.0,0.0,0.0,0.0,0.0,,0.0,
64885b9c0000000011013a45,M2026-07,0.0,1.0,0.0,0.0,0.0,0.0,,0.0,
64be3839000000000b028a7e,M2026-07,0.0,1.0,0.0,0.0,0.0,0.0,,0.0,
64bf2af70000000017019af4,M2026-07,0.12,7.0,1.0,0.0,0.0,0.142857,0.12,17.142857,
64bfa29d000000000a0186f9,M2026-07,0.0,1.0,0.0,0.0,0.0,0.0,,0.0,
64c463d5000000000b029372,M2026-07,0.0,1.0,0.0,0.0,0.0,0.0,,0.0,
64e86dfc000000001700f546,M2026-07,0.0,1.0,0.0,0.0,0.0,0.0,,0.0,
64f0abfe000000001e0318d0,M2026-07,0.0,1.0,0.0,0.0,0.0,0.0,,0.0,
64f5b688000000001e029746,M2026-07,0.0,1.0,0.0,0.0,0.0,0.0,,0.0,
64fe858a000000001f007a29,M2026-07,0.0,1.0,0.0,0.0,0.0,0.0,,0.0,
65377938000000001f037917,M2026-07,0.0,1.0,0.0,0.0,0.0,0.0,,0.0,
653b5a2d000000001e03de3e,M2026-07,0.0,1.0,0.0,0.0,0.0,0.0,,0.0,
657ff4f2000000000901ca8e,M2026-07,0.0,1.0,0.0,0.0,0.0,0.0,,0.0,
65950ec3000000001102cc42,M2026-07,0.0,1.0,0.0,0.0,0.0,0.0,,0.0,
659fa865000000001101406e,M2026-07,0.0,1.0,0.0,0.0,0.0,0.0,,0.0,
65ae1f07000000002c0138af,M2026-07,0.0,1.0,0.0,0.0,0.0,0.0,,0.0,
6975d5030000000022032c1e,M2026-07,0.0,2.0,0.0,0.0,0.0,0.0,,0.0,
69f9a0170000000036033e87,M2026-07,0.0,1.0,0.0,0.0,0.0,0.0,,0.0,
69fda6f1000000003701c450,M2026-07,0.0,1.0,0.0,0.0,0.0,0.0,,0.0,
6a0ebe6c0000000036030a7f,M2026-07,0.0,2.0,0.0,0.0,0.0,0.0,,0.0,
6a10262b0000000036031b9a,M2026-07,0.06,1.0,1.0,0.0,0.0,1.0,0.06,60.0,
6a3bdafd000000002103d0c7,M2026-07,0.0,1.0,0.0,0.0,0.0,0.0,,0.0,
658bd1d2000000001c012e55,M2026-07,0.0,2.0,0.0,0.0,0.0,0.0,,0.0,
66091722000000001a0100c2,M2026-07,0.0,1.0,0.0,0.0,0.0,0.0,,0.0,
66ee77af0000000012011770,M2026-07,9.47,1.0,1.0,0.0,0.0,1.0,9.47,9470.0,
672c2cfd00000000190176e7,M2026-07,0.0,1.0,0.0,0.0,0.0,0.0,,0.0,
695c8593000000001a0246c8,M2026-07,0.0,2.0,0.0,0.0,0.0,0.0,,0.0,
6a1419dd000000003603112c,M2026-07,0.0,1.0,0.0,0.0,0.0,0.0,,0.0,
65d5ab8e000000000702727d,M2026-07,0.0,1.0,0.0,0.0,0.0,0.0,,0.0,
660919bf000000001a0151d2,M2026-07,0.0,1.0,0.0,0.0,0.0,0.0,,0.0,
66091b49000000001a016fdb,M2026-07,0.0,1.0,0.0,0.0,0.0,0.0,,0.0,
6645bbb8000000001e037400,M2026-07,0.0,1.0,0.0,0.0,0.0,0.0,,0.0,
667680da000000001e011696,M2026-07,0.0,1.0,0.0,0.0,0.0,0.0,,0.0,
6683b3a9000000001e012c98,M2026-07,0.0,1.0,0.0,0.0,0.0,0.0,,0.0,
6698cb680000000025015170,M2026-07,0.0,1.0,0.0,0.0,0.0,0.0,,0.0,
66a89dfe000000000600c687,M2026-07,0.0,1.0,0.0,0.0,0.0,0.0,,0.0,
6719f854000000002401b794,M2026-07,0.0,1.0,0.0,0.0,0.0,0.0,,0.0,
67287a4b000000001901afbf,M2026-07,0.0,1.0,0.0,0.0,0.0,0.0,,0.0,
67456d16000000000201b5e0,M2026-07,0.0,1.0,0.0,0.0,0.0,0.0,,0.0,
6758281a00000000020163f7,M2026-07,0.0,1.0,0.0,0.0,0.0,0.0,,0.0,
677105fe000000000900fbd5,M2026-07,0.0,1.0,0.0,0.0,0.0,0.0,,0.0,
6772730a000000000800ea07,M2026-07,0.0,1.0,0.0,0.0,0.0,0.0,,0.0,
67ad9f1a000000002903d131,M2026-07,0.0,1.0,0.0,0.0,0.0,0.0,,0.0,
6985e5f7000000001d02693a,M2026-07,0.0,1.0,0.0,0.0,0.0,0.0,,0.0,
6990569b000000001b01d21a,M2026-07,0.0,1.0,0.0,0.0,0.0,0.0,,0.0,
69b4c0c0000000001a02650e,M2026-07,0.0,1.0,0.0,0.0,0.0,0.0,,0.0,
69b901f800000000220023f4,M2026-07,0.0,1.0,0.0,0.0,0.0,0.0,,0.0,
69edc7450000000036018931,M2026-07,0.0,1.0,0.0,0.0,0.0,0.0,,0.0,
6a0c287800000000370343e8,M2026-07,0.0,1.0,0.0,0.0,0.0,0.0,,0.0,
63ad6640000000001f00edf4,M2026-07,0.0,2.0,0.0,0.0,0.0,0.0,,0.0,
644f6f86000000001301588e,M2026-07,0.0,1.0,0.0,0.0,0.0,0.0,,0.0,
6471b8940000000012031833,M2026-07,0.0,1.0,0.0,0.0,0.0,0.0,,0.0,
649ac8060000000007039048,M2026-07,0.0,1.0,0.0,0.0,0.0,0.0,,0.0,
64be3f380000000010033e63,M2026-07,0.0,1.0,0.0,0.0,0.0,0.0,,0.0,
64d05e36000000001701aff7,M2026-07,0.0,1.0,0.0,0.0,0.0,0.0,,0.0,
64dcb208000000001201947b,M2026-07,0.0,2.0,0.0,0.0,0.0,0.0,,0.0,
64e9c9cb000000000c036ba7,M2026-07,0.0,1.0,0.0,0.0,0.0,0.0,,0.0,
6502bc91000000001e03f6b6,M2026-07,0.6,1.0,1.0,0.0,0.0,1.0,0.6,600.0,
653b2a26000000001e02923e,M2026-07,0.0,1.0,0.0,0.0,0.0,0.0,,0.0,
65790ac5000000000901923f,M2026-07,0.0,1.0,0.0,0.0,0.0,0.0,,0.0,
657ea4f40000000006028738,M2026-07,0.0,1.0,0.0,0.0,0.0,0.0,,0.0,
65a8d975000000002a010976,M2026-07,0.0,2.0,0.0,0.0,0.0,0.0,,0.0,
65ffd89700000000120227d7,M2026-07,0.0,1.0,0.0,0.0,0.0,0.0,,0.0,
6618eaf6000000001a015070,M2026-07,0.0,1.0,0.0,0.0,0.0,0.0,,0.0,
665c2805000000000500608c,M2026-07,0.0,1.0,0.0,0.0,0.0,0.0,,0.0,
6690e1430000000025017957,M2026-07,0.0,1.0,0.0,0.0,0.0,0.0,,0.0,
66bf228f0000000025031381,M2026-07,0.0,1.0,0.0,0.0,0.0,0.0,,0.0,
66dfefd8000000000c0185ed,M2026-07,0.0,2.0,0.0,0.0,0.0,0.0,,0.0,
6739afde000000001b02f77c,M2026-07,0.0,1.0,0.0,0.0,0.0,0.0,,0.0,
67469a3a000000000201aff2,M2026-07,0.0,1.0,0.0,0.0,0.0,0.0,,0.0,
674aaf0a000000000800733c,M2026-07,0.0,1.0,0.0,0.0,0.0,0.0,,0.0,
677904f80000000013008ea1,M2026-07,0.0,1.0,0.0,0.0,0.0,0.0,,0.0,
683d649900000000210085bc,M2026-07,0.0,1.0,0.0,0.0,0.0,0.0,,0.0,
688b3145000000002501aed8,M2026-07,0.0,1.0,0.0,0.0,0.0,0.0,,0.0,
68bff3dc000000001d020916,M2026-07,0.0,1.0,0.0,0.0,0.0,0.0,,0.0,
69508d0e0000000022033295,M2026-07,0.03,1.0,1.0,0.0,0.0,1.0,0.03,30.0,
695b71c7000000000d00aa46,M2026-07,0.0,1.0,0.0,0.0,0.0,0.0,,0.0,
69605e99000000000b00a172,M2026-07,0.0,2.0,0.0,0.0,0.0,0.0,,0.0,
69a6f4cc0000000015033661,M2026-07,0.0,1.0,0.0,0.0,0.0,0.0,,0.0,
69ba6581000000001a032032,M2026-07,0.0,1.0,0.0,0.0,0.0,0.0,,0.0,
69ce5721000000001a030e4f,M2026-07,0.0,1.0,0.0,0.0,0.0,0.0,,0.0,
6a229110000000002200a7e0,M2026-07,0.0,1.0,0.0,0.0,0.0,0.0,,0.0,
6464302100000000070383dd,M2026-07,0.0,1.0,0.0,0.0,0.0,0.0,,0.0,
648c2aa300000000130337d6,M2026-07,4.85,1.0,1.0,1.0,0.0,1.0,4.85,4850.0,
64fefc69000000001e0233e0,M2026-07,0.0,1.0,0.0,0.0,0.0,0.0,,0.0,
6533eb95000000001d016265,M2026-07,0.0,1.0,0.0,0.0,0.0,0.0,,0.0,
6541cb75000000001e03de8a,M2026-07,0.0,1.0,0.0,0.0,0.0,0.0,,0.0,
658fd215000000001d03322d,M2026-07,0.0,1.0,0.0,0.0,0.0,0.0,,0.0,
65d705ef000000000102aa45,M2026-07,0.0,1.0,0.0,0.0,0.0,0.0,,0.0,
674ee864000000000201a856,M2026-07,0.0,1.0,0.0,0.0,0.0,0.0,,0.0,
67516d4c00000000060175a3,M2026-07,0.01,1.0,1.0,0.0,0.0,1.0,0.01,10.0,
676e6e49000000001300e9d1,M2026-07,0.01,1.0,1.0,0.0,0.0,1.0,0.01,10.0,
67cc0d32000000002902c6f2,M2026-07,0.0,1.0,0.0,0.0,0.0,0.0,,0.0,
68299d25000000002301d4c6,M2026-07,0.0,1.0,0.0,0.0,0.0,0.0,,0.0,
694a4b6a000000001e036b23,M2026-07,0.0,1.0,0.0,0.0,0.0,0.0,,0.0,
694ba3e1000000001e02e9af,M2026-07,0.0,1.0,0.0,0.0,0.0,0.0,,0.0,
63ba316b000000002203a5ea,M2026-07,0.0,1.0,0.0,0.0,0.0,0.0,,0.0,
656444e2000000003300b9ef,M2026-07,0.0,1.0,0.0,0.0,0.0,0.0,,0.0,
65bc683f000000002b03dd7e,M2026-07,0.0,1.0,0.0,0.0,0.0,0.0,,0.0,
663dd44c000000001e0339f5,M2026-07,0.0,2.0,0.0,0.0,0.0,0.0,,0.0,
664710a30000000005005675,M2026-07,0.0,1.0,0.0,0.0,0.0,0.0,,0.0,
665c28db00000000160123b0,M2026-07,0.0,1.0,0.0,0.0,0.0,0.0,,0.0,
69e3479d00000000220012d6,M2026-07,0.0,1.0,0.0,0.0,0.0,0.0,,0.0,
6a1d4680000000003701de4c,M2026-07,0.0,1.0,0.0,0.0,0.0,0.0,,0.0,
63c7b8bd000000001f00ba81,M2026-07,0.01,1.0,1.0,0.0,0.0,1.0,0.01,10.0,
6430bb920000000013007c52,M2026-07,0.0,1.0,0.0,0.0,0.0,0.0,,0.0,
64dcae4f000000000b02b120,M2026-07,0.0,1.0,0.0,0.0,0.0,0.0,,0.0,
64e8b372000000001701a7d0,M2026-07,0.0,1.0,0.0,0.0,0.0,0.0,,0.0,
650d68b1000000001f005742,M2026-07,0.0,1.0,0.0,0.0,0.0,0.0,,0.0,
65b8a6b6000000002c03c971,M2026-07,0.0,1.0,0.0,0.0,0.0,0.0,,0.0,
65e1836f000000000102968b,M2026-07,0.0,1.0,0.0,0.0,0.0,0.0,,0.0,
65f9455c000000000d00d8fb,M2026-07,0.0,1.0,0.0,0.0,0.0,0.0,,0.0,
66163f67000000001a010947,M2026-07,0.0,1.0,0.0,0.0,0.0,0.0,,0.0,
662c98480000000001006691,M2026-07,0.0,1.0,0.0,0.0,0.0,0.0,,0.0,
662c9e02000000000401b6f4,M2026-07,0.0,1.0,0.0,0.0,0.0,0.0,,0.0,
66306c29000000001e03990d,M2026-07,0.0,2.0,0.0,0.0,0.0,0.0,,0.0,
665835db00000000050072d2,M2026-07,0.0,1.0,0.0,0.0,0.0,0.0,,0.0,
66bc620a000000001e01a3e4,M2026-07,0.0,1.0,0.0,0.0,0.0,0.0,,0.0,
66d179e2000000001d01b84b,M2026-07,0.0,2.0,0.0,0.0,0.0,0.0,,0.0,
66f11d2b000000001b021750,M2026-07,0.0,1.0,0.0,0.0,0.0,0.0,,0.0,
63d1e16b000000001c00586f,M2026-08,0.19,36.0,1.0,0.0,0.0,0.027778,0.19,5.277778,
6450de99000000000800ca13,M2026-08,0.0,1.0,0.0,0.0,0.0,0.0,,0.0,
6470abf2000000000800c4a1,M2026-08,0.0,2.0,0.0,0.0,0.0,0.0,,0.0,
649953950000000013034155,M2026-08,2.19,113.0,12.0,0.0,0.0,0.106195,0.1825,19.380531,
64abc35b000000001c00c94a,M2026-08,0.0,6.0,0.0,0.0,0.0,0.0,,0.0,
64db4e87000000001701a578,M2026-08,11.679999999999998,38.0,6.0,0.0,0.0,0.157895,1.946667,307.368421,
64df68ce00000000030235b3,M2026-08,0.11,18.0,3.0,0.0,0.0,0.166667,0.036667,6.111111,
658692df000000003802c87a,M2026-08,0.0,5.0,0.0,0.0,0.0,0.0,,0.0,
659bab08000000001a02a02b,M2026-08,0.1,44.0,3.0,0.0,0.0,0.068182,0.033333,2.272727,
65a4de98000000001e0081cb,M2026-08,0.05,12.0,2.0,0.0,0.0,0.166667,0.025,4.166667,
65a78024000000002a015727,M2026-08,0.0,1.0,0.0,0.0,0.0,0.0,,0.0,
65bc5280000000002c0124dc,M2026-08,10.57,31.0,2.0,0.0,0.0,0.064516,5.285,340.967742,
65d86297000000000b022d6e,M2026-08,7.67,113.0,16.0,0.0,0.0,0.141593,0.479375,67.876106,
65e6d0ef0000000003035601,M2026-08,0.0,3.0,0.0,0.0,0.0,0.0,,0.0,
6613a046000000001a01582d,M2026-08,9.43,133.0,27.0,0.0,0.0,0.203008,0.349259,70.902256,
66470da5000000001401840d,M2026-08,1.32,28.0,3.0,0.0,0.0,0.107143,0.44,47.142857,
66de90b3000000000c01a935,M2026-08,23.01,169.0,15.0,0.0,0.0,0.088757,1.534,136.153846,
66dff03b0000000012013fe9,M2026-08,0.0,2.0,0.0,0.0,0.0,0.0,,0.0,
670630e9000000001a023e3f,M2026-08,9.2,219.0,23.0,0.0,0.0,0.105023,0.4,42.009132,
671c96b200000000260345a4,M2026-08,0.59,36.0,6.0,0.0,0.0,0.166667,0.098333,16.388889,
673c67a5000000000703171e,M2026-08,11.96,290.0,39.0,0.0,0.0,0.134483,0.306667,41.241379,
675d4d1100000000020358b0,M2026-08,0.0,5.0,0.0,0.0,0.0,0.0,,0.0,
675d4e140000000001029d31,M2026-08,0.62,34.0,7.0,1.0,0.0,0.205882,0.088571,18.235294,
67ad9eaf000000002802b30b,M2026-08,5.04,11.0,1.0,0.0,0.0,0.090909,5.04,458.181818,
67cbab34000000002a00dd7a,M2026-08,0.0,1.0,0.0,0.0,0.0,0.0,,0.0,
67cd47000000000029027c4b,M2026-08,0.0,2.0,0.0,0.0,0.0,0.0,,0.0,
67d5268d000000001b03e868,M2026-08,0.6799999999999999,30.0,5.0,0.0,0.0,0.166667,0.136,22.666667,
681da9dc000000002001e634,M2026-08,0.01,10.0,1.0,0.0,0.0,0.1,0.01,1.0,
68395a24000000002100c53d,M2026-08,2.0500000000000003,126.0,14.0,0.0,0.0,0.111111,0.146429,16.269841,
69293a52000000001f00dec5,M2026-08,0.62,46.0,5.0,0.0,0.0,0.108696,0.124,13.478261,
6936766c000000001b0237dc,M2026-08,7.31,93.0,11.0,0.0,0.0,0.11828,0.664545,78.602151,
69367987000000001b027d8f,M2026-08,0.16999999999999998,35.0,4.0,0.0,0.0,0.114286,0.0425,4.857143,
69572257000000001e02879a,M2026-08,0.0,2.0,0.0,0.0,0.0,0.0,,0.0,
69747a91000000002202e8cb,M2026-08,19.560000000000002,401.0,44.0,1.0,0.0,0.109726,0.444545,48.778055,
697483bc0000000021030797,M2026-08,2.6799999999999997,74.0,7.0,0.0,0.0,0.094595,0.382857,36.216216,
69806002000000002203a5e3,M2026-08,52.989999999999995,1140.0,80.0,3.0,0.0,0.070175,0.662375,46.482456,
69848984000000002203b8c4,M2026-08,0.09999999999999999,57.0,7.0,0.0,0.0,0.122807,0.014286,1.754386,
6989a3c4000000001b014abc,M2026-08,0.0,2.0,0.0,0.0,0.0,0.0,,0.0,
698b25ad000000001b014b1d,M2026-08,0.0,3.0,0.0,0.0,0.0,0.0,,0.0,
698ee2ae00000000150201e0,M2026-08,0.0,7.0,0.0,0.0,0.0,0.0,,0.0,
69919e19000000001b01e5ec,M2026-08,0.0,1.0,0.0,0.0,0.0,0.0,,0.0,
69a184d200000000150204c6,M2026-08,0.0,4.0,0.0,0.0,0.0,0.0,,0.0,
69ad786b0000000015032dfb,M2026-08,2.91,25.0,2.0,0.0,0.0,0.08,1.455,116.4,
69af8cfd00000000160099b4,M2026-08,6.180000000000001,79.0,21.0,0.0,0.0,0.265823,0.294286,78.227848,
69b28398000000001b01e6e7,M2026-08,0.0,1.0,0.0,0.0,0.0,0.0,,0.0,
69be6614000000001a0316a9,M2026-08,0.0,6.0,0.0,0.0,0.0,0.0,,0.0,
69c3a080000000002102ca12,M2026-08,11.580000000000002,101.0,15.0,0.0,0.0,0.148515,0.772,114.653465,
69c79a74000000002102e490,M2026-08,0.0,1.0,0.0,0.0,0.0,0.0,,0.0,
69d8c91f000000001a023d2d,M2026-08,0.0,3.0,0.0,0.0,0.0,0.0,,0.0,
69eda28a000000003701d066,M2026-08,0.5399999999999999,24.0,2.0,0.0,0.0,0.083333,0.27,22.5,
69edb08f000000003601db21,M2026-08,0.0,10.0,0.0,0.0,0.0,0.0,,0.0,
69fb0ef8000000003601dea2,M2026-08,0.0,4.0,0.0,0.0,0.0,0.0,,0.0,
6a004a1b000000003601b0de,M2026-08,3.57,18.0,2.0,0.0,0.0,0.111111,1.785,198.333333,
6a043cb600000000370356ab,M2026-08,0.0,2.0,0.0,0.0,0.0,0.0,,0.0,
6a0db0b5000000003601f6a2,M2026-08,2.39,10.0,1.0,0.0,0.0,0.1,2.39,239.0,
63bac1840000000018013e62,M2026-08,0.01,23.0,1.0,0.0,0.0,0.043478,0.01,0.434783,
64bde94e000000000103d0c5,M2026-08,0.0,4.0,0.0,0.0,0.0,0.0,,0.0,
64be2a48000000001201c5db,M2026-08,0.0,3.0,0.0,0.0,0.0,0.0,,0.0,
64da0412000000000301e765,M2026-08,0.0,4.0,0.0,0.0,0.0,0.0,,0.0,
64dcb208000000001201947b,M2026-08,0.0,2.0,0.0,0.0,0.0,0.0,,0.0,
64f30ba3000000001e032074,M2026-08,0.0,3.0,0.0,0.0,0.0,0.0,,0.0,
6513e021000000001f0075bd,M2026-08,0.44000000000000006,10.0,2.0,0.0,0.0,0.2,0.22,44.0,
65326a2f000000001d016284,M2026-08,0.0,2.0,0.0,0.0,0.0,0.0,,0.0,
65421900000000001f0360c9,M2026-08,0.09999999999999999,40.0,3.0,0.0,0.0,0.075,0.033333,2.5,
6544e4b5000000001f03b71c,M2026-08,0.06,10.0,1.0,0.0,0.0,0.1,0.06,6.0,
6565ad2e0000000033001031,M2026-08,0.0,1.0,0.0,0.0,0.0,0.0,,0.0,
657831de000000000703b9d8,M2026-08,0.0,4.0,0.0,0.0,0.0,0.0,,0.0,
658693750000000038025102,M2026-08,0.0,15.0,0.0,0.0,0.0,0.0,,0.0,
658e8a1a000000001e00441a,M2026-08,0.0,4.0,0.0,0.0,0.0,0.0,,0.0,
65af7fb6000000002c028a8b,M2026-08,0.02,4.0,1.0,0.0,0.0,0.25,0.02,5.0,
65b8ac46000000002c013741,M2026-08,0.0,3.0,0.0,0.0,0.0,0.0,,0.0,
65d325c800000000010292de,M2026-08,0.11,56.0,8.0,0.0,0.0,0.142857,0.01375,1.964286,
65e1b5a8000000000102af89,M2026-08,0.52,64.0,12.0,0.0,0.0,0.1875,0.043333,8.125,
65e588e20000000001028416,M2026-08,1.34,117.0,12.0,0.0,0.0,0.102564,0.111667,11.452991,
65e6f7ea000000000303422b,M2026-08,0.08,15.0,3.0,0.0,0.0,0.2,0.026667,5.333333,
65e973a20000000003036a18,M2026-08,0.11000000000000001,50.0,5.0,0.0,0.0,0.1,0.022,2.2,
65ec182b0000000003035073,M2026-08,1.9900000000000002,63.0,16.0,0.0,0.0,0.253968,0.124375,31.587302,
65efaf2d000000001202067b,M2026-08,0.0,6.0,0.0,0.0,0.0,0.0,,0.0,
65fa9548000000001203cce9,M2026-08,6.809999999999999,131.0,15.0,0.0,0.0,0.114504,0.454,51.984733,
660d0bd4000000001a0152d2,M2026-08,0.04,8.0,1.0,0.0,0.0,0.125,0.04,5.0,
6618e8ba000000001a013290,M2026-08,0.0,1.0,0.0,0.0,0.0,0.0,,0.0,
662c98f000000000010073e4,M2026-08,0.0,5.0,0.0,0.0,0.0,0.0,,0.0,
662f53a1000000001e033ecd,M2026-08,0.06,3.0,1.0,0.0,0.0,0.333333,0.06,20.0,
664728240000000014018bd2,M2026-08,0.0,1.0,0.0,0.0,0.0,0.0,,0.0,
66504a020000000005004c87,M2026-08,0.01,17.0,1.0,0.0,0.0,0.058824,0.01,0.588235,
667933df000000001c024221,M2026-08,0.0,3.0,0.0,0.0,0.0,0.0,,0.0,
667935ae000000001f007cb0,M2026-08,0.0,2.0,0.0,0.0,0.0,0.0,,0.0,
667a86e9000000001e01159c,M2026-08,0.0,1.0,0.0,0.0,0.0,0.0,,0.0,
66c6e990000000001d01afe0,M2026-08,0.9299999999999999,25.0,5.0,0.0,0.0,0.2,0.186,37.2,
66e2a12c000000001e01aaa7,M2026-08,11.61,68.0,11.0,0.0,0.0,0.161765,1.055455,170.735294,
66ea7fd0000000001201308d,M2026-08,0.08,13.0,2.0,0.0,0.0,0.153846,0.04,6.153846,
66ee7769000000001e01bc1a,M2026-08,0.0,2.0,0.0,0.0,0.0,0.0,,0.0,
66fe4669000000001b023237,M2026-08,0.53,29.0,3.0,0.0,0.0,0.103448,0.176667,18.275862,
670f7aec000000001b03d8ba,M2026-08,0.0,13.0,0.0,0.0,0.0,0.0,,0.0,
670f7b440000000021009b77,M2026-08,0.10999999999999999,48.0,7.0,0.0,0.0,0.145833,0.015714,2.291667,
671228780000000021000351,M2026-08,0.09,46.0,5.0,0.0,0.0,0.108696,0.018,1.956522,
671b4fb80000000021000b4e,M2026-08,1.17,114.0,12.0,0.0,0.0,0.105263,0.0975,10.263158,
671b68b30000000021006d0e,M2026-08,0.02,12.0,2.0,0.0,0.0,0.166667,0.01,1.666667,
67234cc1000000001b028382,M2026-08,0.02,5.0,1.0,0.0,0.0,0.2,0.02,4.0,
67234d6e000000001a01ca79,M2026-08,0.0,7.0,0.0,0.0,0.0,0.0,,0.0,
6735bd4b000000001901780f,M2026-08,0.0,1.0,0.0,0.0,0.0,0.0,,0.0,
673c67660000000007027445,M2026-08,0.12,6.0,1.0,0.0,0.0,0.166667,0.12,20.0,
673c67eb000000000800548f,M2026-08,0.0,5.0,0.0,0.0,0.0,0.0,,0.0,
673dc06c0000000007033b2e,M2026-08,1.54,140.0,18.0,0.0,0.0,0.128571,0.085556,11.0,
673ffa21000000000202e855,M2026-08,0.0,2.0,0.0,0.0,0.0,0.0,,0.0,
67457104000000000601682d,M2026-08,0.0,5.0,0.0,0.0,0.0,0.0,,0.0,
67595510000000000103d739,M2026-08,0.01,6.0,1.0,0.0,0.0,0.166667,0.01,1.666667,
675d4cd900000000020262bb,M2026-08,0.01,11.0,1.0,0.0,0.0,0.090909,0.01,0.909091,
6762805d000000000800d2bd,M2026-08,0.0,2.0,0.0,0.0,0.0,0.0,,0.0,
67790536000000000902db5a,M2026-08,0.0,3.0,0.0,0.0,0.0,0.0,,0.0,
67b2e2a4000000001902eba3,M2026-08,0.0,1.0,0.0,0.0,0.0,0.0,,0.0,
67ce630f0000000028037949,M2026-08,0.0,7.0,0.0,0.0,0.0,0.0,,0.0,
67ce6411000000002902de45,M2026-08,0.0,14.0,0.0,0.0,0.0,0.0,,0.0,
6822ffcf000000000303b801,M2026-08,2.5799999999999996,66.0,9.0,1.0,0.0,0.136364,0.286667,39.090909,
6843e1d0000000000f03b615,M2026-08,0.15000000000000002,27.0,3.0,0.0,0.0,0.111111,0.05,5.555556,
6843e39f0000000012004d39,M2026-08,1.22,9.0,2.0,1.0,0.0,0.222222,0.61,135.555556,
6856700e000000000d0253e5,M2026-08,0.0,2.0,0.0,0.0,0.0,0.0,,0.0,
685670bb000000000b01fc31,M2026-08,2.74,9.0,2.0,0.0,0.0,0.222222,1.37,304.444444,
68567116000000000d025a77,M2026-08,1.9100000000000001,63.0,13.0,0.0,0.0,0.206349,0.146923,30.31746,
685e5de000000000150216f9,M2026-08,1.1600000000000001,22.0,2.0,0.0,0.0,0.090909,0.58,52.727273,
687890df000000001c0361c2,M2026-08,0.01,5.0,1.0,0.0,0.0,0.2,0.01,2.0,
6895a53e00000000230321d8,M2026-08,2.61,45.0,5.0,0.0,0.0,0.111111,0.522,58.0,
689ab98e0000000023021c3c,M2026-08,0.0,22.0,0.0,0.0,0.0,0.0,,0.0,
68bff0ef000000001d019dea,M2026-08,0.29000000000000004,77.0,6.0,0.0,0.0,0.077922,0.048333,3.766234,
68c7d1fc000000001d0271c8,M2026-08,0.14,5.0,1.0,0.0,0.0,0.2,0.14,28.0,
68db958100000000050336cb,M2026-08,0.04,11.0,2.0,0.0,0.0,0.181818,0.02,3.636364,
68e0e4b10000000007003ead,M2026-08,0.0,5.0,0.0,0.0,0.0,0.0,,0.0,
68ef6601000000000301a9cb,M2026-08,1.32,2.0,1.0,0.0,0.0,0.5,1.32,660.0,
6933d69f000000001d03bd97,M2026-08,0.0,13.0,0.0,0.0,0.0,0.0,,0.0,
69474e28000000001b026885,M2026-08,0.0,5.0,0.0,0.0,0.0,0.0,,0.0,
695c7868000000001a01ee5a,M2026-08,0.0,1.0,0.0,0.0,0.0,0.0,,0.0,
697215d3000000002102babe,M2026-08,0.02,20.0,2.0,0.0,0.0,0.1,0.01,1.0,
69772f10000000002203adb7,M2026-08,0.0,7.0,0.0,0.0,0.0,0.0,,0.0,
6979aa20000000002203199c,M2026-08,0.02,7.0,2.0,0.0,0.0,0.285714,0.01,2.857143,
6979d9d0000000002102890e,M2026-08,0.21,8.0,1.0,0.0,0.0,0.125,0.21,26.25,
697f3a7b0000000022038c46,M2026-08,9.649999999999999,233.0,39.0,0.0,0.0,0.167382,0.247436,41.416309,
6981b7f200000000220207c4,M2026-08,5.45,10.0,2.0,0.0,0.0,0.2,2.725,545.0,
699453d000000000150230b3,M2026-08,0.03,13.0,2.0,0.0,0.0,0.153846,0.015,2.307692,
69a6a375000000001d012a11,M2026-08,1.11,31.0,8.0,0.0,0.0,0.258065,0.13875,35.806452,
69aaa345000000001502198f,M2026-08,0.02,12.0,2.0,0.0,0.0,0.166667,0.01,1.666667,
69abed790000000015039bcf,M2026-08,0.0,14.0,0.0,0.0,0.0,0.0,,0.0,
69b3dc74000000001a029467,M2026-08,0.21000000000000002,32.0,8.0,0.0,0.0,0.25,0.02625,6.5625,
69bedca5000000001a021915,M2026-08,0.08,50.0,3.0,0.0,0.0,0.06,0.026667,1.6,
69ca3f300000000022003c4b,M2026-08,0.0,9.0,0.0,0.0,0.0,0.0,,0.0,
69cce0ed000000001a029e9d,M2026-08,0.01,9.0,1.0,0.0,0.0,0.111111,0.01,1.111111,
69db4493000000001a033d3f,M2026-08,0.01,4.0,1.0,0.0,0.0,0.25,0.01,2.5,
69e722b7000000001a023879,M2026-08,0.02,4.0,2.0,0.0,0.0,0.5,0.01,5.0,
69e887d2000000002102ffa4,M2026-08,0.0,7.0,0.0,0.0,0.0,0.0,,0.0,
69e9d0d70000000020000800,M2026-08,0.0,3.0,0.0,0.0,0.0,0.0,,0.0,
69ec80a6000000003701d6a0,M2026-08,1.0,23.0,3.0,0.0,0.0,0.130435,0.333333,43.478261,
6a06e7fd000000003700c5ed,M2026-08,0.0,3.0,0.0,0.0,0.0,0.0,,0.0,
6a085c0a000000003700d0fb,M2026-08,0.0,6.0,0.0,0.0,0.0,0.0,,0.0,
6a09838e000000003700c538,M2026-08,0.13,6.0,2.0,0.0,0.0,0.333333,0.065,21.666667,
6a09c38a000000003601b6b3,M2026-08,0.10999999999999999,15.0,3.0,0.0,0.0,0.2,0.036667,7.333333,
6a0c287800000000370343e8,M2026-08,0.0,3.0,0.0,0.0,0.0,0.0,,0.0,
6a16af500000000037037c1c,M2026-08,0.0,5.0,0.0,0.0,0.0,0.0,,0.0,
6a1d463700000000370378a8,M2026-08,0.0,1.0,0.0,0.0,0.0,0.0,,0.0,
6a1e97240000000021023a94,M2026-08,0.01,9.0,1.0,0.0,0.0,0.111111,0.01,1.111111,
6a2152b1000000003603164f,M2026-08,2.15,16.0,2.0,0.0,0.0,0.125,1.075,134.375,
6a265ad6000000000701144a,M2026-08,0.0,1.0,0.0,0.0,0.0,0.0,,0.0,
6a2bb62d00000000070200a5,M2026-08,2.67,10.0,1.0,0.0,0.0,0.1,2.67,267.0,
6a2fbb4a0000000007026748,M2026-08,0.14,8.0,1.0,0.0,0.0,0.125,0.14,17.5,
6a3152ab0000000021023bcd,M2026-08,0.02,19.0,1.0,0.0,0.0,0.052632,0.02,1.052632,
6a3285840000000008000cac,M2026-08,0.86,4.0,1.0,0.0,0.0,0.25,0.86,215.0,
6a3e801f00000000170099f9,M2026-08,0.03,12.0,1.0,0.0,0.0,0.083333,0.03,2.5,
6a3e80560000000016026366,M2026-08,0.42,3.0,1.0,0.0,0.0,0.333333,0.42,140.0,
6a3fc707000000001503f655,M2026-08,0.01,21.0,1.0,0.0,0.0,0.047619,0.01,0.47619,
6a411f31000000001503cdc6,M2026-08,2.05,18.0,2.0,0.0,0.0,0.111111,1.025,113.888889,
6a5a3375000000001b01d245,M2026-08,0.01,4.0,1.0,0.0,0.0,0.25,0.01,2.5,
642e231d0000000011013cdc,M2026-08,0.0,1.0,0.0,0.0,0.0,0.0,,0.0,
64e57d41000000000c0369a4,M2026-08,0.0,1.0,0.0,0.0,0.0,0.0,,0.0,
64ffe0a9000000002000203c,M2026-08,0.0,2.0,0.0,0.0,0.0,0.0,,0.0,
65260089000000001e00c9f4,M2026-08,0.0,2.0,0.0,0.0,0.0,0.0,,0.0,
654340ba000000001e0299de,M2026-08,0.11000000000000001,17.0,5.0,0.0,0.0,0.294118,0.022,6.470588,
65574eec000000003300a922,M2026-08,0.0,4.0,0.0,0.0,0.0,0.0,,0.0,
65ae21ae000000002c03fd67,M2026-08,0.07,11.0,1.0,0.0,0.0,0.090909,0.07,6.363636,
65af7e4e000000002c0397d4,M2026-08,0.65,22.0,5.0,0.0,0.0,0.227273,0.13,29.545455,
65b1c759000000002b03f79a,M2026-08,0.0,3.0,0.0,0.0,0.0,0.0,,0.0,
65bc472a000000002d0026f4,M2026-08,1.92,30.0,6.0,0.0,0.0,0.2,0.32,64.0,
65bc4808000000002c02ab23,M2026-08,0.0,3.0,0.0,0.0,0.0,0.0,,0.0,
65bc5948000000002c02af3a,M2026-08,0.03,15.0,2.0,0.0,0.0,0.133333,0.015,2.0,
66306b40000000001e03454c,M2026-08,0.01,1.0,1.0,0.0,0.0,1.0,0.01,10.0,
6635e9e2000000001e03772a,M2026-08,0.07,11.0,1.0,0.0,0.0,0.090909,0.07,6.363636,
666bf9060000000006006695,M2026-08,0.0,1.0,0.0,0.0,0.0,0.0,,0.0,
667e69b0000000001c02458d,M2026-08,0.0,7.0,0.0,0.0,0.0,0.0,,0.0,
66962b3900000000250072ac,M2026-08,0.01,5.0,1.0,0.0,0.0,0.2,0.01,2.0,
66b1de10000000001e01c1ec,M2026-08,11.290000000000001,55.0,13.0,0.0,0.0,0.236364,0.868462,205.272727,
66bc63b70000000025030e7d,M2026-08,0.23000000000000004,67.0,9.0,0.0,0.0,0.134328,0.025556,3.432836,
66de9050000000001e01addd,M2026-08,1.31,246.0,35.0,0.0,0.0,0.142276,0.037429,5.325203,
66ebc041000000000c01b331,M2026-08,0.0,5.0,0.0,0.0,0.0,0.0,,0.0,
66f11d2b000000001b021750,M2026-08,0.0,3.0,0.0,0.0,0.0,0.0,,0.0,
66f3bc31000000001a023cee,M2026-08,0.01,12.0,1.0,0.0,0.0,0.083333,0.01,0.833333,
66f51859000000001b022419,M2026-08,0.8400000000000001,43.0,8.0,0.0,0.0,0.186047,0.105,19.534884,
66fd0eab000000001902e45b,M2026-08,0.15,2.0,1.0,0.0,0.0,0.5,0.15,75.0,
670c6f600000000024015ad0,M2026-08,0.0,2.0,0.0,0.0,0.0,0.0,,0.0,
6710dd2a0000000024019e57,M2026-08,0.0,1.0,0.0,0.0,0.0,0.0,,0.0,
676e6d40000000000902cb3c,M2026-08,0.0,4.0,0.0,0.0,0.0,0.0,,0.0,
67a9a72c000000001801b956,M2026-08,0.03,9.0,1.0,0.0,0.0,0.111111,0.03,3.333333,
67b43a4b00000000280298c5,M2026-08,0.0,7.0,0.0,0.0,0.0,0.0,,0.0,
68341027000000000f038992,M2026-08,0.0,1.0,0.0,0.0,0.0,0.0,,0.0,
693923ff000000001e02dab6,M2026-08,1.65,10.0,1.0,0.0,0.0,0.1,1.65,165.0,
693fa93b000000001d03d6f0,M2026-08,0.0,1.0,0.0,0.0,0.0,0.0,,0.0,
6944f5f2000000001f00a3d7,M2026-08,0.35,8.0,1.0,0.0,0.0,0.125,0.35,43.75,
695a1cc2000000001e020cb3,M2026-08,0.01,4.0,1.0,0.0,0.0,0.25,0.01,2.5,
698892e0000000001d024712,M2026-08,0.0,5.0,0.0,0.0,0.0,0.0,,0.0,
69fb0f64000000003703635a,M2026-08,0.0,3.0,0.0,0.0,0.0,0.0,,0.0,
6a1153de0000000038021066,M2026-08,3.4899999999999998,16.0,3.0,0.0,0.0,0.1875,1.163333,218.125,
6a16b0e90000000036033433,M2026-08,0.0,6.0,0.0,0.0,0.0,0.0,,0.0,
6a3285250000000006036986,M2026-08,0.0,4.0,0.0,0.0,0.0,0.0,,0.0,
6a793de100000000270219db,M2026-08,0.0,4.0,0.0,0.0,0.0,0.0,,0.0,
6a7c4fb4000000000502971c,M2026-08,0.0,3.0,0.0,0.0,0.0,0.0,,0.0,
6433665a000000001300a84c,M2026-08,0.0,1.0,0.0,0.0,0.0,0.0,,0.0,
643a6a48000000001203da38,M2026-08,0.0,1.0,0.0,0.0,0.0,0.0,,0.0,
643d0bdd0000000013009678,M2026-08,0.0,2.0,0.0,0.0,0.0,0.0,,0.0,
6443a4b900000000270127b2,M2026-08,0.07,10.0,3.0,0.0,0.0,0.3,0.023333,7.0,
64c72ad2000000000a01af2e,M2026-08,0.0,1.0,0.0,0.0,0.0,0.0,,0.0,
65081b6b000000001e0205f3,M2026-08,0.0,2.0,0.0,0.0,0.0,0.0,,0.0,
652f3f7a000000001f00749b,M2026-08,0.0,3.0,0.0,0.0,0.0,0.0,,0.0,
653b2a26000000001e02923e,M2026-08,0.01,1.0,1.0,0.0,0.0,1.0,0.01,10.0,
6544c4a3000000001e00dd7c,M2026-08,0.0,2.0,0.0,0.0,0.0,0.0,,0.0,
6561bbbb00000000330035c0,M2026-08,0.0,2.0,0.0,0.0,0.0,0.0,,0.0,
658a85c7000000001e0067d7,M2026-08,0.0,3.0,0.0,0.0,0.0,0.0,,0.0,
659e6e12000000001d025fd3,M2026-08,0.0,2.0,0.0,0.0,0.0,0.0,,0.0,
65a240f4000000001c0103e8,M2026-08,0.0,4.0,0.0,0.0,0.0,0.0,,0.0,
65b8abf1000000002c016b7a,M2026-08,0.22,26.0,3.0,0.0,0.0,0.115385,0.073333,8.461538,
65fa97e5000000001203c05a,M2026-08,0.0,6.0,0.0,0.0,0.0,0.0,,0.0,
662209cf000000000401bdda,M2026-08,0.0,2.0,0.0,0.0,0.0,0.0,,0.0,
66543e01000000001401a8a9,M2026-08,0.01,2.0,1.0,0.0,0.0,0.5,0.01,5.0,
66583266000000001401855a,M2026-08,6.83,7.0,1.0,0.0,0.0,0.142857,6.83,975.714286,
666567450000000006007835,M2026-08,0.52,13.0,1.0,0.0,0.0,0.076923,0.52,40.0,
66680350000000000d00d089,M2026-08,0.02,8.0,2.0,0.0,0.0,0.25,0.01,2.5,
66695c8d0000000006007cc3,M2026-08,0.0,1.0,0.0,0.0,0.0,0.0,,0.0,
666aafd60000000006007638,M2026-08,0.0,3.0,0.0,0.0,0.0,0.0,,0.0,
668ba06d0000000025003455,M2026-08,0.01,2.0,1.0,0.0,0.0,0.5,0.01,5.0,
6690f3ed0000000025002592,M2026-08,0.0,1.0,0.0,0.0,0.0,0.0,,0.0,
66a74a780000000027011fa2,M2026-08,0.01,19.0,1.0,0.0,0.0,0.052632,0.01,0.526316,
66c45b75000000001d0147d8,M2026-08,0.04,19.0,2.0,0.0,0.0,0.105263,0.02,2.105263,
66d2ee62000000001f018845,M2026-08,0.29,8.0,1.0,0.0,0.0,0.125,0.29,36.25,
66dd561b000000001e01ae53,M2026-08,0.06,3.0,1.0,1.0,0.0,0.333333,0.06,20.0,
66dd5665000000001e01b419,M2026-08,0.0,5.0,0.0,0.0,0.0,0.0,,0.0,
66f530bd000000001902dada,M2026-08,0.01,2.0,1.0,0.0,0.0,0.5,0.01,5.0,
66fcfa13000000001b023957,M2026-08,0.01,3.0,1.0,0.0,0.0,0.333333,0.01,3.333333,
6739b019000000001a01e71c,M2026-08,0.06,6.0,1.0,0.0,0.0,0.166667,0.06,10.0,
6745652c000000000202fde8,M2026-08,1.71,7.0,1.0,0.0,0.0,0.142857,1.71,244.285714,
674699fc000000000201ad65,M2026-08,0.0,1.0,0.0,0.0,0.0,0.0,,0.0,
6758290a0000000002016fd5,M2026-08,0.0,2.0,0.0,0.0,0.0,0.0,,0.0,
675ffbcb000000000b0147a3,M2026-08,0.0,1.0,0.0,0.0,0.0,0.0,,0.0,
675ffc66000000000800e54d,M2026-08,0.0,2.0,0.0,0.0,0.0,0.0,,0.0,
67613c39000000000800f745,M2026-08,0.0,13.0,0.0,0.0,0.0,0.0,,0.0,
6788cc78000000001801ecd9,M2026-08,0.0,1.0,0.0,0.0,0.0,0.0,,0.0,
678a2e8800000000180176ef,M2026-08,0.0,1.0,0.0,0.0,0.0,0.0,,0.0,
67b43d3e000000002900a5f8,M2026-08,0.0,2.0,0.0,0.0,0.0,0.0,,0.0,
68bff2ae000000001d01a96e,M2026-08,0.0,2.0,0.0,0.0,0.0,0.0,,0.0,
6927e58e000000001f00ee4b,M2026-08,0.01,7.0,1.0,0.0,0.0,0.142857,0.01,1.428571,
6937eba70000000019025d07,M2026-08,0.0,3.0,0.0,0.0,0.0,0.0,,0.0,
693d34ce000000001e00e6db,M2026-08,0.0,3.0,0.0,0.0,0.0,0.0,,0.0,
6940b4c1000000001e02c4ec,M2026-08,0.0,1.0,0.0,0.0,0.0,0.0,,0.0,
6968a7e1000000001a032b62,M2026-08,0.0,2.0,0.0,0.0,0.0,0.0,,0.0,
69a69ecb00000000150237fb,M2026-08,1.39,3.0,1.0,0.0,0.0,0.333333,1.39,463.333333,
69bbb35500000000210120c6,M2026-08,0.0,2.0,0.0,0.0,0.0,0.0,,0.0,
69edaad80000000037037c37,M2026-08,0.0,3.0,0.0,0.0,0.0,0.0,,0.0,
6a1fd3f70000000008033a96,M2026-08,0.0,3.0,0.0,0.0,0.0,0.0,,0.0,
6a369cd90000000007022dbb,M2026-08,0.0,4.0,0.0,0.0,0.0,0.0,,0.0,
6a3d3401000000001602798f,M2026-08,0.02,2.0,1.0,0.0,0.0,0.5,0.02,10.0,
6a60c77e000000000100c6df,M2026-08,0.55,15.0,1.0,0.0,0.0,0.066667,0.55,36.666667,
6a60c7bf000000000100c89e,M2026-08,0.0,3.0,0.0,0.0,0.0,0.0,,0.0,
6a6b1a430000000008012e68,M2026-08,0.0,1.0,0.0,0.0,0.0,0.0,,0.0,
6a6dc9d80000000025005c46,M2026-08,0.0,5.0,0.0,0.0,0.0,0.0,,0.0,
6a6f1ba70000000028031dd7,M2026-08,0.0,1.0,0.0,0.0,0.0,0.0,,0.0,
6a746513000000003302e88a,M2026-08,0.14,5.0,1.0,0.0,0.0,0.2,0.14,28.0,
6a7856dc0000000029031289,M2026-08,0.0,1.0,0.0,0.0,0.0,0.0,,0.0,
6a793e14000000002903335c,M2026-08,0.0,1.0,0.0,0.0,0.0,0.0,,0.0,
6a7b28ab000000002800316a,M2026-08,0.52,23.0,2.0,0.0,0.0,0.086957,0.26,22.608696,
6a7c4fed0000000025006abe,M2026-08,0.0,1.0,0.0,0.0,0.0,0.0,,0.0,
63abe8b3000000002202b95b,M2026-08,0.0,1.0,0.0,0.0,0.0,0.0,,0.0,
63caa0a000000000220381c1,M2026-08,0.0,2.0,0.0,0.0,0.0,0.0,,0.0,
64b899df000000002f0244a1,M2026-08,0.0,1.0,0.0,0.0,0.0,0.0,,0.0,
64e33439000000000c0370d9,M2026-08,0.0,1.0,0.0,0.0,0.0,0.0,,0.0,
6502b1ee000000001f03f418,M2026-08,0.0,1.0,0.0,0.0,0.0,0.0,,0.0,
65260ace000000001e023539,M2026-08,0.0,2.0,0.0,0.0,0.0,0.0,,0.0,
65450c1a000000001f00681e,M2026-08,0.0,2.0,0.0,0.0,0.0,0.0,,0.0,
65790ac5000000000901923f,M2026-08,0.0,2.0,0.0,0.0,0.0,0.0,,0.0,
658149bd0000000009025675,M2026-08,0.0,2.0,0.0,0.0,0.0,0.0,,0.0,
658691900000000038015b90,M2026-08,0.0,1.0,0.0,0.0,0.0,0.0,,0.0,
65d7063c00000000070240c2,M2026-08,0.0,2.0,0.0,0.0,0.0,0.0,,0.0,
65d852eb0000000007024581,M2026-08,0.0,3.0,0.0,0.0,0.0,0.0,,0.0,
65dee686000000000400223d,M2026-08,0.0,1.0,0.0,0.0,0.0,0.0,,0.0,
65f2aeb80000000012022078,M2026-08,0.0,1.0,0.0,0.0,0.0,0.0,,0.0,
65f55570000000001203d5a7,M2026-08,0.0,4.0,0.0,0.0,0.0,0.0,,0.0,
65f6a31900000000120222cf,M2026-08,0.03,3.0,1.0,0.0,0.0,0.333333,0.03,10.0,
6618ebf1000000001a0138bc,M2026-08,0.08,2.0,1.0,0.0,0.0,0.5,0.08,40.0,
6620bcdd000000000401aeee,M2026-08,0.0,2.0,0.0,0.0,0.0,0.0,,0.0,
6620bf580000000004019f2d,M2026-08,0.0,1.0,0.0,0.0,0.0,0.0,,0.0,
6631f6a8000000001e037d38,M2026-08,0.0,1.0,0.0,0.0,0.0,0.0,,0.0,
669383970000000025016ccf,M2026-08,0.0,1.0,0.0,0.0,0.0,0.0,,0.0,
66962e2800000000250155c9,M2026-08,0.0,1.0,0.0,0.0,0.0,0.0,,0.0,
66bf06a1000000001e01a50a,M2026-08,0.0,1.0,0.0,0.0,0.0,0.0,,0.0,
66c99238000000001d019762,M2026-08,0.63,54.0,11.0,0.0,0.0,0.203704,0.057273,11.666667,
66cc34fa000000001d01465c,M2026-08,0.0,1.0,0.0,0.0,0.0,0.0,,0.0,
66d91bd5000000001e018db7,M2026-08,0.0,1.0,0.0,0.0,0.0,0.0,,0.0,
66e1498c0000000012011a52,M2026-08,0.31,1.0,1.0,0.0,0.0,1.0,0.31,310.0,
67123f7f0000000024018cc0,M2026-08,0.0,1.0,0.0,0.0,0.0,0.0,,0.0,
6718ab00000000002401b0f6,M2026-08,0.01,1.0,1.0,0.0,0.0,1.0,0.01,10.0,
6718c0aa0000000021004924,M2026-08,0.0,3.0,0.0,0.0,0.0,0.0,,0.0,
67233adb000000001b02a1cb,M2026-08,0.0,1.0,0.0,0.0,0.0,0.0,,0.0,
67330f2b000000001b02d91f,M2026-08,0.55,17.0,3.0,0.0,0.0,0.176471,0.183333,32.352941,
67613936000000000900e5ff,M2026-08,0.0,3.0,0.0,0.0,0.0,0.0,,0.0,
67ee4fe0000000001a006ef2,M2026-08,0.0,2.0,0.0,0.0,0.0,0.0,,0.0,
68170e850000000023002506,M2026-08,0.17,2.0,1.0,0.0,0.0,0.5,0.17,85.0,
68299ca50000000023000e3f,M2026-08,0.9,11.0,2.0,0.0,0.0,0.181818,0.45,81.818182,
68679a7f0000000023006fb7,M2026-08,0.0,4.0,0.0,0.0,0.0,0.0,,0.0,
689ed823000000001d0224b3,M2026-08,0.0,1.0,0.0,0.0,0.0,0.0,,0.0,
68a57197000000001d013760,M2026-08,0.0,3.0,0.0,0.0,0.0,0.0,,0.0,
68b55e6f000000001d00caa1,M2026-08,0.0,1.0,0.0,0.0,0.0,0.0,,0.0,
68e0e457000000000700ce1c,M2026-08,0.0,3.0,0.0,0.0,0.0,0.0,,0.0,
697b62370000000022008079,M2026-08,0.0,2.0,0.0,0.0,0.0,0.0,,0.0,
69a6f4cc0000000015033661,M2026-08,0.0,2.0,0.0,0.0,0.0,0.0,,0.0,
69d0d7160000000022000bc4,M2026-08,0.0,1.0,0.0,0.0,0.0,0.0,,0.0,
69d62437000000001a029164,M2026-08,0.0,1.0,0.0,0.0,0.0,0.0,,0.0,
69da0516000000001a030ff1,M2026-08,0.0,2.0,0.0,0.0,0.0,0.0,,0.0,
6a0ebe6c0000000036030a7f,M2026-08,0.19,1.0,1.0,0.0,0.0,1.0,0.19,190.0,
6a1fcda8000000000803c1e3,M2026-08,0.0,2.0,0.0,0.0,0.0,0.0,,0.0,
6a411feb000000001c026d77,M2026-08,0.15,6.0,1.0,0.0,0.0,0.166667,0.15,25.0,
6a461f48000000001603f1dd,M2026-08,0.1,8.0,1.0,0.0,0.0,0.125,0.1,12.5,
6a578aa20000000016024109,M2026-08,0.0,1.0,0.0,0.0,0.0,0.0,,0.0,
6a5b7a86000000001302c087,M2026-08,0.0,1.0,0.0,0.0,0.0,0.0,,0.0,
6a5b7aed000000001002611c,M2026-08,0.0,1.0,0.0,0.0,0.0,0.0,,0.0,
6a5e1683000000000100f67a,M2026-08,0.0,1.0,0.0,0.0,0.0,0.0,,0.0,
6a5f7bb60000000004029dd8,M2026-08,0.21,6.0,1.0,0.0,0.0,0.166667,0.21,35.0,
6a621c29000000000301f183,M2026-08,0.0,2.0,0.0,0.0,0.0,0.0,,0.0,
6a64b9a600000000100296e2,M2026-08,0.0,3.0,0.0,0.0,0.0,0.0,,0.0,
6a78571e0000000025000a5e,M2026-08,0.0,1.0,0.0,0.0,0.0,0.0,,0.0,
6a7b2874000000002500a32c,M2026-08,0.0,1.0,0.0,0.0,0.0,0.0,,0.0,
63e0cd980000000004007785,M2026-08,0.01,1.0,1.0,0.0,0.0,1.0,0.01,10.0,
64420971000000000703b16e,M2026-08,0.0,1.0,0.0,0.0,0.0,0.0,,0.0,
647ff2b30000000007039bef,M2026-08,0.0,1.0,0.0,0.0,0.0,0.0,,0.0,
6491151a0000000013037a7a,M2026-08,0.0,2.0,0.0,0.0,0.0,0.0,,0.0,
649149bf0000000014027599,M2026-08,0.0,2.0,0.0,0.0,0.0,0.0,,0.0,
649a3dec000000001300a176,M2026-08,0.03,9.0,3.0,0.0,0.0,0.333333,0.01,3.333333,
64a54c03000000001201176c,M2026-08,0.0,1.0,0.0,0.0,0.0,0.0,,0.0,
64bfa29d000000000a0186f9,M2026-08,0.0,4.0,0.0,0.0,0.0,0.0,,0.0,
64e8b372000000001701a7d0,M2026-08,0.0,4.0,0.0,0.0,0.0,0.0,,0.0,
64f0abfe000000001e0318d0,M2026-08,0.0,1.0,0.0,0.0,0.0,0.0,,0.0,
64fdc220000000001e02acb7,M2026-08,0.0,4.0,0.0,0.0,0.0,0.0,,0.0,
64fefc69000000001e0233e0,M2026-08,0.0,3.0,0.0,0.0,0.0,0.0,,0.0,
6502d053000000001f005221,M2026-08,0.0,2.0,0.0,0.0,0.0,0.0,,0.0,
65080ae0000000001e020f0f,M2026-08,0.0,3.0,0.0,0.0,0.0,0.0,,0.0,
650ed207000000001f004d91,M2026-08,0.0,1.0,0.0,0.0,0.0,0.0,,0.0,
65424d36000000001e0220fd,M2026-08,0.77,3.0,1.0,0.0,0.0,0.333333,0.77,256.666667,
65450d0e000000001f035b08,M2026-08,0.0,1.0,0.0,0.0,0.0,0.0,,0.0,
656c3832000000000602066f,M2026-08,0.0,3.0,0.0,0.0,0.0,0.0,,0.0,
658530cb000000000602b605,M2026-08,0.0,6.0,0.0,0.0,0.0,0.0,,0.0,
6593c7c0000000001d030fbd,M2026-08,0.0,1.0,0.0,0.0,0.0,0.0,,0.0,
65950e200000000011033ae7,M2026-08,0.0,1.0,0.0,0.0,0.0,0.0,,0.0,
659baab8000000001e008c2c,M2026-08,0.0,3.0,0.0,0.0,0.0,0.0,,0.0,
65a8dd4a000000002b007f20,M2026-08,0.0,1.0,0.0,0.0,0.0,0.0,,0.0,
65bc5f28000000000702bf1e,M2026-08,0.0,1.0,0.0,0.0,0.0,0.0,,0.0,
65d5ad59000000000102854b,M2026-08,0.0,3.0,0.0,0.0,0.0,0.0,,0.0,
65d9a308000000000102be01,M2026-08,0.0,1.0,0.0,0.0,0.0,0.0,,0.0,
65daf721000000000102b017,M2026-08,0.03,1.0,1.0,0.0,0.0,1.0,0.03,30.0,
65dd9bfd000000000102ae17,M2026-08,0.0,5.0,0.0,0.0,0.0,0.0,,0.0,
65dd9d15000000000102808f,M2026-08,0.0,1.0,0.0,0.0,0.0,0.0,,0.0,
65e1b4530000000003035d58,M2026-08,0.0,1.0,0.0,0.0,0.0,0.0,,0.0,
65e58787000000000102aa4b,M2026-08,0.0,3.0,0.0,0.0,0.0,0.0,,0.0,
65e9730b0000000001029980,M2026-08,0.0,2.0,0.0,0.0,0.0,0.0,,0.0,
65eec2a300000000120230d4,M2026-08,0.04,7.0,1.0,0.0,0.0,0.142857,0.04,5.714286,
65f553790000000012020778,M2026-08,0.09,4.0,1.0,0.0,0.0,0.25,0.09,22.5,
66067773000000001a013e75,M2026-08,0.0,1.0,0.0,0.0,0.0,0.0,,0.0,
660bbc75000000001a010571,M2026-08,0.0,1.0,0.0,0.0,0.0,0.0,,0.0,
66110c18000000001a01306e,M2026-08,0.28,2.0,1.0,0.0,0.0,0.5,0.28,140.0,
6618eb85000000001a00ef17,M2026-08,0.0,1.0,0.0,0.0,0.0,0.0,,0.0,
661e2ecc0000000004019c71,M2026-08,0.01,3.0,1.0,0.0,0.0,0.333333,0.01,3.333333,
6628b5b6000000000401b502,M2026-08,0.0,2.0,0.0,0.0,0.0,0.0,,0.0,
66388d15000000001e032799,M2026-08,0.0,1.0,0.0,0.0,0.0,0.0,,0.0,
666bf7ab000000000d00d89e,M2026-08,0.0,2.0,0.0,0.0,0.0,0.0,,0.0,
669f5e4e000000002701d816,M2026-08,0.0,1.0,0.0,0.0,0.0,0.0,,0.0,
66b87cc9000000001e01cf93,M2026-08,0.0,2.0,0.0,0.0,0.0,0.0,,0.0,
66bf078d0000000025033ff9,M2026-08,0.0,4.0,0.0,0.0,0.0,0.0,,0.0,
66d6b5e7000000001d014294,M2026-08,1.07,5.0,2.0,0.0,0.0,0.4,0.535,214.0,
66de915b0000000012012811,M2026-08,0.0,1.0,0.0,0.0,0.0,0.0,,0.0,
66e3edb8000000000c019691,M2026-08,0.0,6.0,0.0,0.0,0.0,0.0,,0.0,
66e538170000000012010428,M2026-08,0.0,1.0,0.0,0.0,0.0,0.0,,0.0,
6708dde4000000001902e388,M2026-08,0.0,2.0,0.0,0.0,0.0,0.0,,0.0,
6718abc70000000021009845,M2026-08,0.0,4.0,0.0,0.0,0.0,0.0,,0.0,
67233baf0000000019016ec3,M2026-08,0.01,0.0,1.0,0.0,0.0,,0.01,,
672c566e000000001b02e654,M2026-08,0.0,6.0,0.0,0.0,0.0,0.0,,0.0,
67330eb40000000019017f65,M2026-08,0.0,4.0,0.0,0.0,0.0,0.0,,0.0,
673c662b0000000007026608,M2026-08,0.0,3.0,0.0,0.0,0.0,0.0,,0.0,
674aeb280000000008004264,M2026-08,0.0,1.0,0.0,0.0,0.0,0.0,,0.0,
676d2ace0000000014024f1c,M2026-08,0.0,1.0,0.0,0.0,0.0,0.0,,0.0,
6822feb7000000000303b131,M2026-08,0.0,1.0,0.0,0.0,0.0,0.0,,0.0,
68299dc90000000023012fb6,M2026-08,0.03,2.0,2.0,0.0,0.0,1.0,0.015,15.0,
6843e2390000000012003552,M2026-08,0.09,3.0,1.0,0.0,0.0,0.333333,0.09,30.0,
6878924b000000001c03093d,M2026-08,0.19,1.0,1.0,0.0,0.0,1.0,0.19,190.0,
688b331a000000002502a180,M2026-08,0.0,3.0,0.0,0.0,0.0,0.0,,0.0,
68a57274000000001c034a91,M2026-08,0.0,2.0,0.0,0.0,0.0,0.0,,0.0,
68bff3dc000000001d020916,M2026-08,0.13,2.0,1.0,0.0,0.0,0.5,0.13,65.0,
69327e83000000001f00ca08,M2026-08,0.0,5.0,0.0,0.0,0.0,0.0,,0.0,
695877db000000001e02a155,M2026-08,0.28,3.0,1.0,0.0,0.0,0.333333,0.28,93.333333,
6958c0e1000000001e035a9a,M2026-08,0.01,1.0,1.0,0.0,0.0,1.0,0.01,10.0,
69605e99000000000b00a172,M2026-08,0.0,3.0,0.0,0.0,0.0,0.0,,0.0,
69b12f420000000015033f3a,M2026-08,0.0,4.0,0.0,0.0,0.0,0.0,,0.0,
69bedd4900000000220023ed,M2026-08,0.01,5.0,1.0,0.0,0.0,0.2,0.01,2.0,
69e5e28d000000002103a0ef,M2026-08,0.0,5.0,0.0,0.0,0.0,0.0,,0.0,
69f868b8000000003701d0aa,M2026-08,0.0,3.0,0.0,0.0,0.0,0.0,,0.0,
6a0c560b000000003601bd95,M2026-08,0.0,2.0,0.0,0.0,0.0,0.0,,0.0,
6a33df8a000000001003fa91,M2026-08,0.12,4.0,1.0,0.0,0.0,0.25,0.12,30.0,
6a450182000000001700a2da,M2026-08,0.03,5.0,1.0,0.0,0.0,0.2,0.03,6.0,
6a4785e10000000016026623,M2026-08,0.0,1.0,0.0,0.0,0.0,0.0,,0.0,
6a4911fa000000001702a460,M2026-08,0.02,8.0,1.0,0.0,0.0,0.125,0.02,2.5,
6a58f896000000001003c010,M2026-08,0.0,3.0,0.0,0.0,0.0,0.0,,0.0,
6a636b54000000000301e29d,M2026-08,0.0,2.0,0.0,0.0,0.0,0.0,,0.0,
6a6dcf2b000000000600489c,M2026-08,0.01,2.0,1.0,0.0,0.0,0.5,0.01,5.0,
63b17bf9000000001c037e8d,M2026-08,0.0,1.0,0.0,0.0,0.0,0.0,,0.0,
6486b3ef0000000013015d36,M2026-08,0.0,4.0,0.0,0.0,0.0,0.0,,0.0,
64b2653e000000002b03e74b,M2026-08,0.0,1.0,0.0,0.0,0.0,0.0,,0.0,
64bf2f07000000000103f152,M2026-08,0.0,1.0,0.0,0.0,0.0,0.0,,0.0,
64cc6c44000000000c03722e,M2026-08,0.0,1.0,0.0,0.0,0.0,0.0,,0.0,
64e9e1c4000000001701bbe7,M2026-08,0.0,1.0,0.0,0.0,0.0,0.0,,0.0,
65463d9c000000001e03fb1d,M2026-08,0.0,1.0,0.0,0.0,0.0,0.0,,0.0,
65bc6536000000002c02a510,M2026-08,0.07,1.0,1.0,0.0,0.0,1.0,0.07,70.0,
661251a4000000001a014554,M2026-08,1.07,9.0,5.0,0.0,0.0,0.555556,0.214,118.888889,
66125211000000001a014deb,M2026-08,0.0,1.0,0.0,0.0,0.0,0.0,,0.0,
662a0c65000000000401bd27,M2026-08,0.0,2.0,0.0,0.0,0.0,0.0,,0.0,
663c7e35000000001e03addc,M2026-08,0.0,1.0,0.0,0.0,0.0,0.0,,0.0,
664c6420000000001401b0c2,M2026-08,0.0,1.0,0.0,0.0,0.0,0.0,,0.0,
66b3273c0000000025032bfc,M2026-08,0.0,3.0,0.0,0.0,0.0,0.0,,0.0,
66c459aa000000001d01974a,M2026-08,0.0,1.0,0.0,0.0,0.0,0.0,,0.0,
66d56d39000000001d039306,M2026-08,0.0,1.0,0.0,0.0,0.0,0.0,,0.0,
66fbba48000000001a022a56,M2026-08,0.0,1.0,0.0,0.0,0.0,0.0,,0.0,
6734668d000000001901a58c,M2026-08,0.0,1.0,0.0,0.0,0.0,0.0,,0.0,
67516ce8000000000202c7bb,M2026-08,0.0,1.0,0.0,0.0,0.0,0.0,,0.0,
67628020000000000b00d8c6,M2026-08,0.0,1.0,0.0,0.0,0.0,0.0,,0.0,
692a6de6000000001e03812d,M2026-08,0.0,13.0,0.0,0.0,0.0,0.0,,0.0,
6937edea000000001b03158a,M2026-08,0.0,1.0,0.0,0.0,0.0,0.0,,0.0,
69549014000000001e02e0a1,M2026-08,1.14,2.0,1.0,0.0,0.0,0.5,1.14,570.0,
695c6cb0000000000e00ee19,M2026-08,0.0,2.0,0.0,0.0,0.0,0.0,,0.0,
6961afd0000000000a03f3f2,M2026-08,0.03,1.0,1.0,0.0,0.0,1.0,0.03,30.0,
697f212d00000000220305e3,M2026-08,0.0,1.0,0.0,0.0,0.0,0.0,,0.0,
69dcaa3f000000001a023139,M2026-08,0.0,2.0,0.0,0.0,0.0,0.0,,0.0,
69e493f50000000021011353,M2026-08,0.0,1.0,0.0,0.0,0.0,0.0,,0.0,
69eda5e50000000037035f91,M2026-08,0.0,2.0,0.0,0.0,0.0,0.0,,0.0,
69f9a0ac000000003701d937,M2026-08,1.17,12.0,1.0,1.0,0.0,0.083333,1.17,97.5,
6a083474000000003700d83a,M2026-08,0.09,6.0,1.0,0.0,0.0,0.166667,0.09,15.0,
6a1e984c000000000702261b,M2026-08,0.91,3.0,1.0,0.0,0.0,0.333333,0.91,303.333333,
6a229110000000002200a7e0,M2026-08,0.0,2.0,0.0,0.0,0.0,0.0,,0.0,
6a50ed4f0000000017028e4a,M2026-08,0.0,1.0,0.0,0.0,0.0,0.0,,0.0,
6a659198000000000f02bd2b,M2026-08,0.0,1.0,0.0,0.0,0.0,0.0,,0.0,
644f7e59000000001300a680,M2026-08,0.0,2.0,0.0,0.0,0.0,0.0,,0.0,
6491105000000000130365b1,M2026-08,0.0,2.0,0.0,0.0,0.0,0.0,,0.0,
64e4844e000000000800dc3d,M2026-08,0.0,1.0,0.0,0.0,0.0,0.0,,0.0,
6530f0370000000020003a3e,M2026-08,0.0,2.0,0.0,0.0,0.0,0.0,,0.0,
65339717000000001f03566a,M2026-08,0.0,2.0,0.0,0.0,0.0,0.0,,0.0,
6533cc95000000001e02db3d,M2026-08,0.0,4.0,0.0,0.0,0.0,0.0,,0.0,
654636ea000000001e030187,M2026-08,0.0,2.0,0.0,0.0,0.0,0.0,,0.0,
65582951000000003300bd56,M2026-08,0.0,1.0,0.0,0.0,0.0,0.0,,0.0,
6576b3bb000000000801f681,M2026-08,0.39,3.0,2.0,0.0,0.0,0.666667,0.195,130.0,
65782f1f0000000009025759,M2026-08,0.0,1.0,0.0,0.0,0.0,0.0,,0.0,
65b1ce04000000002c02b653,M2026-08,0.0,2.0,0.0,0.0,0.0,0.0,,0.0,
65b8adab000000002c02acdc,M2026-08,0.0,3.0,0.0,0.0,0.0,0.0,,0.0,
65bdadb1000000002b03c0dc,M2026-08,0.0,1.0,0.0,0.0,0.0,0.0,,0.0,
65e1836f000000000102968b,M2026-08,0.0,1.0,0.0,0.0,0.0,0.0,,0.0,
66139e9f000000001a00cd37,M2026-08,0.22,2.0,1.0,0.0,0.0,0.5,0.22,110.0,
66558c77000000001601385c,M2026-08,0.0,1.0,0.0,0.0,0.0,0.0,,0.0,
66c59dfb000000001d015b5f,M2026-08,0.0,1.0,0.0,0.0,0.0,0.0,,0.0,
66e93453000000000c01af8d,M2026-08,0.0,1.0,0.0,0.0,0.0,0.0,,0.0,
66f671ec000000001902d81f,M2026-08,0.0,3.0,0.0,0.0,0.0,0.0,,0.0,
671757e3000000001b03fc15,M2026-08,0.0,1.0,0.0,0.0,0.0,0.0,,0.0,
6718c00b0000000024018b4e,M2026-08,0.0,2.0,0.0,0.0,0.0,0.0,,0.0,
6719f854000000002401b794,M2026-08,0.0,2.0,0.0,0.0,0.0,0.0,,0.0,
672add42000000001901b372,M2026-08,0.02,11.0,1.0,0.0,0.0,0.090909,0.02,1.818182,
672c54d8000000001901413b,M2026-08,8.569999999999999,31.0,7.0,0.0,0.0,0.225806,1.224286,276.451613,
675d4de00000000002036372,M2026-08,0.0,1.0,0.0,0.0,0.0,0.0,,0.0,
68131f74000000002102ed49,M2026-08,0.0,5.0,0.0,0.0,0.0,0.0,,0.0,
683d633500000000210059fe,M2026-08,0.0,1.0,0.0,0.0,0.0,0.0,,0.0,
6944f0ec000000001f008341,M2026-08,0.03,2.0,1.0,0.0,0.0,0.5,0.03,15.0,
695c8593000000001a0246c8,M2026-08,0.0,3.0,0.0,0.0,0.0,0.0,,0.0,
69806b890000000021033f5e,M2026-08,0.0,1.0,0.0,0.0,0.0,0.0,,0.0,
69cb73d4000000002103b56b,M2026-08,0.0,1.0,0.0,0.0,0.0,0.0,,0.0,
69df4d36000000001a02813c,M2026-08,0.0,1.0,0.0,0.0,0.0,0.0,,0.0,
69e49380000000001a022d0e,M2026-08,0.46,4.0,1.0,0.0,0.0,0.25,0.46,115.0,
69f86844000000003701cda4,M2026-08,0.33,6.0,1.0,0.0,0.0,0.166667,0.33,55.0,
6a524d960000000015024ab6,M2026-08,0.0,1.0,0.0,0.0,0.0,0.0,,0.0,
6a7074a30000000033034efe,M2026-08,0.0,3.0,0.0,0.0,0.0,0.0,,0.0,
63ae5477000000001f0243c2,M2026-08,0.0,1.0,0.0,0.0,0.0,0.0,,0.0,
63b7e4590000000022038166,M2026-08,0.17,1.0,1.0,0.0,0.0,1.0,0.17,170.0,
63be924c000000002202a578,M2026-08,0.0,2.0,0.0,0.0,0.0,0.0,,0.0,
64103807000000001300e751,M2026-08,0.0,1.0,0.0,0.0,0.0,0.0,,0.0,
644c96e200000000140259cf,M2026-08,0.0,1.0,0.0,0.0,0.0,0.0,,0.0,
64801e3b000000001300fc04,M2026-08,0.0,1.0,0.0,0.0,0.0,0.0,,0.0,
64ad3f390000000034016f7d,M2026-08,0.0,1.0,0.0,0.0,0.0,0.0,,0.0,
64db5a0a00000000100323e3,M2026-08,0.0,1.0,0.0,0.0,0.0,0.0,,0.0,
66e2a0a3000000000c01831f,M2026-08,0.0,1.0,0.0,0.0,0.0,0.0,,0.0,
6708dcfb000000001902cdc0,M2026-08,0.01,8.0,1.0,0.0,0.0,0.125,0.01,1.25,
670ccf4b000000001b03f061,M2026-08,0.01,4.0,1.0,0.0,0.0,0.25,0.01,2.5,
670ccfff0000000024015a30,M2026-08,0.0,2.0,0.0,0.0,0.0,0.0,,0.0,
672889300000000019019cda,M2026-08,0.0,3.0,0.0,0.0,0.0,0.0,,0.0,
673ff72c000000000203b3fe,M2026-08,0.25,22.0,2.0,0.0,0.0,0.090909,0.125,11.363636,
674aeac40000000007029d27,M2026-08,0.0,1.0,0.0,0.0,0.0,0.0,,0.0,
6752bfca000000000601573d,M2026-08,0.05,3.0,1.0,0.0,0.0,0.333333,0.05,16.666667,
6767e1b0000000000800c820,M2026-08,0.0,1.0,0.0,0.0,0.0,0.0,,0.0,
6767e32d000000000b00d6fd,M2026-08,0.02,6.0,1.0,0.0,0.0,0.166667,0.02,3.333333,
6788c98f00000000170024f9,M2026-08,0.0,1.0,0.0,0.0,0.0,0.0,,0.0,
67cd48010000000029017afe,M2026-08,0.31,4.0,1.0,0.0,0.0,0.25,0.31,77.5,
67e11541000000000e004e7a,M2026-08,0.0,1.0,0.0,0.0,0.0,0.0,,0.0,
68170dbd000000002300c01c,M2026-08,0.0,1.0,0.0,0.0,0.0,0.0,,0.0,
68baa179000000001b01d52f,M2026-08,0.0,1.0,0.0,0.0,0.0,0.0,,0.0,
69327b87000000001e038224,M2026-08,0.0,1.0,0.0,0.0,0.0,0.0,,0.0,
693bc01c000000001d03c663,M2026-08,0.0,1.0,0.0,0.0,0.0,0.0,,0.0,
693fa7a5000000001e00c62e,M2026-08,0.0,2.0,0.0,0.0,0.0,0.0,,0.0,
6975d5030000000022032c1e,M2026-08,0.0,2.0,0.0,0.0,0.0,0.0,,0.0,
69e1fc58000000001a032718,M2026-08,0.65,1.0,0.0,1.0,1.0,0.0,,650.0,0.65
69e3479d00000000220012d6,M2026-08,0.0,1.0,0.0,0.0,0.0,0.0,,0.0,
6a0ac1d0000000003601b3c6,M2026-08,1.33,1.0,0.0,0.0,0.0,0.0,,1330.0,
6a10262b0000000036031b9a,M2026-08,0.0,9.0,0.0,0.0,0.0,0.0,,0.0,
64f9a90e000000001d0147d0,M2026-08,0.0,1.0,0.0,0.0,0.0,0.0,,0.0,
64fc56f3000000001f0358b2,M2026-08,0.0,1.0,0.0,0.0,0.0,0.0,,0.0,
654cf335000000000f02b89a,M2026-08,0.0,1.0,0.0,0.0,0.0,0.0,,0.0,
6559fa4b0000000032036726,M2026-08,0.0,1.0,0.0,0.0,0.0,0.0,,0.0,
65742c9300000000050398ca,M2026-08,0.0,1.0,0.0,0.0,0.0,0.0,,0.0,
65aa2d28000000002d011eda,M2026-08,0.0,2.0,0.0,0.0,0.0,0.0,,0.0,
663088c0000000001e0315ef,M2026-08,0.0,1.0,0.0,0.0,0.0,0.0,,0.0,
665c1de600000000160104a2,M2026-08,0.01,1.0,1.0,0.0,0.0,1.0,0.01,10.0,
669e2606000000002701d9a2,M2026-08,0.0,2.0,0.0,0.0,0.0,0.0,,0.0,
66af362f000000002701ffff,M2026-08,0.0,1.0,0.0,0.0,0.0,0.0,,0.0,
66cd8a8a000000001d015356,M2026-08,0.0,2.0,0.0,0.0,0.0,0.0,,0.0,
66ced78e000000001d01a548,M2026-08,0.0,1.0,0.0,0.0,0.0,0.0,,0.0,
66d17bd8000000001d03a2c5,M2026-08,0.0,1.0,0.0,0.0,0.0,0.0,,0.0,
66dfefd8000000000c0185ed,M2026-08,0.0,2.0,0.0,0.0,0.0,0.0,,0.0,
6758289700000000020256b3,M2026-08,0.0,1.0,0.0,0.0,0.0,0.0,,0.0,
676d2a41000000001300bc31,M2026-08,0.0,2.0,0.0,0.0,0.0,0.0,,0.0,
6857bad4000000000d01967e,M2026-08,0.0,2.0,0.0,0.0,0.0,0.0,,0.0,
698348ae00000000220219f5,M2026-08,0.0,1.0,0.0,0.0,0.0,0.0,,0.0,
69b901f800000000220023f4,M2026-08,0.0,1.0,0.0,0.0,0.0,0.0,,0.0,
69c68d400000000022002f3b,M2026-08,0.0,1.0,0.0,0.0,0.0,0.0,,0.0,
69d4b05d000000001a0272a1,M2026-08,0.0,1.0,0.0,0.0,0.0,0.0,,0.0,
69d76c9d000000001a030e8b,M2026-08,0.0,1.0,0.0,0.0,0.0,0.0,,0.0,
69dca9fe000000002103a4d3,M2026-08,0.0,1.0,0.0,0.0,0.0,0.0,,0.0,
69e7226e000000001a025531,M2026-08,0.06,1.0,1.0,0.0,0.0,1.0,0.06,60.0,
69edc7fd00000000360319d8,M2026-08,0.0,1.0,0.0,0.0,0.0,0.0,,0.0,
6a1bfdc6000000003601ddc3,M2026-08,0.0,1.0,0.0,0.0,0.0,0.0,,0.0,
6a43d0ae00000000070218a6,M2026-08,0.0,4.0,0.0,0.0,0.0,0.0,,0.0,
67ad9f1a000000002903d131,M2026-08,0.0,1.0,0.0,0.0,0.0,0.0,,0.0,
68b29e9d000000001d01f402,M2026-08,0.0,1.0,0.0,0.0,0.0,0.0,,0.0,
63ad6640000000001f00edf4,M2026-08,0.0,3.0,0.0,0.0,0.0,0.0,,0.0,
6441fe5800000000130365fe,M2026-08,0.0,1.0,0.0,0.0,0.0,0.0,,0.0,
64d06925000000000800d4a3,M2026-08,0.0,1.0,0.0,0.0,0.0,0.0,,0.0,
64d762d10000000010030702,M2026-08,0.0,1.0,0.0,0.0,0.0,0.0,,0.0,
64ec03c90000000012018d3c,M2026-08,0.0,2.0,0.0,0.0,0.0,0.0,,0.0,
64f0012b000000001f03ce37,M2026-08,0.0,1.0,0.0,0.0,0.0,0.0,,0.0,
64f6cab3000000001f03faa1,M2026-08,0.0,2.0,0.0,0.0,0.0,0.0,,0.0,
64fbe901000000001d01424c,M2026-08,0.0,2.0,0.0,0.0,0.0,0.0,,0.0,
65bc50ec000000002c0152cb,M2026-08,0.0,1.0,0.0,0.0,0.0,0.0,,0.0,
65bc6454000000002b03cc1c,M2026-08,0.0,1.0,0.0,0.0,0.0,0.0,,0.0,
668a467b000000001f005d28,M2026-08,0.0,1.0,0.0,0.0,0.0,0.0,,0.0,
66c05775000000001e0192a0,M2026-08,0.0,1.0,0.0,0.0,0.0,0.0,,0.0,
66dba50b000000001201274e,M2026-08,0.0,1.0,0.0,0.0,0.0,0.0,,0.0,
66f11cb0000000001902c988,M2026-08,0.0,2.0,0.0,0.0,0.0,0.0,,0.0,
66f3bc6b000000001b020eb5,M2026-08,0.0,1.0,0.0,0.0,0.0,0.0,,0.0,
66f682cd000000001b022b20,M2026-08,0.0,1.0,0.0,0.0,0.0,0.0,,0.0,
674aafab0000000007029853,M2026-08,0.0,5.0,0.0,0.0,0.0,0.0,,0.0,
6771066a000000000b0153df,M2026-08,0.0,1.0,0.0,0.0,0.0,0.0,,0.0,
67dfcb2a000000000603cf39,M2026-08,0.06,2.0,1.0,0.0,0.0,0.5,0.06,30.0,
6975d464000000002200b412,M2026-08,0.0,2.0,0.0,0.0,0.0,0.0,,0.0,
69b7a14300000000220031c0,M2026-08,0.0,1.0,0.0,0.0,0.0,0.0,,0.0,
69b92555000000001a0330c1,M2026-08,0.0,11.0,0.0,0.0,0.0,0.0,,0.0,
6a216b390000000038035976,M2026-08,0.0,1.0,0.0,0.0,0.0,0.0,,0.0,
640aee48000000001303ed80,M2026-08,0.0,3.0,0.0,0.0,0.0,0.0,,0.0,
643e78740000000027012667,M2026-08,0.0,1.0,0.0,0.0,0.0,0.0,,0.0,
644f6f86000000001301588e,M2026-08,0.0,1.0,0.0,0.0,0.0,0.0,,0.0,
6450d8cc000000000800eb4f,M2026-08,0.0,1.0,0.0,0.0,0.0,0.0,,0.0,
646dae200000000013032917,M2026-08,0.0,1.0,0.0,0.0,0.0,0.0,,0.0,
64794699000000001300cabf,M2026-08,0.0,1.0,0.0,0.0,0.0,0.0,,0.0,
648c2aa300000000130337d6,M2026-08,0.01,1.0,1.0,0.0,0.0,1.0,0.01,10.0,
64cf61180000000010031cfe,M2026-08,0.0,1.0,0.0,0.0,0.0,0.0,,0.0,
64fd33ff000000001e02958f,M2026-08,0.0,1.0,0.0,0.0,0.0,0.0,,0.0,
6513ccca000000001f0070dc,M2026-08,0.05,2.0,1.0,0.0,0.0,0.5,0.05,25.0,
6513d5f6000000001d0161e5,M2026-08,0.0,1.0,0.0,0.0,0.0,0.0,,0.0,
652d3203000000001e0291eb,M2026-08,0.0,2.0,0.0,0.0,0.0,0.0,,0.0,
653cd165000000001e030e0f,M2026-08,0.0,1.0,0.0,0.0,0.0,0.0,,0.0,
65644368000000003203b119,M2026-08,0.0,1.0,0.0,0.0,0.0,0.0,,0.0,
65814838000000000901a935,M2026-08,0.0,1.0,0.0,0.0,0.0,0.0,,0.0,
658d3111000000001d037f78,M2026-08,0.0,1.0,0.0,0.0,0.0,0.0,,0.0,
65bc68d7000000002c010735,M2026-08,0.0,2.0,0.0,0.0,0.0,0.0,,0.0,
65d3245b00000000070243fd,M2026-08,0.0,1.0,0.0,0.0,0.0,0.0,,0.0,
65fe8a340000000012022e34,M2026-08,0.0,1.0,0.0,0.0,0.0,0.0,,0.0,
664999db000000001401b9b7,M2026-08,0.0,1.0,0.0,0.0,0.0,0.0,,0.0,
66c6f449000000001d018d92,M2026-08,0.0,2.0,0.0,0.0,0.0,0.0,,0.0,
66f90338000000001a0216cf,M2026-08,0.0,1.0,0.0,0.0,0.0,0.0,,0.0,
66fe5b00000000001b02147c,M2026-08,0.0,1.0,0.0,0.0,0.0,0.0,,0.0,
671228c20000000026036fac,M2026-08,0.0,1.0,0.0,0.0,0.0,0.0,,0.0,
671ae7e4000000001b03d2eb,M2026-08,0.0,1.0,0.0,0.0,0.0,0.0,,0.0,
671e12ff00000000210076f5,M2026-08,0.01,1.0,1.0,0.0,0.0,1.0,0.01,10.0,
674ee6b20000000002039640,M2026-08,0.0,1.0,0.0,0.0,0.0,0.0,,0.0,
675828d50000000002016d2a,M2026-08,0.01,2.0,1.0,0.0,0.0,0.5,0.01,5.0,
67d69d6b000000001e004308,M2026-08,0.0,1.0,0.0,0.0,0.0,0.0,,0.0,
687f2804000000001c0311ac,M2026-08,0.0,1.0,0.0,0.0,0.0,0.0,,0.0,
69a6f524000000001b01ec45,M2026-08,0.71,2.0,1.0,0.0,0.0,0.5,0.71,355.0,
69d258ed000000002102fc18,M2026-08,0.0,1.0,0.0,0.0,0.0,0.0,,0.0,
6a54736f000000001603e895,M2026-08,0.04,1.0,1.0,0.0,0.0,1.0,0.04,40.0,
6a5f7d40000000000101e9b6,M2026-08,0.0,1.0,0.0,0.0,0.0,0.0,,0.0,
63b4f9d1000000001c0362e5,M2026-08,0.0,3.0,0.0,0.0,0.0,0.0,,0.0,
63be7b190000000022039474,M2026-08,0.0,2.0,0.0,0.0,0.0,0.0,,0.0,
63c8d157000000001f02357d,M2026-08,0.0,1.0,0.0,0.0,0.0,0.0,,0.0,
644cb1fb000000001300d56a,M2026-08,0.0,1.0,0.0,0.0,0.0,0.0,,0.0,
64a90af7000000001a013f19,M2026-08,0.0,2.0,0.0,0.0,0.0,0.0,,0.0,
64e6d1b40000000017018214,M2026-08,0.0,2.0,0.0,0.0,0.0,0.0,,0.0,
64f02a40000000001f03f24e,M2026-08,0.0,5.0,0.0,0.0,0.0,0.0,,0.0,
64f695cd000000001e021a46,M2026-08,0.0,1.0,0.0,0.0,0.0,0.0,,0.0,
65098e58000000001e03ee2a,M2026-08,0.0,2.0,0.0,0.0,0.0,0.0,,0.0,
656ee9910000000007008160,M2026-08,0.0,1.0,0.0,0.0,0.0,0.0,,0.0,
658fd1cd000000001802864b,M2026-08,0.0,2.0,0.0,0.0,0.0,0.0,,0.0,
658fd215000000001d03322d,M2026-08,0.0,1.0,0.0,0.0,0.0,0.0,,0.0,
6596551b000000001a002c64,M2026-08,0.0,1.0,0.0,0.0,0.0,0.0,,0.0,
65f7e0d70000000012023c5a,M2026-08,0.0,1.0,0.0,0.0,0.0,0.0,,0.0,
66012f21000000000d00dc7b,M2026-08,0.0,1.0,0.0,0.0,0.0,0.0,,0.0,
66027c4e00000000120215c0,M2026-08,0.0,2.0,0.0,0.0,0.0,0.0,,0.0,
660919bf000000001a0151d2,M2026-08,0.0,1.0,0.0,0.0,0.0,0.0,,0.0,
6664116c000000000e03018b,M2026-08,0.0,5.0,0.0,0.0,0.0,0.0,,0.0,
66fe4817000000001b021423,M2026-08,0.0,1.0,0.0,0.0,0.0,0.0,,0.0,
672c2cfd00000000190176e7,M2026-08,0.25,2.0,1.0,0.0,0.0,0.5,0.25,125.0,
673dc13800000000070303da,M2026-08,0.0,1.0,0.0,0.0,0.0,0.0,,0.0,
6746997b000000000201a834,M2026-08,0.0,2.0,0.0,0.0,0.0,0.0,,0.0,
674ee731000000000201992f,M2026-08,0.0,2.0,0.0,0.0,0.0,0.0,,0.0,
6767e10a000000000b00fd11,M2026-08,0.0,2.0,0.0,0.0,0.0,0.0,,0.0,
6847fe4c000000002101b1b4,M2026-08,0.0,1.0,0.0,0.0,0.0,0.0,,0.0,
694ba3e1000000001e02e9af,M2026-08,0.0,1.0,0.0,0.0,0.0,0.0,,0.0,
699d6aa4000000001d010c38,M2026-08,0.0,3.0,0.0,0.0,0.0,0.0,,0.0,
69ddfff300000000210381b5,M2026-08,0.01,4.0,1.0,0.0,0.0,0.25,0.01,2.5,
6a26588d0000000007028a41,M2026-08,0.0,2.0,0.0,0.0,0.0,0.0,,0.0,
6a33e09d000000000f01fc99,M2026-08,0.0,1.0,0.0,0.0,0.0,0.0,,0.0,
6a3d34b0000000001c0250ac,M2026-08,0.0,3.0,0.0,0.0,0.0,0.0,,0.0,
643608590000000013014d16,M2026-08,0.0,1.0,0.0,0.0,0.0,0.0,,0.0,
648e7dab00000000130367d6,M2026-08,0.0,1.0,0.0,0.0,0.0,0.0,,0.0,
64a403e4000000002301c87d,M2026-08,0.0,1.0,0.0,0.0,0.0,0.0,,0.0,
65043265000000001e02f175,M2026-08,0.0,1.0,0.0,0.0,0.0,0.0,,0.0,
650d68b1000000001f005742,M2026-08,0.01,1.0,1.0,0.0,0.0,1.0,0.01,10.0,
650edcb2000000001d014334,M2026-08,0.0,1.0,0.0,0.0,0.0,0.0,,0.0,
65260733000000001f007d4e,M2026-08,0.84,1.0,1.0,0.0,0.0,1.0,0.84,840.0,
654cea4e000000000f028244,M2026-08,0.0,1.0,0.0,0.0,0.0,0.0,,0.0,
65b1c8d7000000002c0299fb,M2026-08,0.0,1.0,0.0,0.0,0.0,0.0,,0.0,
65bc555c000000002b03c9e3,M2026-08,0.0,2.0,0.0,0.0,0.0,0.0,,0.0,
65bda9b0000000000702ba34,M2026-08,0.0,1.0,0.0,0.0,0.0,0.0,,0.0,
65e2e49a0000000001028986,M2026-08,0.0,2.0,0.0,0.0,0.0,0.0,,0.0,
65fbeca8000000001203d8ec,M2026-08,0.0,1.0,0.0,0.0,0.0,0.0,,0.0,
660279de000000001203fdaf,M2026-08,0.0,1.0,0.0,0.0,0.0,0.0,,0.0,
6603d27e000000001203e831,M2026-08,0.0,2.0,0.0,0.0,0.0,0.0,,0.0,
661799dc000000001a017ad7,M2026-08,0.08,1.0,1.0,0.0,0.0,1.0,0.08,80.0,
6647289700000000050064a4,M2026-08,0.0,1.0,0.0,0.0,0.0,0.0,,0.0,
6652ef870000000014019780,M2026-08,0.0,1.0,0.0,0.0,0.0,0.0,,0.0,
6659831900000000140194b3,M2026-08,0.0,1.0,0.0,0.0,0.0,0.0,,0.0,
665ad3b20000000005005fb0,M2026-08,0.0,2.0,0.0,0.0,0.0,0.0,,0.0,
667e8872000000001c02578c,M2026-08,0.0,1.0,0.0,0.0,0.0,0.0,,0.0,
6683b3a9000000001e012c98,M2026-08,0.0,1.0,0.0,0.0,0.0,0.0,,0.0,
668ba1b40000000025007bf7,M2026-08,0.01,3.0,1.0,0.0,0.0,0.333333,0.01,3.333333,
66a5fab0000000002701de52,M2026-08,0.0,2.0,0.0,0.0,0.0,0.0,,0.0,
66bb0f400000000025030d8d,M2026-08,0.0,1.0,0.0,0.0,0.0,0.0,,0.0,
66cd874b000000001d039372,M2026-08,0.0,1.0,0.0,0.0,0.0,0.0,,0.0,
66d2c9dc000000001d0384ab,M2026-08,0.0,1.0,0.0,0.0,0.0,0.0,,0.0,
66d6b449000000001d015e58,M2026-08,0.0,1.0,0.0,0.0,0.0,0.0,,0.0,
66dd55c300000000120105cd,M2026-08,0.0,1.0,0.0,0.0,0.0,0.0,,0.0,
66e9349d0000000012011ec9,M2026-08,0.01,1.0,1.0,0.0,0.0,1.0,0.01,10.0,
66f53123000000001a021621,M2026-08,0.0,1.0,0.0,0.0,0.0,0.0,,0.0,
66fd0e4d000000001a0235f6,M2026-08,0.0,1.0,0.0,0.0,0.0,0.0,,0.0,
674699b2000000000201aa8e,M2026-08,0.0,1.0,0.0,0.0,0.0,0.0,,0.0,
67594fb00000000002015dff,M2026-08,0.0,1.0,0.0,0.0,0.0,0.0,,0.0,
68299d25000000002301d4c6,M2026-08,0.0,1.0,0.0,0.0,0.0,0.0,,0.0,
68a83a56000000001d034a0b,M2026-08,0.36,1.0,1.0,0.0,0.0,1.0,0.36,360.0,
692273930000000019024e90,M2026-08,0.0,1.0,0.0,0.0,0.0,0.0,,0.0,
693137c1000000001e02b703,M2026-08,0.0,1.0,0.0,0.0,0.0,0.0,,0.0,
69cb915e000000001a023bd7,M2026-08,0.0,1.0,0.0,0.0,0.0,0.0,,0.0,
69d49918000000001a027488,M2026-08,5.92,2.0,1.0,0.0,0.0,0.5,5.92,2960.0,
69d76c4f000000001a020b12,M2026-08,0.09,2.0,1.0,0.0,0.0,0.5,0.09,45.0,
69ddffbf000000001a029ff1,M2026-08,0.0,1.0,0.0,0.0,0.0,0.0,,0.0,
69ec8506000000003701f3f0,M2026-08,0.0,1.0,0.0,0.0,0.0,0.0,,0.0,
6a06e595000000003601d03d,M2026-08,0.0,1.0,0.0,0.0,0.0,0.0,,0.0,
6a1aae420000000038035662,M2026-08,0.01,1.0,1.0,0.0,0.0,1.0,0.01,10.0,
6a2659e70000000007028df4,M2026-08,0.0,1.0,0.0,0.0,0.0,0.0,,0.0,
6a31522c0000000022014313,M2026-08,0.0,2.0,0.0,0.0,0.0,0.0,,0.0,
6a55daa20000000017028083,M2026-08,0.0,2.0,0.0,0.0,0.0,0.0,,0.0,
6a64b8d9000000001303da52,M2026-08,0.0,1.0,0.0,0.0,0.0,0.0,,0.0,
6a6dca620000000025005f87,M2026-08,0.0,1.0,0.0,0.0,0.0,0.0,,0.0,
6a7edd7f000000003301e454,M2026-08,0.0,1.0,0.0,0.0,0.0,0.0,,0.0,
6a819641000000003301a6fc,M2026-08,0.0,1.0,0.0,0.0,0.0,0.0,,0.0,
6a843e18000000002500453b,M2026-08,0.0,2.0,0.0,0.0,0.0,0.0,,0.0,
6a85ba330000000025002213,M2026-08,0.0,3.0,0.0,0.0,0.0,0.0,,0.0,
6a8828820000000018018be9,M2026-08,0.0,3.0,0.0,0.0,0.0,0.0,,0.0,
6a8b046d000000001602316c,M2026-08,0.0,1.0,0.0,0.0,0.0,0.0,,0.0,
6a8c2736000000002202d2e6,M2026-08,0.0,3.0,0.0,0.0,0.0,0.0,,0.0,
6a8d7261000000001e0177c1,M2026-08,0.0,2.0,0.0,0.0,0.0,0.0,,0.0,
6a8edcca000000002a03b79e,M2026-08,0.01,1.0,1.0,0.0,0.0,1.0,0.01,10.0,
63db7d5b00000000180129e5,M2026-08,0.0,1.0,0.0,0.0,0.0,0.0,,0.0,
64143a940000000027001f75,M2026-08,0.0,1.0,0.0,0.0,0.0,0.0,,0.0,
649bcc6b00000000140243eb,M2026-08,0.0,1.0,0.0,0.0,0.0,0.0,,0.0,
64a68278000000002f024cde,M2026-08,0.0,1.0,0.0,0.0,0.0,0.0,,0.0,
64bcd8d2000000000a019b20,M2026-08,0.0,1.0,0.0,0.0,0.0,0.0,,0.0,
64e47b0d000000000a01aaae,M2026-08,0.0,1.0,0.0,0.0,0.0,0.0,,0.0,
65019fab000000001e02f52f,M2026-08,0.0,1.0,0.0,0.0,0.0,0.0,,0.0,
6561bd1e0000000033005f0e,M2026-08,0.1,1.0,1.0,0.0,0.0,1.0,0.1,100.0,
6569b4a6000000000901d800,M2026-08,0.02,2.0,2.0,0.0,0.0,1.0,0.01,10.0,
657ff4f2000000000901ca8e,M2026-08,0.0,1.0,0.0,0.0,0.0,0.0,,0.0,
658e8bfc000000001d036ed2,M2026-08,0.0,1.0,0.0,0.0,0.0,0.0,,0.0,
659fa7f9000000001d027449,M2026-08,0.0,1.0,0.0,0.0,0.0,0.0,,0.0,
65bc600800000000080224ee,M2026-08,0.0,2.0,0.0,0.0,0.0,0.0,,0.0,
65bc63b1000000002c03deec,M2026-08,0.0,1.0,0.0,0.0,0.0,0.0,,0.0,
65bc663b000000002c013c29,M2026-08,0.0,1.0,0.0,0.0,0.0,0.0,,0.0,
65e2e3dc000000000102bc06,M2026-08,0.0,1.0,0.0,0.0,0.0,0.0,,0.0,
65e6f784000000000102b8cb,M2026-08,0.0,2.0,0.0,0.0,0.0,0.0,,0.0,
660531ff000000001203f700,M2026-08,0.0,1.0,0.0,0.0,0.0,0.0,,0.0,
6634819b000000001e036b33,M2026-08,0.0,1.0,0.0,0.0,0.0,0.0,,0.0,
664c62ba0000000016011526,M2026-08,0.0,1.0,0.0,0.0,0.0,0.0,,0.0,
670c7007000000002100809a,M2026-08,0.0,2.0,0.0,0.0,0.0,0.0,,0.0,
67288a21000000001b028ca8,M2026-08,0.01,1.0,1.0,0.0,0.0,1.0,0.01,10.0,
6731a9510000000019018f3f,M2026-08,0.0,1.0,0.0,0.0,0.0,0.0,,0.0,
67469ae4000000000202d3eb,M2026-08,0.0,1.0,0.0,0.0,0.0,0.0,,0.0,
67bc22fd000000002803d459,M2026-08,0.0,1.0,0.0,0.0,0.0,0.0,,0.0,
69522fca00000000210314da,M2026-08,0.0,1.0,0.0,0.0,0.0,0.0,,0.0,
697381260000000022031320,M2026-08,0.0,1.0,0.0,0.0,0.0,0.0,,0.0,
69b4c0c0000000001a02650e,M2026-08,0.0,1.0,0.0,0.0,0.0,0.0,,0.0,
6a004ab7000000003700c017,M2026-08,0.0,1.0,0.0,0.0,0.0,0.0,,0.0,
6a82eca5000000000503117b,M2026-08,0.0,2.0,0.0,0.0,0.0,0.0,,0.0,
6a1aad040000000038034dce,M2026-08,0.0,1.0,0.0,0.0,0.0,0.0,,0.0,
6a2bb452000000002101bc10,M2026-08,0.0,1.0,0.0,0.0,0.0,0.0,,0.0,
6a37dbc00000000007010aeb,M2026-08,0.0,1.0,0.0,0.0,0.0,0.0,,0.0,
6a461d10000000001503ecd1,M2026-08,0.0,1.0,0.0,0.0,0.0,0.0,,0.0,
6a4912320000000016026bf1,M2026-08,0.02,1.0,1.0,0.0,0.0,1.0,0.02,20.0,
645b300d000000001301798d,M2026-08,0.0,1.0,0.0,0.0,0.0,0.0,,0.0,
64b751b5000000002f026c7b,M2026-08,0.0,1.0,0.0,0.0,0.0,0.0,,0.0,
64c463d5000000000b029372,M2026-08,0.0,1.0,0.0,0.0,0.0,0.0,,0.0,
64eb0be4000000001003083d,M2026-08,0.0,1.0,0.0,0.0,0.0,0.0,,0.0,
65b8ab3b0000000007029266,M2026-08,0.0,3.0,0.0,0.0,0.0,0.0,,0.0,
65dc4ef1000000000702511f,M2026-08,0.3,2.0,1.0,0.0,0.0,0.5,0.3,150.0,
66601bb1000000000e0308b2,M2026-08,0.0,1.0,0.0,0.0,0.0,0.0,,0.0,
66e541ba0000000012012389,M2026-08,0.0,1.0,0.0,0.0,0.0,0.0,,0.0,
66f5318c000000001902f0de,M2026-08,0.0,1.0,0.0,0.0,0.0,0.0,,0.0,
670c715e0000000021008949,M2026-08,0.0,1.0,0.0,0.0,0.0,0.0,,0.0,
673ffa76000000000202a6a8,M2026-08,0.0,2.0,0.0,0.0,0.0,0.0,,0.0,
67516df5000000000202d63b,M2026-08,0.0,1.0,0.0,0.0,0.0,0.0,,0.0,
69c79a3c000000001a025f6e,M2026-08,1.51,2.0,1.0,0.0,0.0,0.5,1.51,755.0,
6a12cdea0000000038023999,M2026-08,0.0,2.0,0.0,0.0,0.0,0.0,,0.0,
6a361e690000000022018739,M2026-08,0.0,1.0,0.0,0.0,0.0,0.0,,0.0,
6450dd100000000013005320,M2026-08,0.0,1.0,0.0,0.0,0.0,0.0,,0.0,
64a4dde3000000001e011bc8,M2026-08,0.0,1.0,0.0,0.0,0.0,0.0,,0.0,
6582ade4000000000703b557,M2026-08,0.0,1.0,0.0,0.0,0.0,0.0,,0.0,
6585320c0000000006023fa7,M2026-08,0.0,1.0,0.0,0.0,0.0,0.0,,0.0,
658690ba000000003a00cb78,M2026-08,0.0,1.0,0.0,0.0,0.0,0.0,,0.0,
65bc5cb5000000002c014479,M2026-08,0.0,1.0,0.0,0.0,0.0,0.0,,0.0,
6631f6e6000000001e032578,M2026-08,0.0,1.0,0.0,0.0,0.0,0.0,,0.0,
671c981700000000240179ae,M2026-08,0.0,1.0,0.0,0.0,0.0,0.0,,0.0,
672addc0000000001b011e3e,M2026-08,0.0,1.0,0.0,0.0,0.0,0.0,,0.0,
678dff020000000021002ef3,M2026-08,0.0,1.0,0.0,0.0,0.0,0.0,,0.0,
683d63ea000000002001eb65,M2026-08,0.0,1.0,0.0,0.0,0.0,0.0,,0.0,
68baa828000000001b033b3f,M2026-08,0.0,2.0,0.0,0.0,0.0,0.0,,0.0,
6954ad1b000000001e03a06f,M2026-08,0.0,1.0,0.0,0.0,0.0,0.0,,0.0,
6968ae97000000000e00c7b4,M2026-08,0.0,1.0,0.0,0.0,0.0,0.0,,0.0,
696ae6600000000021030946,M2026-08,0.0,1.0,0.0,0.0,0.0,0.0,,0.0,
69bd11d5000000001a030a01,M2026-08,0.0,1.0,0.0,0.0,0.0,0.0,,0.0,
69edc7450000000036018931,M2026-08,0.0,1.0,0.0,0.0,0.0,0.0,,0.0,
69f6f992000000003601a5c8,M2026-08,0.0,2.0,0.0,0.0,0.0,0.0,,0.0,
6a43d022000000001c025434,M2026-08,0.0,1.0,0.0,0.0,0.0,0.0,,0.0,
63b02492000000001f0129cc,M2026-08,0.0,1.0,0.0,0.0,0.0,0.0,,0.0,
641507a20000000014024e97,M2026-08,0.0,1.0,0.0,0.0,0.0,0.0,,0.0,
649a3a030000000013034ef6,M2026-08,0.0,1.0,0.0,0.0,0.0,0.0,,0.0,
65783f12000000000801e534,M2026-08,0.0,1.0,0.0,0.0,0.0,0.0,,0.0,
6612525a000000001a012c17,M2026-08,0.0,1.0,0.0,0.0,0.0,0.0,,0.0,
66657d86000000000e03033b,M2026-08,0.0,2.0,0.0,0.0,0.0,0.0,,0.0,
66713d9e000000000e033098,M2026-08,0.0,1.0,0.0,0.0,0.0,0.0,,0.0,
668503ff000000001f004a5c,M2026-08,0.0,1.0,0.0,0.0,0.0,0.0,,0.0,
67c2bb87000000002503f643,M2026-08,0.0,1.0,0.0,0.0,0.0,0.0,,0.0,
692c11f5000000000d03a6cf,M2026-08,0.0,1.0,0.0,0.0,0.0,0.0,,0.0,
69d230ff000000001a027d5b,M2026-08,0.0,1.0,0.0,0.0,0.0,0.0,,0.0,
6a524dd3000000001c027db5,M2026-08,0.0,1.0,0.0,0.0,0.0,0.0,,0.0,
63ad6065000000002203ac03,M2026-08,0.0,1.0,0.0,0.0,0.0,0.0,,0.0,
63d5dec5000000001b0062e6,M2026-08,0.0,1.0,0.0,0.0,0.0,0.0,,0.0,
64731fd70000000027000393,M2026-08,0.0,2.0,0.0,0.0,0.0,0.0,,0.0,
64c73536000000000b02bd76,M2026-08,0.0,1.0,0.0,0.0,0.0,0.0,,0.0,
65484ffb000000001e031daf,M2026-08,0.0,2.0,0.0,0.0,0.0,0.0,,0.0,
6551b5f70000000033000b08,M2026-08,0.0,1.0,0.0,0.0,0.0,0.0,,0.0,
655828cd0000000032039552,M2026-08,0.03,2.0,1.0,0.0,0.0,0.5,0.03,15.0,
656444e2000000003300b9ef,M2026-08,0.0,1.0,0.0,0.0,0.0,0.0,,0.0,
6581477d000000000901c441,M2026-08,0.0,1.0,0.0,0.0,0.0,0.0,,0.0,
65950ec3000000001102cc42,M2026-08,0.0,1.0,0.0,0.0,0.0,0.0,,0.0,
65a4df1d000000001802bd6c,M2026-08,0.0,1.0,0.0,0.0,0.0,0.0,,0.0,
6618eaf6000000001a015070,M2026-08,0.0,1.0,0.0,0.0,0.0,0.0,,0.0,
66543cfd0000000016012b60,M2026-08,0.0,1.0,0.0,0.0,0.0,0.0,,0.0,
66810aa8000000001c02743d,M2026-08,0.27,1.0,1.0,0.0,0.0,1.0,0.27,270.0,
669e25730000000027019413,M2026-08,0.0,1.0,0.0,0.0,0.0,0.0,,0.0,
66d02953000000001d03a5bc,M2026-08,0.0,1.0,0.0,0.0,0.0,0.0,,0.0,
673310ad000000001b029070,M2026-08,0.0,1.0,0.0,0.0,0.0,0.0,,0.0,
673ff8f1000000000202dabc,M2026-08,0.0,1.0,0.0,0.0,0.0,0.0,,0.0,
69508d0e0000000022033295,M2026-08,0.0,2.0,0.0,0.0,0.0,0.0,,0.0,
6965f8e9000000002203b52e,M2026-08,0.0,1.0,0.0,0.0,0.0,0.0,,0.0,
6449e92c0000000013002f22,M2026-08,0.0,1.0,0.0,0.0,0.0,0.0,,0.0,
652610dc000000002000036e,M2026-08,0.0,1.0,0.0,0.0,0.0,0.0,,0.0,
665835db00000000050072d2,M2026-08,0.0,1.0,0.0,0.0,0.0,0.0,,0.0,
66fe5979000000001902f72c,M2026-08,0.0,1.0,0.0,0.0,0.0,0.0,,0.0,
69367b1f000000000d03cf01,M2026-08,0.0,1.0,0.0,0.0,0.0,0.0,,0.0,
69c258e400000000220002ec,M2026-08,0.24,1.0,1.0,0.0,0.0,1.0,0.24,240.0,
69fef71f000000003803494e,M2026-08,0.0,1.0,0.0,0.0,0.0,0.0,,0.0,
640fe2940000000011012ded,M2026-08,0.0,1.0,0.0,0.0,0.0,0.0,,0.0,
6450dffa0000000027012a1c,M2026-08,0.0,1.0,0.0,0.0,0.0,0.0,,0.0,
6454a4bd000000001303e5db,M2026-08,0.0,1.0,0.0,0.0,0.0,0.0,,0.0,
64f6a542000000001f005ad1,M2026-08,0.0,1.0,0.0,0.0,0.0,0.0,,0.0,
64fd7b7e000000001e02aa82,M2026-08,0.0,1.0,0.0,0.0,0.0,0.0,,0.0,
65260ea8000000001e02fe9d,M2026-08,0.0,1.0,0.0,0.0,0.0,0.0,,0.0,
65582685000000003202ea19,M2026-08,0.0,1.0,0.0,0.0,0.0,0.0,,0.0,
65703c1f00000000090243f0,M2026-08,0.0,1.0,0.0,0.0,0.0,0.0,,0.0,
65a7809b0000000029030311,M2026-08,0.0,1.0,0.0,0.0,0.0,0.0,,0.0,
660a8bb5000000001a00e333,M2026-08,0.0,1.0,0.0,0.0,0.0,0.0,,0.0,
66a20a7e000000002701f759,M2026-08,0.0,1.0,0.0,0.0,0.0,0.0,,0.0,
66c2fa3a000000001d018f27,M2026-08,0.0,1.0,0.0,0.0,0.0,0.0,,0.0,
